:0200000460009A
:100000004643464200000156000000000103030081
:1000100000000000000000000000000000000000E0
:1000200000000000000000000000000000000000D0
:1000300000000000000000000000000000000000C0
:1000400000000000010408000000000000000000A3
:100050000000800000000000000000000000000020
:100060000000000000000000000000000000000090
:100070000000000000000000000000000000000080
:10008000EB04180A063204260000000000000000FD
:10009000050404240000000000000000000000002F
:1000A0000000000000000000000000000000000050
:1000B0000604000000000000000000000000000036
:1000C0000000000000000000000000000000000030
:1000D00020041808000000000000000000000000DC
:1000E0000000000000000000000000000000000010
:1000F0000000000000000000000000000000000000
:10010000D8041808000000000000000000000000F3
:100110000204180804200000000000000000000095
:1001200000000000000000000000000000000000CF
:10013000600400000000000000000000000000005B
:1001400000000000000000000000000000000000AF
:10015000000000000000000000000000000000009F
:10016000000000000000000000000000000000008F
:10017000000000000000000000000000000000007F
:10018000000000000000000000000000000000006F
:10019000000000000000000000000000000000005F
:1001A000000000000000000000000000000000004F
:1001B000000000000000000000000000000000003F
:1001C000000100000010000001000000000000001D
:1001D000000001000000000000000000000000001E
:1001E000000000000000000000000000000000000F
:1001F00000000000000000000000000000000000FF
:10020000FFFFFFFFFFFFFFFFFFFFFFFFFFFFFFFFFE
:10021000FFFFFFFFFFFFFFFFFFFFFFFFFFFFFFFFEE
:10022000FFFFFFFFFFFFFFFFFFFFFFFFFFFFFFFFDE
:10023000FFFFFFFFFFFFFFFFFFFFFFFFFFFFFFFFCE
:10024000FFFFFFFFFFFFFFFFFFFFFFFFFFFFFFFFBE
:10025000FFFFFFFFFFFFFFFFFFFFFFFFFFFFFFFFAE
:10026000FFFFFFFFFFFFFFFFFFFFFFFFFFFFFFFF9E
:10027000FFFFFFFFFFFFFFFFFFFFFFFFFFFFFFFF8E
:10028000FFFFFFFFFFFFFFFFFFFFFFFFFFFFFFFF7E
:10029000FFFFFFFFFFFFFFFFFFFFFFFFFFFFFFFF6E
:1002A000FFFFFFFFFFFFFFFFFFFFFFFFFFFFFFFF5E
:1002B000FFFFFFFFFFFFFFFFFFFFFFFFFFFFFFFF4E
:1002C000FFFFFFFFFFFFFFFFFFFFFFFFFFFFFFFF3E
:1002D000FFFFFFFFFFFFFFFFFFFFFFFFFFFFFFFF2E
:1002E000FFFFFFFFFFFFFFFFFFFFFFFFFFFFFFFF1E
:1002F000FFFFFFFFFFFFFFFFFFFFFFFFFFFFFFFF0E
:10030000FFFFFFFFFFFFFFFFFFFFFFFFFFFFFFFFFD
:10031000FFFFFFFFFFFFFFFFFFFFFFFFFFFFFFFFED
:10032000FFFFFFFFFFFFFFFFFFFFFFFFFFFFFFFFDD
:10033000FFFFFFFFFFFFFFFFFFFFFFFFFFFFFFFFCD
:10034000FFFFFFFFFFFFFFFFFFFFFFFFFFFFFFFFBD
:10035000FFFFFFFFFFFFFFFFFFFFFFFFFFFFFFFFAD
:10036000FFFFFFFFFFFFFFFFFFFFFFFFFFFFFFFF9D
:10037000FFFFFFFFFFFFFFFFFFFFFFFFFFFFFFFF8D
:10038000FFFFFFFFFFFFFFFFFFFFFFFFFFFFFFFF7D
:10039000FFFFFFFFFFFFFFFFFFFFFFFFFFFFFFFF6D
:1003A000FFFFFFFFFFFFFFFFFFFFFFFFFFFFFFFF5D
:1003B000FFFFFFFFFFFFFFFFFFFFFFFFFFFFFFFF4D
:1003C000FFFFFFFFFFFFFFFFFFFFFFFFFFFFFFFF3D
:1003D000FFFFFFFFFFFFFFFFFFFFFFFFFFFFFFFF2D
:1003E000FFFFFFFFFFFFFFFFFFFFFFFFFFFFFFFF1D
:1003F000FFFFFFFFFFFFFFFFFFFFFFFFFFFFFFFF0D
:10040000FFFFFFFFFFFFFFFFFFFFFFFFFFFFFFFFFC
:10041000FFFFFFFFFFFFFFFFFFFFFFFFFFFFFFFFEC
:10042000FFFFFFFFFFFFFFFFFFFFFFFFFFFFFFFFDC
:10043000FFFFFFFFFFFFFFFFFFFFFFFFFFFFFFFFCC
:10044000FFFFFFFFFFFFFFFFFFFFFFFFFFFFFFFFBC
:10045000FFFFFFFFFFFFFFFFFFFFFFFFFFFFFFFFAC
:10046000FFFFFFFFFFFFFFFFFFFFFFFFFFFFFFFF9C
:10047000FFFFFFFFFFFFFFFFFFFFFFFFFFFFFFFF8C
:10048000FFFFFFFFFFFFFFFFFFFFFFFFFFFFFFFF7C
:10049000FFFFFFFFFFFFFFFFFFFFFFFFFFFFFFFF6C
:1004A000FFFFFFFFFFFFFFFFFFFFFFFFFFFFFFFF5C
:1004B000FFFFFFFFFFFFFFFFFFFFFFFFFFFFFFFF4C
:1004C000FFFFFFFFFFFFFFFFFFFFFFFFFFFFFFFF3C
:1004D000FFFFFFFFFFFFFFFFFFFFFFFFFFFFFFFF2C
:1004E000FFFFFFFFFFFFFFFFFFFFFFFFFFFFFFFF1C
:1004F000FFFFFFFFFFFFFFFFFFFFFFFFFFFFFFFF0C
:10050000FFFFFFFFFFFFFFFFFFFFFFFFFFFFFFFFFB
:10051000FFFFFFFFFFFFFFFFFFFFFFFFFFFFFFFFEB
:10052000FFFFFFFFFFFFFFFFFFFFFFFFFFFFFFFFDB
:10053000FFFFFFFFFFFFFFFFFFFFFFFFFFFFFFFFCB
:10054000FFFFFFFFFFFFFFFFFFFFFFFFFFFFFFFFBB
:10055000FFFFFFFFFFFFFFFFFFFFFFFFFFFFFFFFAB
:10056000FFFFFFFFFFFFFFFFFFFFFFFFFFFFFFFF9B
:10057000FFFFFFFFFFFFFFFFFFFFFFFFFFFFFFFF8B
:10058000FFFFFFFFFFFFFFFFFFFFFFFFFFFFFFFF7B
:10059000FFFFFFFFFFFFFFFFFFFFFFFFFFFFFFFF6B
:1005A000FFFFFFFFFFFFFFFFFFFFFFFFFFFFFFFF5B
:1005B000FFFFFFFFFFFFFFFFFFFFFFFFFFFFFFFF4B
:1005C000FFFFFFFFFFFFFFFFFFFFFFFFFFFFFFFF3B
:1005D000FFFFFFFFFFFFFFFFFFFFFFFFFFFFFFFF2B
:1005E000FFFFFFFFFFFFFFFFFFFFFFFFFFFFFFFF1B
:1005F000FFFFFFFFFFFFFFFFFFFFFFFFFFFFFFFF0B
:10060000FFFFFFFFFFFFFFFFFFFFFFFFFFFFFFFFFA
:10061000FFFFFFFFFFFFFFFFFFFFFFFFFFFFFFFFEA
:10062000FFFFFFFFFFFFFFFFFFFFFFFFFFFFFFFFDA
:10063000FFFFFFFFFFFFFFFFFFFFFFFFFFFFFFFFCA
:10064000FFFFFFFFFFFFFFFFFFFFFFFFFFFFFFFFBA
:10065000FFFFFFFFFFFFFFFFFFFFFFFFFFFFFFFFAA
:10066000FFFFFFFFFFFFFFFFFFFFFFFFFFFFFFFF9A
:10067000FFFFFFFFFFFFFFFFFFFFFFFFFFFFFFFF8A
:10068000FFFFFFFFFFFFFFFFFFFFFFFFFFFFFFFF7A
:10069000FFFFFFFFFFFFFFFFFFFFFFFFFFFFFFFF6A
:1006A000FFFFFFFFFFFFFFFFFFFFFFFFFFFFFFFF5A
:1006B000FFFFFFFFFFFFFFFFFFFFFFFFFFFFFFFF4A
:1006C000FFFFFFFFFFFFFFFFFFFFFFFFFFFFFFFF3A
:1006D000FFFFFFFFFFFFFFFFFFFFFFFFFFFFFFFF2A
:1006E000FFFFFFFFFFFFFFFFFFFFFFFFFFFFFFFF1A
:1006F000FFFFFFFFFFFFFFFFFFFFFFFFFFFFFFFF0A
:10070000FFFFFFFFFFFFFFFFFFFFFFFFFFFFFFFFF9
:10071000FFFFFFFFFFFFFFFFFFFFFFFFFFFFFFFFE9
:10072000FFFFFFFFFFFFFFFFFFFFFFFFFFFFFFFFD9
:10073000FFFFFFFFFFFFFFFFFFFFFFFFFFFFFFFFC9
:10074000FFFFFFFFFFFFFFFFFFFFFFFFFFFFFFFFB9
:10075000FFFFFFFFFFFFFFFFFFFFFFFFFFFFFFFFA9
:10076000FFFFFFFFFFFFFFFFFFFFFFFFFFFFFFFF99
:10077000FFFFFFFFFFFFFFFFFFFFFFFFFFFFFFFF89
:10078000FFFFFFFFFFFFFFFFFFFFFFFFFFFFFFFF79
:10079000FFFFFFFFFFFFFFFFFFFFFFFFFFFFFFFF69
:1007A000FFFFFFFFFFFFFFFFFFFFFFFFFFFFFFFF59
:1007B000FFFFFFFFFFFFFFFFFFFFFFFFFFFFFFFF49
:1007C000FFFFFFFFFFFFFFFFFFFFFFFFFFFFFFFF39
:1007D000FFFFFFFFFFFFFFFFFFFFFFFFFFFFFFFF29
:1007E000FFFFFFFFFFFFFFFFFFFFFFFFFFFFFFFF19
:1007F000FFFFFFFFFFFFFFFFFFFFFFFFFFFFFFFF09
:10080000FFFFFFFFFFFFFFFFFFFFFFFFFFFFFFFFF8
:10081000FFFFFFFFFFFFFFFFFFFFFFFFFFFFFFFFE8
:10082000FFFFFFFFFFFFFFFFFFFFFFFFFFFFFFFFD8
:10083000FFFFFFFFFFFFFFFFFFFFFFFFFFFFFFFFC8
:10084000FFFFFFFFFFFFFFFFFFFFFFFFFFFFFFFFB8
:10085000FFFFFFFFFFFFFFFFFFFFFFFFFFFFFFFFA8
:10086000FFFFFFFFFFFFFFFFFFFFFFFFFFFFFFFF98
:10087000FFFFFFFFFFFFFFFFFFFFFFFFFFFFFFFF88
:10088000FFFFFFFFFFFFFFFFFFFFFFFFFFFFFFFF78
:10089000FFFFFFFFFFFFFFFFFFFFFFFFFFFFFFFF68
:1008A000FFFFFFFFFFFFFFFFFFFFFFFFFFFFFFFF58
:1008B000FFFFFFFFFFFFFFFFFFFFFFFFFFFFFFFF48
:1008C000FFFFFFFFFFFFFFFFFFFFFFFFFFFFFFFF38
:1008D000FFFFFFFFFFFFFFFFFFFFFFFFFFFFFFFF28
:1008E000FFFFFFFFFFFFFFFFFFFFFFFFFFFFFFFF18
:1008F000FFFFFFFFFFFFFFFFFFFFFFFFFFFFFFFF08
:10090000FFFFFFFFFFFFFFFFFFFFFFFFFFFFFFFFF7
:10091000FFFFFFFFFFFFFFFFFFFFFFFFFFFFFFFFE7
:10092000FFFFFFFFFFFFFFFFFFFFFFFFFFFFFFFFD7
:10093000FFFFFFFFFFFFFFFFFFFFFFFFFFFFFFFFC7
:10094000FFFFFFFFFFFFFFFFFFFFFFFFFFFFFFFFB7
:10095000FFFFFFFFFFFFFFFFFFFFFFFFFFFFFFFFA7
:10096000FFFFFFFFFFFFFFFFFFFFFFFFFFFFFFFF97
:10097000FFFFFFFFFFFFFFFFFFFFFFFFFFFFFFFF87
:10098000FFFFFFFFFFFFFFFFFFFFFFFFFFFFFFFF77
:10099000FFFFFFFFFFFFFFFFFFFFFFFFFFFFFFFF67
:1009A000FFFFFFFFFFFFFFFFFFFFFFFFFFFFFFFF57
:1009B000FFFFFFFFFFFFFFFFFFFFFFFFFFFFFFFF47
:1009C000FFFFFFFFFFFFFFFFFFFFFFFFFFFFFFFF37
:1009D000FFFFFFFFFFFFFFFFFFFFFFFFFFFFFFFF27
:1009E000FFFFFFFFFFFFFFFFFFFFFFFFFFFFFFFF17
:1009F000FFFFFFFFFFFFFFFFFFFFFFFFFFFFFFFF07
:100A0000FFFFFFFFFFFFFFFFFFFFFFFFFFFFFFFFF6
:100A1000FFFFFFFFFFFFFFFFFFFFFFFFFFFFFFFFE6
:100A2000FFFFFFFFFFFFFFFFFFFFFFFFFFFFFFFFD6
:100A3000FFFFFFFFFFFFFFFFFFFFFFFFFFFFFFFFC6
:100A4000FFFFFFFFFFFFFFFFFFFFFFFFFFFFFFFFB6
:100A5000FFFFFFFFFFFFFFFFFFFFFFFFFFFFFFFFA6
:100A6000FFFFFFFFFFFFFFFFFFFFFFFFFFFFFFFF96
:100A7000FFFFFFFFFFFFFFFFFFFFFFFFFFFFFFFF86
:100A8000FFFFFFFFFFFFFFFFFFFFFFFFFFFFFFFF76
:100A9000FFFFFFFFFFFFFFFFFFFFFFFFFFFFFFFF66
:100AA000FFFFFFFFFFFFFFFFFFFFFFFFFFFFFFFF56
:100AB000FFFFFFFFFFFFFFFFFFFFFFFFFFFFFFFF46
:100AC000FFFFFFFFFFFFFFFFFFFFFFFFFFFFFFFF36
:100AD000FFFFFFFFFFFFFFFFFFFFFFFFFFFFFFFF26
:100AE000FFFFFFFFFFFFFFFFFFFFFFFFFFFFFFFF16
:100AF000FFFFFFFFFFFFFFFFFFFFFFFFFFFFFFFF06
:100B0000FFFFFFFFFFFFFFFFFFFFFFFFFFFFFFFFF5
:100B1000FFFFFFFFFFFFFFFFFFFFFFFFFFFFFFFFE5
:100B2000FFFFFFFFFFFFFFFFFFFFFFFFFFFFFFFFD5
:100B3000FFFFFFFFFFFFFFFFFFFFFFFFFFFFFFFFC5
:100B4000FFFFFFFFFFFFFFFFFFFFFFFFFFFFFFFFB5
:100B5000FFFFFFFFFFFFFFFFFFFFFFFFFFFFFFFFA5
:100B6000FFFFFFFFFFFFFFFFFFFFFFFFFFFFFFFF95
:100B7000FFFFFFFFFFFFFFFFFFFFFFFFFFFFFFFF85
:100B8000FFFFFFFFFFFFFFFFFFFFFFFFFFFFFFFF75
:100B9000FFFFFFFFFFFFFFFFFFFFFFFFFFFFFFFF65
:100BA000FFFFFFFFFFFFFFFFFFFFFFFFFFFFFFFF55
:100BB000FFFFFFFFFFFFFFFFFFFFFFFFFFFFFFFF45
:100BC000FFFFFFFFFFFFFFFFFFFFFFFFFFFFFFFF35
:100BD000FFFFFFFFFFFFFFFFFFFFFFFFFFFFFFFF25
:100BE000FFFFFFFFFFFFFFFFFFFFFFFFFFFFFFFF15
:100BF000FFFFFFFFFFFFFFFFFFFFFFFFFFFFFFFF05
:100C0000FFFFFFFFFFFFFFFFFFFFFFFFFFFFFFFFF4
:100C1000FFFFFFFFFFFFFFFFFFFFFFFFFFFFFFFFE4
:100C2000FFFFFFFFFFFFFFFFFFFFFFFFFFFFFFFFD4
:100C3000FFFFFFFFFFFFFFFFFFFFFFFFFFFFFFFFC4
:100C4000FFFFFFFFFFFFFFFFFFFFFFFFFFFFFFFFB4
:100C5000FFFFFFFFFFFFFFFFFFFFFFFFFFFFFFFFA4
:100C6000FFFFFFFFFFFFFFFFFFFFFFFFFFFFFFFF94
:100C7000FFFFFFFFFFFFFFFFFFFFFFFFFFFFFFFF84
:100C8000FFFFFFFFFFFFFFFFFFFFFFFFFFFFFFFF74
:100C9000FFFFFFFFFFFFFFFFFFFFFFFFFFFFFFFF64
:100CA000FFFFFFFFFFFFFFFFFFFFFFFFFFFFFFFF54
:100CB000FFFFFFFFFFFFFFFFFFFFFFFFFFFFFFFF44
:100CC000FFFFFFFFFFFFFFFFFFFFFFFFFFFFFFFF34
:100CD000FFFFFFFFFFFFFFFFFFFFFFFFFFFFFFFF24
:100CE000FFFFFFFFFFFFFFFFFFFFFFFFFFFFFFFF14
:100CF000FFFFFFFFFFFFFFFFFFFFFFFFFFFFFFFF04
:100D0000FFFFFFFFFFFFFFFFFFFFFFFFFFFFFFFFF3
:100D1000FFFFFFFFFFFFFFFFFFFFFFFFFFFFFFFFE3
:100D2000FFFFFFFFFFFFFFFFFFFFFFFFFFFFFFFFD3
:100D3000FFFFFFFFFFFFFFFFFFFFFFFFFFFFFFFFC3
:100D4000FFFFFFFFFFFFFFFFFFFFFFFFFFFFFFFFB3
:100D5000FFFFFFFFFFFFFFFFFFFFFFFFFFFFFFFFA3
:100D6000FFFFFFFFFFFFFFFFFFFFFFFFFFFFFFFF93
:100D7000FFFFFFFFFFFFFFFFFFFFFFFFFFFFFFFF83
:100D8000FFFFFFFFFFFFFFFFFFFFFFFFFFFFFFFF73
:100D9000FFFFFFFFFFFFFFFFFFFFFFFFFFFFFFFF63
:100DA000FFFFFFFFFFFFFFFFFFFFFFFFFFFFFFFF53
:100DB000FFFFFFFFFFFFFFFFFFFFFFFFFFFFFFFF43
:100DC000FFFFFFFFFFFFFFFFFFFFFFFFFFFFFFFF33
:100DD000FFFFFFFFFFFFFFFFFFFFFFFFFFFFFFFF23
:100DE000FFFFFFFFFFFFFFFFFFFFFFFFFFFFFFFF13
:100DF000FFFFFFFFFFFFFFFFFFFFFFFFFFFFFFFF03
:100E0000FFFFFFFFFFFFFFFFFFFFFFFFFFFFFFFFF2
:100E1000FFFFFFFFFFFFFFFFFFFFFFFFFFFFFFFFE2
:100E2000FFFFFFFFFFFFFFFFFFFFFFFFFFFFFFFFD2
:100E3000FFFFFFFFFFFFFFFFFFFFFFFFFFFFFFFFC2
:100E4000FFFFFFFFFFFFFFFFFFFFFFFFFFFFFFFFB2
:100E5000FFFFFFFFFFFFFFFFFFFFFFFFFFFFFFFFA2
:100E6000FFFFFFFFFFFFFFFFFFFFFFFFFFFFFFFF92
:100E7000FFFFFFFFFFFFFFFFFFFFFFFFFFFFFFFF82
:100E8000FFFFFFFFFFFFFFFFFFFFFFFFFFFFFFFF72
:100E9000FFFFFFFFFFFFFFFFFFFFFFFFFFFFFFFF62
:100EA000FFFFFFFFFFFFFFFFFFFFFFFFFFFFFFFF52
:100EB000FFFFFFFFFFFFFFFFFFFFFFFFFFFFFFFF42
:100EC000FFFFFFFFFFFFFFFFFFFFFFFFFFFFFFFF32
:100ED000FFFFFFFFFFFFFFFFFFFFFFFFFFFFFFFF22
:100EE000FFFFFFFFFFFFFFFFFFFFFFFFFFFFFFFF12
:100EF000FFFFFFFFFFFFFFFFFFFFFFFFFFFFFFFF02
:100F0000FFFFFFFFFFFFFFFFFFFFFFFFFFFFFFFFF1
:100F1000FFFFFFFFFFFFFFFFFFFFFFFFFFFFFFFFE1
:100F2000FFFFFFFFFFFFFFFFFFFFFFFFFFFFFFFFD1
:100F3000FFFFFFFFFFFFFFFFFFFFFFFFFFFFFFFFC1
:100F4000FFFFFFFFFFFFFFFFFFFFFFFFFFFFFFFFB1
:100F5000FFFFFFFFFFFFFFFFFFFFFFFFFFFFFFFFA1
:100F6000FFFFFFFFFFFFFFFFFFFFFFFFFFFFFFFF91
:100F7000FFFFFFFFFFFFFFFFFFFFFFFFFFFFFFFF81
:100F8000FFFFFFFFFFFFFFFFFFFFFFFFFFFFFFFF71
:100F9000FFFFFFFFFFFFFFFFFFFFFFFFFFFFFFFF61
:100FA000FFFFFFFFFFFFFFFFFFFFFFFFFFFFFFFF51
:100FB000FFFFFFFFFFFFFFFFFFFFFFFFFFFFFFFF41
:100FC000FFFFFFFFFFFFFFFFFFFFFFFFFFFFFFFF31
:100FD000FFFFFFFFFFFFFFFFFFFFFFFFFFFFFFFF21
:100FE000FFFFFFFFFFFFFFFFFFFFFFFFFFFFFFFF11
:100FF000FFFFFFFFFFFFFFFFFFFFFFFFFFFFFFFF01
:10100000D10020436D2000600000000000000000BF
:10101000201000600010006000B8026000000000B6
:101020000000006000C4020000000000FFFFFFFF9E
:10103000FFFFFFFFFFFFFFFFFFFFFFFFFFFFFFFFC0
:10104000FFFFFFFFFFFFFFFFFFFFFFFFFFFFFFFFB0
:10105000FFFFFFFFFFFFFFFFFFFFFFFFFFFFFFFFA0
:10106000FFFFFFFFFFFFFFFFFFFFFFFFFFFFFFFF90
:10107000FFFFFFFFFFFFFFFFFFFFFFFFFFFFFFFF80
:10108000FFFFFFFFFFFFFFFFFFFFFFFFFFFFFFFF70
:10109000FFFFFFFFFFFFFFFFFFFFFFFFFFFFFFFF60
:1010A000FFFFFFFFFFFFFFFFFFFFFFFFFFFFFFFF50
:1010B000FFFFFFFFFFFFFFFFFFFFFFFFFFFFFFFF40
:1010C000FFFFFFFFFFFFFFFFFFFFFFFFFFFFFFFF30
:1010D000FFFFFFFFFFFFFFFFFFFFFFFFFFFFFFFF20
:1010E000FFFFFFFFFFFFFFFFFFFFFFFFFFFFFFFF10
:1010F000FFFFFFFFFFFFFFFFFFFFFFFFFFFFFFFF00
:10110000FFFFFFFFFFFFFFFFFFFFFFFFFFFFFFFFEF
:10111000FFFFFFFFFFFFFFFFFFFFFFFFFFFFFFFFDF
:10112000FFFFFFFFFFFFFFFFFFFFFFFFFFFFFFFFCF
:10113000FFFFFFFFFFFFFFFFFFFFFFFFFFFFFFFFBF
:10114000FFFFFFFFFFFFFFFFFFFFFFFFFFFFFFFFAF
:10115000FFFFFFFFFFFFFFFFFFFFFFFFFFFFFFFF9F
:10116000FFFFFFFFFFFFFFFFFFFFFFFFFFFFFFFF8F
:10117000FFFFFFFFFFFFFFFFFFFFFFFFFFFFFFFF7F
:10118000FFFFFFFFFFFFFFFFFFFFFFFFFFFFFFFF6F
:10119000FFFFFFFFFFFFFFFFFFFFFFFFFFFFFFFF5F
:1011A000FFFFFFFFFFFFFFFFFFFFFFFFFFFFFFFF4F
:1011B000FFFFFFFFFFFFFFFFFFFFFFFFFFFFFFFF3F
:1011C000FFFFFFFFFFFFFFFFFFFFFFFFFFFFFFFF2F
:1011D000FFFFFFFFFFFFFFFFFFFFFFFFFFFFFFFF1F
:1011E000FFFFFFFFFFFFFFFFFFFFFFFFFFFFFFFF0F
:1011F000FFFFFFFFFFFFFFFFFFFFFFFFFFFFFFFFFF
:10120000FFFFFFFFFFFFFFFFFFFFFFFFFFFFFFFFEE
:10121000FFFFFFFFFFFFFFFFFFFFFFFFFFFFFFFFDE
:10122000FFFFFFFFFFFFFFFFFFFFFFFFFFFFFFFFCE
:10123000FFFFFFFFFFFFFFFFFFFFFFFFFFFFFFFFBE
:10124000FFFFFFFFFFFFFFFFFFFFFFFFFFFFFFFFAE
:10125000FFFFFFFFFFFFFFFFFFFFFFFFFFFFFFFF9E
:10126000FFFFFFFFFFFFFFFFFFFFFFFFFFFFFFFF8E
:10127000FFFFFFFFFFFFFFFFFFFFFFFFFFFFFFFF7E
:10128000FFFFFFFFFFFFFFFFFFFFFFFFFFFFFFFF6E
:10129000FFFFFFFFFFFFFFFFFFFFFFFFFFFFFFFF5E
:1012A000FFFFFFFFFFFFFFFFFFFFFFFFFFFFFFFF4E
:1012B000FFFFFFFFFFFFFFFFFFFFFFFFFFFFFFFF3E
:1012C000FFFFFFFFFFFFFFFFFFFFFFFFFFFFFFFF2E
:1012D000FFFFFFFFFFFFFFFFFFFFFFFFFFFFFFFF1E
:1012E000FFFFFFFFFFFFFFFFFFFFFFFFFFFFFFFF0E
:1012F000FFFFFFFFFFFFFFFFFFFFFFFFFFFFFFFFFE
:10130000FFFFFFFFFFFFFFFFFFFFFFFFFFFFFFFFED
:10131000FFFFFFFFFFFFFFFFFFFFFFFFFFFFFFFFDD
:10132000FFFFFFFFFFFFFFFFFFFFFFFFFFFFFFFFCD
:10133000FFFFFFFFFFFFFFFFFFFFFFFFFFFFFFFFBD
:10134000FFFFFFFFFFFFFFFFFFFFFFFFFFFFFFFFAD
:10135000FFFFFFFFFFFFFFFFFFFFFFFFFFFFFFFF9D
:10136000FFFFFFFFFFFFFFFFFFFFFFFFFFFFFFFF8D
:10137000FFFFFFFFFFFFFFFFFFFFFFFFFFFFFFFF7D
:10138000FFFFFFFFFFFFFFFFFFFFFFFFFFFFFFFF6D
:10139000FFFFFFFFFFFFFFFFFFFFFFFFFFFFFFFF5D
:1013A000FFFFFFFFFFFFFFFFFFFFFFFFFFFFFFFF4D
:1013B000FFFFFFFFFFFFFFFFFFFFFFFFFFFFFFFF3D
:1013C000FFFFFFFFFFFFFFFFFFFFFFFFFFFFFFFF2D
:1013D000FFFFFFFFFFFFFFFFFFFFFFFFFFFFFFFF1D
:1013E000FFFFFFFFFFFFFFFFFFFFFFFFFFFFFFFF0D
:1013F000FFFFFFFFFFFFFFFFFFFFFFFFFFFFFFFFFD
:10140000884207D0904205D251F8043B40F8043B93
:101410008242F9D8704700BF884204D2002340F8C6
:10142000043B8142FBD87047BC4B0824BC4ABD49F1
:10143000BD4880B5C3F8544184B0FFF7E1FFBB4A13
:10144000BB49BC48FFF7DCFFBB49BC48FFF7E4FFE2
:10145000BB4C4FF0E0214FF470000023B94AC1F8B3
:10146000880D44F823200133B02BFAD1B64B8021EC
:10147000B64A03F8011B9342FBD14FF0E023A74A81
:101480004FF08031B248C3F8084DC2F80411C2F8D9
:101490000001B048C2F8F410C2F8F000D3F8241DDF
:1014A000AD4841F4E021C3F8241DC16921F07F015A
:1014B00041F04001C161416A21F07F0141F04001EA
:1014C00041624FF0FF30A5498866C86608674867E3
:1014D00000211020C3F8941DC3F89C0DA048C3F848
:1014E000A00D1120C3F89C0D9E48C3F8A00D12203A
:1014F000C3F89C0D9C48C3F8A00D9C48C3F89C0DF4
:101500009B48C3F8A00D9B48C3F89C0D9A48C3F8AC
:10151000A00D894840F01500C3F89C0D9748C3F80A
:10152000A00D00F181500D30C3F89C0D9448C3F814
:10153000A00D9448C3F89C0D9348C3F8A00D9348A0
:10154000C3F89C0D9248C3F8A00D9248C3F89C0DB7
:101550009148C3F8A00D0120C3F8940DBFF34F8F3D
:10156000BFF36F8FC3F8501FBFF34F8FBFF36F8F61
:10157000D3F8140D4FF0400E4FF4805C4FF4005739
:1015800040F440304FF44046C3F8140D8348A06344
:101590008348E063632058610320996118618148A2
:1015A0008149C3F8200DD3F8FC0D40F08070C3F8DA
:1015B000FC0D0B687D4843F001030B604B684FF452
:1015C0008031036043F2420013699D0700F12A82D3
:1015D0009D0440F12B82DD0440F12A82002BF3DAD6
:1015E00013F4803540F027825B0640F1D7844FF03A
:1015F000803357496E48C2F80431C2F8001155498A
:10160000C2F8F430C2F8F01000F02EFE5248694BD8
:10161000C16E694A41F44051C1661D60C3F808516A
:10162000C3F81851C3F82851C3F83851936BDB073E
:1016300008D442F61563614951651365936B43F015
:10164000010393635C485E4B82685E4942F001127D
:101650005D4D5E4E826018225D48C3F85C12C3F88F
:101660006062C3F86412C3F868524FF0FF35C3F8E4
:101670006C025849C3F87002C3F87402C3F87802C8
:10168000DA661A675A679A67DA67C3F88020C3F880
:101690008420C3F8882001232F4AC1F82C33C1F8D5
:1016A0003033C1F83433C1F83833C1F83C33C1F8B2
:1016B000503349499069494B014048F20C700B4343
:1016C00047499361D2F8843043F00C03C2F8843068
:1016D0000A68444B42F002020A600A68024042482B
:1016E00013430B604D60414B8268414D1340414AAA
:1016F00043F000538B60CB6823F07803CB600B6A18
:101700002B4013430B620B6A2B404FF400551343DD
:10171000394A4B628A62CA6270E000BF00800D40A5
:10172000083902001C2D006000000000C04E00209F
:10173000286602600000002040980120C04E002072
:10174000004C002035BD000000E400E0A0E400E013
:101750001B1018200C0D111300C00F4000C00A40D0
:101760003F000010250008030900100013002000AE
:1017700021000207140000202500081309000010B2
:1017800027000B13170000403300101318000060EF
:101790002F000B07190000702F000B136DAC000019
:1017A000C1A8000000002020001000E03C3D012006
:1017B0000046C3230040084000400D400000C056D2
:1017C00000801F40F9B00100F9000100F91001008C
:1017D000F970010000841F40FFFCFF1F000300A000
:1017E00000402A401200FFFF00802A40FF37F70028
:1017F00000FFF07C40000080FF000F830022D0F843
:10180000B83023F03F0343F00103C1F8B830D0F8FB
:10181000BC308A4823F03F0343F00103C1F8BC30D9
:1018200040F205630A610D660867C1F880304D66B5
:101830004867C1F884300B68814823F002030B60CD
:10184000886102207F4BC86101F5407143F8042B89
:101850008B42FBD17C4A136843F001031360136889
:1018600013F00103FBD176480221906140F2F5604C
:10187000D16140F26641C2F8000240F29940C2F8DC
:1018800010127249C2F8200242F20140C2F830122E
:1018900040F23541C2F83402C2F840126C486D493A
:1018A000C2F85002B338C2F8541242F20121C2F811
:1018B0006002C2F8641201216348C2F8A030C2F885
:1018C000A430C2F8B0104369DF07FCD50123002122
:1018D0004FF480324361C0F8A0105B49C0F8A420E7
:1018E000C0F8B0304B69DE07FCD501234FF400325D
:1018F00000204B61C1F8A000C1F8A420524AC1F8F1
:10190000B0305369DD07FCD50121534B00205161F4
:10191000C2F8A000C2F8A4304B4BC2F8B0105E6908
:1019200016F00106FBD0D3F80021212192B25961B3
:1019300045F60D518A4240F0288300214FF4802261
:10194000C3F8A010C3F8A42001223F49C3F8B02077
:101950004B69D807FCD501234FF400024B61C1F855
:10196000A0200022C1F8A420374AC1F8B030536942
:10197000D907FCD501234FF400015361C2F8A01030
:101980004FF48031C2F8A4102F49C2F8B0304B692F
:10199000DA07FCD501234FF400024B61C1F8A02007
:1019A0004FF40032C1F8A420274AC1F8B03053697F
:1019B000DB07FCD501234FF400015361C2F8A010EE
:1019C0002549C2F8A4102049C2F8B0304B69DF079E
:1019D000FCD5D1F8003121229BB24A6145F60D5267
:1019E000934200F0DF8208221C4B1D491D4F5B1AF9
:1019F00087F8C32213EB025340F0E782D7F8C40202
:101A000090B3D7F8C8227AB30C23B2FBF3F103FBEF
:101A1000112149BBD7F8CC32002B00F0B78200F07F
:101A20002FFCB3E2966151619061CDE55761CBE542
:101A3000C2F814C0C8E59161C6E500BF63000200AA
:101A4000F05AF05A00422A4000402A409F041830C1
:101A5000EB06180A0632012604000300000000709D
:101A600000000070C04E002000F002FC162303604E
:101A7000D34BDA6E42F44032DA66DA6E42F44072E8
:101A8000DA6640F23763CF4A5364A0239364936CC1
:101A90001906FCD4CC4B40F237625A64A0229A64F7
:101AA0009D6C15F08005FBD1C54B4FF00F0887F8F2
:101AB000C152F3EE097A996FC44A41F47F01C448D8
:101AC0009FEDC46A9967D3F880109FEDC37A0A43EB
:101AD000C3F8802000F0D0FB00F5804000F0CCFB84
:101AE00000F5804000F0C8FB00F5804000F0C4FB2A
:101AF000BA49BB4A41F2010E45F6C05C43F22600EA
:101B00008D814D81A1F80E80A1F814E0A1F806C0E6
:101B10000D800D8288818D854D85A1F82E80A1F8DC
:101B200034E0A1F826C00D840D868885A1F84C50BC
:101B3000A1F84A50A1F84E80A1F854E0A1F846C09F
:101B4000A1F84050A1F85050A1F84C00A1F86C50F9
:101B5000A1F86A50A1F86E80A1F874E0A1F866C0FF
:101B6000A1F86050A1F87050A1F86C0001F5C231E5
:101B700095815581A2F80E80A2F814E0A2F806C063
:101B800015801582908195855585A2F82E80A2F842
:101B900034E0A2F826C0158415869085A2F84C5032
:101BA000A2F84A50A2F84E80A2F854E0A2F846C02B
:101BB000A2F84050A2F85050A2F84C00A2F86C5085
:101BC000A2F86A50A2F86E80A2F874E0A2F866C08B
:101BD000A2F86050A2F87050A2F86C00A2F583122F
:101BE000804BA2F5F8529D815D81A3F80E80A3F889
:101BF00014E0A3F806C01D801D8298819D855D8537
:101C0000A3F82E80A3F834E0A3F826C01D841D8617
:101C10009885A3F84C50A3F84A50A3F84E80A3F837
:101C200054E0A3F846C0A3F84050A3F85050A3F8DE
:101C30004C00A3F86C50A3F86A50A3F86E80A3F888
:101C400074E0A3F866C0A3F86050A3F87050A3F83E
:101C50006C000320D2F88030DFF8A0C123F001032C
:101C6000C2F88030C2F89000D1F8E0305E485FFAE8
:101C700083FE5E4906EE90EAC7F8A4E2C3F30B2E9A
:101C80001B0DF8EEE66A05EE90EAC7F8A8E236EE1C
:101C9000C66A36EEC77A76EEE76A07EE903AB8EE95
:101CA000E55AD2F88030F8EEE77AC7EDAB6A77EE06
:101CB000C57A26EE276AC7EDAC7A27EE277A66EE5C
:101CC000A77AC6EE265A87EE266A87EEA67A75EEC2
:101CD000855AFCEEE55A76EE056A15EE907AFCEE32
:101CE000E66A43EA075377EE057AC2F8803016EECB
:101CF000903AD2F890710CEA0343FCEEE77A3B434A
:101D0000C2F8903117EE903AD2F89071C3F30B03FA
:101D10003B43C2F89031D2F8803043F00203C2F85E
:101D2000803080F84050C4F840114FF0E023012289
:101D30002F4FC3F808213B68132BFCD92D4B40F6DD
:101D40006172C3F8202103F58E13D3F8202603F522
:101D50008063294B22F07F429A4280F00C810A2056
:101D600000FB02F1B1FBF0F300FB1313092903F1AF
:101D700030038DF8043040F23F8101A84FF0000C91
:101D8000DFF87C908646A9FB023A904661460CF14A
:101D9000010C4FEADA0AB8F1090F0AEB8A03A2EB49
:101DA0004303524603F130030EF8013FEBD801AB79
:101DB00001F110029C446A44002302F80A3C21E02D
:101DC00000C00F4000400C4000800C40000003FCAD
:101DD00000C03D400000AA420000B44200C01D40C7
:101DE00000001E4000401E4000E400E01DBF000057
:101DF000383D012000800D40809698000000FF0FC4
:101E0000CDCCCCCC1A46013390F800E08A1A9CF86D
:101E10000080934200F8018B0CF801E9F2DB9DF899
:101E20000420002A00F0F880854B5A879DF8052091
:101E3000002A00F0F3809DF806109A87002900F030
:101E4000F1809DF80720D987002A00F0E9809DF8ED
:101E50000810A3F84020002900F0EC809DF809202C
:101E6000A3F84210002A00F0DF809DF80A10A3F8C2
:101E70004420002900F0DA809DF80B00A3F84610FA
:101E8000002800F0D5809DF80C20A3F84800002A17
:101E900000F0D2809DF80D10A3F84A20002900F030
:101EA000CD800A25A3F84C106A1C6649520083F8BD
:101EB0003820D1F88030644A43F00303C1F8803001
:101EC00040F20441614BC2F860111968604B19423D
:101ED00003D1D2F8A8319A071BD05B4A4FF00041DA
:101EE0005A4B5963D2F8403143F00203C2F84031F3
:101EF000D2F840319B07FBD44FF0E0224FF4003181
:101F0000524B1920C2F88C124FF000429A6300F035
:101F1000BBF94E4A00214FF080404B4D4D4B906332
:101F200011600A221846C5F8A8214FF4207200F06B
:101F3000A7F94FF48102484B02604FF48002C5F8C4
:101F40005801026440F24312C5F84821C4F8043233
:101F50004FF0E0224FF400310123C2F80C11C5F814
:101F600040313B68B3F5967FFBD300F097F800F063
:101F700077F900F08DF90A23B2FBF3F103FB11238B
:101F80000A4630338DF80430F7E6344F0023344AE4
:101F9000C7F8C432D360C2E9013369E5C2F814E07E
:101FA000FFF712BB4FF480234FF400022D48C1F815
:101FB000A020C1F8A4300123C1F8B0304369DD0787
:101FC000FCD50123102243610EE50022C7F8C4129C
:101FD0000C21C7F8C832C7F8D022B3FBF1F201FBDD
:101FE00012327AB90123D7F8C82200211E48C7F857
:101FF000CC3200F045F93BE500239DF804208DF834
:10200000053011E79B1AF02BC7F8C832EAD800F068
:102010002FF91C2303602BE5094B45E7354643E7C1
:10202000032541E702253FE705253DE706253BE778
:10203000072539E7042537E7082535E7092533E77C
:102040001C45002000C00F4000002E4000900D40B5
:10205000001C1E00000000205DB20000C04E0020E9
:102060008451002000402A4000000070074B4FF4CC
:102070002A01074A07485A641864074A9963954633
:10208000BFF34F8FBFF36F8FFFF7CEF900C00A4049
:10209000FFABAAAA070020000080052000BF704700
:1020A000264942698B6B23F47C0370B543F480238B
:1020B0001468234D8B6321685368194303692160B9
:1020C0000221002419611F491C6199640121596290
:1020D0009D624FF43035DD624FF001159E6C1E6538
:1020E0001C629D651961037E174D02EB031E174BA1
:1020F0009EF808C003EB0C1CDCF808402560DCF8F7
:102100000440DEF80C502560DEF8104014B1DEF813
:1021100014102160407E0C4C02EB001191F8280055
:102120000A4603EB0013D3E901300460C96A196061
:10213000136B0BB1526B1A6070BD00BF00C00F4033
:10214000B80B05053B37281961F80100381D002040
:102150001B494B690A7E03EB0212127A122A2DD018
:10216000187AFF282AD0122825D0187EFF2825D0DB
:102170000120844630B41C685D6824682C4203D179
:1021800081F818C030BC704703EB00130D480524DC
:1021900000EB0212526814601A7A0B4C00EB021228
:1021A000D2E901200460D86810601A69002AE7D0DB
:1021B0005B691360E4E700208446DBE7704700BFFB
:1021C000483D0120381D002061F801001D494B6980
:1021D0004A7E03EB021292F82820132A30D093F89B
:1021E0002800FF282CD0132827D093F83800FF2888
:1021F00026D00120844630B41C685D6824682C42D7
:1022000003D181F819C030BC704703EB00130E48AE
:10221000052400EB02125268146093F828200B4C3E
:1022200000EB0212D2E901200460D86A10601A6B38
:10223000002AE6D05B6B1360E3E700208446DAE710
:10224000704700BF483D0120381D002061F80100A3
:10225000F8B500BFF8BC08BC9E46704700000000FF
:102260005FF800F0152702005FF800F0B5AC000041
:102270005FF800F0592602005FF800F0D9A70000CF
:102280005FF800F0652602005FF800F071060100BB
:102290005FF800F0B50A01004500000011080200D7
:1022A000DB40A4A62EAF000000000000000180006B
:1022B000000000000000000003800000000000009B
:1022C00000000007C000000000000000000007C080
:1022D0000000000000000000000FC000000000002F
:1022E000000000001FE00000000000000000001FD0
:1022F000E00000000000000000003FE000000000DF
:1023000000000000003FF00000000000000000009E
:102310007FF0000000000000001FF87FF0000000C8
:10232000000000003FFE7FF0000000000000003FC2
:10233000FF7FF0000000000000001FFFFBE0000036
:1023400000000000000FFFF9FFC0000000000000C7
:102350000FFFF9FFF800000000000007FFF1FFFF8A
:1023600000000000000003FC73FFFF80000000007D
:102370000001FE3FFFFF80000000000000FF1E0F75
:10238000FF000000000000007FFE1FFC00000000B6
:102390000000003FFFFFF8000000000000000FDF1A
:1023A000FFE0000000000000001F19FFC000000057
:1023B000000000003F3CFF00000000000000007E25
:1023C0007CF800000000000000007FFE7C000000A0
:1023D0000000000000FFFFFC000000000000000003
:1023E000FFFFFE0000000000000000FFFFFE0000F5
:1023F000000000000001FFEFFE00000000000000F0
:1024000001FFCFFE0000000000000003FF07FE00F8
:1024100000000000000003FC07FE000000000000B8
:102420000003F003FE00000000000000018000FE39
:10243000000000000000000000007E00000000001E
:1024400000000000003E000000000000000000004E
:102450000C000000000000078000FC000003C0002A
:102460000000078001FC000003C00000000780019D
:10247000FC000003C0000000078001E00000001E17
:10248000000000078001E00000001E007FE3F79FCE
:10249000F9FDE7787BDFC0FFF7FFBFFDFDFF787B2D
:1024A000DFC0FFF7FFBFFDFDFF787BDFC0F0F787E0
:1024B000BC3DE1FF787BDE00F0F787BC3DE1F078C2
:1024C0007BDE0000F787803DE1E0787BDE007FF770
:1024D000879FFDE1E0787BDE00FFF787BFFDE1E04D
:1024E000787BDE00F0F787BC3DE1E0787BDE00F032
:1024F000F787BC3DE1E0787BDE00F0F787BC3DE18B
:10250000E0787BDE00FFF7FFBFFDE1E07FFBDFC08F
:10251000FFF7FFBFFDE1E07FFBDFC07CF3F39F3DF2
:10252000E1E03E7BCFC000000000000000000000A2
:1025300000FFFFFFFFFFFFFFFFFFFFC0FFFFFFFFE9
:10254000FD68DB111A31C0FFFFFFFFFD2B5AFB6A4C
:10255000EFC0FFFFFFFFFD4B5B3B1A33C0FFFFFFE8
:10256000FFFD6B5BDB6AFDC0000060000000000047
:10257000000000000000000000E00000000000007B
:102580000000000000000001E0000000000000006A
:1025900000000000000001F000000000000000004A
:1025A000000000000003F000000000000000000038
:1025B0000000000007F00000000000000000000024
:1025C00000000007F800000000000000000000000C
:1025D00000000FF800000003C0007E000001E000D2
:1025E0007F0FF800000003C000FE000001E000FFC4
:1025F000EFF800000003C000FE000001E000FFFF54
:10260000F800000003C000F00000000F007FFE7F14
:10261000C0000003C000F00000000F003FFE7FF884
:102620003FF1FBCFFCFEF3BC3DEFE01FFE7FFF7FE1
:10263000FBFFDFFEFEFFBC3DEFE01FC6FFFF7FFBA1
:10264000FFDFFEFEFFBC3DEFE00FE3C7FE787BC37C
:10265000DE1EF0FFBC3DEF0007FF87FC787BC3DE8A
:102660001EF0F83C3DEF0001FFFFF0007BC3C01EF1
:10267000F0F03C3DEF0001F37FE03FFBC3CFFEF005
:10268000F03C3DEF0003E33F807FFBC3DFFEF0F053
:102690003C3DEF0007E73C00787BC3DE1EF0F03CDA
:1026A0003DEF0007FFBE00787BC3DE1EF0F03C3D2F
:1026B000EF0007FFFE00787BC3DE1EF0F03C3DEF2D
:1026C000000FFFFE007FFBFFDFFEF0F03FFDEFE0BD
:1026D0000FFFFF007FFBFFDFFEF0F03FFDEFE00F9D
:1026E000F9FF003E79F9CF9EF0F01F3DE7E01FF1C2
:1026F000FF0000000000000000000000001F80FF3D
:10270000007FFFFFFFFFFFFFFFFFFFE01C007F00D8
:102710007FFFFFFFFEB46D888D18E000001F007F73
:10272000FFFFFFFE95AD7DB577E000000F007FFF56
:10273000FFFFFEA5AD9D8D19E0000006007FFFFFA5
:10274000FFFEB5ADEDB57EE0AED580A8D300408DDF
:102750002000A1C85C2A00606427006020007E0081
:102760000700000000000000020001000000010559
:102770000200FC00010003020400FC000200050549
:102780000600FC00060003060400FC000900030527
:102790000400FC000B0004050500FC000E00010213
:1027A0000200FC000F0002050300FC0011000205FE
:1027B0000300FC00130003030400FD0015000303E5
:1027C0000400FD00170002020300000018000301CE
:1027D0000400FE0019000101020000001A000305B8
:1027E0000400FC001C0003050400FC001E000205A0
:1027F0000300FC00200003050400FC002200030588
:102800000400FC00240003050400FC00260003056E
:102810000400FC00280003050400FC002A00030556
:102820000400FC002C0003050400FC002E0003053E
:102830000400FC00300001030200FD00310002042E
:102840000300FD00320002030300FD003300030318
:102850000400FD00350002030300FD0036000305FF
:102860000400FC00380003050400FC003A000305E6
:102870000400FC003C0003050400FC003E000305CE
:102880000400FC00400003050400FC0042000305B6
:102890000400FC00440003050400FC00460003059E
:1028A0000400FC00480003050400FC004A00010588
:1028B0000200FC004B0003050400FC004D00030572
:1028C0000400FC004F0003050400FC005100050556
:1028D0000600FC00550004050500FC005800030537
:1028E0000400FC005A0003050400FC005C00030621
:1028F0000400FC005F0003050400FC006100030508
:102900000400FC00630003050400FC0065000305EF
:102910000400FC00670003050400FC0069000505D5
:102920000600FC006D0003050400FC006F000305B9
:102930000400FC00710003050400FC0073000205A4
:102940000300FC00750003050400FC00770002058D
:102950000300FC00790003020400FC007A0004017B
:10296000040001007B0002020300FC007C00030461
:102970000400FD007E0003050400FC00800003034A
:102980000400FE00820003050400FC008400030430
:102990000400FD00860002050300FC00880003051A
:1029A0000400FD008A0003050400FC008C00010502
:1029B0000200FC008D0002060300FC008F000305EE
:1029C0000400FC00910002050300FC0093000503D5
:1029D0000600FE00950003030400FE0097000303B9
:1029E0000400FE00990003040400FE009B000304A1
:1029F0000400FE009D0002030300FE009E0003048D
:102A00000400FD00A00002050300FC00A200030377
:102A10000400FE00A40003030400FE00A60005035A
:102A20000600FE00A80003030400FE00AA00030441
:102A30000400FE00AC0003040400FD00AE0003052A
:102A40000400FC00B00001060200FC00B100030518
:102A50000400FC00B30004020500FD00E8B457D5F3
:102A6000F5004E3E80A54A4A5A50C06A409580AA59
:102A7000805D0060E080254856D47540C54EC51C79
:102A80009792F31C5354E54855545594A04664E37B
:102A90008098C50456C657DAD75C7246D6DCF3CEAA
:102AA000F34872D4B7DAF824D4BB5A924E8EEB585E
:102AB000809DB99056D4D74856D440D75A711CE956
:102AC00024B6D4B6A48C6B5500B55AB524E54EEAAD
:102AD000C09112D5C054F090C7F0935E718025DE8E
:102AE0005E306E80779C935AB8456092EAAA40D5D2
:102AF0006AD6805500D7407590E871E0BA40B5803D
:102B0000B5008D54AA80ACE0E5706A26FCC8AC5ACA
:102B100009026200030100C032080B000202020138
:102B20000009040000010202010005240010010553
:102B30002401010104240206052406000107058280
:102B40000310001009040100020A00000007050339
:102B50000240000007058402400000090402000250
:102B6000FF6AFF00070581024000010705010240DE
:102B70000001000009026200030100C032080B00DE
:102B80000202020100090400000102020100052402
:102B90000010010524010101042402060524060099
:102BA000010705820310000509040100020A000064
:102BB0000007050302000200070584020002000965
:102BC00004020002FF6AC700070581020002010734
:102BD00005010200020100001603550053004200E7
:102BE0002000530065007200690061006C00000065
:102BF00018035400650065006E00730079006400DE
:102C0000750069006E006F00040309040A060002E3
:102C1000EF020140010000000080C0E0F0F8FCFE7F
:102C2000000103070F1F3F7F2200FF2170C00F40EC
:102C3000C00000001200000013000000D0841F40FC
:102C400001000000FF000000FF0000000000000085
:102C5000000000001300000013000000CC841F409F
:102C600001000000FF000000FF0000000000000065
:102C7000000000001C0000001521010070C00F4082
:102C8000000C00001100000011000000E0841F4053
:102C9000020000002C00000012000000E0841F4031
:102CA000010000001000000011000000DC841F4043
:102CB000020000002D00000012000000DC841F4014
:102CC000010000001E000000C521010080C00F406F
:102CD000000000031900000010000000E8841F40FD
:102CE00001000000FF000000FF00000000000000E5
:102CF000000000001800000010000000E4841F40E5
:102D000001000000FF000000FF00000000000000C4
:0C2D1000000000001F0000007522010000
:102D1C0000000000000000000000000000000000A7
:102D2C000000000000000000000000000000000097
:102D3C000548064B1B1AD90F01EBA301491002D011
:102D4C00034B03B118477047C04E0020C04E002003
:102D5C000000000008B5054B1BB105490548AFF351
:102D6C000080BDE80840FFF7E3BF00BF0000000093
:102D7C00F497012000C4026070B5B0F8BC5F3B2D25
:102D8C0011D88DB105F1FF3C00F644741FFA8CFC90
:102D9C0004EB4C0400F6427C01E0A44504D03CF862
:102DAC0002EF9645F9D170BD07EE903AF7EE006A46
:102DBC0000EB850305F1010EF8EEE77A05EB45040F
:102DCC0003F628564FF0000C00EB840486EEA77A2D
:102DDC0086ED000A03F6186604F5F16400EB450570
:102DEC00C6ED000AC3F8581A03F6483103F6384307
:102DFC00C1F800C0C3F800C0A5F8442F84ED007AD8
:102E0C00A0F8BCEF70BD00BF10B5002100F58054D8
:102E1C0000F64C2C0A4694F8E4E102E0CAB296455E
:102E2C0020D302F5CB73013100EB8303D3F83C3B89
:102E3C009C45F3D1B4F8844092B29CB141F25A0152
:102E4C000023014404E001331FFA83FC644509D9D3
:102E5C0031F802CF9445F6D100EB8300024B00F61B
:102E6C000870036010BD00BFCDCC4C3F01EB81015D
:102E7C00037D01EB81010531C9B2C17403B1417409
:102E8C00704700BF01EB8101037D01EB810105312E
:102E9C00C9B2817403B10174704700BF40F23B2387
:102EAC009A42A8BF1A4601F5805310B493F85E4FAE
:102EBC00BCB90B7A5BB1344C4B68A41A03EBC4035A
:102ECC005DF8044B1A685B680260436070474B689E
:102EDC005DF8044B03EBC2031A685B680260436045
:102EEC007047B3F8601F07EE902A03F6687CF8EE83
:102EFC00E73A07EE901A9CED006AF8EE676AB8EEB6
:102F0C00E73AB2FBF1F401FB142203F66C7403F6FE
:102F1C00747192B294ED005A03F6647407EE902A21
:102F2C0003F5776294ED007A03F67873F8EEE77A9E
:102F3C00D2ED005A35EE077A33F8164C35EE866A28
:102F4C0073EEE73A04EE904A37EE457A5DF8044B9F
:102F5C0036EE656A83EE834A67EE277AF8EE644AAA
:102F6C0087EEA67A64EE066AC6EEA47A37EE057A88
:102F7C0081ED007A77EEA57AC3ED007A80ED007AC8
:102F8C00C0ED017A704700BF3A02002040F23B20AE
:102F9C00704700BF2DE9F04191F8356084B00C46C4
:102FAC000746002E4BD1DFF8A88035E0AB422A460D
:102FBC00684606F101063FD9216A0B689B68984761
:102FCC00D4ED0B7A9DED007A2A4602A8B4EEE77A8E
:102FDC00F1EE10FA05D5216A0B689B689847DDED78
:102FEC00027A216A2A466846C4ED0B7A0B689B6804
:102FFC009847D4ED0C7A9DED017A2A4602A8B4EEDE
:10300C00E77AF1EE10FA05D5216A0B689B689847B0
:10301C00DDED037AC4ED0C7A206AB5B240F23B23A5
:10302C000268D2694245C1D0904703462A46684699
:10303C00AB4206F10106BFD8012384F83530E26AB1
:10304C003846236B3A607B6004B0BDE8F08100BF6A
:10305C007D0200002DE9F04191F8346084B00C46FB
:10306C000746002E4BD1DFF8A88035E0AB422A464C
:10307C00684606F101063FD9216A0B689B689847A0
:10308C00D4ED097A9DED007A2A4602A8B4EEE77ACF
:10309C00F1EE10FA05DD216A0B689B689847DDEDAF
:1030AC00027A216A2A466846C4ED097A0B689B6845
:1030BC009847D4ED0A7A9DED017A2A4602A8B4EE1F
:1030CC00E77AF1EE10FA05DD216A0B689B689847E8
:1030DC00DDED037AC4ED0A7A206AB5B240F23B23E7
:1030EC000268D2694245C1D0904703462A466846D9
:1030FC00AB4206F10106BFD8012384F83430626A72
:10310C003846A36A3A607B6004B0BDE8F08100BF2A
:10311C007D02000030B50B6885B00D4604461B6877
:10312C00684698472B6802A829465B6898479DED2E
:10313C00017ADDED035AF6EE006ADDED007A2046E9
:10314C009DED026A37EE257A77EE867A27EE267A9F
:10315C0067EEA67A84ED017AC4ED007A05B030BD35
:10316C0030B50B6887B00D460446DB686846984757
:10317C002B6803A829461B699847DDED016ADDED34
:10318C00044AB6EE006A9DED027A20469DED055A82
:10319C0076EEA46ADDED007ADDED035A37EE057AA2
:1031AC0066EE866A77EEA57A27EE067AC4ED016A9A
:1031BC0067EE867A84ED027AC4ED007A07B030BDF2
:1031CC00006A704791ED067AF6EE006AD1ED045A6A
:1031DC00D1ED057A91ED036A37EE257A77EE867A92
:1031EC0027EE267A67EEA67A80ED017AC0ED007A9A
:1031FC00704700BF91ED067A91ED046AD1ED057A26
:10320C00D1ED036A37EE467A77EEE67A80ED017AF5
:10321C00C0ED007A704700BF00F5805091ED006A58
:10322C0091ED017A40F2392200F66C7300F6647C61
:10323C00DFED2F3A93ED004A00F57763DCED006A81
:10324C0000F6687030F806CC36EE446A74EE266AE6
:10325C0093ED005A04EE90CA37EE457A76EEC46AC6
:10326C00B8EE643A00B530F808EC27EE037AD0EDEE
:10327C00007A05EE90EA75EE277AF8EE652AF8EEFC
:10328C00E55A77EEC57A26EE226A86EE265AC7EE06
:10329C00276A35EE237AF0EE477A76EEA36AE5EEEE
:1032AC00A67AFCEEE77A17EE903A98B2431E9BB2E0
:1032BC00934219D8B4EEE37AF1EE10FA14DDF4EE81
:1032CC00C75AF1EE10FA0FDDF4EEE36AF1EE10FAE4
:1032DC000ADDF8EEE44AF4EEE64AF1EE10FAD8BF55
:1032EC004FF0FF305DF804FB4FF0FF30FAE700BF02
:1032FC000000000001EB410124310844704700BF7D
:10330C002430704700F2D560704700BFD0ED056ADD
:10331C0091ED007AD1ED017AF4EEC76AF1EE10FA74
:10332C0009DC90ED067A0023B4EEE77AF1EE10FAA0
:10333C0013DC0020704791ED027AD0ED036AF4EEB5
:10334C00C76A90ED067AF1EE10FAB4EEE77A4CBF4C
:10335C0001230023F1EE10FAEBDD90ED047A03F07B
:10336C000100D1ED037AB4EEE77AF1EE10FA58BF12
:10337C000020704790ED037AD1ED007A90ED046A4D
:10338C00F4EEC77AD0ED056AD0ED065AF1EE10FADC
:10339C0013DDF4EEE67AF1EE10FA0ED5D1ED017AEA
:1033AC00F4EEC67AF1EE10FA07DDF4EEE57AF1EE02
:1033BC0010FA4CBF0120002070470020704700BF5E
:1033CC0000EB41014FF6FF7CB1F8860D1080B0EB9D
:1033DC000C0018BF0120704701F6FC014FF6FF7C72
:1033EC0000EB410080881080B0EB0C0018BF01206E
:1033FC00704700BF01F638314FF6FF7C00EB4100FF
:10340C0040881080B0EB0C0018BF0120704700BF43
:10341C0001F674514FF6FF7C30F811001080B0EBC0
:10342C000C0018BF012070472DE9F0414F0882B005
:10343C001646ADF8061032D001F0010405469CBBCF
:10344C00DFF8CC802B681B6B43451DD101F638315E
:10345C004FF6FF7205EB4101498891420FD0631C76
:10346C009BB29F4202D11AE09F4218D901F6383123
:10347C00013305EB41019BB249889142F4D1002004
:10348C00318002B0BDE8F0810DF10602284601340E
:10349C009847A8B3A4B2BDF80610A742D2D1012018
:1034AC00318002B0BDE8F0810024DFF868802B6821
:1034BC005B6B434518D101F674514FF6FF7235F82A
:1034CC0011109142DBD0631C9BB2BB4202D1E6E7E8
:1034DC009F42E4D901F67451013335F811109BB2B7
:1034EC009142F5D10020CBE70DF106022846984712
:1034FC00631C28B19CB2BDF80610A742D7D1CEE709
:10350C00BDF806100020318002B0BDE8F08100BF8C
:10351C00E5060000010700002DE9F0414F0882B0DC
:10352C001646ADF8061032D001F0010405469CBBDE
:10353C00DFF8CC802B68DB6A43451DD101F6FC011A
:10354C004FF6FF7205EB4101898891420FD0631C45
:10355C009BB29F4202D11AE09F4218D901F6FC019E
:10356C00013305EB41019BB289889142F4D10020D3
:10357C00318002B0BDE8F0810DF10602284601341D
:10358C009847A8B3A4B2BDF80610A742D2D1012027
:10359C00318002B0BDE8F0810024DFF868802B6830
:1035AC009B6A434518D105EB41014FF6FF72B1F808
:1035BC00861D9142DBD0631C9BB2BB4202D1E6E775
:1035CC009F42E4D905EB41010133B1F8861D9BB252
:1035DC009142F5D10020CBE70DF106022846984721
:1035EC00631C28B19CB2BDF80610A742D7D1CEE718
:1035FC00BDF806100020318002B0BDE8F08100BF9C
:10360C00C9060000B10600002DE9F0411F1E82B072
:10361C001646ADF806102EDD05460024DFF8608056
:10362C002B685B6B43451BD101F674514FF6FF7051
:10363C0035F8111081420ED004F1010C674502D10E
:10364C0019E0674517DD01F674510CF1010C35F8E2
:10365C0011108142F5D10020318002B0BDE8F0811B
:10366C000DF10602284698470134BDF806100028D3
:10367C00F2D0A742D4D10120318002B0BDE8F08154
:10368C00010700002DE9F0411F1E82B01646ADF86F
:10369C0006102EDD05460024DFF860802B689B6A3F
:1036AC0043451BD105EB41014FF6FF70B1F8861D68
:1036BC0081420ED004F1010C674502D119E0674537
:1036CC0017DD05EB41010CF1010CB1F8861D8142AF
:1036DC00F5D10020318002B0BDE8F0810DF1060279
:1036EC00284698470134BDF806100028F2D0A742AE
:1036FC00D4D10120318002B0BDE8F081B1060000C8
:10370C002DE9F043002B83B083EAE377044690461F
:10371C000A9EA7EBE377ADF8061000F0C58040F3E6
:10372C0092800025DFF8A09123685B6B4B4542D15A
:10373C0001F674514FF6FF7234F811109142ADF846
:10374C00061000F0B3806B1C9F4203D1ACE09F428B
:10375C0040F3A68001F67451013334F811109142F4
:10376C00F5D10020ADF8061086EAE677002EA7EB1F
:10377C00E6771BD02BDD0025514E23689B6AB342A4
:10378C0043D104EB41014FF6FF72B1F8861D914213
:10379C0053D06B1C9F4208D004EB41010133B1F8AC
:1037AC00861D914249D09F42F6DC0120A8F80010FA
:1037BC0003B0BDE8F0830DF10602204601359847B1
:1037CC00002875D0AF42BDF80610ADD1CCE7EDD0D6
:1037DC0000253C4E2268D36AB34222D101F6FC018B
:1037EC004FF6FF7204EB41018988914225D06B1C86
:1037FC009F42DAD001F6FC01013304EB41018988C8
:10380C0091421AD0BB42F5DBCFE70DF10602204600
:10381C000135984700284FD0AF42BDF80610ACD107
:10382C00C4E70DF10602204601359847002843D025
:10383C00AF42BDF80610CDD1B8E70020A8F80010B3
:10384C0003B0BDE8F0832FD00025DFF8809023680B
:10385C001B6B4B4519D101F638314FF6FF7204EB57
:10386C00410149889142ADF806101FD06B1C9F4254
:10387C0002D119E09F4213DD01F63831013304EB1C
:10388C00410149889142F5D16BE70DF106022046C2
:10389C000135984760B1AF42BDF80610D7D163E748
:1038AC000120ADF806105FE701205DE700205BE723
:1038BC00BDF80610002057E7BDF80610002075E78C
:1038CC00B1060000C906000001070000E506000073
:1038DC00D0F88C0D704700BF2C20704700F60430D8
:1038EC00704700BF3620704704307047D0F8940DF5
:1038FC00704700BFD0F8900D704700BF90F8140BC4
:10390C00704700BFD0F8080B704700BFD0F8040B0D
:10391C00704700BFD0F8100B704700BFD0F80C0BED
:10392C00704700BF90F85400704700BF806C704720
:10393C00406C7047006D7047C06C704710B4B0F8A5
:10394C00BC4F94B100F64272002304E001331FFA1D
:10395C0083FC644509D932F802CF8C45F6D103F2C9
:10396C00D22300EB830080ED000A5DF8044B704716
:10397C0010B5B0F8BC4F7CB100F6427C002304E0DB
:10398C0001331FFA83FE744506D93CF802EF8E45CD
:10399C00F6D1184480F8082F10BD00BF70B5B0F8F0
:1039AC004455132D11D88DB105F1FF3C00F21C5478
:1039BC001FFA8CFC04EB4C0400F21A5C01E0A445E9
:1039CC0004D03CF802EF9645F9D170BD07EE903A61
:1039DC00F7EE006A00EB85034FF0000CF8EEE77A87
:1039EC0005EB450403F58D6605F1010E00EB84042F
:1039FC0086EEA77A86ED000A03F5976600EB45057F
:103A0C0003F58363C6ED000A43F8A01C43F850CCC1
:103A1C00C3F800C0A5F81C2584EDA27AA0F844E5F3
:103A2C0070BD00BF10B4B0F8444584B100F21A5216
:103A3C00002304E001331FFA83FC644507D932F8F4
:103A4C0002CF8C45F6D100EB830080EDF20A5DF8D5
:103A5C00044B704790F86C20092A00F28280D0ED5C
:103A6C00187A034690ED177AF4EEE07A70B5F1EE21
:103A7C0010FA77D593ED1A7A002A7DD0B4EEC07A7D
:103A8C00F1EE10FA7DD4D3ED036AB4EEE60AF1EE52
:103A9C0010FA00F1F880012A4DD0D3ED056AB4EE8E
:103AAC00E60AF1EE10FA00F18380022A43D0D3ED3E
:103ABC00076AB4EEE60AF1EE10FA00F1E780032A89
:103ACC0039D0D3ED096AB4EEE60AF1EE10FA00F142
:103ADC00E080042A2FD0D3ED0B6AB4EEE60AF1EEA7
:103AEC0010FA00F1D980052A25D0D3ED0D6AB4EE79
:103AFC00E60AF1EE10FA00F1D280062A1BD0D3EDC3
:103B0C000F6AB4EEE60AF1EE10FA00F1CB80072A48
:103B1C0011D0D3ED116AB4EEE60AF1EE10FA00F111
:103B2C00C480092A07D1D3ED136AB4EEE60AF1EE8C
:103B3C0010FA00F19E80D3ED197A0132F4EE407A3E
:103B4C0083F86C20F1EE10FAB4EEC70A70FE277AF7
:103B5C00C3ED197AF1EE10FA30FE070A83ED1A0A5A
:103B6C0070BD7047B4EEE07AF1EE10FA77FE207A71
:103B7C0093ED1A7A002A81D183ED030AC3ED047AFE
:103B8C00D9E703EBC201013281ED030AC1ED047ADE
:103B9C00D3ED197A83F86C20B4EE670A83ED1A0A18
:103BAC00F1EE10FA48BFF0EE407AC3ED197A70BD11
:103BBC004FF0010C03EBCC0E0CF101055FFA8CF409
:103BCC007146AA420EF1140E01F10C0103C98EE8E4
:103BDC00030047D9A61C03EBCC05F6B21C359EE8B6
:103BEC000300B24285E803003CD9E61C03EBCC0E83
:103BFC00F6B20EF1240EB2428EE8030032D9261D25
:103C0C0003EBCC05F6B22C35B24285E8030029D97A
:103C1C00661D03EBCC0EF6B20EF1340EB2428EE8FA
:103C2C0003001FD9A61D03EBCC05F6B23C35B242FE
:103C3C0085E8030016D9E61D03EBCC0EF6B20EF1A7
:103C4C00440EB2428EE803000CD9083403EBCC05C9
:103C5C00E4B24C35A24285E8030003D903F15404C5
:103C6C0084E8030003EBCC0C8CED030ACCED047A56
:103C7C0061E703F14C0103F154044FF0080C03C944
:103C8C0084E80300EEE74FF0000C93E74FF0020CD2
:103C9C0090E74FF0030C8DE74FF0040C8AE74FF0E0
:103CAC00050C87E74FF0060C84E703F1440103F1A0
:103CBC004C04082A03C984E8030008D903F154050D
:103CCC004FF0070C94E80300C5E90001CAE74FF078
:103CDC00070CC7E710B59FED246A041DF0EE460AE9
:103CEC002046B0EE460AFFF7B5FE2046B0EE060AB7
:103CFC00FFF7B0FE2046B0EE080AF7EE000AFFF719
:103D0C00A9FEF0EE460A2046B0EE0A0AFFF7A2FE24
:103D1C0020469FED160AFFF79DFE2046B2EE040AE0
:103D2C00F7EE000AFFF796FEF0EE460A20469FEDEE
:103D3C00100AFFF78FFE20469FED0E0AFFF78AFE52
:103D4C002046B2EE060AF7EE000AFFF783FE204685
:103D5C009FED090AF0EE460AFFF77CFE2046B2EE14
:103D6C000E0ABDE8104075E60000000000001C4182
:103D7C000000244100002C410000344110B4B0F884
:103D8C00BC4FB4B100F64272002304E001331FFAB9
:103D9C0083FC64450DD932F802CF8C45F6D1B1EED7
:103DAC00400A00EB4312F1EE600A82ED040AC2ED08
:103DBC00080A5DF8044B704710B4B0F8BC4FACB1B6
:103DCC0000F64272002304E001331FFA83FC6445C1
:103DDC000CD932F802CF8C45F6D103F296235DF85C
:103DEC00044B50F8233093ED000A70479FED020A04
:103DFC005DF8044B704700BF0000000010B4B0F831
:103E0C00BC4FACB100F64272002304E001331FFA40
:103E1C0083FC64450CD932F802CF8C45F6D103F201
:103E2C0086335DF8044B00EB830090ED000A70477D
:103E3C009FED020A5DF8044B704700BF00000000C4
:103E4C00B0F8BC3F73B1013B00F6582100F654208A
:103E5C009BB201EB83010430D0F8D0220368884276
:103E6C001A60F8D1704700BF2DE9F04FDFEDAB7A47
:103E7C0080462DED048B89B091F8B870DDF858A010
:103E8C00CDED057ACDED067ACDED077A002F00F059
:103E9C00F7830E4691469B469FEDA18ADFEDA18AE2
:103EAC0000249FEDA19A06EB8405D5ED1A7AF4EE69
:103EBC00C87AF1EE10FA1DDD33191B790C2B19D8C9
:103ECC00DFE813F0980355031003CD028A02400279
:103EDC00EA0195013401C500840050000D00A96968
:103EEC005B464A4604A80D68CDF800A02D68A8478B
:103EFC0096F8B870394601348C42D4DBDDED057A86
:103F0C009FED887AF4EEC77AF1EE10FA40F3AD83A8
:103F1C009DED067AFF27DDED077ADFED826AB4EEC0
:103F2C00E67AF1EE10FA40F39983FF229FED7D7A49
:103F3C00F4EEC77AF1EE10FA07DCF5EEC07AF1EE8A
:103F4C0010FA40F18483002300E0FF23404688F8F8
:103F5C00007088F8012088F8023009B0BDEC048BA1
:103F6C00BDE8F08FA9695B464A4604A80F68CDF8F6
:103F7C0000A03F68B8479DF810309DF81120802BA9
:103F8C009DF81210B4D9802AB2D98029B0D906EE86
:103F9C00901A07EE903A07EE102A95ED1A6AF8EE91
:103FAC00677A96F8B840B8EE477AF8EE666A274614
:103FBC0067EE867A214627EE067A66EE866ACDEDA6
:103FCC00057A8DED067ACDED076A94E7A9695B4613
:103FDC004A4604A80F68CDF800A03F68B847F7EE32
:103FEC00007A95ED1A6ADDED055A77EEC67ADDEDAD
:103FFC00066A9DED077A9DF8103067EEA66A96F872
:10400C00B87027EE877A67EEA57A05EE903A9DF8A0
:10401C0011303946F8EE655AE5EE867A05EE903A9F
:10402C009DF81230F8EE655ACDED057AF0EE667A11
:10403C0006EE903AE5EE867AF8EE666ACDED067AF3
:10404C00F0EE477AE6EE867ACDED077A53E7A9696A
:10405C005B464A4604A80F68CDF800A03F68B847F5
:10406C00F7EE007AD5ED1A6AB0EE004A9DED055ACE
:10407C00F0EE681A77EEE67ADDED065A9DED076AEA
:10408C0025EE052A9DF8103065EEA52A65EEA73AB7
:10409C0096F8B87066EE274A25EE277A07EE903A26
:1040AC009DF8113026EE063AF8EEE77A3946E7EE3F
:1040BC00C41A67EE857A77EEA77AE1EE827AA7EEDC
:1040CC00A67A07EE903A9DF81230F8EEE77A8DED6D
:1040DC00057AB0EE687AA7EEC47A67EEA57A77EE29
:1040EC00A77AE7EE227AB0EE637AA7EEA67A07EE0D
:1040FC00903AF8EEE77A8DED067AB0EE687AA7EE94
:10410C00C47A67EE867A77EEA77AE7EE037AB0EE9A
:10411C00647AA7EEA67A8DED077AECE60000000033
:10412C00CDCCCC3C00007F4300000043A9695B462A
:10413C004A4604A80F68CDF800A03F68B847DDEDEB
:10414C00057A9DF81010F4EEC97A9DF8112007EE4F
:10415C00101A9DF81230F1EE10FAB8EEC77A00F191
:10416C00988278EEE76A38EEC77AB0EE685A76EE47
:10417C00A66AA6EEC75ADDED066A07EE102AF4EE23
:10418C00C96AB8EEC77AF1EE10FA40F1928236EEB7
:10419C00A64A24EE074A9DED077A06EE103AB4EED5
:1041AC00C97AB8EEC66AF1EE10FA40F1778277EE72
:1041BC00074A64EE864AB7EE006AD5ED1A5A96F8AD
:1041CC00B87036EE656A394666EE866A27EE067A70
:1041DC0067EE867AE5EE846AA5EEA47AE5EE857A3A
:1041EC00CDED066A8DED077ACDED057A83E6A969EA
:1041FC005B464A4604A80F68CDF800A03F68B84754
:10420C00B7EE006AD5ED1A5AB0EE684ADDED056AD4
:10421C0036EE656A9DED067ADDED077A78EEE63AC4
:10422C009DF8103078EEC74A38EEE75A96F8B87019
:10423C0027EE067A67EE867A394666EE866A06EED1
:10424C00103A9DF81130B8EEC66A38EEC66AA3EE85
:10425C00C64AB0EE686AE4EE256ACDED056A06EE54
:10426C00903A9DF81230F8EEE66A78EEE66AA4EE23
:10427C00E66AF0EE686AA6EE257A8DED067A07EE10
:10428C00103AB8EEC77A38EEC77AE5EE476AE6EE32
:10429C00A57ACDED077A2EE6A9695B464A4604A8B5
:1042AC000F68CDF800A03F68B8479DF810309DED21
:1042BC00054AF7EE007A07EE103AD5ED1A6ADDEDF5
:1042CC00064AB8EE477ADDED075A77EEE67A9DF8A6
:1042DC001130B4EE447A27EEA45A27EEA56AF1EE1B
:1042EC0010FA67EE847A48BFB0EE447AE6EE877A2D
:1042FC00B0EE457ACDED057A07EE903A9DF8123086
:10430C00F8EE677AF4EE647AF1EE10FA48BFF0EE4C
:10431C00647AA6EEA77A07EE903AF8EE677AF4EE96
:10432C00657A8DED067AF1EE10FA48BFF0EE657AFB
:10433C00B0EE467A96F8B8703946A6EEA77A8DEDAF
:10434C00077AD8E5A9695B464A4604A80F68CDF8F8
:10435C0000A03F68B8479DF81030F7EE007A9DED4D
:10436C00054A07EE103AD5ED1A6ADDED064AB8EEAD
:10437C00477ADDED075A77EEE67A9DF81130B4EE08
:10438C00447A27EEA45A27EEA56AF1EE10FA67EEEE
:10439C00847A34FE077AE6EE877AB0EE457ACDED74
:1043AC00057A07EE903A9DF81230F8EE677AF4EE43
:1043BC00647AF1EE10FA74FEA77AA6EEA77A07EEED
:1043CC00903AF8EE677AF4EE657A8DED067AF1EEB6
:1043DC0010FA75FEA77AABE7A9695B464A4604A8B2
:1043EC000F68CDF800A03F68B8479DF810309DEDE0
:1043FC00054AF7EE007A05EE903A95ED1A7A9DF89B
:10440C001130F8EEE55ADDED064A77EEC77A9DEDF0
:10441C00075A96F8B870C4EE253A394624EE276A46
:10442C0067EEA46A67EE857AA3EE876A8DED056A5E
:10443C0006EE103A9DF81230B8EEC66AC4EE865AF3
:10444C00E7EE256ACDED066A06EE903AF8EEE66ADE
:10445C0085EE266AE7EE067ACDED077A4BE5A9697B
:10446C005B464A4604A80F68CDF800A03F68B847E1
:10447C009DF81030F7EE007AD5ED1A6A07EE103A77
:10448C009DED054A9DF8113077EEE67ADDED064A92
:10449C00B8EEC77A9DED075A96F8B87064EE275AB5
:1044AC0027EE047A394627EEA46A67EE857AE7EEA2
:1044BC00265A07EE103A9DF81230B8EEC77A27EE5E
:1044CC00247ACDED055AA6EE876A07EE103AB8EEBF
:1044DC00C77A27EE057A8DED066AE6EE877ACDED82
:1044EC00077A08E5A9695B464A4604A80F68CDF827
:1044FC0000A03F68B8479DF81030F7EE007AD5ED74
:10450C001A6A04EE103ADDED055A9DF8113077EE7B
:10451C00E67A9DED066AB8EEC44A9DED077A96F8E8
:10452C00B87065EEA74A75EEC45A394627EE865A1E
:10453C0067EE877AE5EEA64A05EE903A9DF81230C2
:10454C00F8EEE55A36EE656AF0EE455ACDED054AC1
:10455C00E6EE865A06EE103AB8EEC66A37EE467AA2
:10456C00CDED065AE6EE877ACDED077AC3E4A9695C
:10457C005B464A4604A80F68CDF800A03F68B847D0
:10458C009DF81030F7EE007AD5ED1A6A07EE103A66
:10459C009DED054A9DF8113077EEE67ADDED064A81
:1045AC00B8EEC77A9DED075A96F8B87064EE275AA4
:1045BC0037EE047A394627EEA46A67EE857AE7EE81
:1045CC00265A07EE103A9DF81230B8EEC77A37EE3D
:1045DC00247ACDED055AA6EE876A07EE103AB8EEAE
:1045EC00C77A37EE057A8DED066AE6EE877ACDED61
:1045FC00077A80E4A9695B464A4604A80F68CDF89F
:10460C0000A03F68B8479DF8103095ED1A7A07EE78
:10461C00903A9DF8113096F8B870F8EE677A3946F2
:10462C0067EE877ACDED057A07EE903A9DF8123059
:10463C00F8EE677A67EE877ACDED067A07EE903A58
:10464C00F8EE677A67EE877ACDED077A53E4FCEEE5
:10465C00E77ACDED037A9DF80C3077E4B5EEC07AAD
:10466C00F1EE10FA0ED5002260E4F5EEC07AF1EE10
:10467C0010FA29D59DED067A0027DDED077A4CE47A
:10468C00B0EE677ABCEEC77A8DED037A9DF80C20FC
:10469C004CE437EEA75A25EE075A6CE578EEC75A6C
:1046AC0038EEC66AF0EE684A75EEA55AE5EEC64AD3
:1046BC0081E538EEE66A38EEC77AB0EE684A36EE37
:1046CC00066AA6EE474A66E5FCEEE77A9DED067AA9
:1046DC00CDED037ADDED077A9DF80C701DE400BF7B
:1046EC0030B583B0044601F24C51069D0095FFF79E
:1046FC00BBFB204603B030BD10B4B0F84445B4B198
:10470C0000F21A52002304E001331FFA83FC6445C3
:10471C000DD932F802CF8C45F6D1B1EE400A00EB40
:10472C004312F1EE600A82ED040AC2ED080A5DF84C
:10473C00044B704710B4B0F84445A4B100F21A52BF
:10474C00002304E001331FFA83FC64450BD932F8D3
:10475C0002CF8C45F6D1DE335DF8044B50F8233094
:10476C0093ED000A70479FED020A5DF8044B704709
:10477C000000000010B4B0F84445ACB100F21A527D
:10478C00002304E001331FFA83FC64450CD932F892
:10479C0002CF8C45F6D103F597735DF8044B00EB13
:1047AC00830090ED000A70479FED020A5DF8044B00
:1047BC00704700BF0000000010B5B0F844457CB154
:1047CC0000F21A5C002304E001331FFA83FE7445E7
:1047DC0006D93CF802EF8E45F6D1184480F808252E
:1047EC0010BD00BFB0F8443573B1013B00F55E71EC
:1047FC0000F55D709BB201EB83010430D0F8F02022
:10480C00036888421A60F8D1704700BF054B084610
:10481C0011461B7803F0FF020BB10EF011BE1046CF
:10482C00704700BF303D012000F5804C43F6C67345
:10483C00BCF8402003443B2A2DE9F04112D8002A51
:10484C0000F07A85541E43F6C8751946A4B2054487
:10485C0005EB440502E0A94200F06E8531F8024FE9
:10486C00042CF8D11D469E46002104E001318CB287
:10487C00A24240F2BA813EF8024F042CF6D100F568
:10488C00405E03243B2A714481F88C4F40F2B08186
:10489C00BCF84020002A00F08C851D469E46002165
:1048AC0004E001318CB2A24240F27B813EF8024F0F
:1048BC00032CF6D100F5405E00243B2A714481F8AC
:1048CC008C4F40F27181BCF84060002E00F06C857A
:1048DC001D461946002204E0013294B2A64240F271
:1048EC00968131F8024F022CF6D100F5405E03217F
:1048FC003B2E724482F88C1F40F28C81BCF84050E5
:10490C00002D00F047851E461946002204E00132B6
:10491C0094B2A54240F2578131F8024F012CF6D1E6
:10492C0000F5405E03213B2D724482F88C1F40F24F
:10493C004D81BCF84060002E00F040851D461946A4
:10494C00002204E0013294B2A64240F2188131F800
:10495C00024F002CF6D100F5405E03213B2E724431
:10496C0082F88C1F40F20E81BCF84040002C00F005
:10497C0016851E461946002204E0013295B2AC425F
:10498C0040F2578131F802EFBEF1150FF5D100F569
:10499C00405E03213B2C724482F88C1F40F26885E8
:1049AC00BCF840601D461946002204E0013294B266
:1049BC00B44280F07E8131F802EFBEF1140FF5D1D4
:1049CC0000F5405E03213B2E724482F88C1F40F2AE
:1049DC00FA84BCF840501E461946002204E001320D
:1049EC0094B2A54240F2A58131F802EFBEF1190F45
:1049FC00F5D100F5405E00213B2D724482F88C1FEE
:104A0C0040F2EC84BCF840601D461946002204E0DC
:104A1C00013294B2B44280F02C8131F802EFBEF135
:104A2C00640FF5D100F5405E02213B2E724482F8F2
:104A3C008C1F40F21285BCF840501E4619460022CD
:104A4C0004E0013294B2A54240F2938131F802EFB6
:104A5C00BEF1690FF5D100F5405E02213B2D724489
:104A6C0082F88C1F40F2C584BCF840601D46194684
:104A7C00002204E0013294B2A64240F23A8131F8AD
:104A8C0002EFBEF1660FF5D100F5405E02213B2E20
:104A9C00724482F88C1F40F2D584BCF840501E46FC
:104AAC001946002204E0013294B2AC4280F08181BC
:104ABC0031F802EFBEF1670FF5D100F5405E02212F
:104ACC003B2D724482F88C1F40F2A684BCF84060E7
:104ADC001D461946002204E0013294B2B44280F023
:104AEC00888131F802EFBEF1680FF5D100F5405E18
:104AFC0002213B2E724482F88C1F40F29884BCF841
:104B0C0040501E461946002204E0013294B2AC42D9
:104B1C0080F08E8131F802EFBEF16A0FF5D100F50D
:104B2C00405E02213B2D724482F88C1F40F26C8453
:104B3C00BCF84040002203E0013291B2A14209D2FC
:104B4C0033F8021F6B29F7D100F5405302211344AF
:104B5C0083F88C1F00F5005292F8FD35012B09D813
:104B6C004EF2786102EB830401330144C4F89415CE
:104B7C0082F8FD35012380F8A932BDE8F0813C2E86
:104B8C003FF4F2AE4EF268670022074402E0A64200
:104B9C0040F23D8235F8021F0132152994B2F6D14C
:104BAC00E2E63C2A3FF48FAE4EF238570021074420
:104BBC0002E0B24240F2D68135F8024F0131022CAC
:104BCC008EB2F6D17FE63C2D3FF4B3AE4EF21857C1
:104BDC000022074402E0AC4280F04482013236F8F5
:104BEC00021F94B20029F6D1A3E63C2A3FF450AE42
:104BFC004EF248570021074402E0B24240F2DD81F8
:104C0C0035F8024F0131032C8EB2F6D140E63C2E22
:104C1C003FF474AE4EF228570022074402E0A6423D
:104C2C0040F2488135F8021F0132012994B2F6D1C5
:104C3C0064E64AF224224EF258673C2C02440744A4
:104C4C000BD0002102E0744540F2398236F8025F45
:104C5C000131142D1FFA81FEF5D1BCF84060002EF5
:104C6C007FF4A0AE44F28447012500F5405E174462
:104C7C0054E24AF224224EF248673C2E0244074486
:104C8C000BD0002102E0764540F29C8235F8024FB1
:104C9C000131692C1FFA81FEF5D1BCF84050002D72
:104CAC007FF4CBAE44F29437012600F5405E1744F6
:104CBC00B9E24AF224224EF2A8673C2E0244074481
:104CCC000BD0002102E0B64580F0248235F8024F6B
:104CDC000131192C1FFA81FEF5D1BCF84050002D82
:104CEC007FF479AE44F21447012600F5405E174478
:104CFC003FE24AF224224EF2A8573C2E02440744CB
:104D0C000BD0002102E0B64580F0BA8235F8024F94
:104D1C000131672C1FFA81FEF5D1BCF84050002DF3
:104D2C007FF4BDAE44F2D437012600F5405E174443
:104D3C00D8E24AF224224EF238673C2D0244074452
:104D4C000BD0002102E0AE4580F00F8236F8024F06
:104D5C000131642C1FFA81FEF5D1BCF84060002EA5
:104D6C007FF452AE44F22447012500F5405E17440F
:104D7C002CE24AF224224EF2B8573C2D024407444E
:104D8C000BD0002102E0754540F2498236F8024F03
:104D9C000131662C1FFA81FEF5D1BCF84060002E63
:104DAC007FF464AE44F28437012500F5405E17446D
:104DBC006AE24AF224224EF2F8573C2D0244074490
:104DCC000BD0002102E0AE4580F0888236F8024F0D
:104DDC000131682C1FFA81FEF5D1BCF84060002E21
:104DEC007FF476AE44F2F437012500F5405E1744AB
:104DFC008FE04AF224224EF218673C2E02440744FC
:104E0C000AD0002101E0B6457FD235F8024F0131BE
:104E1C006A2C1FFA81FEF6D1BCF84050002D7FF4AD
:104E2C0070AE44F27437012400F5405E174418E06C
:104E3C004EF298573C2D074409D0002201E0AC42B9
:104E4C000BD236F8021F01326B2994B2F7D1BCF8A1
:104E5C004040002C7FF46EAE7CE66C1C00F5405E8E
:104E6C00A4B200EB85020026F7EE007A05EB4501B3
:104E7C0002F540520EEB45050EEB81014FF07C5EC6
:104E8C0002F6AC5801F60C01C8F8006002F69C68FA
:104E9C00C8ED007AC2F8DC7A02F6CC3702F6BC42D6
:104EAC003E6016606B22A5F8C82FC1F800E0ACF884
:104EBC0040403FE6751CADB200EB860200F5405E4B
:104ECC0006EB4601002402F540520EEB46060EEBB3
:104EDC008101F7EE007A02F6AC5E01F60C01CEF819
:104EEC00004002F69C6ECEED007AC2F8DC7A02F637
:104EFC00CC3702F6BC423C6014600122A6F8C82FE5
:104F0C00DE4A0A60ACF84050FDE4751C00F5405ECA
:104F1C00ADB200EB86020024F7EE007A06EB4601F8
:104F2C0002F540520EEB46060EEB81014FF07C5E13
:104F3C0002F6AC5801F60C01C8F8004002F69C6869
:104F4C00C8ED007AC2F8DC7A02F6CC3702F6BC4225
:104F5C003C6014606A22A6F8C82FC1F800E0ACF8D7
:104F6C004050CEE5561CB6B200EB820100F5405E17
:104F7C0002EB4204002501F540510EEB42020EEB10
:104F8C008404F7EE007A01F6AC5E04F60C04CEF85D
:104F9C00005001F69C6ECEED007AC1F8DC7A01F679
:104FAC00CC3701F6BC413D600D600221A2F8C81F50
:104FBC00B24A2260ACF840608AE400EB8201002522
:104FCC00F7EE007A00F5405E01F5405102EB420429
:104FDC0001F6AC560EEB84040EEB420E013235603A
:104FEC0001F69C6604F60C0492B2C6ED007A01F64A
:104FFC00CC36C1F8DC7A01F6BC4135600D6003217A
:10500C00AEF8C81F9D492160ACF8402045E4741CE3
:10501C00A4B200EB860200F5405E06EB46010025CB
:10502C0002F540520EEB46060EEB8101F7EE007ACC
:10503C0002F6AC5E01F60C01CEF8005002F69C6E46
:10504C00CEED007AC2F8DC7A02F6CC3702F6BC421E
:10505C003D6015601522A6F8C82F884A0A60ACF886
:10506C00404086E46E1CB6B200EB850200F5405E53
:10507C0005EB450105F5F46502F5405200240EEBF5
:10508C008101F7EE007A0EEB450502F6AC5E01F6F7
:10509C000C01CEF8004002F69C6ECEED007AC2F800
:1050AC00DC7A02F6CC3702F6BC423C60146000227B
:1050BC00A5F88820714A0A60ACF840603EE4661C92
:1050CC00B6B200EB840200F5405E04EB440100250F
:1050DC0002F540520EEB44040EEB8101F7EE007A20
:1050EC0002F6AC5E01F60C01CEF8005002F69C6E96
:1050FC00CEED007AC2F8DC7A02F6CC3702F6BC426E
:10510C003D6015601422A4F8C82F5C4A0A60ACF804
:10511C00406047E4751C00F5405EADB200EB8602C2
:10512C00F7EE007A06EB4601002402F540520EEB36
:10513C0046060EEB810102F6AC5E01F60C01CEEDDB
:10514C00007A02F69C6ECEF80040C2F8DC7A02F6C9
:10515C00CC3702F6BC423C6014601922A6F8C82F6A
:10516C00464A0A60ACF8405035E46E1C00F5405ECF
:10517C00B6B200EB85020024F7EE007A05EB450190
:10518C0002F540520EEB45050EEB81014FF07C5EB3
:10519C0002F6AC5801F60C01C8F8004002F69C6807
:1051AC00C8ED007AC2F8DC7A02F6CC3702F6BC42C3
:1051BC003C6014606422A5F8C82FC1F800E0ACF87C
:1051CC00406021E4751C00F5405EADB200EB860238
:1051DC000024F7EE007A06EB460102F540520EEB86
:1051EC0046060EEB81014FF07C5E02F6AC5801F6E0
:1051FC000C01C8F8004002F69C68C8ED007AC2F8B1
:10520C00DC7A02F6CC3702F6BC423C6014606922B0
:10521C00A6F8C82FC1F800E0ACF840500DE46E1CA5
:10522C0000F5405EB6B200EB85020024F7EE007A82
:10523C0005EB450102F540520EEB45050EEB8101E5
:10524C004FF07C5E02F6AC5801F60C01C8F8004039
:10525C0002F69C68C8ED007AC2F8DC7A02F6CC370C
:10526C0002F6BC423C6014606622A5F8C82FC1F857
:10527C0000E0ACF84060FFF7F9BB00BF8988883DBF
:10528C00751C00F5405EADB200EB86020024F7EE13
:10529C00007A06EB460102F540520EEB46060EEB89
:1052AC0081014FF07C5E02F6AC5801F60C01C8F897
:1052BC00004002F69C68C8ED007AC2F8DC7A02F66F
:1052CC00CC3702F6BC423C6014606722A6F8C82FAB
:1052DC00C1F800E0ACF84050FFF7E1BB6E1C00F5E4
:1052EC00405EB6B200EB85020024F7EE007A05EBC7
:1052FC00450102F540520EEB45050EEB81014FF0D6
:10530C007C5E02F6AC5801F60C01C8F8004002F6BF
:10531C009C68C8ED007AC2F8DC7A02F6CC3702F64B
:10532C00BC423C6014606822A5F8C82FC1F800E0AC
:10533C00ACF84060FFF7CCBB00EB820100254EF2CD
:10534C005856F7EE007A01F5405100F5405E0644E0
:10535C0002EB420401F6AC570EEB84043D6001F6FF
:10536C009C670EEB420E0132C7ED007A04F60C047A
:10537C00C1F8DC6A01F6CC3601F6BC4192B235605C
:10538C000D600421AEF8C81F3D492160ACF84020E7
:10539C00FFF768BA4EF218570126074464E64EF23E
:1053AC005867012607448CE64EF22857012507441E
:1053BC0082E54EF2385701260744D5E54EF2686770
:1053CC000124074425E64AF224224EF2A86702443F
:1053DC000744002E7FF475AC01259FE64AF2242287
:1053EC004EF2386702440744002D7FF4AAAC012624
:1053FC00BFE64AF224224EF2B85702440744002D6D
:10540C007FF4BFAC01260EE74EF298570744002DEF
:10541C007FF413AD012424E54AF224224EF2F8570E
:10542C0002440744002D7FF4CCAC01265AE74AF223
:10543C0024224EF2186702440744002E7FF4E1AC9C
:10544C00012566E54AF224224EF2A857024407448D
:10545C00002E7FF456AC012516E74AF224224EF2B8
:10546C00486702440744002E7FF40BAC0125ADE6DF
:10547C004AF224224EF2586702440744FFF7E1BB7C
:10548C008988883D30B50B688DB00C4605461B6885
:10549C00684698476468F7EE007A9FED4F7AD4ED32
:1054AC00005A94ED015A75EEE77AF0EEE77AF4EED5
:1054BC00C77AF1EE10FA72D5F0EEC57AD4ED024A45
:1054CC00F4EEC77AF1EE10FA6CD494ED034AD4EDF5
:1054DC00057AD4ED042A25EE676A94ED063A67EE58
:1054EC00A56AD4ED073A24EE677A67EEA47AA2EEA9
:1054FC00A56AE2EE856AA2EEA47AE2EE847AA3EEC5
:10550C00646AE3EE046AA3EE257AE3EE457AA3EE31
:10551C00C46AE3EEE46AA3EE857AE3EEA57A8DED38
:10552C00086ACDED096A8DED0A7ACDED0B7A94ED12
:10553C000C5A02A894ED0B6A05AADDED016A08A9C4
:10554C00D4ED0D7A9DED007A66EE856ADFED235A77
:10555C0027EE067A67EEA57ACDED066A8DED057A13
:10556C00CDED077A0AF0A8F994ED095A2846D4ED46
:10557C000A5A94ED086ADDED036A9DED047ADDEDBF
:10558C00027A76EE856A37EE257A77EE867AC5ED65
:10559C00016A85ED027AC5ED007A0DB030BDD4ED0F
:1055AC00024A92E7F0EEE47A94ED034AF4EEC77AFD
:1055BC00F1EE10FA8BD5F0EEC47AF4EEC77AF1EE78
:1055CC0010FA84D563692169A2690993E36908918A
:1055DC000A920B93ABE700BF6F12833A00000000F6
:1055EC0030B50B688DB00C4605465B68684698472D
:1055FC006468F7EE007A9FED4F7AD4ED005A94ED83
:10560C00015A75EEE77AF0EEE77AF4EEC77AF1EE2E
:10561C0010FA72D5F0EEC57AD4ED024AF4EEC77AE0
:10562C00F1EE10FA6CD494ED034AD4ED057AD4ED76
:10563C00042A25EE676A94ED063A67EEA56AD4ED66
:10564C00073A24EE677A67EEA47AA2EEA56AE2EE38
:10565C00856AA2EEA47AE2EE847AA3EE646AE3EEA3
:10566C00046AA3EE257AE3EE457AA3EEC46AE3EE70
:10567C00E46AA3EE857AE3EEA57A8DED086ACDEDAA
:10568C00096A8DED0A7ACDED0B7A94ED0C5A02A8CD
:10569C0094ED0B6A05AADDED016A08A9D4ED0D7A2B
:1056AC009DED007A66EE856ADFED235A27EE067AC9
:1056BC0067EEA57ACDED066A8DED057ACDED077A0C
:1056CC000AF0FAF894ED095A2846D4ED0A5A94EDEA
:1056DC00086ADDED036A9DED047ADDED027A76EE63
:1056EC00856A37EE257A77EE867AC5ED016A85ED07
:1056FC00027AC5ED007A0DB030BDD4ED024A92E7C6
:10570C00F0EEE47A94ED034AF4EEC77AF1EE10FA77
:10571C008BD5F0EEC47AF4EEC77AF1EE10FA84D59C
:10572C0063692169A2690993E36908910A920B9351
:10573C00ABE700BF6F12833A0000000010B50446BF
:10574C0020F03EFF204610BD10B5044620F038FF77
:10575C00204610BD10B5044620F032FF204610BD87
:10576C0010B5044620F02CFF204610BD10B50446A1
:10577C0020F026FF204610BD2DE9F04F00F5805695
:10578C00834696F85E3F2DED0E8B85B0002B40F0D6
:10579C00238100F68652DFEDA8DA9FEDA8BACDE999
:1057AC000023019A95B2002B40F0CF809BF8083073
:1057BC00002B40F0F780DBF8043003EBC203D3ED91
:1057CC00009A93ED019A4FF0FF37B7EE00EAB0EE76
:1057DC006DDA0024B0EE6DCAB846F0EE6DCABA466A
:1057EC00F0EE6DBAB94649E09BF80830002B40F05A
:1057FC00BB80DBF8043003EBC40393ED00AAD3EDBC
:10580C0001AA79EECA8A39EE6A8A28EE080AA8EE4D
:10581C00A80AB5EE400AF1EE10FA00F1D880F1EECC
:10582C00C07AF0EEE88AF4EECE8AF1EE10FA0CD5DE
:10583C00F4EEC9AAF1EE10FA3EDDF4EEEB7AF1EEDD
:10584C0010FA39D5F0EE67BAA146B0EEC88AB4EEBC
:10585C00CE8AF1EE10FA0CD5B4EEE9AAF1EE10FAFC
:10586C0038D5F4EECC7AF1EE10FA33D5B0EE67CA37
:10587C00A046013440F23B239C423DD0A2B295425B
:10588C00F7D096F85E3F002BAED09BF80830002B7B
:10589C0074D1DBF80030594602A89B689847DDEDBF
:1058AC00029AF0EE4BAA9DED039AB0EE4BAAF0EEE5
:1058BC00698AB0EE498AA8E7F4EEC9AAF1EE10FAAB
:1058CC00C3D5F4EEEC7AF1EE10FABED5F0EE67CA61
:1058DC00A246BAE7B4EEE9AAF1EE10FAC9DDF4EE8D
:1058EC00CD7AF1EE10FAC4D5274640F23B230134B1
:1058FC00B0EE67DA9C42C1D1B9F1FF3F02D0009BF8
:10590C00A3F80090BAF1FF3F02D0009BA3F876A455
:10591C00B8F1FF3F02D0009BA3F8EC88019A781CE9
:10592C0040F23B23009902F10102019231D0A1F81F
:10593C00627D9A4201F1020100912ED0019A96F8F3
:10594C005E3F95B2002B3FF431AF9BF808309BBB08
:10595C00DBF800302A46594602A89B689847DDEDD3
:10596C00029A9DED039A2EE7C4EB447141F2D012DA
:10597C00DBF8043002EBC10213443EE740F23A215B
:10598C00DBF8003002A8891A9B688AB259469847FE
:10599C0085E702319A420091D0D105B0BDEC0E8B57
:1059AC00BDE8F08FC2EB427041F2D012DBF804304C
:1059BC0002EBC002134402E740F23A22DBF800305B
:1059CC00594602A8521B9B6892B29847C7E71EF033
:1059DC009BFAF0EE407A24E7B6F8604F00F6865159
:1059EC00002340F2392EC4EBC43622464FEA440958
:1059FC0040F23A287600B6B27245A2EB090506EBE6
:105A0C00020C03F1FF37D8BF0A80012DB3FBF4F071
:105A1C0004FB1030C8BFA1F876C418B1012B01DD0E
:105A2C00A1F8EC78434502F1010203F10103B4D073
:105A3C00A1F8623D0231DFE7FFFF7F7F000000002D
:105A4C00DFED917A2DE9F04F2DED028B60EE278A78
:105A5C0089B007EE903A984600910446B0EE680A79
:105A6C000592B8EEE78A1EF06FFEF0EE407AB0EECB
:105A7C00680A68EE277AFDEEE77ACDED037A1EF020
:105A8C005FFD28EE000A0099B8F1000FADF81E106A
:105A9C00FDEEC07ACDED047A40F3C6800023039A64
:105AAC00DFF8E89100929B461F461A46CDED027A2C
:105ABC000193D51A002DB8BF6D429A422DD000F338
:105ACC00B5802ADA0026DFF8C8A12368DB6A5345C3
:105ADC0040F09B8001F6FC014FF6FF7304EB410193
:105AEC0089889942ADF81E100DD00136B54202D10D
:105AFC0013E0B5420FDD01F6FC01013604EB410168
:105B0C0089889942F5D10020059B198009B0BDEC1C
:105B1C00028BBDE8F08FADF81E100137B84500F0D0
:105B2C008380009B93FBF8FAAAEB0B06002EB8BF00
:105B3C007642DA454CD021DC4ADA0025DFF854B144
:105B4C0023681B6B5B4554D101F638314FF6FF735C
:105B5C0004EB410149889942ADF81E10D3D00135B0
:105B6C00AE4202D134E0AE4240DD01F638310135AF
:105B7C0004EB410149889942F5D1C4E70025DFF8CF
:105B8C0018B123685B6B5B4517D101F674514FF666
:105B9C00FF7334F811109942ADF81E10B3D00135D3
:105BAC00B54202D114E0AE4220DD01F6745101354C
:105BBC0034F811109942F6D1A5E70DF11E022046DA
:105BCC000135984700285BD0B542BDF81E10D8D1DE
:105BDC00DDE900230398D346049D02440298009209
:105BEC0090FBF8F22844CDE9012062E7ADF81E10D5
:105BFC00EEE70DF11E0220460135984700283FD0F4
:105C0C00AE42BDF81E109BD1E2E70DF11E022046FC
:105C1C0001369847A0B3B542BDF81E107FF455AFBE
:105C2C000137B8457FF47DAF01206DE7002623686E
:105C3C009B6A4B4519D104EB41014FF6FF73B1F848
:105C4C00861D9942ADF81E103FF45DAF0136AE4291
:105C5C0003D162E7AE42BFF65EAF04EB4101013601
:105C6C00B1F8861D9942F5D14DE70DF11E02204683
:105C7C000136984720B1AE42BDF81E10D7D14CE783
:105C8C00BDF81E1000203FE735FA8E3CB10600002F
:105C9C00C9060000E50600000107000008B51CF06D
:105CAC00B5FBBDE808401CF099BD00BF2DE9F04FD5
:105CBC00437D87B00290002B00F0B881029B1B7DC6
:105CCC00002B00F0D481029BB54CDB681B68186874
:105CDC0002689269A24240F0F581D0F82090586891
:105CEC0003689B69A34240F0EA81D0F8208009F157
:105CFC0024034FF0000B08F12402AA4E9A46059398
:105D0C00A94F4346D846D34601921A681FFA88F128
:105D1C001269B24240F0EA800198029CB24290F8BB
:105D2C0000A094F810C045781AFB0CFA15FB0CF582
:105D3C00A7FB0A4A8478A7FB050514FB0CF4CAF3ED
:105D4C00C71AC5F3C715A7FB0404C4F3C71440F066
:105D5C00E080019880F800A045708470D9F800208C
:105D6C001269B24240F0CB805846029CB24290F885
:105D7C0000A094F810C045781AFB0CFA15FB0CF532
:105D8C00A7FB0A4A8478A7FB050514FB0CF4CAF39D
:105D9C00C71AC5F3C715A7FB0404C4F3C71440F016
:105DAC008A80019A08F101088BF800A00BF1030B13
:105DBC0003320BF8025C0BF8014C019240F23B22CF
:105DCC009045A2D1002498464FF0010AA3F2EA357F
:105DDC00B4F5AD7F059FD8F80030CDF804A036D2CD
:105DEC001B6904F5AD6BB34240F0B98095F8B13640
:105DFC0095F8B2A605F2B1604FEA0A2A81785846A6
:105E0C0004F2C26B4AEA034A4AEA01011BF028F980
:105E1C00D9F800301B69B34240F082803B7897F888
:105E2C0001A038464FEA0A2A817858464AEA034AC2
:105E3C004AEA01011BF014F9019B013403370335C5
:105E4C000133B4F5AD7F0193D8F80030C8D31B698A
:105E5C0004F2C26BB34240F0C8802B7895F801A0D5
:105E6C0028464FEA0A2A8178584604F61C0B4AEA5F
:105E7C00034A4AEA01011BF0F3F8D9F800301B6918
:105E8C00B34240F093803B7897F801A038464FEA34
:105E9C000A2A817858464AEA034A4AEA01011BF069
:105EAC00DFF8019B40F23B229342C5D107B0BDE81D
:105EBC00F04F1CF093BC03934846019B08F101087A
:105ECC000BF1030B03330193904740F23B2380F813
:105EDC0000A098454570039B84703FF473AF1A681B
:105EEC001FFA88F11269B2423FF416AF18460491BA
:105EFC0003939047039B04991A6812690DE7CDE947
:105F0C00031348469047D9F80020DDE903131269C2
:105F1C002BE71846049103939047DDE9033119E709
:105F2C00A1B2484602919847D9F80020037812692B
:105F3C000299B2423FF473AF4846CDE90213904741
:105F4C00D9F8002090F801A01269B242DDE90213E1
:105F5C003FF467AF029348469047029B62E704F117
:105F6C00E101404689B202919847D8F800200378A5
:105F7C0012690299B2423FF43BAF4046CDE902139D
:105F8C009047D8F8002090F801A01269B242DDE9E0
:105F9C0002133FF42FAF029340469047029B2BE72E
:105FAC00B1040000E505000081808080A1B2484664
:105FBC0002919847D9F80020037812690299B242ED
:105FCC003FF462AF4846CDE902139047D9F8002060
:105FDC0090F801A01269B242DDE902133FF456AF0A
:105FEC00029348469047029B51E7A4F5AD71404699
:105FFC0089B202919847D8F8002003781269029967
:10600C00B2423FF42BAF4046CDE902139047D8F88B
:10601C00002090F801A01269B242DDE902133FF4AE
:10602C001FAF029340469047029B1AE74B4B01244B
:10603C001A1D447552E8001F9868DD6842E800415B
:10604C000029F7D1464A52681969531B4FF47A72EA
:10605C00A3FB0131029B02FB00F0914294BF40185C
:10606C0080189860029B1B7D002B7FF42CAE3B4B61
:10607C0001241A1D52E8001F9868DD6842E80041AF
:10608C000029F7D136494968491B1D69A1FB051543
:10609C004FF47A7101FB00F08D4294BF4019401807
:1060AC00029DD5E901152944814211D8029A137D2C
:1060BC00002B7FF408AE538A1475138203E69847BD
:1060CC00804614E69047029B8146DB681B6806E617
:1060DC00012552E8001F9968DC6842E8005000284E
:1060EC00F7D11F484068001B1C690125A0FB040464
:1060FC004FF47A7000FB01F1844294BF091909181E
:10610C00029CA068091AA07C00FB01F16068B1FB3D
:10611C00F0F1217452E8001F9968DC6842E80050E5
:10612C000028F7D10E4A52681869131B4FF47A7283
:10613C00029CA3FB003002FB01F3A268E17CB0F5EA
:10614C007A7F94BF1B1803F57A739B1A626801FB64
:10615C0003F3B3FBF2F36374B5E500BF303D0120EC
:10616C00001000E02DE9F843B0F844352DED088B14
:10617C00002B00F0E180013B00F55F77804600F5D5
:10618C005E749BB29FED6EBA00F20756054607EBA4
:10619C008307DFED6CAA9FED6CAA0FE0002B00F0DB
:1061AC00B580236883ED008AD4F8F030043408F10C
:1061BC000C082035A742E36400F0BE8094ED146A0D
:1061CC00F6EE006AD8EDA37AD8EDA25A36EE677ACD
:1061DC0065EEA66AB0EEC77AF4EEC76AF1EE10FA75
:1061EC0015DC98EDA47A77EE876AB4EEE66AF1EEE8
:1061FC0010FA4DDD77EEA57AB7EE007AF4EEC77A99
:10620C00F1EE10FA58BFF0EE477AC8EDA37AD4ED50
:10621C003C8A94ED509AC4ED287A77EEE87A79EEC0
:10622C00689A16F8013F012B87EEA98A38EE0B8A83
:10623C0041D0032BB2D1D5ED037A236836EE677AC1
:10624C00B0EEC77AB4EEEA7AF1EE10FA1DD4D5EDC1
:10625C00026AB5EE005A95ED047AD5ED085A27EE90
:10626C00877A66EEA55A85ED057A37EE257AC5ED67
:10627C00065A37EE067AE7EE056A85ED077AE6EE02
:10628C00857AC5ED026AC5ED037AC3ED007A8BE71A
:10629C0037EEC77AB4EEC76AF1EE10FAB7D577EEDF
:1062AC00E57AF5EEC07AF1EE10FAD8BFDFED247A7C
:1062BC00C8EDA37AABE7F2EE047AD4F80090B7EE0F
:1062CC00000AA8EE270A1DF0EFFDF3EE007AB0EEFF
:1062DC00409A69EE889A28EE270A1EF031F9F0EE02
:1062EC00006AF8EE007AB5EE007AE8EE267A67EEF0
:1062FC00A77A67EE807A67EE877AA7EE879AC9EE5F
:10630C00897A77EEA87AC9ED007A4DE728EE0A0A69
:10631C001EF01AFAF7EE007AB6EE007A236837EE22
:10632C00C00A20EE070A77EEC07A29EE009AA8EE92
:10633C00A79A83ED009A37E7BDEC088BBDE8F8838C
:10634C00000000000AD7233CDB0F49402DE9F8433D
:10635C00B0F8BC3F2DED088B002B00F0E280013B28
:10636C0000F65C2700F6582400F5F1659BB200F6A8
:10637C00077806469FED6DBADFED6DAA07EB830734
:10638C009FED6CAA0FE0002B00F0B580236883ED25
:10639C00008AD4F8D03204340C352036A742C4F825
:1063AC00EC3000F0BE8094ED3C6AF6EE006AD5ED60
:1063BC00017AD5ED005A36EE677A65EEA66AB0EE34
:1063CC00C77AF4EEC76AF1EE10FA15DC95ED027A95
:1063DC0077EE876AB4EEE66AF1EE10FA4DDD77EEF1
:1063EC00A57AB7EE007AF4EEC77AF1EE10FA58BF40
:1063FC00F0EE477AC5ED017AD4EDB48A94EDF09ABB
:10640C00C4ED787A77EEE87A79EE689A18F8013F5D
:10641C00012B87EEA98A38EE0B8A41D0032BB2D11F
:10642C00D6ED037A236836EE677AB0EEC77AB4EE0F
:10643C00EA7AF1EE10FA1DD4D6ED026AB5EE005AE6
:10644C0096ED047AD6ED085A27EE877A66EEA55AB1
:10645C0086ED057A37EE257AC6ED065A37EE067AC2
:10646C00E7EE056A86ED077AE6EE857AC6ED026AF6
:10647C00C6ED037AC3ED007A8BE737EEC77AB4EE3C
:10648C00C76AF1EE10FAB7D577EEE57AF5EEC07A79
:10649C00F1EE10FAD8BFDFED257AC5ED017AABE746
:1064AC00F2EE047AD4F80090B7EE000AA8EE270AB0
:1064BC001DF0FAFCF3EE007AB0EE409A69EE889A81
:1064CC0028EE270A1EF03CF8F0EE006AF8EE007A8F
:1064DC00B5EE007AE8EE267A67EEA77A67EE807A58
:1064EC0067EE877AA7EE879AC9EE897A77EEA87A53
:1064FC00C9ED007A4DE728EE0A0A1EF025F9F7EEF1
:10650C00007AB6EE007A236837EEC00A20EE070A4E
:10651C0077EEC07A29EE009AA8EEA79A83ED009A3E
:10652C0037E7BDEC088BBDE8F88300BF0000000026
:10653C000AD7233CDB0F49402DE9F041B0F8BC7F72
:10654C002DED088BC7B3013F00F60873F2EE04AAD9
:10655C00064600F6582400F607759FED39BA13FA73
:10656C0087F79FED38AA0AE0002B52D02368C3EDC1
:10657C00007AAF4204F1040406F120061CD0D4EDDD
:10658C00B48A94EDF09AD4ED787A79EE689A15F88D
:10659C00013F37EEE87A012B87EE298A38EE0B8A19
:1065AC000ED0032BE0D1F268AF42236806F120062F
:1065BC0004F104041A60E2D1BDEC088BBDE8F08153
:1065CC00B7EE000AD4F80080A8EE2A0A1DF06CFC85
:1065DC00F3EE007AB0EE409A69EE889A28EE270A1C
:1065EC001DF0AEFFF0EE006AF8EE007AB5EE007A20
:1065FC00E8EE267A67EEA77A67EE807A67EE877AFE
:10660C00A7EE879AC9EE897A77EEA87AC8ED007A58
:10661C00AFE728EE0A0A1EF097F8F7EE007AB6EE0E
:10662C00007A236837EEC00A20EE070A77EEC07AAC
:10663C0029EE009AA8EEA79A83ED009A99E700BF7D
:10664C0000000000DB0F49402DE9F041B0F8447523
:10665C002DED088BC7B3013F00F5A163F2EE04AA40
:10666C00064600F55E7400F207559FED39BA13FA31
:10667C0087F79FED38AA0AE0002B52D02368C3EDB0
:10668C00007AAF4204F1040406F120061CD0D4EDCC
:10669C003C8A94ED509AD4ED287A79EE689A15F8E4
:1066AC00013F37EEE87A012B87EE298A38EE0B8A08
:1066BC000ED0032BE0D1F268AF42236806F120061E
:1066CC0004F104041A60E2D1BDEC088BBDE8F08142
:1066DC00B7EE000AD4F80080A8EE2A0A1DF0E4FBFD
:1066EC00F3EE007AB0EE409A69EE889A28EE270A0B
:1066FC001DF026FFF0EE006AF8EE007AB5EE007A97
:10670C00E8EE267A67EEA77A67EE807A67EE877AEC
:10671C00A7EE879AC9EE897A77EEA87AC8ED007A47
:10672C00AFE728EE0A0A1EF00FF8F7EE007AB6EE85
:10673C00007A236837EEC00A20EE070A77EEC07A9B
:10674C0029EE009AA8EEA79A83ED009A99E700BF6C
:10675C0000000000DB0F49402DE9F04F83468068B4
:10676C00B54A8DB003681B68934240F0AB841BF0B4
:10677C004DFE1CF033F8B14C0025B1490122A36A3F
:10678C0005201D619964AF495A6299624FF430310A
:10679C00A082D9624FF00111986C186504F11800B1
:1067AC001D6299651A611FF027FF1FF01DFF1FF076
:1067BC0027FF722240F2011304F1180084F8BD2067
:1067CC00A4F847311BF006F9002800F02A82A36ACE
:1067DC00002605229A491E61A4F8722101229964AF
:1067EC0098495A6299624FF4303184F87051D962E9
:1067FC004FF00111986C18651E62934899651A61E7
:10680C001FF0FAFE1FF0F0FE1FF0FAFE722240F2AB
:10681C0001138D4884F8BD20A4F847311BF0DAF839
:10682C00002800F0C38130464FF40062002184F848
:10683C007801002685481EF09DFDA36A804A1E61E2
:10684C0080499A6401225A6299624FF43031D962BC
:10685C004FF00111986C18651E627B4899651A619E
:10686C001FF0CAFE1FF0C0FE1FF0CAFE782240F2D5
:10687C000113754884F8BD20A4F847311BF0AAF821
:10688C000546002800F04E820BF5804585F83061F6
:10689C00A2680BF50053C5F8442193F81037362B3A
:1068AC000ED86B4A190102EB03135158D8684A6889
:1068BC0002434A6038219A685B68116015221A609D
:1068CC00644A9BF8BC326449362B84F8E839116071
:1068DC00624951600FD85E4918013827152501EB24
:1068EC0003130858DE68416821EA06014160996883
:1068FC005B680F601D605A485A4E416C436C456C86
:10690C00314003F0030305F0E005294300250B4358
:10691C0043F44673436400F58040A4F8EA59416C93
:10692C00436C3140466C03F0030384F8F45906F0D1
:10693C00E006A4F8F65931434B4E0B434B4943F454
:10694C00467343644FF4FA5349481381102340F6BD
:10695C00B732A4F8F0391CF04DFB9BF8BE32454918
:10696C00029384F8F839444B86F8D8511846434DB5
:10697C00996099624FF03F4140F8405F5D66364D3B
:10698C009963996103F148019D6603F5DE739BF8E9
:10699C00BD22C4F8543AD6F8D431362A45608B62FD
:1069AC00D6F8D0314B624FF0C803A4F8B43B0FD8E3
:1069BC00274B1101324F1524585803EB0213416831
:1069CC00DD6821EA0501416099685B680F601C6015
:1069DC0096F8DC814FF4FA734FF0000CDFF8A490BA
:1069EC0044464FF6FF7EDFF8A0A05FFA8CF086F8E5
:1069FC00D921A6F8DA31002C57D0A3464FEA9C03D4
:106A0C0000F003050AEB9C024FF0FF0806EB430372
:106A1C00B3F8F0111303490001EB0231B1EB023F63
:106A2C0034D91A880233D7B2BD4208BF4FEA1228B4
:106A3C009942F6D82AE000BF8D2F0000303D01208E
:106A4C003B372819B80B0505483D0120AC3E012009
:106A5C00381D0020F0440020000048420000F042A5
:106A6C0000400C4000FCFFFF284E012019050100DE
:106A7C00FC440020000080BF2C470120000043454F
:106A8C0038F0010008500120C00706000130BCF1AD
:106A9C000C0F09F8018BC7B242D00CF1010C14BBDE
:106AAC005C465FFA8CF0002CA7D1BC4DBC4A05F1BA
:106ABC007E081346002102F5805203E093421FFA30
:106ACC008BF105D21F8801F1010B02337745F5D10B
:106ADC0025F8021FA845ECD14FF001034FF0010B34
:106AEC0086F8DC318AE73B46AE4A013FDFF8D0C27C
:106AFC0017449A0803F003050CEB930006EB4202D3
:106B0C000103B2F8F021520002EB0032B2EB003F6D
:106B1C0001F22881FF24013307F8014F0D2BE8D136
:106B2C00A14BB6F8F61103EB4101994240F2A28059
:106B3C00FF241A880233D0B2022808BF140A9942E3
:106B4C00F7D1FF2C00F096800A230221029845F61B
:106B5C00BF5286F8713286F8700286F8723286F867
:106B6C00731286F8743286F8751286F8761286F8E7
:106B7C00773286F8783286F8793286F87A3286F867
:106B8C007B3286F87C32894989481CF033FA002222
:106B9C0096F8C53286F87D222BB9864A0123C6F8B1
:106BAC00882286F8C5320DB0BDE8F08FD4F8740198
:106BBC0008B11FF005FD10207F4F1FF0F9FC522388
:106BCC0000260546037020234760C360C4F8740197
:106BDC00067238461FF010FD2B7838465B0084F89F
:106BEC00BD3001232B7240F20115A4F847511AF065
:106BFC00F1FE00287FF417AED4F874310B90059396
:106C0C00062306908DF8260005A8ADF82450ADF8A3
:106C1C00223010F009F8A0F1C200B0FA80F040095F
:106C2C0002E6D4F8580108B11FF0CAFC1020624FDC
:106C3C001FF0BEFC39230646476003700023C4F8DE
:106C4C005801012503722023C36038461FF0D4FC81
:106C5C00337835723846AB4084F8BD3040F20113BE
:106C6C00A4F847311AF0B6FE0646002800F0E68478
:106C7C000025ACE5002401254FF00308052721462B
:106C8C00204686F8E0410CF0CDF84146284686F8BF
:106C9C00E1810CF0C7F83946022086F8E2710CF05D
:106CAC00C1F84046294686F8E3510CF0BBF839464A
:106CBC00042086F8E4710CF0B5F83846294686F8BD
:106CCC00E5510CF0AFF82946062086F8E6510CF099
:106CDC00A9F80721084686F8E7110CF0A3F821461D
:106CEC00082086F8E8410CF09DF82146092086F82A
:106CFC00E9410CF097F821460A2086F8EA410CF09D
:106D0C0091F821460B2086F8EB410CF08BF82146CC
:106D1C000C2086F8EC410CF085F821460E200CF086
:106D2C0081F811E7D4F8A809B4F98629002800F0F5
:106D3C00E185D31D48BF02F10E03B4F98429DB10A1
:106D4C0003FB02F200211EF015FBB4F98639B4F9ED
:106D5C008419202B40F3B981A3F14000B1F1520208
:106D6C004FF000084FF0010A00B248BFA1F15102E8
:106D7C0000284FEA6202B8BF013093B24010029370
:106D8C0000220E4B1FFA80FE0299904203EB080979
:106D9C00B4BF0023012303931DE000BF1650012054
:106DAC0000007C600850012000307C6081030100F1
:106DBC0004450020FC500120483D0120A022006029
:106DCC00C00706006D00EDB22E060CD40132013165
:106DDC00522A89B23DD0570713B2F3D109EBE30322
:106DEC001D7A2E06F2D50EB2002EEFDBB4F98839DF
:106DFC00B342EBDD039B002BE8D0B4F98A39834214
:106E0C00E4DD94F89639022B00F09F85032B00F0FB
:106E1C009185012B00F08385B4F984C9774603462C
:106E2C00002B02F1010201F10101B8BF0733522A14
:106E3C0089B24FEAE30313FB0C6307F00706D4F89F
:106E4C00A8790AFA06F617F803C046EA0C06FE54AF
:106E5C00C1D108F10B080EF10100B8F5307F00B27A
:106E6C008ED10223D4F8A45984F8AD39002D00F04A
:106E7C00BE813C23284684F8AC391FF0BDFB94F945
:106E8C00B339002B80F20283D4F8D41900229F4826
:106E9C002B6981421A6100F29A869D4901229964FC
:106EAC005A624FF430329B499962DA62996C002233
:106EBC0019654FF001111A62012299651A61964801
:106ECC001AF01AFEB4F8861994480139C9B20FF0B9
:106EDC00A9FB93481AF010FE94F9AD398F48012B99
:106EEC000CBF102114210FF09DFB8E481AF004FEEC
:106EFC00D4F884398C4A8F21934284F8DC190CD055
:106F0C0002F50012934200F05786884A934200F033
:106F1C008786874A934200F01A8702257F48DA2138
:106F2C000FF080FB29467D480FF07CFB81217B48CC
:106F3C000FF078FB94F8DC1978480FF073FBD9212B
:106F4C0076480FF06FFB94F9AD397448012B0CBFE8
:106F5C002221F1210FF066FBD4F8A409002800F0DF
:106F6C002D8540F2011294F8AC39724E5B00A0F8FA
:106F7C002F21026880F8A5301368B34240F0E186F7
:106F8C00B0F830312BB1022380F82F31002380F878
:106F9C00A630DFF8ACA101254FF002090AF1060872
:106FAC002F4616E00135ADB203681AF8011C1B68B8
:106FBC00B34240F01881B0F8303133B190F82F3132
:106FCC00882B2CD94760D4F8A4090AF1010AC245D0
:106FDC0031D0882DE6D11AF0FDFC94F8AC39D4F8F8
:106FEC00A4095B00026880F8A53040F20113A0F8F8
:106FFC002F311368B34240F0DA84B0F83031002BF3
:10700C0000F01683002380F82F91022580F8A6301B
:10701C0013681AF8011CB34240F0E5802B460AF1C4
:10702C00010AC2180133C24580F82F31D4F8A409E3
:10703C0082F8A510CDD11AF0CDFCD4F8A439002BD0
:10704C0000F0E485D4F8D819002230481B6981423D
:10705C001A6100F2CC852E49012299645A624FF4D0
:10706C0030322C499962DA62986C01220021186541
:10707C00104619624FF0011199651A610BF58045A4
:10708C00D4F89C3985F83001002B00F0C285B4F996
:10709C0086290021284BD4F8A809C4F89C39D31DA3
:1070AC0048BF02F10E03B4F98429DB1003FB02F292
:1070BC001EF060F9012119480FF0A4FB1AF080FEB4
:1070CC00FFF7E6BB9847FFF756BBB1F173024FF0E1
:1070DC0000084FF0010A48BFA1F17202B3F120067B
:1070EC004FEA620248BFA3F11F0693B276100293D7
:1070FC000022124B1FFA86FE0299964203EB0809F6
:10710C00B4BF00230123039325E000BF7F1A0600C0
:10711C003B372819B80B050548270060AC46012001
:10712C004C27006050270060800020006000100099
:10713C0040002000E920010054270060A0220060DC
:10714C00A12200606D00EDB22B060DD4013201318D
:10715C00732A89B23ED0500713B2F3D109EBE30383
:10716C0093F8C8522B06F1D508B20028EEDBB4F91F
:10717C0088398342EADD039B002BE7D0B4F98A39C6
:10718C00B342E3DD94F89639022B00F00184032B13
:10719C0000F0F483012B00F0E783B4F984C977463F
:1071AC003346002B02F1010201F10101B8BF073394
:1071BC00732A89B24FEAE30313FB0C0307F00700B1
:1071CC00D4F8A8790AFA00F017F803C040EA0C00CA
:1071DC00F854C0D108F10F080EF10106B8F5F07F94
:1071EC0036B285D13DE69847D4F8A409EDE694F97A
:1071FC00B119B34ACBB2362B0FD818014FF0380C5B
:10720C0002EB031315271558DE6868683043686075
:10721C0098685B68C0F800C01F6094F9B259EBB273
:10722C00362B0ED8180102EB03131658D3E9027C47
:10723C0070685B6840EA0C0070603820386015207C
:10724C00186002EB01130901DB68C4F8CC39535800
:10725C002901C4F8BC3902EB05135158DB68C4F89A
:10726C00C019C4F8D039086803430B60D4F8A039AE
:10727C00002B00F0E98459684FF0B809DFF84CE2B4
:10728C00DFF854C28F4FD1E900502E6826EA000077
:10729C002860DEF8180000EA0C0C4CEA0707CEF860
:1072AC00187093F810E001EB0E0701EB8E0E387C92
:1072BC0002EB00108068C0F8009093F811C001EB4D
:1072CC000C060CF10A0C96F8240002EB00108068F6
:1072DC00C0F80090987C01EB000801EB800098F856
:1072EC0038A0029002EB0A1ADAF808A0CAF800904B
:1072FC004868D5F8009049EA0009C5F800903D7C33
:10730C00DEF814E002EB05156D68C5F800E096F8A0
:10731C00245051F82CC002EB05156D68C5F800C05F
:10732C0098F8385002EB05156D680298C06B286010
:10733C00886C98F844500560086A3D7F496B05607D
:10734C0096F8300008600221186801610F218165F0
:10735C00D97C00293AD072B6D87CC70708D54FF033
:10736C00E0255E69D5F8801131409962C5F880112D
:10737C00860708D54FF0E0259E69D5F88411314079
:10738C00D962C5F88411450708D54FF0E025DE69B0
:10739C00D5F8881131401963C5F88811010708D553
:1073AC004FF0E0251E6AD5F88C1131405963C5F8B1
:1073BC008C11C70608D54FF0E0205D6AD0F890110B
:1073CC0029409963C0F8901162B618683E4D9968CF
:1073DC00A94200F083843D499D6089693C4FC1F30B
:1073EC00011602EB8606C1F38262D6F870130132E5
:1073FC00B1FBF2F1B94240F26E84364AA2FB016253
:10740C00120DB1FBF2F1A94288BF0132B2F5817FB6
:10741C0080F05E84022A40F25E84023A5508290408
:10742C0041EA05210A43DA6000210161032141622E
:10743C0002640722026601220261DA7C12B3D607CB
:10744C0004D5986A4FF0E021C1F80001950704D5E6
:10745C00D86A4FF0E021C1F80401500704D5186B2D
:10746C004FF0E021C1F80801110704D5586B4FF01B
:10747C00E021C1F80C01D70604D59A6B4FF0E0233C
:10748C00C3F8102194F9B339002B4DDB362B25DCD6
:10749C0019010B4A152502EB03135258D868516891
:1074AC000143382051609968086058680560DB68B2
:1074BC005068184200F04184C2F884300EE000BFDE
:1074CC00381D00201000000800093D0000C00F40CE
:1074DC00FF083D0083DE1B43CFFFFFE301200BF0D1
:1074EC004FFF94F8B339362B0BD81901514A02EBE4
:1074FC0003135258D9685068084200F01984C2F836
:10750C0088100A200BF03CFF94F8B339362B0BD8BB
:10751C001901484A02EB03135258D96850680842C3
:10752C0000F00184C2F88410D4F8A459002D7FF423
:10753C00ABACD4F8A039002B71D0D97CD4F8E029AD
:10754C00D4F8E459002939D072B6D87CC60708D5CE
:10755C004FF0E0275E69D7F8801131409962C7F887
:10756C008011810708D54FF0E0279E69D7F8841168
:10757C003140D962C7F88411470708D54FF0E0278E
:10758C00DE69D7F8881131401963C7F888110607EE
:10759C0008D54FF0E0271E6AD7F88C11314059639B
:1075AC00C7F88C11C10608D54FF0E0205E6AD0F800
:1075BC00901131409963C0F8901162B6996891426C
:1075CC0000F0AF831C499A6089691A48C1F301160F
:1075DC00C1F3826100EB86000131D0F87063B6FB19
:1075EC00F1F0002A40F093838E420ED30146013114
:1075FC00B1F5817F80F08983022940F284830239BE
:10760C004808020442EA00220A43DA601B6800219F
:10761C001961032159621A6401221D661A61D4F89A
:10762C00C029D4F8D019136823EA0103136046E487
:10763C000225CAE4381D002000C00F40922300959B
:10764C002A46D4F858018DF8143005AB194619F0B8
:10765C0085FE9DF81470AB2F7FF40AABFC232A46F1
:10766C0005A9D4F858018DF8143081238DF8103009
:10767C0004AB1BF003FA94F8653105A9D4F8580152
:10768C0065F30103C3F3011284F8653103F00C03B5
:10769C0043EA82132A4643F001038DF814308F23FA
:1076AC008DF8103004AB1BF0E9F994F86D312A46D3
:1076BC0005A966F30003D4F858018DF810708027E3
:1076CC0084F86D3103F006038DF8143004AB1BF015
:1076DC00D5F994F861312A4605A966F38613D4F8D6
:1076EC0058018DF8107084F8613103F03F038DF868
:1076FC00143004AB1BF0C2F9B4F8600104AB2A4699
:10770C00C0F34031C0F3803CC4F85C6149018DF892
:10771C00107041EA8C11C0F3002C41EA0C01C0F34B
:10772C00003C41EA0C11C0F3C02C41EACC0120F41E
:10773C009F6CC0F340202CF0070C41EA4001D4F8B8
:10774C005801A4F860C18DF8141005A91BF096F926
:10775C0094F861312A4605A966F34103D4F858011F
:10776C008DF8107084F8613103F07D038DF81430BE
:10777C0004AB1BF083F994F861312A4605A966F332
:10778C000413D4F858018DF8107084F8613103F0AB
:10779C006F038DF8143004AB1BF070F994F8613161
:1077AC002A4605A966F34513D4F858018DF81070D4
:1077BC0084F8613103F05F038DF8143004AB1BF0D7
:1077CC005DF9E72332463146D4F858018DF8143070
:1077DC0005AB1BF053F994F861312A4605A966F301
:1077EC000003D4F858018DF8107084F8613103F05F
:1077FC007E038DF8143004AB1BF040F90A200BF01B
:10780C00BFFD94F861312A4605A943F00103D4F871
:10781C0058018DF8107084F8613103F07E0343F049
:10782C0001038DF8143004AB1BF028F90A200BF07F
:10783C00A7FD94F86C312A4605A966F30103D4F828
:10784C0058018DF8146084F86C31AA238DF810302F
:10785C0004AB1BF013F994F869312A4605A965F3BA
:10786C008713D4F8580184F8693103F03F0343F0CF
:10787C0040038DF81430A2238DF8103004AB1BF0AC
:10788C00FDF894F86A31022205A9D4F8580162F384
:10789C0046132A4684F86A3103F01F0343F0400371
:1078AC008DF81430A3238DF8103004AB1BF0E6F8E0
:1078BC0032232A4605A98DF81430A023D4F8580198
:1078CC008DF8103004AB1BF0D9F8C92204AB05A914
:1078DC0084F86B218DF81420A622D4F858018DF869
:1078EC0010202A46C4F85C6184F860611BF0C6F86D
:1078FC00FEF76DBFD31D48BF02F10E03B4F9842906
:10790C00DB1003FB02F2104602921EF051FE029AAB
:10791C00C4F8A80900287FF415AAFFF7AFBBB4F987
:10792C0084C933460F460CF1FF36A6EB0E0636B271
:10793C00FFF776BAB4F886390646B4F984C9013B28
:10794C005B1A9FB21BB2FFF76BBAB4F984C9B4F8D7
:10795C0086390CF1FF36013B761AA3EB0E0336B2D7
:10796C009FB21BB2FFF75CBAB4F984C903460F4649
:10797C000CF1FF30A0EB0E0000B212E4B4F8863923
:10798C003046B4F984C9013B5B1A9FB21BB208E4C0
:10799C00B4F984C9B4F886390CF1FF30013B401AB4
:1079AC00A3EB0E0300B29FB21BB2FFF7FABB002190
:1079BC0002259847D4F8A409FFF7F6BAD4F8BC29E5
:1079CC00D4F8CC0913689C4D23EA0003D4F8A01911
:1079DC0005F1060C1360D4F8B429D4F8B83915F8AD
:1079EC00010B00293DD00F687866F86D10F4F81F74
:1079FC00FBD0786F6545F2D1D4F8C029D4F8D00902
:107A0C00136803431360002900F0D380CB7C002B58
:107A1C0000F0CF80DE0704D5886A4FF0E022C2F870
:107A2C0000019D0704D5C86A4FF0E022C2F804019A
:107A3C00580704D5086B4FF0E022C2F808011A076A
:107A4C0004D5486B4FF0E022C2F80C01DB0640F184
:107A5C00B0808A6B4FF0E0230120C3F81021FFF7B0
:107A6C000DBB176810F0800FD4F8C4690CBFB74376
:107A7C00374310F0400F17601F68D4F8C86947EA05
:107A8C0006071F601F68D4F8C86927EA06071F603D
:107A9C001768D4F8C4690CBFB743374310F0200FF4
:107AAC0017601F68D4F8C86947EA06071F601F688B
:107ABC00D4F8C86927EA06071F601768D4F8C469A8
:107ACC000CBFB743374310F0100F17601F68D4F882
:107ADC00C86947EA06071F601F68D4F8C86927EA17
:107AEC0006071F601768D4F8C4690CBFB743374347
:107AFC0010F0080F1760D4F8C8691F6847EA06072A
:107B0C001F601F68D4F8C86927EA06071F6017684A
:107B1C00D4F8C4690CBFB743374310F0040F176097
:107B2C001F68D4F8C86947EA06071F601F68D4F8B5
:107B3C00C86927EA06071F601768D4F8C4690CBF28
:107B4C00B743374310F0020F17601F68D4F8C869A9
:107B5C0047EA06071F601F68D4F8C86927EA0607BA
:107B6C001F601768D4F8C4690CBFB743374310F0D3
:107B7C00010F17601F68D4F8C86947EA06071F6031
:107B8C001F68D4F8C86927EA06071F601068D4F884
:107B9C00C47914BF3843B84310601868D4F8C87956
:107BAC00384318601868D4F8C87920EA07001860C0
:107BBC0020E70120FFF762BA94F9AD391225012BA9
:107BCC000CBF9F23CF2384F8DC39FFF7A7B91B48E0
:107BDC00814200F28F801A499964A1F121615A62A5
:107BEC00A1F60C41174A9962DA62FFF75FB91348A4
:107BFC00814276D812499964A1F121615A62A1F6A9
:107C0C000C41104A9962DA62FFF72EBAD4F8A01927
:107C1C00F2E6B4F88E390633A4F88E39FFF737BA8A
:107C2C0094F9AD390225012B0CBF1023AF2384F836
:107C3C00DC39FFF773B900BFA02200603F420F0090
:107C4C001C1A120C007F050094F9AF19CBB2362B1D
:107C5C000DD8180102EB031310585D68D3E90267C5
:107C6C0043683B4343603823336015232B6094F9FE
:107C7C00B059EBB2362B0ED8180102EB0313165881
:107C8C00D3E9027C70685B6840EA0C0070603820B5
:107C9C0038601520186002EB01130901DB68C4F889
:107CAC00C43953582901C4F8B43902EB051352589E
:107CBC00D968C4F8B829C4F8C819136823EA0103B1
:107CCC00136094F9B339002BFFF6A9ACFFF7DEBBB8
:107CDC002C4AFFF7A8BB0022FFF7A5BBDA68FFF719
:107CEC00A3BB294999645A622849294A9962DA62E4
:107CFC00FFF7BAB9244999645A622449244A996213
:107D0C00DA62FFF7D3B800227FE41E4A7DE490428A
:107D1C00F9D3B0FBF2F1B0FBF1F090427FF668AC16
:107D2C0065E4DA6872E49B681A4A1A60FFF7FCBBD8
:107D3C009B68194A1A60FFF7E4BB164B0B60FFF700
:107D4C00CDBB00219847D4F8A409FFF722B994F9C8
:107D5C00AD391225012B0CBF1023CF2384F8DC394D
:107D6C00FFF7DCB8ADB2FF240846B1F800E00231F1
:107D7C000078A84208BF4FEA1E249142F4D3FEF7C4
:107D8C00CABE00BFFF7F7F000A090704600901011A
:107D9C00007F050038F0010038300100D1ED0C6A8D
:107DAC0092ED000AF5EE406AD2ED017A92ED027A7C
:107DBC00F1EE10FA30B52DED028B91B00C46054664
:107DCC008DED020ACDED037A8DED047A40F0BA8088
:107DDC00D4ED075AD4ED086A30EE650A94ED0B8A9F
:107DEC0094ED0E6A77EEE67ADFED6A6AA6EE080A83
:107DFC0094F8343077EEA67A37EE267ACDED037A06
:107E0C008DED047A8DED020A5BB167EEA77AE0EE98
:107E1C00007AF4EE667AF1EE10FA00F1B680B1EE6B
:107E2C00E70AF0EE480A1CF059FBF1EE087AB0EEC6
:107E3C00C00A9FED587A20EE270AC0EE087A77EE3A
:107E4C00877ABBFE677ABCEEC77A8DED017A9DF816
:107E5C000430042B13D800215A1C2980D2B2A970EB
:107E6C0094F8351099B103EB4303284623449A88C0
:107E7C009B792A80AB7011B0BDEC028B30BD002118
:107E8C0000222980A97094F835100029EBD1591CD7
:107E9C0007EE103A02EB4202DFED3E3A05EE101A05
:107EAC00B8EE477A224403EB4303B8EEC55A284692
:107EBC0077EEC77A1C441379F7EE005A35EE475A21
:107ECC0006EE903A537987EE856A07EE103A93796D
:107EDC00227907EE903A637904EE102A04EE903A78
:107EEC00A379F8EEE66AB8EEC77A05EE103AF8EE2A
:107EFC00E77AB8EEC44AF8EEE44AB8EEC55A36EE64
:107F0C00236A75EEC65A66EE866A27EE067A67EE27
:107F1C00867AE4EE256AA5EEA47AE5EE857AFCEE87
:107F2C00E66ABCEEC77AFCEEE77A16EE901A17EE0C
:107F3C00102A17EE903A29706A70AB7011B0BDEC34
:107F4C00028B30BD144A002309A905A809930A9392
:107F5C00B2F8D832CDED0B6AADF83030D2F8DC3255
:107F6C000D93D2F8E0320E93D2F8E4320F9317F05F
:107F7C00B7FC02AA05A909A807F09EFC9DED090A09
:107F8C00DDED0A7A9DED0B7A22E7B0EE670A1BF065
:107F9C00BBFF46E700000000284E0120F8B5244B3B
:107FAC0042F2901442F2903500F5005203F1200198
:107FBC000646044405440360C2F8901154F8040FBB
:107FCC0008B11EF0FDFAAC42F8D141F6105441F65E
:107FDC00107506F58057174B34443544C7F8103DDF
:107FEC0054F8040F08B11EF0EBFAAC42F8D141F68C
:107FFC00940441F69425104B34443544C7F8943816
:10800C0054F8040F08B11EF0DBFAAC42F8D1D6F8E4
:10801C00240A08B11EF0D4FAD6F8280A08B11EF0CA
:10802C00CFFA306908B11EF0CBFA3046F8BD00BF6C
:10803C00C0200020F4200020082100202DE9F04F62
:10804C0000F54055D34E0446B368EA6FB5F880107E
:10805C009A1A2DED0C8B8A4295B0F0EE408A07955A
:10806C00C0F0E483CC4D079AD36795F87D32002B92
:10807C0000F0E783C94BF3EE096ADFEDC97A93EDA3
:10808C00007ADFEDC85AE7EE276AC74B9FEDC77A37
:10809C00D3ED019A76EEE97AF0EEE77AF4EEC77A50
:1080AC00F1EE10FA1FD493ED006AF5EE007A93ED21
:1080BC00027A93ED065A29EE877A26EE055A83ED5D
:1080CC00037A37EE057A83ED045A37EE267AF0EE12
:1080DC00466A83ED057AE7EE276AE6EEA79AC3EDCA
:1080EC00006AC3ED019AB24B9FEDB07A93ED019A01
:1080FC0075EEC97AF0EEE77AF4EEC77AF1EE10FA83
:10810C001DD4D3ED006AF5EE007A93ED027A93ED6F
:10811C00066A29EE077A26EE866A83ED037A37EE35
:10812C00067A83ED046A37EE257AE7EE276A83ED4B
:10813C00057AA6EEA79AC3ED006A83ED019A9FED2E
:10814C009D8AB0EE680A9C4885EDBD9A08F050FFF8
:10815C0028EE888A994FDFF8809297ED070A38EE5F
:10816C00088A28EE000A1CF0EBF9F0EE40AA97ED15
:10817C00080A28EE000A1CF0E3F9B0EE40AA97EDCD
:10818C00090A28EE000A1CF0DBF9B1EE006A9FED3B
:10819C008C7AF0EE085AF0EE697A95EDBE5AAAEE9A
:1081AC00067A884B60EE066AD5F80813DAEE867A02
:1081BC0095EDBF6AC5F80033C9F82C30D5F810839B
:1081CC00A9EE257A804BC9ED0D6A77EE857AC5F854
:1081DC000433C9F830300391C5ED747A37EE067A62
:1081EC00C9ED097A85ED757A89ED0A7AB8F1000F37
:1081FC0000F0468308F101001EF0DAF9074600286A
:10820C0000F03E8303991DF035F95FFA88F09C2845
:10821C0041F2018338461EF0D3F9D5F820330B2BED
:10822C0040F23783D5F81C730C22684BC5F8242315
:10823C0007CB1B7838607960BA603B7395F87D3258
:10824C00002B41F0E58295F8E1110DA80EF026FF08
:10825C000F9A0D995E481AF073FE0D981EF0B0F946
:10826C0095F87D32002B41F0D08295F8E2110DA8E3
:10827C000EF014FF0F9A0D9955481AF061FE0D98E7
:10828C001EF09EF995F87D32002B41F0B68295F8E0
:10829C00E331002B01F013830C224E494C481AF0A9
:1082AC004FFE95F8E4110DA80EF0F8FE0F9A0D99FB
:1082BC0047481AF045FE0D981EF082F995F87D326C
:1082CC00002B41F08D8295F8E531002B01F0FE82F8
:1082DC000C2240493E481AF033FE95F8E631002B4B
:1082EC0001F0DA820C223B4939481AF029FE95F844
:1082FC00E7110DA80EF0D2FE0F9A0D9934481AF022
:10830C001FFE0D981EF05CF995F87D32002B41F0A4
:10831C00AC8295F8E8110DA80EF0C0FE0F9A0D99DD
:10832C002B481AF00DFE0D981EF04AF995F87D3287
:10833C00002B41F0978295F8E9110DA80EF0AEFED6
:10834C000F9A0D9922481AF0FBFD0D981EF038F982
:10835C0095F87D32002B41F0828295F8EA110DA838
:10836C000EF09CFE0F9A0D9919481AF0E9FD0D9824
:10837C001EF026F995F87D32002B41F07C8295F8A1
:10838C00EB110DA80EF08AFE0F9A0D9910481AF0F9
:10839C00D7FD23E0303D0120284E01206C47012001
:1083AC00C54E6C3F0000C8422C4701200AD7233C25
:1083BC004C470120DB0F4940E8480120F0440020E5
:1083CC00000020420000C8420000484298400020B3
:1083DC0044510120A8400020744701200D981EF044
:1083EC00EFF895F87D32002B41F0428295F8EC11B4
:1083FC000DA80EF053FE0D990F9AD6481AF0A0FD59
:10840C000D981EF0DDF8D5F81C13D5F824830391D4
:10841C00B8F1000F01F0328208F101001EF0C8F82B
:10842C000746002801F02A8203991DF023F85FFA11
:10843C0088F09C2841F2B18138461EF0C1F895F8BD
:10844C007D320693002B41F0A58195F8E03195F82B
:10845C002C239A4201F09A8196ED027A9FEDBE6A26
:10846C00B8EE477ADFEDC57A85F82C33C7EE066A8D
:10847C0077EEE67AC5EDB47A96ED027ADFEDB66A60
:10848C00B8EE477A95EDAF8AD5EDB00A87EE260A9D
:10849C0070EEC80A30EE270A1CF020F838EE000AFD
:1084AC0095F8C43285EDB30A23B195F8C622002A9B
:1084BC0041F02981069B002B41F0EF8095F8EB31C0
:1084CC00013BDBB2032B01F2AC84A44A02EB830325
:1084DC00D3F8DC33B7EE007AD5EDB57AF4EEC77A83
:1084EC00F1EE10FA40F3EC8183ED017A95F8EC3162
:1084FC0004F5005203EB830392F810E7039203EBAD
:10850C008303BEF1360FDBB282F8113701F2B6806D
:10851C00934911F82E2001EB8E0C012A00F0D98121
:10852C00022A34D19CF80120C2F30110032801F077
:10853C0075878C4901EB803102F00307384601EB5B
:10854C004717B7F8068040013A8A1FFA88F8C8F135
:10855C00011818FA82F202F1FF3808FB03F3B8EBAA
:10856C00132F4FEA132941F22787A2EB0903C3F11A
:10857C0001039BB201441FFA89F9FB80A1F810900A
:10858C00764B9CF8032003EB0E135B681A6042F2E7
:10859C00F060204408F02AFC04F51C5084EDAD0A70
:1085AC0008F024FC069B84EDAE0A002B41F0A2805F
:1085BC0095F8E531002B00F0C68196F87031B7685C
:1085CC00002B01F0FF8695F82D33002B01F0C086AF
:1085DC000CAB0DEE103A9C2301228DF834300DAB10
:1085EC0000921946D6F8580118F0B8FE9DF83430B0
:1085FC00A5F82E33B368DB1B642B01F2A186B5F80A
:10860C002E33B26808EE103AD5F83033B5F834137F
:10861C00D31A8B4281F0898695EDCE0AB38AB8EED7
:10862C00C88AD6F808B007EE903A96F87831F8EE8A
:10863C00E77A77EE807AB4EEE78AF1EE10FACCBFE7
:10864C000122002284F8A822FBB195F87033002B8C
:10865C0001F0EE86022301221DEE101A009308236E
:10866C00D6F874018DF830300DAB18F077FE002879
:10867C0001F0DB86BDF834304FF6FF72934201F007
:10868C00D486C3F30A03A5F87233B368A3EB0B03C8
:10869C00642B01F28986B5F87233B26808EE103A91
:1086AC00D5F87433B5F87813D31A8B4281F07186F0
:1086BC0095EDDF0AB6F87231B8EEC88A44F2440878
:1086CC0007EE903A95F87D32A044F8EEE77A1A4618
:1086DC00069377EE807AB4EEE78AF1EE10FACCBF0F
:1086EC000123002384F8A832002A00F0328104F51B
:1086FC00804B1D4BB268CBF82431DBF82831BBF82A
:10870C002C11D31A8B4280F03C81C4F81880039A48
:10871C0041F264031344154A1A600123069396F838
:10872C00F439002B40F0AA82B268D6F8EC39B6F8CE
:10873C00F019D31A8B42C0F0A182C6F8EC29DFEDF8
:10874C000C7AB1EE007A04F5805768EEA77A07F63A
:10875C00940315E04451012000007A44381D002098
:10876C002421002000C01D401051012000007A443B
:10877C000000B443000048420000C8420000000062
:10878C0027EE877A83ED867A069B002B40F0738761
:10879C0095F8E631002B13BF0122002201230023A0
:1087AC00F0EE005AD4EDAD6AF2EE043A1FED0F7AFA
:1087BC00B3EE096A87F8B92C76EEA56A87F8BA3C4D
:1087CC00F6EE004A07F55163B2EE004A07F6147252
:1087DC00A6EEA37AA6EEA56A37EEA75A67EE847AC0
:1087EC0027EE247A83ED876A82ED007A82ED017A96
:1087FC00C3ED867A83ED855A039BC3EDEA7A069B1B
:10880C00002B40F00F8795F8E831013B0A2B00F262
:10881C003083DFE813F0E00CB50C840C590C2E0CF3
:10882C00030CD80BAD0B820B570BFB0201200AF08B
:10883C00A7FDB368EA6FB5F880109A1A8A42F5D38F
:10884C0010E495F8F032F2EE0A4AB7EE007A1FED1A
:10885C00366A002B03F101035FED385AF3EE096A17
:10886C0007EE903A914B46FE255AF8EEE77A93EDD7
:10887C00006A87EEA45A77EE457AE7EE866A04E43E
:10888C00002738461DF09CFED5F820330B2B3FF605
:10889C00C9AC0D21D5F81C031DF09AFE0746002823
:1088AC0001F001800C23C5F81C03C5F82033D5F862
:1088BC002433002B7FF4B8AC0370D5F81C73B3E4ED
:1088CC00F5EEC07A0022F1EE10FA41F1AA855A6059
:1088DC000CE69CF80110C1F30110032841F09985B6
:1088EC00734A01F0030101209CF802A0884001EBBF
:1088FC00410102EB411180B2CF894FEA0018B2F866
:10890C008891BFB21FFA89F907FB03331FFA88F865
:10891C001B0A49EA0809BB42A2F8889128BF3B46CA
:10892C00BAF1010F01F06985BAF1020F01F05A8515
:10893C00BAF1000F01F04B85B2F888319BB21843A5
:10894C00A2F888011CE644F244080CABA0440DEEDE
:10895C00103A95F8EB31013BDBB2032B01F2E284C8
:10896C00544A02EB8303D3F8DC3304F5804BB26832
:10897C00CBF82431DBF82831BBF82C11D31A8B42FD
:10898C002CD39BF83031CBF8282123B39BF8313111
:10899C00002B41F04B84DBF84421B36802F6C41180
:1089AC00994201F2508441F288331344B2689342E5
:1089BC0001F2778601238BF83131B76819F000FA90
:1089CC00B368DB1BFA2B01F236844FF400620021F2
:1089DC0039481CF0CFFC95F87D3206930698C4F804
:1089EC00188000287FF493AE344A95F8E43102FBEA
:1089FC0003F3334A053B82FB0312DB17C3EBA203E1
:108A0C00039A03F57A7307EE903A41F26403F8EE99
:108A1C00E77A1344C3ED007A95F8E331002B3FF469
:108A2C007EAE284BBBF8409093ED0A7AB9F1000F5B
:108A3C0017D043F6C6720346224403E0013399B2C1
:108A4C0089450ED932F8021F6B29F7D1F6EE007A60
:108A5C0003F2D223079A67EE277A02EB8303C3ED66
:108A6C00217ADFED197AB4EEE77AF1EE10FA7FF79E
:108A7C0056AE039B42F65C6C1249B7EE006A03F6E5
:108A8C00AC52A44409890027D2ED005AE64608EE00
:108A9C00101A95EDEE5A93F8D81D36EE656AB8EEBD
:108AAC00488ADFED0A6A0A4B9BE000BF6C47012045
:108ABC0000803E40381D0020AC3E01204AFCFFFFE8
:108ACC0067666666F0440020CDCC4C3D000000008B
:108ADC00DC5101207B2800F32C87D3ED007AD3EDF9
:108AEC00011A37EEA61A13ED012AD3ED022A13ED63
:108AFC00023A77EE817AD3ED033A13ED034AD3EDC4
:108B0C00044A77EEA17A13ED047A77EE827A77EE47
:108B1C00A27A77EE837A77EEA37A77EE847A77EE81
:108B2C00A47A77EE877A092940F28F801069D2ED0A
:108B3C00034AD060506992ED024A1061906934EE9C
:108B4C00267A82ED014A5061D06937EE247AC2ED63
:108B5C00024A9061106AD061506A1062906AC2ED4C
:108B6C000A7A5062D2ED034A032937EE247A27D0D1
:108B7C00D2ED044A042937EE247A21D0D2ED054AED
:108B8C00052937EE247A1BD0D2ED064A062937EE9A
:108B9C00247A15D0D2ED074A072937EE247A0FD064
:108BAC00D2ED084A082937EE247A09D0D2ED094AC9
:108BBC00092937EE247A03D0D2ED0A4A37EE247A0B
:108BCC0004EE901A01370433B8EEE44A802FC7EE56
:108BDC00044A24EE867AA7EEA57A0EED017A00F00F
:108BEC00E086042F38B2EEEC016A3FF673AF93EDDA
:108BFC00007A77EE267A002F00F08D86781E77EEBD
:108C0C00877A93ED017A002877EE877A03DD13EDEE
:108C1C00017A77EE877AB81E93ED027A002877EE08
:108C2C00877A03DD13ED027A77EE877A93ED037A78
:108C3C00042F77EE877A01D177EE857A93ED047A5B
:108C4C00092977EE877A3FF671AF481C02EB810851
:108C5C000399C0B281F8D80D0128C8ED017A92EDC4
:108C6C00017A37EE267A00F09486D2ED024A022879
:108C7C0037EE247A00F08D86014673E7714F00229F
:108C8C00012107F1040CB846384613461FE008EBE7
:108C9C00C30E5CF8049CDEF800A04CF804ACCEF8D3
:108CAC000090DEF804904368C0F80490CEF80430CD
:108CBC00CB0111F0020F02F1010201F10101DBB253
:108CCC0000F108000CF1080C18BF43F0400312F03F
:108CDC00040F18BF43F0200312F0080F18BF43F025
:108CEC00100312F0100F18BF43F0080312F0200FFE
:108CFC0018BF43F0040312F0400F18BF43F00203F7
:108D0C005FEAD21E18BF43F001039A42BFDBB1F5F4
:108D1C00807FCDD1BFEE008A9FED4B4A9FED4BAAD1
:108D2C004FF0010BDFED4A9A04940123B1EE444A53
:108D3C00F7EE004ABE4603FA0BFC0823B0EE4A5A83
:108D4C004FF000084FEA6C0903FA0BF44FEAC90A1A
:108D5C000AEB0E030EF104017246404693ED016AD4
:108D6C006044D3ED005A26EE457A51ED016A65EE6A
:108D7C00257AFF28A4EEA57AE4EE867A76EEC76A09
:108D8C00C3ED006AD2ED016A76EEE76AC3ED016AC3
:108D9C00234451ED016A36EE877A01ED017A2144C4
:108DAC0092ED017A77EE277AC2ED017A2244D5DD75
:108DBC0008F1010864EE457A25EE085A0EF1080E0A
:108DCC00C145E4EE887AA4EE845A02D0F0EE674AEC
:108DDC00BEE70BF1010BBBF1090F00F0558201232B
:108DEC0003FA0BF35B1007EE903AF8EEE77A89EE94
:108DFC00A79AB0EE490A1BF0A7FCB0EE408AB0EE81
:108E0C00490A1BF09DFBB0EE404A8EE7002104F6A8
:108E1C00F82C97F8E4010B4602E0CBB2984228D329
:108E2C0003F5CB72013104EB8202D2F83C2B944552
:108E3C00F3D1B7F884009AB2D8B141F25A010023A9
:108E4C0021440CE0DC5301202EBDBBB3000000001C
:108E5C00DB0F494001331FFA83FC604509D931F817
:108E6C0002CF9445F6D104EB8303E14A03F6087371
:108E7C001A6095F8E9314FF0FF094FF000080DAA80
:108E8C0003EBC3031DEE101A0BA8ADF830909B003A
:108E9C008DF8328007EE903AF8EEE77ACDED0D7A48
:108EAC0006F0E8FF95F8EA31ADF8309003EBC30318
:108EBC008DF832809B0007EE903AF8EEE77A039B30
:108ECC000DAA1DEE101A0AA803F5B269CDED0D7AA4
:108EDC0006F0D0FF9DF82A309DF82C2084F8093B31
:108EEC0084F8153B0023D6ED027A62F307039DF854
:108EFC002D20F8EE677A9FEDBF7A62F30F239DF871
:108F0C002E2062F317439DF8282087EE870A62F320
:108F1C001F63C4F804330B9BA4F8043B1B0C84F8AC
:108F2C00063B84F8123BBDF82830A4F8073BBDF88B
:108F3C002930A4F80833B4F8043B99ED198AD9ED1B
:108F4C001A0AD9ED1E7AA4F8103B70EEC80AB4F8D0
:108F5C00073B30EE270AA4F8133BB4F80433A4F80B
:108F6C00103394F8063384F81233B4F80733A4F8AA
:108F7C00133394F8093384F815331BF0AFFA38EE39
:108F8C00000A039B89ED1D0A93F8FC65002E53D053
:108F9C0093F8FE35002B4FD0731EDBB203F10108A2
:108FAC0009EBC802D2ED017AB4EEE70AF1EE10FA41
:108FBC000DDA1E46013BDBB203F1010809EBC802D6
:108FCC00D2ED017AF4EEC07AF1EE10FAF1D836B2A5
:108FDC0030EE670A039B04EBC606DFED876A93F855
:108FEC00903506F50056012B06F29C5292ED007A54
:108FFC0077EE677A80EE277A37EE267A00F0418793
:10900C00022B40F01187039B03F5B26303EBC803FB
:10901C00D3ED027A039901F5B263C3ED1C7A91F892
:10902C00FD354BB1D1F89425012BC2ED007A03D05C
:10903C00D1F89835C3ED007A43F2840004F6F416A7
:10904C002044FDF783F904F5357007F0CFFE04F5E5
:10905C003970B0EE408A07F0C9FE04F53D70B0EEF1
:10906C00409A07F0C3FEDFED656ADFED657A04F523
:10907C00317096ED007AF0EE679A9FED626AB0EE71
:10908C0067AAE9EE267AE0EE269AA8EE26AAB0EEBA
:10909C00678A77EE067AC6ED007A07F0A7FE84EDB4
:1090AC00D1AA84EDCB0A04F6FC1084EDD28AC4ED6F
:1090BC00D39A336804F64C26C4F8603307F096FE56
:1090CC00F7EE006ADFED507A04F5226304F52361B4
:1090DC00002036EEE87ADFF84CC104F5286227EE62
:1090EC00277AD6ED157A83ED090A77EEE67A83EDC9
:1090FC000A7A04F664230860C1F804C04349C6ED3B
:10910C00157A1963506004F53460C2ED007A404A58
:10911C00DA62FDF727F897F8E41181B197F840016E
:10912C00012304EB83025E1C984202F58052F3B2D9
:10913C0003D9D2F84461C2F8F0609942F1D241F2FD
:10914C00EC102044FDF70EF897F8901891B197F8B1
:10915C00EC07012204EB8203561C904203F580536A
:10916C00F2B205D903F5FE6603F29C7336681E60F5
:10917C008A42EFD9069B002B40F07A8295F8E731B2
:10918C0004EE903AF8EEE44AD5EDBD6AB3EE046A0B
:10919C009FED207AB6EE004AD4EDAB7AF1EE003AB0
:1091AC00C6EE872A9FED1C3ADFED1C6A07F61C778A
:1091BC00D4EDAD5A94EDAE5A94EDAC7A87EE862A86
:1091CC00079BE7EEC47AB7EE006A65EEA35A25EE6C
:1091DC00235ADFED133AE2EE836AA7EE045AE2EE6D
:1091EC00247A36EEC66A87ED015AB0EEC66A1BE0E9
:1091FC00CDCC4C3F00007A44000000000AD7A33BC2
:10920C004260E53B0AD7233B0000B4430000B44264
:10921C000000C0420000C8429A99193FCDCCCC3E08
:10922C006F12833A00009642E7EE845AB4EEE36A7A
:10923C00F1EE10FAC7ED005AD3ED1A5AA7EE657A83
:10924C0040F10982039BF6EE006A03F23C6103F2E3
:10925C00346203F22C63C1ED007A81ED017AD2ED18
:10926C00005A92ED016A77EEA57A37EE067A67EE30
:10927C00A67A27EE267AC3ED007A83ED017A15B033
:10928C00BDEC0C8BBDE8F08F049C07F50069DFF892
:10929C00888397ED010AD7ED007A20EE000AA7EE3D
:1092AC00A70AB5EE400AF1EE10FA01F15B83F1EE7C
:1092BC00C07A08374F45E8EC017AEAD1CC4BF7EE8F
:1092CC00009A9FEDD79A4FF00009D3ED007AD3EDB9
:1092DC0001AAB0EE49AAC74BB1EE67BAC64A7AEEFC
:1092EC00E7AA05930123A2F1BC01DFEDC4BADFF8B4
:1092FC002C8302F5806A1F46049208910994DFEDD5
:10930C00C87A5FFA89FBBE4901221FFA89F41FFA59
:10931C0087FC93B20132A34205D3634503D891ED88
:10932C00007A77EE877A802A01F10401F1D1A7EB5C
:10933C000902013207EE102AB8EEC70A87EE800A3E
:10934C001AF0B2FD98F8504018ED01CAA8F10402C9
:10935C00132CB3EE047AF0EE4B7A79EECCCAE0EE35
:10936C00077A87EEAA8A38EE0A8AB0EEC88A00F22B
:10937C008B8002EB84020134E4B288F8504082ED19
:10938C00018ADFEDA77A414600220132B1EC017A65
:10939C00D3B277EE877AA342F7D307EE104AF8EEF2
:1093AC00C76A87EEA67A67EE2C7AE8EE0C7A78EE2E
:1093BC00677A77EEA77AF4EEE97AF1EE10FA5BDDD4
:1093CC00F7EE007A059B0BEBCB02C8ED157AE3ECBC
:1093DC00017A05930BEB420303EBC303C3F3850242
:1093EC0042EA8313DBB2152B57D9049B09F101090F
:1093FC00013708F15C080433B9F17F0F04937FF453
:10940C007EAFF2EE047A9FED7F7A099C69EE277AA3
:10941C0067EEA77AF4EEC77AF1EE10FA40F3E48027
:10942C00F1EE046AB7EE007A67EEA67AF4EE477AAC
:10943C00F1EE10FA77FE277A6D4B4FF400620021A3
:10944C0071481F46C3ED0A7A1BF094FF6F4B3A89A3
:10945C0007F10C006E49B3FBF2F303EB4303DA00A4
:10946C000023013A86F8F439A6F8EA39A6F8F63959
:10947C0019F0C0FDFFF763B9F5EEC07AF1EE10FA02
:10948C00A0D5F0EE4A7A9DE74C2208F10401404643
:10949C001DF012F888ED138A73E7049B9AED3A7A63
:1094AC00D3ED007A089B27EEAB8A9AED005A93F81D
:1094BC00E83479EEC56A38EE477A092BB0EEC77AF4
:1094CC0074D9DAF810209AED036ACAF80C20DAF88D
:1094DC001420DAED025ACAF81020DAF8182075EECA
:1094EC008A7ACAED015ACAF81420DAF81C2077EEF1
:1094FC00867A8AED026ACAF81820DAF82020CAF8AF
:10950C001C20DAF82420CAF82020DAF828208AED6A
:10951C000A7ACAF824209AED036A032B77EE867A2E
:10952C0027D09AED046A042B77EE867A21D09AED37
:10953C00056A052B77EE867A1BD09AED066A062B08
:10954C0077EE867A15D09AED076A072B77EE867A36
:10955C000FD09AED086A082B77EE867A09D09AED2F
:10956C00096A092B77EE867A03D09AED0A6A77EEB0
:10957C00867A06EE103A2748B8EEC66A87EE869AC7
:10958C0029EE269AA7EE059AB0EE490A06F020F9C4
:10959C0039EE409A8AED3A8AB4EEE99AF1EE10FA75
:1095AC001ADDB7EE009A8AED3B9A1EE75A1C0AEBBD
:1095BC00830383ED017AD3B2DAED017A089A012B99
:1095CC0077EE8A7A82F8E834D3D09AED026A022BCD
:1095DC0077EE867A9FD1CCE7B5EEC09AF1EE10FA11
:1095EC00E1D5B0EE4A9ADEE7DFED0D7A24E700BF55
:1095FC00F0440020DC510120DC5F012000008039A8
:10960C00E05B0120CDCC4C3EDC53012040420F00EE
:10961C00190501000C640120DC5B01205065012060
:10962C00000000001FED028A4FF0FF094FF0000808
:10963C000DAA1DEE101A0BA88DED0D8AADF8309009
:10964C008DF8328006F016FCF0EE487AADF83090CA
:10965C008DF8328033E4B0EEE66AB4EEE36AF1EEF4
:10966C0010FA00F1F28367EEA67A27EE267AE9E586
:10967C005FED154A88E50022FFF792B842F2F060E0
:10968C00204407F0B3FB04F51C5084EDAD0A07F041
:10969C00ADFB84EDAE0AFEF78BBFB7EE007AD5EDCD
:1096AC00B57AF4EEC77AF1EE10FA00F33181F5EEEB
:1096BC00C07A0023F1EE10FA40F1A783C5F8EC3222
:1096CC0004F500531A460393002392F810E782F82E
:1096DC001137BEF1360F7EF61BAF42F2F06020441C
:1096EC0007F084FB04F51C5084EDAD0A07F07EFBFB
:1096FC0084EDAE0A44F244080CAACA4BA0440DEE09
:10970C00102AFFF732B95A1ED2B202F1010805EB4A
:10971C00C801D1EDA17AB4EEE70AF1EE10FA0DDA38
:10972C001346013AD2B202F1010805EBC801D1EDA2
:10973C00A17AF4EEC07AF1EE10FAF1D8013330EEE2
:10974C00670ADFEDB96A05EBC30795F8843297ED2C
:10975C00A17A012B77EE677A80EE277A37EE267A9C
:10976C0000F0BB80022B40F08C8005EBC803D3EDDE
:10977C00A27A95F8C532C5EDB27A002B3EF49AAEBA
:10978C00D5F88832C3ED007AFEF794BED5EDB47AE5
:10979C00FEF772BE0023FEF75ABE00283EF44CAE14
:1097AC000022A2491346944698450ED917F803E0B7
:1097BC000133834201F801EFF6D1002A3EF43CAEAE
:1097CC00002385F81833FEF737BE0133012201F868
:1097DC0001CF8342E8D1002385F81833FEF72CBE65
:1097EC000C229349934819F0ABFB91490C229148F8
:1097FC0019F0A6FB0021FEF77CBD8D490C228D488B
:10980C0019F09EFB0021FEF74EBD0021FEF72FBD87
:10981C000021FEF71ABD00283EF4FCAC002109F132
:10982C0037030A468C4690450ED917F802E00132F0
:10983C00824203F801EFF6D100293EF4EBAC002391
:10984C0085F81833FEF7E6BC0132012103F801CF8D
:10985C008242E8D1002385F81833FEF7DBBC0021E7
:10986C00FEF77DBD0021FEF768BD0021FEF753BD5C
:10987C000021FEF7BDBD0021FEF783BD0027FEF7DA
:10988C00DBBD05EBC803D7EDA26AD3EDA27A76EE69
:10989C00E76AE7EE267A6CE70C226549654819F011
:1098AC004FFBFEF724BDD5F81C0318B11CF088FE45
:1098BC00C5F81C730023C5E9C833FEF7BFBC0C22E6
:1098CC005B495C4819F03CFBFEF7EBBC0C22584999
:1098DC00584819F035FBFEF700BD9FED570A27EEEF
:1098EC00000A1AF031FFB7EE007AF6EE007A97ED27
:1098FC00A26A05EBC80337EE400AD3EDA26A60EE0C
:10990C00277A37EE677A67EE867AE6EE877A30E763
:10991C0085EDBB7AD4E693ED014AD3ED024A77EE9E
:10992C00847A93ED037A77EEA47A77EE877AFFF751
:10993C0085B993ED007A7F2F53ED014A77EE267AA5
:10994C0077EE877A77EEA47A26D0D3ED014AB81C4D
:10995C0013ED027A77EEA47A7F2877EE877A03D814
:10996C0093ED027A77EE877AF81C13ED037A7F2851
:10997C0077EE877A03D893ED037A77EE877A381DE2
:10998C0013ED047A7F2877EE877A7FF657A9FFF7D5
:10999C00CAB80146FFF714B913ED027A77EE877A4D
:1099AC00E2E742F2147ADFED207A42F2AC7342F62F
:1099BC00AC32A24442F6AC11B0EE677A23440AF5FD
:1099CC00E960224421440AF5D96A0490A3EC017A97
:1099DC0083ED7F7AA2EC017AD2EDAB6AF4EEE76A02
:1099EC00F1EE10FA58BFF0EE667A9942EED1039B75
:1099FC0003F5F46393ED01AAB4EEE7AAF1EE10FAC5
:109A0C0000F1AE855046802200211BF0B3FC0021F2
:109A1C0042F6DB5A0F46A2440A460B4608468846D5
:109A2C0019E000BF10510120000000004748012040
:109A3C00B840002044510120DB0F49400000003C9D
:109A4C00002474495FFA8EF008F101085FFA88F877
:109A5C00B8F1800F18D01AF801CF00F1010EBCF14B
:109A6C00000FEFD18342A8EB000E80F0D18108F1FA
:109A7C0001081A46394603465FFA88F860465FFAD1
:109A8C008EF7B8F1800FE6D1072B40F2E981072A57
:109A9C0040F2E681B94240F2E581C3F347033B440F
:109AAC0007EE903AC2F347030B44B8EEE77A07EEA1
:109ABC00903AF8EEE77AF6EE006A1FED206A039909
:109ACC00002327EE067A68EE266AD1F8947767EEC3
:109ADC00867A01F2147201F5F160D1F8848727EED1
:109AEC00267A02F5156C67EEA67A049702F64817EB
:109AFC00D1F8982701F58351069290E8010C87ED77
:109B0C00007AC1ED007AC8F8003003600498CAF8F6
:109B1C000030CBF80030036003981360D0F89C271A
:109B2C001360D7ED009ADCED007A91ED008AF4EE2B
:109B3C00E79A0592F1EE10FA05DCF4EEC87AF1EE34
:109B4C0010FA40F1DF80039BD3F84C3793ED010AF8
:109B5C00D3ED007A38EE400A79EEE77A20EE000A6F
:109B6C00A7EEA70AB5EE400AF1EE10FA00F12D8728
:109B7C00B1EEC09A5FED4E7A039BD3F85037B4EE3A
:109B8C00E79A93ED010AF1EE10FA38EE400A58BF4D
:109B9C00B0EE679AD3ED007A20EE000A79EEE77A00
:109BAC00A7EEA70AB5EE400AF1EE10FA00F107870E
:109BBC00F1EEC07AF4EEC97AF1EE10FA00F1FA8601
:109BCC000027039BD3F8543793ED010AD3ED007AA9
:109BDC0038EE400A79EEE77A20EE000AA7EEA70AE3
:109BEC00B5EE400AF1EE10FA00F1DE86F1EEC07A25
:109BFC00F4EEC97AF1EE10FA02D5B0EE679A0227AC
:109C0C00039BD3F8583793ED010AD3ED007A38EE65
:109C1C00400A79EEE77A20EE000AA7EEA70AB5EE25
:109C2C00400AF1EE10FA00F1B986F1EEC07AF4EECA
:109C3C00C97AF1EE10FA02D5B0EE679A0327039BAE
:109C4C00D3F85C3793ED010AD3ED007A38EE400A75
:109C5C0079EEE77A20EE000AA7EEA70AB5EE400AE5
:109C6C00F1EE10FA00F19486F1EEC07AF4EEC97AB6
:109C7C00F1EE10FA02D5B0EE679A0427039BD3F8E5
:109C8C00603793ED010AD3ED007A38EE400A79EE95
:109C9C00E77A20EE000AA7EEA70AB5EE400AF1EE2D
:109CAC0010FA00F16986F1EEC07AF4EEC97AF1EEA1
:109CBC0010FA02D5B0EE679A0527039BD3F86437E8
:109CCC00D3ED017A93ED007A78EE677A39EEC77AA4
:109CDC0067EEA77AE7EE077AF5EE407AF1EE10FA26
:109CEC0000F15086B1EEE70A039B4FF07E52B4EEC2
:109CFC00490AF1EE10FA48BF062703EB8707D7F89D
:109D0C0084371A60B9F1000F00F0A58043F6C673D2
:109D1C0000222344194603E0013290B281450CD94C
:109D2C0031F8020F6428F7D102F2D2220798D8F842
:109D3C00001000EB8202C2F884101946002203E0E6
:109D4C00013290B281450CD931F8020F6928F7D154
:109D5C0002F2D22206990798096800EB8202C2F837
:109D6C0084101946002203E0013290B281450CD9CF
:109D7C0031F8020F6628F7D102F2D2220798DAF8EE
:109D8C00001000EB8202C2F884101946002203E096
:109D9C00013290B281450CD931F8020F6728F7D106
:109DAC0002F2D2220798DBF8001000EB8202C2F814
:109DBC0084101946002203E0013290B281450CD97F
:109DCC0031F8020F6828F7D102F2D22204990798D1
:109DDC00096800EB8202C2F88410002203E0013211
:109DEC0091B2894537D933F8021F6A29F7D102F2AB
:109DFC00D2230799059A01EB83031268C3F88420D8
:109E0C0095F87D320693FEF78ABCC5EDBB7A57E414
:109E1C009042A8EB000E84BF02465FFA8EF16046BA
:109E2C0012E6CE4BFEF756BB039B06F5B46603F564
:109E3C00B263D6ED006A03EBC803D3ED027A76EE7B
:109E4C00E76AE7EE267AFFF7E5B89FEDC57AF0EE04
:109E5C00477AFFF7F7B995F87D320693FEF75FBCAA
:109E6C001A463946C2F34702C3F347030A443B443C
:109E7C0007EE902AB8EEE77A07EE903AF8EEE77A1A
:109E8C0019E69FEDB80A06F5B46627EE000A1AF03B
:109E9C005BFCB7EE007AF6EE007A039BD6ED006A17
:109EAC0037EE400A03F5B26303EBC80360EE277A82
:109EBC0037EE677A67EEA67AD3ED026AE6EE877A1A
:109ECC00FFF7A8B8002104F64C2C97F8E4010B46D8
:109EDC0003E0CBB283423EF6CCAF03F5CB7201313B
:109EEC0004EB8202D2F83C2B9445F2D1B7F88400F3
:109EFC009AB200283EF4BDAF41F25A01002321442E
:109F0C0005E001331FFA83FC8445BEF4B2AF31F88F
:109F1C0002CF9445F5D1FEF7A6BF002104F5307CA5
:109F2C0097F8E4010B4603E0CBB29842FEF4A1AFE4
:109F3C0003F5CB72013104EB8202D2F83C2B944531
:109F4C00F2D1B7F884009AB200283EF492AF41F2F5
:109F5C005A010023214405E001331FFA83FC6045BC
:109F6C007EF687AF31F802CF9445F5D1FEF77BBF73
:109F7C00002104F6F81C97F8E4010B4603E0CBB281
:109F8C0083423EF676AF03F5CB72013104EB8202CD
:109F9C00D2F83C2B9445F2D1B7F884009AB2002841
:109FAC003EF467AF41F25A010023214405E001332E
:109FBC001FFA83FC60457EF65CAF31F802CF944506
:109FCC00F5D1FEF750BF002104F6D42C97F8E4012C
:109FDC000B4603E0CBB29842FEF44BAF03F5CB72C9
:109FEC00013104EB8202D2F83C2B9445F2D1B7F844
:109FFC0084009AB200283EF43CAF41F25A0100238F
:10A00C00214405E001331FFA83FC60457EF631AF35
:10A01C0031F802CF9445F5D1FEF725BF002104F6A7
:10A02C00A42C97F8E4010B4603E0CBB29842FEF463
:10A03C0020AF03F5CB72013104EB8202D2F83C2B3A
:10A04C009445F2D1B7F884009AB200283EF411AFCF
:10A05C0041F25A010023214405E001331FFA83FC2D
:10A06C0060457EF606AF31F802CF9445F5D1FEF788
:10A07C00FABE002104F6EC2C97F8E4010B4603E041
:10A08C00CBB29842FEF4F5AE03F5CB72013104EB82
:10A09C008202D2F83C2B9445F2D1B7F884009AB2E4
:10A0AC0000283EF4E6AE41F25A010023214405E0BB
:10A0BC0001331FFA83FC60457EF6DBAE31F802CF2C
:10A0CC009445F5D1FEF7CFBE002104F6C82C97F8C5
:10A0DC00E4010B4603E0CBB29842FEF4CAAE03F5A2
:10A0EC00CB72013104EB8202D2F83C2B9445F2D1B5
:10A0FC00B7F884009AB200283EF4BBAE41F25A0184
:10A10C000023214405E001331FFA83FC60457EF6F1
:10A11C00B0AE31F802CF9445F5D1FEF7A4BE0021C4
:10A12C0004F6BC2C97F8E4010B4603E0CBB2834257
:10A13C003EF69FAE03F5CB72013104EB8202D2F8EE
:10A14C003C2B9445F2D1B7F884009AB200283EF427
:10A15C0090AE41F25A01002321440BE01051012032
:10A16C0000000000DB0F494001331FFA83FC6045FF
:10A17C007EF67FAE31F802CF9445F5D1FEF773BE73
:10A18C00002104F52B6C97F8E4010B4603E0CBB2ED
:10A19C009842FEF46EAE03F5CB72013104EB8202F1
:10A1AC00D2F83C2B9445F2D1B7F884009AB200282F
:10A1BC003EF45FAE41F25A010023214405E0013325
:10A1CC001FFA83FC60457EF654AE31F802CF9445FD
:10A1DC00F5D1FEF748BE002104F52E6C97F8E4018A
:10A1EC000B4603E0CBB29842FEF443AE03F5CB72C0
:10A1FC00013104EB8202D2F83C2B9445F2D1B7F832
:10A20C0084009AB200283EF434AE41F25A01002385
:10A21C00214405E001331FFA83FC60457EF629AE2C
:10A22C0031F802CF9445F5D1FEF71DBE404604F03F
:10A23C0063FEFEF7C2BB0A2009F0A2F8BF481CF06F
:10A24C00DBF9FEF7C2BBB6F986294FF000090021F5
:10A25C00D6F8A809D31DCA4648BF02F10E03B6F9B9
:10A26C008429DB1003FB02F21BF084F80894B44B36
:10A27C001FFA89FC0FFA89F4002003EB09130593EC
:10A28C0009F00703069309E04FEA4A0A5FFA8AFAD3
:10A29C001AF0800F11D1013080283BD083B207B265
:10A2AC00049310F007033A46EED1059901EBE70E43
:10A2BC009EF8C8A41AF0800FEDD0B6F988E9BE4517
:10A2CC00E9DDB6F98A79A742E5DD96F89679022F91
:10A2DC0000F0D881032F00F0C981012FB6F98479E1
:10A2EC0000F0BF810146069B2246002A00F10100C6
:10A2FC00B8BF073280284FEAE20212FB07124FF078
:10A30C00010101FA03F7D6F8A8198B5C43EA07039D
:10A31C008B54C3D109F10109B9F1400FA7D1089CA5
:10A32C00FEF74BBB874BFEF720BBB8EE480A8648BE
:10A33C00C5F8302305F058F985EDCE0AFEF76EB955
:10A34C000A2009F01DF87D481CF056F9FEF757B9A4
:10A35C0096F8613180220CA9D6F8580143F0040319
:10A36C008DF830200DEE101AC3F3000286F861311F
:10A37C0003F07A031343012243F004038DF83430C5
:10A38C000B460DA918F07AFB012385F82D33FEF747
:10A39C0022B9B8EE480A6D48C5F8742305F024F9C3
:10A3AC0085EDDF0AFEF786B90A2008F0E9FF63485D
:10A3BC001CF022F9FEF76FB9A2F102094FF6FF73F8
:10A3CC00FEF7D8B80CAB0DEE103AFEF713B9FB1A2A
:10A3DC009BB24B81B2F880319BB20343A2F880311F
:10A3EC00FEF7AABA9BB2CB83B2F880319BB248EA93
:10A3FC000308A2F88081FEF79FBA9BB2CB82B2F819
:10A40C0080319BB243EA00239BB2A2F88031FEF765
:10A41C0093BA4F4A02EB8032FEF763BA4D49FEF70E
:10A42C008BB8C3ED017AFEF761B80023FEF72BB9A8
:10A43C0013930DA80E93ADF842308DF84630D6F834
:10A44C0074310D9340F20113ADF844300CF0ECFB79
:10A45C009DF84470042F6CD840F001031393DFB1C6
:10A46C009DF84620002A00F0528207F15002012F7D
:10A47C004FEA13216A4402F80A3C0DD0022F02F86D
:10A48C000B1C4FEA134107D0042F4FEA136302F859
:10A49C000C1C01D18DF84730BDF84220DDF834A0FA
:10A4AC00D3B2ADF83020120ABAF1000F00F081805F
:10A4BC009DF84590DAF80C3007EB09029A4238D82F
:10A4CC009AF80030DAF804205B0082F8A53040F2EC
:10A4DC000113A2F82F31B9F1000F23D0DAF8048060
:10A4EC001D4AD8F800305B6893427AD1B8F8303105
:10A4FC00FBB198F82F31C3F1890291456FD9012135
:10A50C00C8F8041008F1A5001DEE101A04921844A6
:10A51C001BF02EF898F82F31049A134488F82F3139
:10A52C00914506D13A46504601230DF147010CF0F6
:10A53C0027FC012385F87033FEF78CB8483D0120C9
:10A54C00381D00201051012064510120A851012018
:10A55C0000C03D4000801E409D3101000000000005
:10A56C00039B5FED027A93F8A077002F00F01D811A
:10A57C007A1E42F66063D2B2234403EB8203624636
:10A58C00B2EC017A934277EE877AF9D107EE107A22
:10A59C00F8EE476A1FED0F7AC7EEA69AFCEC017A2B
:10A5AC00634577EEE97AA7EEA77AF7D187EE260A0C
:10A5BC00FFE00E98A8B39DF8401003291FD0B9B93D
:10A5CC0003F07F038DF830309DF845303A460DF19D
:10A5DC00470100931DEE103A18F098FBA9E74A4684
:10A5EC0090E74A4640461DEE101A9847024697E7F8
:10A5FC0002292DD163F07F038DF83030E4E78DF81C
:10A60C00313022F001030DF147013A468DF830301C
:10A61C009DF84530013300931DEE103A18F076FB8F
:10A62C0087E70F9B002B84D0197C9DF845200029CF
:10A63C003FF47FAFD3F80C80B8F1000F3FF479AF43
:10A64C0058691DEE101A0DF147030097C04770E7CB
:10A65C000129B9D103F07F0343F040038DF830306A
:10A66C00B2E7791EA1EB0C0109B23EE6B6F88639C9
:10A67C004946049A013BB6F984799B1A1AB203F045
:10A68C00070332E6B6F98479B6F886397A1E04994E
:10A69C00013B511AA3EB0C0309B21AB203F00703E6
:10A6AC0023E6B6F986294FF000090021D6F8A8094F
:10A6BC00D31DCA4648BF02F10E03B6F98429DB103C
:10A6CC0003FB02F21AF056FE0894C34B1FFA89FCE6
:10A6DC000FFA89F4002003EB0913059309F0070323
:10A6EC00069309E04FEA4A0A5FFA8AFA1AF0800FD9
:10A6FC0011D10130802832D083B207B2049310F00C
:10A70C0007033A46EED1059901EBE70E9EF8C8A86F
:10A71C001AF0800FEDD0B6F988E9BE45E9DDB6F93F
:10A72C008A79A742E5DD96F89679022F2ED0032F71
:10A73C0020D0012FB6F9847917D00146069B22460A
:10A74C00002AB8BF0732D21012FB0712012101FAFE
:10A75C0003F7D6F8A8198B5C3B438B54C9E709F176
:10A76C000109B9F1400FB0D1D9E5791EA1EB0C016B
:10A77C0009B2E5E7B6F886394946049A013BB6F9C1
:10A78C0084799B1A1AB203F00703D9E7B6F98479D6
:10A79C00B6F886397A1E0499013B511AA3EB0C03C7
:10A7AC0009B21AB203F00703CAE7C7EEA79AB0EED4
:10A7BC00690AB5EE400AF1EE10FA00F1A380B1EE91
:10A7CC00C09A04EB8703C7F1800B3AB203F5005330
:10A7DC00BB4503F6A81103F6A833C1ED009A83ED2F
:10A7EC00009A7FF614A9C7F1010342F66060F0EEFF
:10A7FC00497A4946DBB2DFED79AA00EB04090593EF
:10A80C0004EB8202049B2AEE277A03EB870302F502
:10A81C000058D3ED007A08F6A81393ED006A77EE92
:10A82C00C66AF0EEE66AF4EEC76AF1EE10FA45DDA0
:10A83C00F4EEC67AF1EE10FA02DD01230AF80730C5
:10A84C00039BB7EE007A03F5F463D3ED026A08F5C7
:10A85C00F56337EE667A93ED006A27EE067AA7EE7B
:10A86C00A67AF0EE477A08F2AC73C3ED007A059B3A
:10A87C00F818C0B237B300F697327B1E9FED577AAB
:10A88C0050FA83F304EB820209EB83031046F0ECDD
:10A89C00017A834237EE277AF9D107EE907AF8EEF7
:10A8AC00676ADFED4E7A87EE266AB2EC017A934244
:10A8BC0037EE467AE7EE077AF7D107E000230AF87D
:10A8CC000730D0E7F0EE6A6ADFED447A87EEA60A2D
:10A8DC00B5EE400AF1EE10FA31D4013708F6AC139C
:10A8EC0008F6AC38FFB2C3ED009A88ED009A5F45CC
:10A8FC0035D2039B3AB203EB870303F6A433D3EDB3
:10A90C00017A7DE719F000FBB0EE409A59E7012F70
:10A91C004FEA13228DF847303FF4BEAD022F8DF86D
:10A92C0048204FEA13423FF4B7AD042F4FEA1363AC
:10A93C008DF849207FF4B0AD8DF84A30ACE5013785
:10A94C00069119F0E1FA08F6AC13FFB208F6AC3830
:10A95C00C3ED009ABB45069988ED009AC9D8894683
:10A96C00FFF755B8083719F0CFFAA8EC010A4F4594
:10A97C007EF48FACFEF7A2BC19F0C6FAF0EE407A6A
:10A98C00FFF793B9B0EE670A19F0BEFAFFF7ACB94E
:10A99C0019F0BAFAF0EE407AFFF768B919F0B4FA88
:10A9AC00F0EE407AFFF743B919F0AEFAF0EE407AC8
:10A9BC00FFF71EB9B0EE679A0127FFF702B919F03D
:10A9CC00A3FAF0EE407AFFF7F5B819F09DFAB0EE65
:10A9DC00409AFFF7CFB800BF381D002000000000E0
:10A9EC004EF218534EF2B8620021034402442DE992
:10A9FC00F04F2DED048BB0EE408A8BB0074643F838
:10AA0C00101B9342FBD1914A92F87D32002B40F0FF
:10AA1C00178392F8E13107F5004192F8E00103EB5E
:10AA2C00830391F8A44103EB83030533DBB281F874
:10AA3C00A231002C40F0208292F8E23103EB830328
:10AA4C0003EB8303053381F8A33197F8A832002B6D
:10AA5C0000F02582062840F0078307F580547C4AD5
:10AA6C0041F6105541F6145604F58053B7EE003AF2
:10AA7C00DFED783A3D449FED784A3E4493F839E156
:10AA8C0002F5007CC4F8342FBEF1000F40F01E829A
:10AA9C001368C6F82432043204369445F4D107F511
:10AAAC00804307F54052B3F8400092F878E058B371
:10AABC0043F6C671002339440E4605E001331FFAF4
:10AACC0083FC844580F08F8536F802CFF445F5D1B0
:10AADC0003F2D2234FF07E5602EB8303C3F884605B
:10AAEC0092F87AC0002303E001339EB286420BD267
:10AAFC0031F8026F6645F7D103F2D2234FF07E5145
:10AB0C0002EB8303C3F884100020D2F870E094F8B1
:10AB1C00E411024602E0C2B2914221D302F5CB739A
:10AB2C00013007EB8303D3F83C3B9D42F3D1B4F8DF
:10AB3C0084C092B2BCF1000F12D041F25A00002333
:10AB4C00384403E001339EB2664509D230F8026FF7
:10AB5C009642F7D107EB830303F60873C3F800E0C2
:10AB6C00002094F89068024602E0C2B2B2421CD8AF
:10AB7C0004EB82030130D3F840389D42F5D1B4F890
:10AB8C00306792B28EB141F206700023384403E074
:10AB9C0001339DB2B54208D230F8025F9542F7D12D
:10ABAC00F23304EB8303C3F8ECE13B682B4A1B69DB
:10ABBC00934240F03185002007F64C25024602F501
:10ABCC00CB73013007EB8303D3F83C3B9D4200F081
:10ABDC000E85C2B29142F2D207F5005AB0EE480A85
:10ABEC003846FDF72BFA07F560434FF07E520025EF
:10ABFC0003F5D16103F5D36307F53046A8460A6027
:10AC0C001A6013E0D6F8E00F03689B689847D6F8F3
:10AC1C00DC3F44191A681846D368984728440C3509
:10AC2C0001684268836821606260A360D6F8E00F17
:10AC3C000368DB689847804508F10108E2DB4EF2B7
:10AC4C000C554EF2AC683D44B8440CE0284E012043
:10AC5C00DC510120CDCCCC3D00000000F9000000FF
:10AC6C001035A8454BD0D5ED037AF5EEC07AF1EE50
:10AC7C0010FAF5DD2B68D6F8E09F002BF0DD0024F0
:10AC8C00D9F8003048469B6898476A68D9F8003074
:10AC9C00834652F8242048469B6802EB42020BEB99
:10ACAC00820B984795ED036A04EB4401D5E9012327
:10ACBC0052F8242003EB81030134296802EB420291
:10ACCC00D3ED004A93ED015A8C4200EB8200D3ED98
:10ACDC00025AD0ED006A90ED017AD0ED027AE4EEE2
:10ACEC00866AA6EE057AE6EE257ACBED006A8BED48
:10ACFC00017ACBED027AC3DB1035A845B3D10AF249
:10AD0C000C63CE4A4BF67C7904209A634FF0814257
:10AD1C00B9440025DA631BF04BFC0446C0F80090E4
:10AD2C0042F20C602146A846384414F081FE2046BD
:10AD3C001BF046FC012342F2F0608AF854364BF6C5
:10AD4C008C7A384406F052F807F51C50B0EE408A65
:10AD5C0006F04CF806F69C730022BA4483ED008A88
:10AD6C0083ED010A9A6076E0D6F8E00F03689B68E1
:10AD7C00984706F6C471284406F6A873D1ED006A0C
:10AD8C004A4691ED017AD1ED027A5146D0ED015A45
:10AD9C0090ED026A90ED005A75EEC75A36EE676A6E
:10ADAC00D3ED003A35EE665A93ED014AD3ED024AE3
:10ADBC0006A8A5EE847AE5EE236AE6EE247AF0EE98
:10ADCC00478AB0EE669AB0EE678A05F029FF94EDDB
:10ADDC00017A6A46D4ED027A06A9D4ED006A38EEFF
:10ADEC00C77A78EE677A03A879EE666A8DED017AF8
:10ADFC00CDED027ACDED006A04F05EFDD4ED006A73
:10AE0C0006F69C7394ED017AD4ED027A9DED039ACB
:10AE1C00DDED048A9DED058A39EE269AD6F8E00F11
:10AE2C0078EE878A38EE278AD3ED006A93ED017AA3
:10AE3C00D3ED027A39EE269A026878EE878A38EEDC
:10AE4C00278A9368984728440C3580ED009AC0ED0A
:10AE5C00018A80ED028AD6F8E00F06F57D6403685E
:10AE6C00DB689847804508F10108FFF67DAF0BB011
:10AE7C00BDEC048BBDE8F08F81F8A03192F8E23183
:10AE8C0003EB830303EB83030533DBB281F8A331BC
:10AE9C0081F8A13197F8A832002B7FF4DBAD07289D
:10AEAC0000F2C08301A353F820F000BFC97E00005C
:10AEBC004187000003870000BF86000081880000E6
:10AECC00CD8700004B7D000029840000336892ED93
:10AEDC00006A93F82C10D3ED005A092933EE655A09
:10AEEC0040F28A8093ED037A5869D3ED024AF0EE72
:10AEFC00476A83ED027A93ED047A74EE847A1861D2
:10AF0C00986977EEA67AC3ED014A5861D86983ED4A
:10AF1C00037A9861186AD861586A1862986A83ED46
:10AF2C000A6A5862032977EE877A27D093ED047A60
:10AF3C00042977EE877A21D093ED057A052977EEEF
:10AF4C00877A1BD093ED067A062977EE877A15D08F
:10AF5C0093ED077A072977EE877A0FD093ED087A6D
:10AF6C00082977EE877A09D093ED097A092977EECB
:10AF7C00877A03D093ED0A7A77EE877A07EE101A68
:10AF8C00D3ED116AF8EEC74A87EEA47A27EE057A5C
:10AF9C00A6EE257A77EE667AC7EEA36AF5EEC06A5E
:10AFAC00F1EE10FA01D5F0EE446AD3ED0F5A93EDA1
:10AFBC000E6AE5EEE36AD3ED0D7A26EE866AC3EDF2
:10AFCC000C6AE6EE237AF5EEC07AC3ED0D7AF1EE5B
:10AFDC0010FA29D4F4EEC37AF1EE10FA05DDF7EE8F
:10AFEC00007A83ED0C4A83ED0D3A77EE277A83EDE8
:10AFFC00117AC6ED897A4EE5481C03EB8101C0B28B
:10B00C0083F82C00012881ED016AD3ED017A77EEEB
:10B01C00847A10D093ED027A022877EE877A0AD0E0
:10B02C00014693ED037A7DE7F0EE447A83ED0C4A0A
:10B03C0083ED0D4AD9E70146A0E700BF0000F0C040
:10B04C0007F50043052293F8A41183F8A2210029E7
:10B05C006BD040F2055183F8A321A3F8A01197F807
:10B06C00A832002B3FF4B8AD07F58043B3F840008D
:10B07C0040B343F6C67200233A44114603E0013351
:10B08C009CB2A0420CD931F8024F022CF7D107EB3D
:10B09C00830343F6483119444FF07E53C1F8843092
:10B0AC00002303E0013399B281420BD232F8021F24
:10B0BC001929F7D107EB830343F6483200211A44D0
:10B0CC00C2F8841007F58054002107F6F81094F8A4
:10B0DC00E4510A4603E0CAB2AA423FF67DAD02F53E
:10B0EC00CB73013107EB8303D3F83C3B9842F2D18D
:10B0FC00B4F8844092B2002C3FF46EAD41F25A0188
:10B10C000023394404E0013398B2A042BFF464AD8B
:10B11C0031F8020F9042F6D107EB8303C84A07F5CA
:10B12C00005A03F608731A6058E583F8A32197F8C0
:10B13C00A832002B98D14FE507F5005AC14C42F2CA
:10B14C0090159AF8BC333D445B0805F53A7004EB56
:10B15C00830393ED300A04F1BC03CAF8B43304F052
:10B16C0037FB0AF2845383ED000A9AF8BC339AF841
:10B17C0074645B08272E04EB8304D4F8C08000F2BF
:10B18C001D82721C0AEB8603D1B201298AF8741451
:10B19C00C3F8C483DAEDF18A10D042F2C8343C44CF
:10B1AC0023460122F3EC017A0132F4EE687AD0B234
:10B1BC00F1EE10FA77FEA88A8842F3D3DAF8C0438E
:10B1CC0007EB840606F5005606F58C63D3ED007A82
:10B1DC00F4EE687AF1EE10FA17D042F2644314F0F0
:10B1EC00FF083B4408D042F2684118464FEA8802F7
:10B1FC0039441BF061F9034603EB880306F58C66B2
:10B20C00002243F8042CC6ED008A002CDFED8E7A68
:10B21C000DDD00231A46283201330AEB8202DBB221
:10B22C0092EDF17A9C421A4677EE877AF3DC07EEC0
:10B23C00104A0AF5B163B6EE006A07F54052B8EE53
:10B24C00C77AC7EE876AC3ED006A0AF28453D3ED5E
:10B25C00007A07F5804376EEE76AB3F84000E6EE35
:10B26C00867ACAEDEE7A92F878C050B343F6C6717E
:10B27C00002339440C4604E001339EB2B04240F244
:10B28C00AF8134F8026F6645F6D103F2D2234FF04A
:10B29C007E5402EB8303C3F8844092F87B60002356
:10B2AC0003E001339CB2A0420BD931F8024FB442F7
:10B2BC00F7D103F2D2234FF07E5102EB8303C3F894
:10B2CC00841007F580540020D2F874E094F8E4114F
:10B2DC00024602E0C2B2914221D302F5CB73013097
:10B2EC0007EB8303D3F83C3B9D42F3D1B4F884C005
:10B2FC0092B2BCF1000F12D041F25A000023384434
:10B30C0003E001339EB2B44509D930F8026F96427E
:10B31C00F7D107EB830303F60873C3F800E00020B2
:10B32C0094F89068024602E0C2B2B2421CD804EB18
:10B33C0082030130D3F840389D42F5D1B4F8306720
:10B34C0092B28EB141F206700023384403E001330F
:10B35C009DB2B54208D230F8025F9542F7D1F23374
:10B36C0004EB8303C3F8ECE13B68384A5B69934216
:10B37C0040F0EB81002007F64C25024603E0C2B2F8
:10B38C008A423FF62BAC02F5CB73013007EB8303FB
:10B39C00D3F83C3B9D42F2D1B4F8840092B2002821
:10B3AC003FF41CAC41F25A010023394404E0013350
:10B3BC009CB28442BFF412AC31F8024F9442F6D1E5
:10B3CC0007EB83031E4A03F608731A6006E407F5BD
:10B3DC008043B3F8400000283FF4FEAB43F6C6723E
:10B3EC0000233A4404E0013399B28142BFF4F4AB38
:10B3FC0032F8021F0029F6D107EB830343F64832DB
:10B40C004FF07E5107F5005A1A44C2F88410FFF72A
:10B41C00E5BB07F58043B3F8400000283FF4DCABF4
:10B42C0043F6C67200233A4404E0013399B28842D1
:10B43C007FF6D2AB32F8021F0129F6D1DCE700BF50
:10B44C00CDCC4C3F205F012000000000F900000033
:10B45C0007F58043B3F84000A8B143F6C672002349
:10B46C003A4403E0013399B288420CD932F8021FF6
:10B47C000429F7D107EB830343F648324FF07E5192
:10B48C001A44C2F8841007F58054002107F6A4254D
:10B49C0094F8E4010A4603E0CAB29042FFF49CAB74
:10B4AC0002F5CB73013107EB8303D3F83C3B9D4290
:10B4BC00F2D1B4F8844092B2002C3FF48DAB41F23F
:10B4CC005A010023394404E0013398B2A042BFF47E
:10B4DC0083AB31F8020F9042F6D11DE607F580439D
:10B4EC00B3F8401049B343F6C67200233A441046F1
:10B4FC0003E001339CB28C420CD230F8024F032C87
:10B50C00F7D107EB830343F6483018444FF07E53D2
:10B51C00C0F88430002303E0013398B288420CD287
:10B52C0032F8020F0028F7D107EB830343F64832B9
:10B53C004FF07E511A44C2F8841007F58054002154
:10B54C0007F6D42594F8E4010A4603E0CAB2824215
:10B55C003FF642AB02F5CB73013107EB8303D3F813
:10B56C003C3B9D42F2D1B4F8844092B2002C3FF4A3
:10B57C0033AB41F25A010023394404E0013398B251
:10B58C00A042BFF429AB31F8020F9042F6D1C3E5CB
:10B59C0007F58043B3F8400000283FF41DAB43F699
:10B5AC00C67200233A4404E0013399B28142BFF4DD
:10B5BC0013AB32F8021F1529F6D11DE742F2C8343D
:10B5CC0042F2C4309C223C44384421461AF074FFA9
:10B5DC000AF58C63DAEDF18A3146C3F80080DFE5B9
:10B5EC0092F87B605BE692F87AC0FFF77BBAB4F80E
:10B5FC00840092B200283FF4EFAA41F25A010023D2
:10B60C00394404E001339CB2A0427FF6E5AA31F83C
:10B61C00024F9442F6D17FE5384607F5005A984719
:10B62C00FFF7DCBAC64D07F5805441F6940141F69C
:10B63C009806B7EE004ADFEDC34A9FEDC35A394472
:10B64C003E4494F8BBEC05F5007CC4F8B45ABEF14A
:10B65C00000F7ED12A68C6F8202204350436AC458A
:10B66C00F5D107F5804307F54052B3F8406092F8E6
:10B67C0078C00EB343F6C67500233D44284630F817
:10B68C0002EFE64540F02C8103F2D2234FF07E50BE
:10B69C0002EB8303C3F8840092F87900002335F899
:10B6AC0002CF844540F0458103F2D2234FF07E5007
:10B6BC0002EB8303C3F884000025D66E94F8E401F2
:10B6CC002B4603F5CB72013507EB8202D2F83C2BEB
:10B6DC00914240F0FB80B4F884C09AB2BCF1000FE8
:10B6EC000DD041F25A0500233D4435F802EF964542
:10B6FC0040F0FF8007EB830303F608731E60002203
:10B70C0094F890C8134604EB83050132D5F84058E1
:10B71C00A94240F0E080B4F830579AB26DB141F2D2
:10B72C0006710023394431F802CF944540F0FA8079
:10B73C00F23304EB8303C3F8EC613B68834ADB68A8
:10B74C00934200F0DD8007F5005A38469847FFF722
:10B75C0045BA3368D5ED001A93F82C2093ED001AF6
:10B76C00092A74EE413A00F28780501C03EB8202E6
:10B77C00C0B283F82C000128C2ED011AD3ED017A76
:10B78C0077EE857A00F0A08093ED027A022877EEAE
:10B79C00877A00F09980024693ED037A032A77EEBC
:10B7AC00877A27D093ED047A042A77EE877A21D012
:10B7BC0093ED057A052A77EE877A1BD093ED067AFE
:10B7CC00062A77EE877A15D093ED077A072A77EE5B
:10B7DC00877A0FD093ED087A082A77EE877A09D00A
:10B7EC0093ED097A092A77EE877A03D093ED0A7ADA
:10B7FC0077EE877A07EE102AD3ED115ADFED522A35
:10B80C00B8EEC72A93ED0F3AD3ED0D6A93ED0E6A9D
:10B81C0087EE827A67EE237AE1EE817A77EEE55A4B
:10B82C0085EEA47AB4EE627AF1EE10FA48BFB0EE6F
:10B83C00457AA3EE647A27EE066A83ED0C7AB0EEB5
:10B84C00667AA6EE247AB4EEE27A83ED0D7AF1EE06
:10B85C0010FA32D4B4EEC47AF1EE10FA05DDB7EE7C
:10B86C00007A83ED0C5A83ED0D4AC3ED117A77EE15
:10B87C00877AC6ED887AF0E693ED037A586993EDF2
:10B88C00026AF0EE476A83ED027A93ED047A76EE63
:10B89C00057A1861986977EEA67A83ED016A58618A
:10B8AC00D86983ED037A9861186AD861586A18626E
:10B8BC00986AC3ED0A1A586270E7B0EE457A83EDC8
:10B8CC000C5A83ED0D5AD0E7024693E7EBB2834254
:10B8DC007FF6F7AE13E7D3B29C45BFF414AF2CE759
:10B8EC0001331FFA83FEB645FFF4C9AE92F8790016
:10B8FC00D4E601331FFA83FEF4453FF6F6AEFEE6BE
:10B90C00002107F64C250B4603F5CB72013107EBF2
:10B91C008202D2F83C2B95421AD0CBB28342F3D997
:10B92C00FFF75AB901331FFA83FCAC45FFF4FBAEA9
:10B93C0003E701331FFA83FCB445FFF4B0AEBBE65A
:10B94C00DC510120CDCCCC3D00000000F900000002
:10B95C00B4F884009AB200283FF43EA941F25A018F
:10B96C000023394431F8024F94423FF4D5AB0133F4
:10B97C009CB2A042F6D8FFF72FB900BF704700BFAA
:10B98C00704700BF704700BF704700BF704700BFD3
:10B99C00D2ED006A92ED017A91ED024AD1ED037A73
:10B9AC0024EE264AD1ED093A67EE877AD1ED076A83
:10B9BC002DE9F04134EE277A8EB037EE237A27EE5C
:10B9CC00267A77EE045AFDEEE56AB8EEE66AF4EEF6
:10B9DC00C65AF1EE10FA06D516EE903A013B06EE79
:10B9EC00903AB8EEE66A77EE276ABDEEC66AFDEECF
:10B9FC00E65A16EE104AB8EEE56AF4EEC66AF1EEB7
:10BA0C0010FA06D515EE903A013B05EE903AB8EED9
:10BA1C00E56A33EE877AFDEEC66ABDEEC76A16EEAE
:10BA2C00905AF8EEC66AB4EEE67AF1EE10FA06D544
:10BA3C0016EE103A013B06EE103AF8EEC66ABDEE71
:10BA4C00E67A631906EE904A91ED086A17EE10CA71
:10BA5C00B8EEC75AF8EEE65A06EE905A6344F8EE82
:10BA6C00E66A07EE103AB8EEC77AE7EE465AE7EE0A
:10BA7C00466AA7EE465A34EE654A77EEE67A73EEDE
:10BA8C00C53AB4EEE74AF1EE10FAF4EEE37A1FDBB6
:10BA9C00F1EE10FAC0F20081B7EE005A4FF0000E32
:10BAAC000127F0EE632AF0EE630AF04634EE450A05
:10BABC00764637EEC53A3B46F0EE676A3A4633EEC9
:10BACC00C55AF0EE435AF0EE404AB0EE402A1EE062
:10BADC00F1EE10FA40F1BE80F7EE004A4FF0010E85
:10BAEC000023B0EE442AF0EE676A774673EEE40A60
:10BAFC00F04637EEE43A1E46B0EE440A1A4674EEAF
:10BB0C00644AB0EE605AF0EE435AF0EE602A9FEDB4
:10BB1C00BF7A5FFA8CFC8844EDB2A4EE447A8E4472
:10BB2C00E0440E44E6440F4498F8B8822E44E4B244
:10BB3C000A4446449EF8B882A7EEE77A07EB050E56
:10BB4C0096F8B8622244C6440B4432448C449EF8A6
:10BB5C00B86223440D440C44A3EEE37A334492F8C8
:10BB6C00B864B0EE001A93F8B824F0EE081A9CF8FA
:10BB7C00B93236EE000AA6EE012A2B44A6EE013AA3
:10BB8C00B5EEC07A93F8B932E6EE012AE6EE214A18
:10BB9C00F1EE10FA2344E6EE215AA6EE215A93F860
:10BBAC00B93476EE266A76EE200A40F1DB809FED02
:10BBBC00986ADFED967AE0EE407AE6EEE67AE0EE11
:10BBCC00E07AF5EEC07AF1EE10FA40F1B480DFEDD8
:10BBDC00906ADFED8E7AE2EE427AE3EE437AE2EEA1
:10BBEC00E27AF5EEC07AF1EE10FA40F18D809FED1D
:10BBFC00887ADFED867AE4EEE47AE5EEE57AE5EE36
:10BC0C00457AF5EEC07AF1EE10FA66D5DFED807A62
:10BC1C0076EE266A9FED7F6A496800220BAD039091
:10BC2C0036EE877A0C6808AB246877EE277A069292
:10BC3C000792089267EE867A09920A920B920C92FE
:10BC4C000D9205AA0095CDED057AA04703980EB08C
:10BC5C00BDE8F081B4EEE34AF1EE10FA40F1B980A0
:10BC6C00F7EE004A4FF0010E0023B0EE442AF0EE3E
:10BC7C00630A774677EEE46A764673EEE42A9846D2
:10BC8C00B0EE440A1A4674EE644AB0EE625AF0EE14
:10BC9C00665AB0EE663A3AE7B4EEE34AF7EE005A6B
:10BCAC00B0EE673AF1EE10FA7BDB34EE650A4FF03A
:10BCBC00010E73EEE52A0027F0EE630A7346F0EEF0
:10BCCC00676A724677EEE55AB846B0EE625A3E465F
:10BCDC00F0EE404AB0EE402A19E703EB430367EE5F
:10BCEC00A77A01EB830367EEA77A93ED0B3AD3EDBA
:10BCFC000A3A65EE835A93ED0C4AE4EEA35AE5EE4C
:10BD0C00045A67EEA57A83E702EB420267EEA77A44
:10BD1C0001EB820267EEA77AD2ED0B3A92ED0A4A5A
:10BD2C0023EE233A92ED0C7AA2EE043AA2EE873A75
:10BD3C0027EE837A5DE706EB460467EEA77A01EB04
:10BD4C00840467EEA77AD4ED0B3A94ED0A4A66EEBA
:10BD5C00A36A94ED0C7AE0EE046AE0EE876A67EE73
:10BD6C00A66A36E79CF8B87227EE077A3D4427EEB0
:10BD7C00077A95F8B8522C4494F8B84404EB440470
:10BD8C0001EB840494ED0B1AD4ED0A1A67EE817A58
:10BD9C0094ED0C6AE4EE217AE3EE867A27EE276ABC
:10BDAC0007E773EEE50A4FF0010E34EE652A002723
:10BDBC00F0EE676A7346B0EE440AF04677EEE55A49
:10BDCC003E46B0EE605A3A46F0EE424AF0EE602A39
:10BDDC009DE6B7EE005A4FF0000E0127F0EE632AF5
:10BDEC00F0EE630AF04677EEC56A724634EE452AE9
:10BDFC003B46B0EE440A3E4633EEC55AF0EE665A68
:10BE0C00F0EE424AB0EE663A81E600BF9A99193FCD
:10BE1C000000000000000042D2ED006A92ED017AB1
:10BE2C0091ED024AD1ED037A24EE264AD1ED093A7E
:10BE3C0067EE877AD1ED076A2DE9F04134EE277A67
:10BE4C008EB037EE237A27EE267A77EE045AFDEE83
:10BE5C00E56AB8EEE66AF4EEC65AF1EE10FA06D5CB
:10BE6C0016EE903A013B06EE903AB8EEE66A77EEA3
:10BE7C00276ABDEEC66AFDEEE65A16EE104AB8EE1B
:10BE8C00E56AF4EEC66AF1EE10FA06D515EE903AB4
:10BE9C00013B05EE903AB8EEE56A33EE877AFDEE9B
:10BEAC00C66ABDEEC76A16EE905AF8EEC66AB4EED4
:10BEBC00E67AF1EE10FA06D516EE103A013B06EED4
:10BECC00103AF8EEC66ABDEEE67A631906EE904AB1
:10BEDC0091ED086A17EE10CAB8EEC75AF8EEE65A9A
:10BEEC0006EE905A6344F8EEE66A07EE103AB8EEA6
:10BEFC00C77AE7EE465AE7EE466AA7EE465A34EEA4
:10BF0C00654A77EEE67A73EEC53AB4EEE74AF1EE9F
:10BF1C0010FAF4EEE37A1FDBF1EE10FAC0F20081B6
:10BF2C00B7EE005A4FF0000E0127F0EE632AF0EE48
:10BF3C00630AF04634EE450A764637EEC53A3B4680
:10BF4C00F0EE676A3A4633EEC55AF0EE435AF0EE1D
:10BF5C00404AB0EE402A1EE0F1EE10FA40F1BE80ED
:10BF6C00F7EE004A4FF0010E0023B0EE442AF0EE3B
:10BF7C00676A774673EEE40AF04637EEE43A1E46FB
:10BF8C00B0EE440A1A4674EE644AB0EE605AF0EE13
:10BF9C00435AF0EE602A9FEDBF7A5FFA8CFC88441E
:10BFAC00EDB2A4EE447A8E44E0440E44E6440F44D1
:10BFBC0098F8B8822E44E4B20A4446449EF8B882FB
:10BFCC00A7EEE77A07EB050E96F8B8622244C64452
:10BFDC000B4432448C449EF8B86223440D440C4408
:10BFEC00A3EEE37A334492F8B864B0EE001A93F8F7
:10BFFC00B824F0EE081A9CF8B93236EE000AA6EE18
:10C00C00012A2B44A6EE013AB5EEC07A93F8B93268
:10C01C00E6EE012AE6EE214AF1EE10FA2344E6EEB2
:10C02C00215AA6EE215A93F8B93476EE266A76EEAA
:10C03C00200A40F1DB809FED986ADFED967AE0EE06
:10C04C00407AE6EEE67AE0EEE07AF5EEC07AF1EED2
:10C05C0010FA40F1B480DFED906ADFED8E7AE2EEFB
:10C06C00427AE3EE437AE2EEE27AF5EEC07AF1EE52
:10C07C0010FA40F18D809FED887ADFED867AE4EE40
:10C08C00E47AE5EEE57AE5EE457AF5EEC07AF1EE86
:10C09C0010FA66D5DFED807A76EE266A9FED7F6A20
:10C0AC00496800220BAD039036EE877A0C6808AB1A
:10C0BC00246877EE277A06920792089267EE867AC2
:10C0CC0009920A920B920C920D9205AA0095CDED55
:10C0DC00057AA04703980EB0BDE8F081B4EEE34AB0
:10C0EC00F1EE10FA40F1B980F7EE004A4FF0010E74
:10C0FC000023B0EE442AF0EE630A774677EEE46A4A
:10C10C00764673EEE42A9846B0EE440A1A4674EE6C
:10C11C00644AB0EE625AF0EE665AB0EE663A3AE70E
:10C12C00B4EEE34AF7EE005AB0EE673AF1EE10FACD
:10C13C007BDB34EE650A4FF0010E73EEE52A002727
:10C14C00F0EE630A7346F0EE676A724677EEE55AD4
:10C15C00B846B0EE625A3E46F0EE404AB0EE402A87
:10C16C0019E703EB430367EEA77A01EB830367EE52
:10C17C00A77A93ED0B3AD3ED0A3A65EE835A93ED19
:10C18C000C4AE4EEA35AE5EE045A67EEA57A83E76F
:10C19C0002EB420267EEA77A01EB820267EEA77A06
:10C1AC00D2ED0B3A92ED0A4A23EE233A92ED0C7A39
:10C1BC00A2EE043AA2EE873A27EE837A5DE706EB0D
:10C1CC00460467EEA77A01EB840467EEA77AD4EDF8
:10C1DC000B3A94ED0A4A66EEA36A94ED0C7AE0EE03
:10C1EC00046AE0EE876A67EEA66A36E79CF8B872D6
:10C1FC0027EE077A3D4427EE077A95F8B8522C447F
:10C20C0094F8B84404EB440401EB840494ED0B1A49
:10C21C00D4ED0A1A67EE817A94ED0C6AE4EE217A79
:10C22C00E3EE867A27EE276A07E773EEE50A4FF00E
:10C23C00010E34EE652A0027F0EE676A7346B0EE05
:10C24C00440AF04677EEE55A3E46B0EE605A3A465E
:10C25C00F0EE424AF0EE602A9DE6B7EE005A4FF03F
:10C26C00000E0127F0EE632AF0EE630AF04677EE3B
:10C27C00C56A724634EE452A3B46B0EE440A3E4649
:10C28C0033EEC55AF0EE665AF0EE424AB0EE663A1C
:10C29C0081E600BF9A99193F00000000000000429F
:10C2AC00806E704701207047443070470320704700
:10C2BC00006F7047C06E70472DE9F04F0646D0F8FE
:10C2CC00E0000D4603682DED028B1B6885B0984786
:10C2DC002968A34ACB69934240F0388140F23B284D
:10C2EC0005F12407DFED9F8A9FED9F8A0024DFF87C
:10C2FC0080B2DFF8809261E005F58053224650460B
:10C30C00019493F85ECFBCF1000F6BD12B7A1BB16B
:10C31C00C2F1005202F23A226B6803EBC2031A68B4
:10C32C0002925B6803930B694B4540F0AE80384634
:10C33C000378427813433BD0D6ED3E7ADDED026AAA
:10C34C0096ED3C6A76EEE76A9DED037A36EE676A07
:10C35C0066EEA86AC6EE867A77EE887AF4EEE87A0C
:10C36C00F1EE10FA00F39580F5EEC07AF1EE10FACA
:10C37C0000F1D880D6ED3F6AF3EE095A96ED3D6A8E
:10C38C00FCEEE77A37EE667A36EE666A17EE903A8E
:10C39C0067EE256A99B286EE867A37EE087AB4EEA5
:10C3AC00E57AF1EE10FA40F3C3803F2940F2D580D4
:10C3BC0001340337444580F0AA8029688B681FFA42
:10C3CC0084FA5B4540F0A880B4F50F7F94D305F553
:10C3DC00805340F23B2293F85ECF10460192BCF1A1
:10C3EC00000F93D0B3F8602FDDED017AB0FBF2FCB7
:10C3FC0002FB1C00B8EEE77A07EE902A03F66C728B
:10C40C0080B2F8EEE76AB8EE676A07EE900AF8EECB
:10C41C00E77A37EE677AC7EE265AD2ED006A03F652
:10C42C00647292ED007A03F5776236EE877A37EE16
:10C43C00667A67EE277A87EE867A37EE267AD2ED21
:10C44C00006A03F66872D2ED007AB3F8622F76EECA
:10C45C00A77A8DED027A06EE102A03F6747203F6B3
:10C46C00787377EEE67A82ED007AB8EE466A65EE7E
:10C47C00A75AC5EE867A77EEA67AC3ED007A0B69D9
:10C48C00CDED037A4B453FF452AF514628469847C1
:10C49C004EE72022CF233A21D6ED3F7AB3EE096A3C
:10C4AC00D6ED3D6A37EE677A76EEE76A67EE067A86
:10C4BC0087EEA67A37EE087AB4EEC67AF1EE10FA69
:10C4CC001BDCB5EEC07AF1EE10FA2FD40122BCEED3
:10C4DC00C77A17EE103A9BB21F2B8CBF002202F0CA
:10C4EC000102002A3FF464AFCA43C90801EBC3033D
:10C4FC0002F0070101228A40D2B21C4901340337F1
:10C50C00C85C444542EA0002CA54FFF456AF05B079
:10C51C00BDEC028BBDE8F08F2946524602A8984725
:10C52C00296800E78022C8230021B5E70023DBE758
:10C53C00B5EEC07A3F298CBF00220122F1EE10FA31
:10C54C00C5D50023002A3FF433AFCDE728469847E2
:10C55C0080460028DBD02968C2E61923C4E700BF57
:10C56C007D0200000000684200000000AC3E01208B
:10C57C008D010000E505000090F84420042A00F22B
:10C58C005A81D0ED0E6A034690ED0D6AF5EEC06A45
:10C59C0070B5F1EE10FA40F14F81B0EE667A002AD8
:10C5AC0000F05581D3ED107ADFEDCC5AF4EEE57A3C
:10C5BC00F1EE10FA00F1C881D3ED035AF5EEC05A32
:10C5CC00F1EE10FA00F37B82012A1BD0D3ED055A51
:10C5DC00F5EEC05AF1EE10FA00F31F82022A11D0C8
:10C5EC00D3ED075AF5EEC05AF1EE10FA00F3B28211
:10C5FC00042A07D1D3ED095AF5EEC05AF1EE10FA20
:10C60C0000F33E8293ED0F7A0132B5EEC07AD2B2CE
:10C61C0083F84420F1EE10FAF5EEC07AC8BF9FED16
:10C62C00AF7AF1EE10FA01D5DFEDAC7A052A83ED85
:10C63C000F7AC3ED107A00F0FD80F7EE005AF4EE9D
:10C64C00E56AF1EE10FA00F10981B4EEE56AB6EE96
:10C65C00005AF1EE10FAF4EEC57A76FE255AF1EE98
:10C66C0010FA00F10581D3ED034AF4EEC54AF1EE60
:10C67C0010FA00F32782012A1BD0D3ED054AF4EE01
:10C68C00C54AF1EE10FA00F39481022A11D0D3EDD1
:10C69C00074AF4EEC54AF1EE10FA00F37F82042A41
:10C6AC0007D1D3ED094AF4EEC54AF1EE10FA00F3C6
:10C6BC00F181F6EE005A02F1010C5FFA8CFCB4EE3B
:10C6CC00657A83F844C0F1EE10FAF4EE657A35FE23
:10C6DC00877AF1EE10FA48BFF0EE657ABCF1050FDF
:10C6EC0083ED0F7AC3ED107A00F0A480F5EEC06AEA
:10C6FC00F1EE10FA00F1D380B5EEC06A9FED775AD7
:10C70C00F7EE005AF1EE10FAF4EEE57A36FE055A21
:10C71C00F1EE10FA00F1CD80D3ED034AF4EEE54AC8
:10C72C00F1EE10FA00F3C081D3ED054AF4EEE54AC0
:10C73C00F1EE10FA00F3D680BCF1020F12D0D3ED5B
:10C74C00074AF4EEE54AF1EE10FA00F3F181BCF180
:10C75C00040F07D1D3ED094AF4EEE54AF1EE10FAD5
:10C76C0000F32E82F7EE005A0CF1010C5FFA8CF2FA
:10C77C00B4EE657A83F84420F1EE10FAF4EE657AA3
:10C78C0035FE877AF1EE10FA48BFF0EE657A052A8D
:10C79C0083ED0F7AC3ED107A4CD0F5EEC06AF1EE52
:10C7AC0010FA07D4B5EEC06ADFED4C6AF1EE10FA60
:10C7BC0076FE266A9FED4A6AF4EEC67AF1EE10FA1E
:10C7CC0000F1D880D3ED035AF4EEC65AF1EE10FA0C
:10C7DC0000F37B81D3ED055AF4EEC65AF1EE10FA54
:10C7EC0000F3A381D3ED075AF4EEC65AF1EE10FA1A
:10C7FC0000F3C281042A07D1D3ED095AF4EEC65ACC
:10C80C00F1EE10FA00F3E5819FED356A0132B4EEDA
:10C81C00467A83F84420F1EE10FAF4EE467A36FEAE
:10C82C00077AF1EE10FA48BFF0EE467A83ED0F7AF4
:10C83C00C3ED107A70BD7047B5EEC06A9FED277AD4
:10C84C00F1EE10FA36FE077A002A7FF4ABAE002127
:10C85C00D3ED107A83ED047AD960D3E6B6EE005AA4
:10C86C00F0EE665AF4EEC57AF1EE10FA7FF5FBAEF7
:10C87C00B4EEC57A02F1010C03EBC2025FFA8CFC38
:10C88C00F1EE10FA82ED035AC2ED045A83F844C05B
:10C89C0040F38680B0EE457AF0EE457A1EE7F7EE6F
:10C8AC00005AB0EE665AF4EEE57AF1EE10FA7FF526
:10C8BC0033AFB4EEE57A0CF1010203EBCC0CD2B23F
:10C8CC00F1EE10FACCED035A8CED045A83F84420A7
:10C8DC006CDDB0EE657AF0EE657A58E7000000008A
:10C8EC000024744903F1140103F11C02BCF1020F82
:10C8FC0003C982E8030040F27681022201259646A4
:10C90C0003EBC20103EBC2040C31143403C984E8F9
:10C91C0003000EF1010161450ED203EBC2020EF1D0
:10C92C00020E1C32F44594E8030082E8030003D99C
:10C93C0003F12C04C4E9000103EBC5054FF07E5252
:10C94C0085ED045AEA600DE703EBC2010132C1ED3B
:10C95C00035AD2B281ED047A93ED0F7A83F8442016
:10C96C00B5EEC07AF1EE10FA17DDB0EE657AF0EEA6
:10C97C00657A5BE6B4EEC67A03EBC201013281ED57
:10C98C00036AF1EE10FAC1ED046A83F844200ADD63
:10C99C00B0EE467AF0EE467A48E7F0EE657A45E678
:10C9AC00F0EE457A9AE6F0EE467A3FE7F0EE657ADD
:10C9BC00EDE64FF0010C03EBCC0E0CF101055FFA28
:10C9CC008CF47146AA420EF1140E01F10C0103C94C
:10C9DC008EE8030018D9A61C03EBCC05F6B21C3567
:10C9EC009EE80300B24285E803000DD9033403EB43
:10C9FC00CC0EE4B20EF1240EA2428EE8030003D951
:10CA0C0003F12C0484E8030003EBCC0C4FF07C51B5
:10CA1C00CCED045ACCF80C104BE64FF0010C03EBA8
:10CA2C00CC0E0CF101055FFA8CF47146AA420EF1A2
:10CA3C00140E01F10C0103C98EE8030018D9A61CD1
:10CA4C0003EBCC05F6B21C359EE80300B24285E838
:10CA5C0003000DD9033403EBCC0EE4B20EF1240E1B
:10CA6C00A2428EE8030003D903F12C0484E80300EE
:10CA7C0003EBCC0C00218CED047ACCF80C10C1E546
:10CA8C0003F1240103F12C044FF0030C03C984E8D7
:10CA9C000300EDE703F1240103F12C044FF0030C28
:10CAAC0003C984E80300AFE703F10C0103F114029E
:10CABC00002503C982E803000122964620E74FF0C7
:10CACC00000CACE74FF0000C75E74FF0000E03EBD9
:10CADC00CE0C0EF1020603EBCE04614696420CF12D
:10CAEC00140C04F11C0401F10C015FFA8EF503C95E
:10CAFC008CE8030084E803000FD20335EEB203EB9D
:10CB0C00CE05964205F1240594E8030085E8030060
:10CB1C0003D203F12C0484E8030003EBCE0E384956
:10CB2C00CEED046ACEF80C106EE64FF0010ECEE797
:10CB3C0003F11C0103F12402BCF1030F03C982E8C9
:10CB4C00030058D903F12C04022592E80300C4E930
:10CB5C000001F1E603F11C0103F12404032A03C9CB
:10CB6C0084E8030041D903F12C054FF0020C94E842
:10CB7C000300C5E900017BE703F11C0103F1240468
:10CB8C00032A03C984E8030037D903F12C054FF0BD
:10CB9C00020E94E80300C5E90001BEE703F11C0195
:10CBAC0003F12404032A03C984E8030020D903F108
:10CBBC002C054FF0020C94E80300C5E9000123E7B3
:10CBCC0003F1240103F12C02032503C982E80300BD
:10CBDC00B2E603F1240103F12C044FF0030E03C958
:10CBEC0084E8030099E70125A6E64FF0020C3FE725
:10CBFC004FF0020C08E702259EE64FF0020E8CE780
:10CC0C00002474497C30704730B583B004467C31C5
:10CC1C00069D0095FEF7BCFE204603B030BD00BF5C
:10CC2C00B7EE007AD0ED157A06490022064B77EE66
:10CC3C00C77A816482634364C0ED157AC0ED0D7AC6
:10CC4C00704700BF0000B4420000C042183070476B
:10CC5C005430704730B583B004465431069D00956E
:10CC6C00FFF7DAF8204603B030BD00BF283070471C
:10CC7C00B1F804C08A79A0F800C08270704700BF78
:10CC8C000A682DE9F04F536987B0B94C0E460390F2
:10CC9C00A34240F0818101F1240302939369B549C9
:10CCAC008B4240F05F8106F2D569DFF8E4B20024D4
:10CCBC00D3695B4540F00E8140F23B20A04240F22C
:10CCCC000F810399B7EE007A0B7AD1ED016A00213E
:10CCDC005B08ADF8141007EE903AF8EEE77A77EEB1
:10CCEC00C77AA6EEA77AFDEEC77A17EE901ACDEDAD
:10CCFC00017A4F428F4224DA9F4B48001B68002B6D
:10CD0C0000F025819D4981FB0315D9171D44C1EB0A
:10CD1C0025419B4D05FB11339A4D05FB01F144F266
:10CD2C00A71505FB0311002980F218816FF000474D
:10CD3C000F44914B1F60B7FBF0F300FB1377019B83
:10CD4C00FF1A019B012B40F3F1808B49581E096897
:10CD5C00002900F0FA80894B83FB0135CB170D4479
:10CD6C00C3EB2543864D05FB1311864D05FB03F3E1
:10CD7C0044F2A71505FB0131002980F2F1806FF018
:10CD8C0000430B447C49156C0B60B3FBF0F100FBCA
:10CD9C0011387D4B9D4208F1010840F0CE80002FE8
:10CDAC002146ADF8164040F3BF800025DFF8E4A122
:10CDBC00536B534578D101F674514FF6FF7336F827
:10CDCC0011109942ADF816100DD00135AF4203D1B8
:10CDDC00AAE0BD4280F2A88001F67451013536F804
:10CDEC0011109942F5D10023ADF8141001990025CA
:10CDFC00DDF808A01F460029B8BF0131B8EB610F60
:10CE0C003BDBEFB1BDF8141004EB440301EB410123
:10CE1C003AF80100514429F803004B448978997081
:10CE2C000DB10134A4B2D3695B4577D140F23B20FC
:10CE3C00A04248D90135A84545D03268002FE1D130
:10CE4C0004EB440309EB03018F7029F80370E7E747
:10CE5C0004EB440309EB03018F7029F803700DB147
:10CE6C000134A4B2D2695A455BD140F23B20A042B6
:10CE7C0029D90135454526D03268002FE8D0BDF8B8
:10CE8C00143004EB440103EB430309EB01000AEB00
:10CE9C00030C9CF802E009F801E01AF80330437027
:10CEAC009CF801308370DAE70DF11602304601353B
:10CEBC00984700284DD0BD42BDF8161032687FF45B
:10CECC0077AF034690E732680134D369A4B25B456F
:10CEDC003FF4F2AE30469847A04232683FF6F1AECE
:10CEEC00002440F23A25029F0EE0AC4213D804EB2A
:10CEFC004403013439F8030009EB0301FA18A4B216
:10CF0C00F8528B7893703268D3695B45EDD030461C
:10CF1C0098478442EBD307B0BDE8F08F3046984772
:10CF2C0086E730469047A2E701235DE7156C4FF08A
:10CF3C000108154B9D423FF432AF3B4605AA2146F2
:10CF4C003046A8473268034650E7104B1AE70F4F9C
:10CF5C00EFE60346BDF81610326845E70F46E8E6E3
:10CF6C000B460FE730469847326881469DE600BF76
:10CF7C00F1050000F5050000C04E00205F0B4E834C
:10CF8C001DF30100ECF4FFFFF908000042CE0C1F6A
:10CF9C007D020000010700000846984732680290A5
:10CFAC007CE600BF0A682DE9F04F536989B0824CCA
:10CFBC008A460590A34240F0EF8001F1240B93695F
:10CFCC007E498B4240F0F2800AF2D5630493002331
:10CFDC007B480293D369BDF80810834240F0B380BC
:10CFEC0040F23B20884240F2B780059BB7EE007AB6
:10CFFC00187AD3ED016A4008BDF8083007EE900AA4
:10D00C00002003EB4303F8EEE77AADF81E00ADF811
:10D01C001C00039377EEC77AA6EEA77ABCEEC77A0C
:10D02C0017EE100A84B218465B441BF800005F78B8
:10D03C009E7801940090002C63D00D4601244FF68D
:10D04C00FF79B0463EE0438805F674515D48B3EB7A
:10D05C000906ADF81E30536B18BF0126834246D12A
:10D06C003AF81150B5EB0900ADF81C5018BF01206F
:10D07C000134BDF81E1006B301EB4103E8B10BEB14
:10D08C00030600981BF8033005EB450C18440346C7
:10D09C000BEB0C001BF80CC01CFA83F39BB2009337
:10D0AC0073781F44B37846784344807816FA87F631
:10D0BC0010FA83F3B7B21FFA83F8E3B201988342F4
:10D0CC001C461DD8136B01F638303F4E0AEB40005E
:10D0DC00B342B8D00DF11E0250469847DAF8002042
:10D0EC0006463848536B05F674518342B8D029462E
:10D0FC0007AA50469847BDF81C50DAF80020B7E74D
:10D10C0046460299019B01315B0002910099B1FBEB
:10D11C00F3F1B7FBF3F7B6FBF3F6FF29A8BFFF213A
:10D12C00FF2FDDE90303A8BFFF27FF2E195403448B
:10D13C00A8BFFF2622489F705E70D369BDF8081007
:10D14C0083423FF44DAF0091504698470099DAF86E
:10D15C00002088423FF649AF002440F23A25049E55
:10D16C000FE0AC4215D804EB44030134F05AF1182B
:10D17C000BEB0302A4B22BF803008B789370DAF854
:10D18C000020D3690E4A9342EBD050469847844214
:10D19C00E9D309B0BDE8F08F08469847DAF80020CB
:10D1AC000649834693698B423FF40EAF504698472D
:10D1BC00DAF8002004900AE7F1050000F5050000FC
:10D1CC007D02000001070000E5060000F8B50B68C1
:10D1DC000E4616485A69824222D101F124040025D8
:10D1EC00134F15E040F23B20854218D223780BB147
:10D1FC006433DBB2627823700AB16432D2B2A378A2
:10D20C0062700BB16433DBB2A37001353368033445
:10D21C00DB69BB42E6D0304698478542E6D3F8BD81
:10D22C000846904733680446D9E700BFF105000073
:10D23C007D020000704700BF0A682DE9F04F53696A
:10D24C0089B0804C8A460590A34240F0EA8001F1F7
:10D25C00240B93697C498B4240F0ED800AF2D56334
:10D26C000493002379480293D369BDF808108342D4
:10D27C0040F0AE8040F23B20884240F2B280059BE9
:10D28C00B7EE007A187AD3ED016A4008BDF8083081
:10D29C0007EE900A002003EB4303F8EEE77AADF8B3
:10D2AC001E00ADF81C00039377EEC77AA6EEA77AA2
:10D2BC00BCEEC77A17EE100A84B218465B441BF812
:10D2CC0000005F789E7801940090002C5ED00D4693
:10D2DC0001244FF6FF79B04640E0B0F8863DB3EB41
:10D2EC000906ADF81E3018BF0126D36A05F6FC01FD
:10D2FC0057480AEB410183423ED18D88B5EB0900BA
:10D30C00ADF81C5018BF01200134BDF81E1006B337
:10D31C0001EB4103E8B10BEB030600981BF803305B
:10D32C0005EB450C184403460BEB0C001BF80CC02A
:10D33C001CFA83F39BB2009373781F44B37846783E
:10D34C004344807816FA87F610FA83F3B7B21FFAC3
:10D35C0083F8E3B2019883421C4616D8936A0AEB11
:10D36C0041003C4EB342B8D00DF11E0250469847D6
:10D37C00DAF800200646B8E7294607AA504698472F
:10D38C00BDF81C50DAF80020BEE746460299019B16
:10D39C0001315B0002910099B1FBF3F1B7FBF3F79C
:10D3AC00B6FBF3F6FF29A8BFFF21FF2FDDE903032E
:10D3BC00A8BFFF27FF2E19540344A8BFFF262348FC
:10D3CC009F705E70D369BDF8081083423FF452AF72
:10D3DC000091504698470099DAF8002088423FF6B1
:10D3EC004EAF002440F23A25049E0FE0AC4215D813
:10D3FC0004EB44030134F05AF1180BEB0302A4B212
:10D40C002BF803008B789370DAF80020D3690F4A5D
:10D41C009342EBD0504698478442E9D309B0BDE81B
:10D42C00F08F08469847DAF800200749834693693D
:10D43C008B423FF413AF50469847DAF80020049023
:10D44C000FE700BFF1050000F50500007D020000AC
:10D45C00C9060000B106000010B5134C236A13B1C5
:10D46C00124AD168E1B9636A13B1104AD16999B90A
:10D47C00A36A13B10D4AD16A51B9E36A3BB10B4AA5
:10D48C00D16B21B10121BDE81040D163184710BD0B
:10D49C000121D1629847F0E70121D1619847E7E774
:10D4AC000121D1609847DEE7C04E002000410840C2
:10D4BC0000207047704700BFF8B50C4671B182B1BF
:10D4CC0006468F1800253368304614F8011B1B687C
:10D4DC009847BC420544F6D12846F8BD0D4628466F
:10D4EC00F8BD1546F8E700BF00234FF470410F223A
:10D4FC004FF4604CA0F88C114FF48061A0F88E2191
:10D50C00A0F89031B0F8882192B242F0F002A0F865
:10D51C00882148F2B822A0F804C0C1804384038655
:10D52C0043804381C2814382C3824383C383A0F877
:10D53C0064C0A0F86610A0F88230A0F89030A0F873
:10D54C006230A0F86A30A0F86E20A0F87230A0F813
:10D55C007630A0F87A30A0F87E30A0F8C4C0A0F8DD
:10D56C00C610A0F8E230A0F8F030A0F8C230A0F855
:10D57C00CA30A0F8CE20A0F8D230A0F8D630A0F84F
:10D58C00DA30A0F8DE30A0F824C1A0F82611A0F8FB
:10D59C004231A0F85031A0F82231A0F82A31A0F87D
:10D5AC002E21A0F83231A0F83631A0F83A31A0F88B
:10D5BC003E31B0F888319BB243F00F03A0F88831AC
:10D5CC00B0F888319BB243F47063A0F8883170478F
:10D5DC000449054A4968054B196013680133136007
:10D5EC00704700BF001000E0383D01203C3D012099
:10D5FC0030BFFDE7836BF0B41BB1536843F40043B9
:10D60C00536072B6446B3CB31A4B2260D3F8B041F2
:10D61C000C421DD1184E776804E07468E41BB4F515
:10D62C00166F0BD2D3F8404144F48044C3F8404108
:10D63C00D3F8B851D3F840416404EED50D4007D16E
:10D64C000C4CC0E90225D4F8B0310B43C4F8B0310E
:10D65C00426362B6F0BC7047064DC0E90224D5F8AF
:10D66C00B0310B43C5F8B0310263426362B6F0BC13
:10D67C00704700BF00002E40001000E00D4A92F8E9
:10D68C00301092F83100CBB281420FD001330A49ED
:10D69C00092B28BF0023134493F8343002EB4302C8
:10D6AC0001EB4323B2F84020985C70474FF0FF30F9
:10D6BC00704700BFC04E002080202020294B1B78D3
:10D6CC00002B4DD070B5284CB4F8501001B970BD7A
:10D6DC0094F8530004F1600C244B01260CEB40121F
:10D6EC00C1F5006103EBC02384F8526040010D04C6
:10D6FC0019444CF8006003F5805045F080059360A8
:10D70C00D06003F500505560106103F54050506136
:10D71C0003F5804090610020D061BFF34F8F4FF034
:10D72C00E020C0F8703F20339942FAD8BFF34F8FF6
:10D73C00BFF36F8F4FF480110D48FFF75BFF94F828
:10D74C0053300133DBB2032B88BF002384F85330F2
:10D75C000023A4F85030BFF34F8F84F8523070BDC3
:10D76C00704700BF303D0120C04E002080002020BB
:10D77C00400200202DE9F84F354D95F8303095F8E2
:10D78C00312093425ED0DEB205F58078DFF8C8A078
:10D79C004FF0E0244FF40037DFED2E7A0136082EDF
:10D7AC0052D85FFA86F9AB19D5F8E0C0B5F800127B
:10D7BC00012093F8343005EB43024FEA431EB2F8D4
:10D7CC00E4B0B2F84020ABEB020B08EB4312ACEB2D
:10D7DC000B0CC5F8E0C04FEA014CC4F88C714CF04E
:10D7EC00800C48F80E00D3610AEB4323C2F804C046
:10D7FC0003F5805C93601944C2F80CC003F5005C1F
:10D80C00C2F810C003F5405CC2F814C003F5804C9C
:10D81C00C2F818C0BFF34F8FC4F85C3F2033994255
:10D82C00FAD8BFF34F8FBFF36F8F082117EE900A12
:10D83C00FFF7E0FEC4F80C7185F8309095F83130A4
:10D84C009E42ABD1BDE8F88F0026B146ABE700BFD6
:10D85C00C04E00208001002080202020194B012187
:10D86C0093F8532083F85210B2B1586E8A4280F06C
:10D87C008000C0F3C0104FEAC0200ED1D3F8A41022
:10D88C00090658BF00F50060032A0ED1BFF34F8F75
:10D89C00002283F8522070471046D3F884100906F2
:10D8AC0058BF00F50060022AE8D1D3F8C420120654
:10D8BC0058BF00F50060BFF34F8F002283F8522051
:10D8CC00704700BFC04E0020F8B5284C94F8523079
:10D8DC00002B49D103F0FF05254B1B78002B43D0BF
:10D8EC00B4F8501000293FD094F8530004F1600CA8
:10D8FC00204B01270CEB4012C1F5006103EBC02358
:10D90C0040010E0419444CF8007003F5805046F0A9
:10D91C008006D561D06003F500505660106103F5A8
:10D92C0040509360506103F580409061BFF34F8F7E
:10D93C004FF0E020C0F8703F20339942FAD8BFF383
:10D94C004F8FBFF36F8F4FF480110B48FFF752FED0
:10D95C0094F853300133DBB2032B88BF002384F8D7
:10D96C0053300023A4F85030F8BD00BFC04E002047
:10D97C00303D0120800020204002002038B5EFF31C
:10D98C00108172B60E4CD4F804329BB100255A6942
:10D99C001846C4F8042202B1956171B962B69A684E
:10D9AC00184659779047EFF3108172B6D4F80432C9
:10D9BC00002BECD101B962B638BD9A685D77F1E7FE
:10D9CC00C04E0020844B854A85492DE9F0435E69A1
:10D9DC0088428CBF4FF012084FF00E089C69D76834
:10D9EC00D3F8801007F01F0941F0C001C145C3F8FE
:10D9FC00801007D268F30407D7601368002BFCDA99
:10DA0C0007F01F0916F0007324D1764A1169764A83
:10DA1C008A4300F0DA8084F4805231464FF480550A
:10DA2C0011F0605F04D026F060561E436A4B5E61B5
:10DA3C0012F4405F07D024F44054674A2C4394619D
:10DA4C00936C1907FCD446F00076634A5661936CCC
:10DA5C009B06FCD44FF0010C0146644C634603FB5F
:10DA6C00011203F1010E0CF10105A24218D8BEF10E
:10DA7C00080F4FF0010340F08A80BCF1040F00F254
:10DA8C008C804218A24200F29A8005FB00F1AC4651
:10DA9C0003F1010E03FB01120CF10105A242E6D9C0
:10DAAC000CF1FF3452491144524A91427AD9524DE9
:10DABC006C2252484B49B0FBFEF0D1F800E0B0FBB1
:10DACC00FCF0DFF860C10EEA0C0CAC4508D042F457
:10DADC0000524FF480550D600A600A68002AFCDA87
:10DAEC003D4A116901F00701994203D01361936C0F
:10DAFC00DD03FCD486EA8423A40213F4E05F09D08E
:10DB0C0026F4E05604F4E054334A26435661936CF1
:10DB1C009907FCD43A493B4A0144914239D83A4BD3
:10DB2C00C909A3FB0131090B4B1E1B0286EA030238
:10DB3C0012F4407F06D026F4407603F44073264A54
:10DB4C0033435361244A536923F000735361936C3C
:10DB5C009B06FCD42D4BC845A3FB00234FF0FF3292
:10DB6C00B0FBF1F14FEA9343B2FBF3F3284A106098
:10DB7C005160284A136008D227F01F07174A47EA5A
:10DB8C000807D7601368002BFCDABDE8F0837346F6
:10DB9C0065E74FF440730421C8E715490CF1FF34D5
:10DBAC00072311441C4A1D48A2FB01211C4D0A0DE0
:10DBBC00362A38BF362202FB00F015437AE764465A
:10DBCC000023AC464FF0010E6CE71D4686F0C051A9
:10DBDC0022464FF0C05323E700C00F40000008401E
:10DBEC0000A4781F00800D4040300080FFB19F26BC
:10DBFC00808D5B00FF7EF64D6C20008000643F4DF5
:10DC0C007FD1F0087F17B42C9F10E50083DE1B43F7
:10DC1C001C450020403D0120819F5E16001BB70073
:10DC2C00002000807F30018010B5044618F0C8FC3D
:10DC3C00204610BD10B5044618F0C2FC204610BD9D
:10DC4C0010B5044618F0BCFC204610BD10B50446B7
:10DC5C0018F0B6FC204610BD70B5094B06460446BC
:10DC6C0000F50075036054F8040F08B118F0A8FC17
:10DC7C00AC42F8D1304618F0A3FC304670BD00BF62
:10DC8C00F420002010B5044618F09AFC204610BD74
:10DC9C0010B5044618F094FC204610BD70B5094B25
:10DCAC000646044600F50075036054F8040F08B1ED
:10DCBC0018F086FCAC42F8D1304618F081FC3046A6
:10DCCC0070BD00BFE020002010B50446C06A08B14A
:10DCDC0018F076FC206B08B118F072FC204618F096
:10DCEC006FFC204610BD00BF70B5094B06460446BC
:10DCFC0000F50075036054F8040F08B118F060FCCF
:10DD0C00AC42F8D1304618F05BFC304670BD00BF19
:10DD1C000821002010B5044618F052FC204610BD16
:10DD2C0010B50446406808B118F04AFCA06808B168
:10DD3C0018F046FC204618F043FC204610BD00BFEE
:10DD4C000B682DE9F0475A690D467C4C8146A2427E
:10DD5C002DED068B8AB040F0CC8001F124079A6936
:10DD6C0077498A4240F0CE801A6805F2D56675492B
:10DD7C008A4240F0D08095ED067AF6EE006AD5ED39
:10DD8C00045AD5ED057A95ED036A37EE257A77EED0
:10DD9C00867A27EE267A67EEA67A8DED077ACDED98
:10DDAC00067A00249FED689ADFED688ADFF8A0817F
:10DDBC00ADF816400EE0BDF81630A2B203EB4303EB
:10DDCC0002EB4202F85A3B44B118B0529B788B706C
:10DDDC002B680134DA691FFA84FA424567D140F2A4
:10DDEC003B20504568D99B685246294608A898475D
:10DDFC00D9ED036ADDED097A9DED087A77EEA67A06
:10DE0C00D9ED025A9DED076A37EE257ADDED066AEB
:10DE1C0077EEC67A37EE667A27EEA70A77EEA87AFF
:10DE2C0077EE090AA7EE070AB5EE400AF1EE10FAF2
:10DE3C0076D4F1EEC09AB0EE670A16F04DFBB7EE51
:10DE4C00006AF6EE006A99ED047AF1EE007A86EE3D
:10DE5C00298AB0EE40AA28EE268A28EE078A28EEF8
:10DE6C00278A16F071FCF0EE409AB0EE4A0A16F0D2
:10DE7C0067FB60EE087A69EE889AD5F800C05146C7
:10DE8C000DF11602FDEEE77A2846BDEEE97ACDEDEE
:10DE9C00007A17EE103ADCF848A0D04700288AD157
:10DEAC00A3B203EB4303F218F052907090E72846AC
:10DEBC00904750452B6896D8002440F23A290CE044
:10DECC004C4511D804EB44030134F05AF118FA18FC
:10DEDC00A4B2F8528B7893702B68DB694345EFD072
:10DEEC00284698478442EDD30AB0BDEC068BBDE8BA
:10DEFC00F087084690472B68114907469A698A4271
:10DF0C003FF432AF284690472B680E4906461A68F4
:10DF1C008A423FF430AF294606A890472B6840E769
:10DF2C00CDED037ACDED020A15F0EEFFDDED037AAF
:10DF3C00F0EE409ADDED020A7DE700BFF10500002E
:10DF4C00F5050000B5040000000000000000484288
:10DF5C007D02000030B583B004461831069D009553
:10DF6C00F9F71CFF204603B030BD00BF2DE9F04F80
:10DF7C00AF4C85B0D4F84431DF070193C4F8443179
:10DF8C0052D5D4F8AC31002B49D0DFF8A8A2DFF879
:10DF9C00C4B20AF5137202F580520292C4F8AC3185
:10DFAC00DBE90A20D4F8403143F40053C4F8403183
:10DFBC00D4F840319D04F5D5D4F8403123F4005306
:10DFCC00C4F840314FF00113C4F8B431D4F8B47133
:10DFDC0017F00117FAD193B2CAF80872B3F5086FAB
:10DFEC0000F06F8300F25E8140F20235AB4200F02C
:10DFFC00388300F20F81822B00F0DE82B3F5817F33
:10E00C0040F0C18010F0780F83B200F0DD834FF048
:10E01C000113C4F8C031D4F8AC31002BBED1844B01
:10E02C00D3F8BC51002D47D1019B5E0615D5804A13
:10E03C00D2F8AC31C2F8AC31D2F8BC31C2F8BC3138
:10E04C00D2F8B031002BFBD14FF0FF307949C2F838
:10E05C00B401D2F88421C1F84432019BDC0104D50F
:10E06C00744BD3F8483203B19847019B580709D534
:10E07C006F4BD3F8843113F4007319D06D4B01221C
:10E08C0083F840226A4BD3F8482111060DD5019A2A
:10E09C0012060AD5674991F8A12232B1013AD2B2DF
:10E0AC0081F8A122002A00F0908405B0BDE8F08F21
:10E0BC00604A82F84032E5E7DFF878A1C3F8BC513A
:10E0CC00DAF80822154240F0AB83DAF8443215EA4C
:10E0DC000309A9D05FEA194728D0DFF878B14FF0CF
:10E0EC00010897FAA7F5B5FA85F50BEBC51ADAF81E
:10E0FC0070600AF1400AAEB13246002404E01268A6
:10E10C000134012A00F0E183536813F08003F6D048
:10E11C00CAF8302034B13046DAF8383036689847CF
:10E12C00013CF8D108FA05F5AF43DAD11FFA89F5AD
:10E13C00002D3FF479AFDFF81CB14FF0010895FAD0
:10E14C00A5F6B6FA86F60BEBC619D9F83070AFB156
:10E15C003A46002404E012680134012A00F0B88326
:10E16C00536813F08003F6D0C9F8302034B1384628
:10E17C00D9F838303F689847013CF8D108FA06F6D0
:10E18C00B543DCD150E7802B7FF441AF2A4B012201
:10E19C00AAF84C72CAF86832029BCAF86022CAF814
:10E1AC006C32264A264BCAF86422CAF8703203F540
:10E1BC00805203F50053CBF84C70CAF87422CAF89D
:10E1CC007832204BCBF84830D4F8B03143F480335C
:10E1DC00C4F8B031D4F8B031002BFBD1CAF82832D6
:10E1EC00CBF80C300123CAF820328023CAF8243231
:10E1FC00154BCBF808304FF00113C4F8BC31D4F8F0
:10E20C00B03143F00103C4F8B031D4F8B031002B75
:10E21C00FBD100E7B3F5A06F00F08881A3F5D063C4
:10E22C00012B3FF6F4AE87B2160C0849084B18E0E8
:10E23C0000002E40C04E00200C5100208000020037
:10E24C000C71002020510020E050002024450020BB
:10E25C00802A00200000002019690C3300293FF4AB
:10E26C00D6AE1A88B242F7D15A88BA42F4D1320AE1
:10E27C00032A00F00B831F89000C874228BF074636
:10E28C00B6F5007F40F00783B94B3A469AF84052F6
:10E29C0003F16401B748002D08BF1946B54D17F0BE
:10E2AC0067F938E342F22125AB4268D010D942F22B
:10E2BC0021318B426DD04FF6C0018B427FF4A7AE5B
:10E2CC0010F47F4F87B27FF4A2AE47F46E47ABE7F2
:10E2DC00B3F5106F7AD042F22105AB427FF497AEC2
:10E2EC00030C072B7FF493AEA34BCBF80C70CAF83E
:10E2FC006832CAE9A2200122CAF860229F4ACAF8F1
:10E30C00642203F58052CAF86C2203F50052CAF855
:10E31C00702203F54052CAF8742203F58042303B58
:10E32C00CAF87822CBF80830D4F8B03143F00103A6
:10E33C00C4F8B031D4F8B031002BFBD1CAF8283274
:10E34C00CBF84C300123CAF8203248F28003CAF8CB
:10E35C0024328B4BCBF848304FF00113C4F8BC314E
:10E36C00D4F8B03143F48033C4F8B0314FF4803377
:10E37C00CAF80832D4F8B031002BFBD14BE680B28E
:10E38C0038B9804BC2F307421B68CAF880328AF84E
:10E39C0084220023CAF82832CBF84C300123CAF867
:10E3AC0020328023CAF82432754BCBF848304FF01A
:10E3BC000113C4F8BC31D4F8B03143F48033C4F841
:10E3CC00B031D4F8B031002BFBD124E6C2F30742B4
:10E3DC006D4B6E4E39461A7080226D4BA6F184003F
:10E3EC00B946C4F8C8316B4BC4F8CC316A4BC4F88D
:10E3FC00D0319AF84032002B15BF4FF400754025F0
:10E40C004FF000734FF4800314BF4FF008584FF0D7
:10E41C0001580393AAF80052AAF8425216F0AAFF28
:10E42C0039464FF4807206F11C008AF85370AAF832
:10E43C00507016F09FFF39463760F7603C2246F863
:10E44C00A47C46F8987C55488AF831708AF830706C
:10E45C00CAF8E070C6E9017746E9287716F08AFF1A
:10E46C0001224F4B3946CBF848213C224D481C36F3
:10E47C00CBF8403116F07EFFDAF8443201223946EF
:10E48C00494843F00803CBF888213C22CBF8808123
:10E49C00CAF844324FF0E027444BDFF81881CBF830
:10E4AC00B83116F067FF039B2A464546CBF840323D
:10E4BC000123CBF848324FF40033C7F88C310123D9
:10E4CC00B56033601304C6F81C902A4443F08003F3
:10E4DC00736005F58053F36005F50053336105F562
:10E4EC004053736105F58043B361BFF34F8F2B46E7
:10E4FC00C7F85C3F20339A42FAD8BFF34F8FBFF373
:10E50C006F8F082109F1010932462948FFF772F88B
:10E51C004FF40033894505F5007506F12006C7F860
:10E52C000C3100F01481BAF80022C4E70123CAF8B8
:10E53C002872CBF84C70CAF820328023CAF82432E7
:10E54C000F4BCBF848304FF00113C4F8BC31D4F862
:10E55C00B03143F48033C4F8B031D4F8B031002B6F
:10E56C00FBD1130C5B0643F08073C4F8543152E5B5
:10E57C00102B00600000202050510020800007006C
:10E58C00E0500020383D0120303D0120A44F0020F8
:10E59C000200CC00C80002000200C80044010020A8
:10E5AC0000001020840100204402002021BF000044
:10E5BC00800100208020202083B210F078007FF4AE
:10E5CC0026ADC54903F07F0251F822201906AAF89E
:10E5DC004C0200F17381D70700F17381BF4B01220C
:10E5EC00CAF86832029BCAF86022CAF86C32BC4A7C
:10E5FC00BC4BCAF86422CAF8703203F5805203F59A
:10E60C000053CAF87422CAF87832B74BCBF84830AA
:10E61C000023CBF84C30D4F8B03143F48033C4F839
:10E62C00B031D4F8B031002BFBD1CAF82832CBF87A
:10E63C000C300123CAF820328023CAF82432AB4BA9
:10E64C00CBF808304FF00113C4F8BC31D4F8B0311A
:10E65C0043F00103C4F8B031D4F8B031002BFBD136
:10E66C00D9E410F0780F83B27FF4D1AC03F07F02C1
:10E67C00994913F0800F51F8223014BF43F48033C2
:10E68C0043F0010341F822300023CAF82832CBF8BA
:10E69C004C300123CAF820328023CAF82432934B21
:10E6AC00CBF848304FF00113C4F8BC31D4F8B0317A
:10E6BC0043F48033C4F8B031D4F8B031002BFBD123
:10E6CC00A9E48B4A854B1278CAF868328AF84C2236
:10E6DC000122029BCAF86022CAF86C32854A814B2F
:10E6EC00CAF86422CAF8703203F5805203F500535D
:10E6FC00CBF84C70CAF87422CAF878327A4BCBF843
:10E70C004830D4F8B03143F48033C4F8B031D4F885
:10E71C00B031002BFBD1CAF82832CBF80C300123D6
:10E72C00CAF820328023CAF82432704BCBF8083058
:10E73C004FF00113C4F8BC31D4F8B03143F00103ED
:10E74C00C4F8B031D4F8B031002BFBD163E46A4B80
:10E75C00002580266948CAF848324A23C4F88450F8
:10E76C002946C4F880303246D4F8483143F08073DF
:10E77C00C4F8483116F0FEFD614BCAF82462CBF8A0
:10E78C00A03003F13C43CAF8285203F56C23CBF8B4
:10E79C004C5003F56F73CBF8E0300123CAF82032EC
:10E7AC00524BCBF848304FF00113C4F8BC31D4F8BD
:10E7BC00B03143F48033C4F8B031CAF80852D4F8FD
:10E7CC00B031002BFBD126E403F07F02424913F059
:10E7DC00800F51F8223014BF23F4803323F001034F
:10E7EC0041F822300023CAF82832CBF84C300123F0
:10E7FC00CAF820328023CAF824323C4BCBF848307C
:10E80C004FF00113C4F8BC31D4F8B03143F4803369
:10E81C00C4F8B031D4F8B031002BFBD1FFF7FBBBFF
:10E82C00BAF8880242F2210100228842CAF8082272
:10E83C00DAF88C227FF449AC92B2002A7FF445AC12
:10E84C000AF5247292E80300AAF89C1286284FEA73
:10E85C001141CAF898028AF89E127FF436AC72B64F
:10E86C009AF8A02242F008028AF8A022D3F8482194
:10E87C00160606D442F080028021C3F84411C3F876
:10E88C00482162B650238AF8A1321EE4000C0F789E
:10E89C00874228BF0746B6F5E06F37D1194B3A4689
:10E8AC009AF84002A3F16401174D002808BF1946DD
:10E8BC00284616F05DFE07236B702CE0D3037FF522
:10E8CC008DAE01238AF84C3288E6CAE90C3321E478
:10E8DC00C9E90C334AE400BFC0012E400C510020A2
:10E8EC00800002000C71002020510020E05000201C
:10E8FC00303D012080000100B9AB000080000020F9
:10E90C005DCFC6B8742B006000002020434D3A4602
:10E91C00284616F02DFEE9194048BFF34F8F4FF0F3
:10E92C00E0220346C2F8703F20339942FAD8BFF375
:10E93C004F8FBFF36F8F47B33B040122CAF86802B5
:10E94C0043F08003CAF86022CAF86432344B03F5F2
:10E95C008052CAF86C32CAF8702203F5005203F5E3
:10E96C004053CAF87422CAF878322E4BCBF8483090
:10E97C000023CBF84C30D4F8B03143F48033C4F8D6
:10E98C00B031D4F8B031002BFBD101220023CAF8EE
:10E99C0020228022CAF82832CAF82422224ACBF834
:10E9AC000C30CBF808204FF00112C4F8BC21D4F87D
:10E9BC00B02142F00102C4F8B021CAF80832D4F8F0
:10E9CC00B031002BFBD1FFF726BB91F8A02202F04F
:10E9DC00F70281F8A0222AB9D3F8482122F080024C
:10E9EC00C3F84821114B1B6E9B0700D4FBBE72B6BB
:10E9FC000F4B00200F4AC3F8400103F160430E494E
:10EA0C00A3F55F2311649D46BFF34F8F4FF40013A2
:10EA1C000A480B4ADB6902609B689847000020207B
:10EA2C000010202020510020E050002000441F4006
:10EA3C0000002E4000C00A4003002000008020206F
:10EA4C00000012EB72B6EFF30582664BC3F884201C
:10EA5C00EFF308804FF0E021634AD1F8284DC3F85A
:10EA6C008840D1F82C4DC3F88C40D1F8344DD1F8F6
:10EA7C00381DC3E924418169C3F89810C169C3F8F2
:10EA8C009C10D2F880305B07FBD5D2F88030574809
:10EA9C00C3F30B235649D0EDAA6A07EE903AD0ED9A
:10EAAC00AB5AF8EE666A90EDAC6AF8EEE77A90ED48
:10EABC00A97A4C4CB8EE477A4A6A77EEE67A8B6ABA
:10EACC0067EEA57AC7EE866A77EE667AC4ED287A89
:10EADC00184614464A6A8B6A8342F9D1A242F7D18E
:10EAEC00404C0B21DB0B4348C4F8801043EA4243F3
:10EAFC0041494FF0FF32414DC4F8A4300368202443
:10EB0C0004305A4002F00103013C01FB03F383EA99
:10EB1C005202F7D1A842F1D1324BC3F8A820BFF36F
:10EB2C004F8F4FF0E0233349354AC3F8701FC3F8B9
:10EB3C00702FBFF34F8FBFF36F8F324A02253248CD
:10EB4C00D36E324943F44053D3660560D3693048E1
:10EB5C0023F07F0343F04003D3610B6883423DD81D
:10EB6C00294D00214FF0E0234FF0FF3229600126A0
:10EB7C00C5F808112749C5F80011C5F80861C3F894
:10EB8C008021C3F88421C3F88821C3F88C21C3F8F1
:10EB9C00902101E0FFF7EAF9D5F80C31002BF9D000
:10EBAC000134C5F80C614F2CF4D91B4B02201B49C6
:10EBBC004FF00042C1F840015A63D5F80C313BB913
:10EBCC0017481849104A0163D2F80C31002BFAD0BF
:10EBDC004FF0E023144AC3F80C2DFEE7FEF7F2FECB
:10EBEC00BEE700BF00FF272000810D40C04E002073
:10EBFC0000400D4080FF27202083B8EDA8FF272080
:10EC0C00A0FF272000C00F40004008401C450020FA
:10EC1C00803DCD0B009F240000900D4000002E4045
:10EC2C0000800F40F100AD0B0400FA05FFF70ABF9E
:10EC3C002DE9F84F5A4D4468B5F80072C4F30E44F0
:10EC4C00C6693C1B002C29DD95F8312095F8301055
:10EC5C00D3B28A420AD0EA1892F8340005EB400984
:10EC6C00B9F8E480C8F50072944251D901330022FE
:10EC7C0005EB4601082BA1F8402094BFDAB21346ED
:10EC8C00A1F8E44085F831202B44D5F8E02083F836
:10EC9C0034601444C5F8E040BDE8F88F4FF0E02430
:10ECAC004FF4003305F580714FF0010CC4F88C3132
:10ECBC0075013C4B01EB461241F805C0380403EBDF
:10ECCC004623D66140F0800003F580511F4450600C
:10ECDC00D16003F500519360116103F5405151610E
:10ECEC0003F580419161BFF34F8FC4F85C3F203333
:10ECFC009F42FAD8BFF34F8FBFF36F8F08212A487A
:10ED0C00FEF778FC4FF40033C4F80C31BDE8F88FF3
:10ED1C00244B08EB40202246A04403EB462B18441E
:10ED2C004FF0E02A594616F023FCD5F8E02005F503
:10ED3C008071A9F8E48022444FF4003438045B4617
:10ED4C00C5F8E0200125CAF88C41740101EB46128C
:10ED5C0040F080000D510BF580515F445060D16044
:10ED6C000BF50051D66111610BF54051C2F808B09A
:10ED7C0051610BF580419161BFF34F8FCAF85C3F35
:10ED8C0020339F42FAD8BFF34F8FBFF36F8F082108
:10ED9C000548FEF72FFC4FF40033CAF80C317BE723
:10EDAC00C04E002080202020800100202DE9F04F53
:10EDBC004FF0E0234D4D4FF4003285B0DFF8309129
:10EDCC0005F58078C3F88C2195F8304095F83130F2
:10EDDC00E4B2DFF820A1A3427CD00134092C28BF77
:10EDEC0000242B1993F8347005EB4703B3F840104B
:10EDFC00B3F8E4B0ABEB010BBBF1010F18D9D5F8AC
:10EE0C00E02001EB47273A480131013AC05DA3F8F5
:10EE1C004010C5F8E0208DF80F004FF0E0234FF4C0
:10EE2C000032C3F80C219DF80F0005B0BDE8F08F3F
:10EE3C0001EB47215A467B020DF10F0049444FF07C
:10EE4C00E026019316F094FBD5F8E0C0E0B2B5F8DB
:10EE5C00001208EB4712ACEB0B0C019B4FF0010EB0
:10EE6C00C5F8E0C04B4485F830004FF400304FEA51
:10EE7C00471CC6F88C01080448F80CE0194440F013
:10EE8C008000D76103F500579360506003F5805004
:10EE9C00D06003F54050C2E9047003F580409061E6
:10EEAC00BFF34F8FC6F85C3F20339942FAD8BFF3BB
:10EEBC004F8FBFF36F8F08215046FEF79BFB4FF42B
:10EECC000033C6F80C31BBF1000FA6D195F83130E8
:10EEDC00A34282D14FF0E0234FF400324FF0FF30C9
:10EEEC00C3F80C2105B0BDE8F08F00BFC04E002068
:10EEFC0080202020800100202DE9F04F104D87B09C
:10EF0C0006460021B5F90A20E86AD31DDFF834B0B3
:10EF1C0048BF02F10E03B5F90820DB1003FB02F227
:10EF2C0016F028FA0020019602461FFA80F90023F9
:10EF3C000FFA80F800F0070A0BEB001C0CE000BF86
:10EF4C00AC460120802A00205200D2B212F0800F71
:10EF5C000FD10133802B37D019B213F007069FB2B3
:10EF6C000C46F1D10CEBE10292F8842012F0800FE8
:10EF7C00EFD0B5F90CE08E45EBDDB5F90E1041453F
:10EF8C00E7DDA97E022900F0B282032900F0A582F8
:10EF9C000129B5F908E000F09A821F46564644460E
:10EFAC00002C03F10103B8BF0734802B4FEAE404B3
:10EFBC0014FB0E714FF00104EF6A04FA06F67C5C48
:10EFCC0044EA06047C54C7D101304028ADD1019EDF
:10EFDC00002140F20112BE4F96F8DC3069612A83A1
:10EFEC00002B00F092823A78D6F8D8301AB9B94A88
:10EFFC00127803EB820302AC1968204613F0DEFF93
:10F00C00234600220D21032008F0F4F8029817F093
:10F01C00D7FA3B78002B40F09082AE4B5B780233F2
:10F02C004FF0000856F823A0CDF8108050468DF80C
:10F03C001480CDE9028816F04BFB814658B10130A3
:10F04C0017F0B6FA38B1514680F800800290CDE93D
:10F05C00039916F00FFA234601220D21222008F005
:10F06C00C9F8029817F0ACFA3B78002B40F0698293
:10F07C00984BDB7902334FF0000856F823A0CDF8FB
:10F08C00108050468DF81480CDE9028816F020FBD4
:10F09C00814658B1013017F08BFA38B1514680F8DF
:10F0AC0000800290CDE9039916F0E4F9234607227B
:10F0BC000D21422008F09EF8029817F081FA3B7857
:10F0CC00002B40F03C82834BDB7820334FF0000860
:10F0DC0056F823A0CDF8108050468DF81480CDE959
:10F0EC00028816F0F5FA814658B1013017F060FA33
:10F0FC0038B1514680F800800290CDE9039916F0A2
:10F10C00B9F9234603220D21622008F073F8029806
:10F11C0017F056FA3B78002B40F023826D4BDB7ACC
:10F12C000C334FF0000856F823A0CDF81080504651
:10F13C008DF81480CDE9028816F0CAFA814658B1D0
:10F14C00013017F035FA38B1514680F80080029042
:10F15C00CDE9039916F08EF923460B221C210320CE
:10F16C0008F048F8029817F02BFA3B78002B40F087
:10F17C00F681584B9B7802334FF0000856F823A0C9
:10F18C00CDF8108050468DF81480CDE9028816F029
:10F19C009FFA814658B1013017F00AFA38B151463E
:10F1AC0080F800800290CDE9039916F063F92346AC
:10F1BC0002221C21222008F01DF8029817F000FAF8
:10F1CC003B78002B40F0C981424B1B7A16334FF031
:10F1DC00000856F823A0CDF8108050468DF8148006
:10F1EC00CDE9028816F074FA814658B1013017F057
:10F1FC00DFF938B1514680F800800290CDE90399CF
:10F20C0016F038F9234608221C21422007F0F2FFA1
:10F21C00029817F0D5F93B78002B40F09C812D4BD0
:10F22C005B7920334FF0000856F823A0CDF81080FE
:10F23C0050468DF81480CDE9028816F049FA8146C3
:10F24C0058B1013017F0B4F938B1514680F800804C
:10F25C000290CDE9039916F00DF9234605221C21E5
:10F26C00622007F0C7FF029817F0AAF93B78002B31
:10F27C0040F06F81174B5B7A22334FF0000856F841
:10F28C0023A0CDF8108050468DF81480CDE902886B
:10F29C0016F01EFA814658B1013017F089F938B1D1
:10F2AC00514680F800800290CDE9039916F0E2F8FF
:10F2BC00234609222D21032007F09CFF029817F00A
:10F2CC007FF93B78002B40F04281024B1B7903E025
:10F2DC00A55001200850012002334FF0000856F8C9
:10F2EC0023A0CDF8108050468DF81480CDE902880B
:10F2FC0016F0EEF9814658B1013017F059F938B1D2
:10F30C00514680F800800290CDE9039916F0B2F8CE
:10F31C00234604222D21222007F06CFF029817F0BF
:10F32C004FF93B78002B40F010818F4B9B7A2233A6
:10F33C004FF0000856F823A0CDF8108050468DF8F9
:10F34C001480CDE9028816F0C3F9814658B101301A
:10F35C0017F02EF938B1514680F800800290CDE9B3
:10F36C00039916F087F823460A223C21032007F064
:10F37C0041FF029817F024F93B78002B40F0E38012
:10F38C00794B1B7B0233002756F8238004974046A9
:10F39C008DF81470CDE9027716F09AF9064650B143
:10F3AC00013017F005F930B1414607700290CDE9F4
:10F3BC00036616F05FF823463C210C222220002421
:10F3CC0007F018FF0298232617F0FAF8DFF89CC113
:10F3DC0021464FF0010EB7B24222002308E049004B
:10F3EC00C9B208060ED401330132402B92B23DD083
:10F3FC0013F0070F18B2F2D104EBE0001CF8001068
:10F40C000806F0D510B2B5F90C808045EBDDB5F9E6
:10F41C000E80B045E7DD95F81A80B8F1020F45D0A3
:10F42C00B8F1030F34D0B8F1010F28D0B5F908A00A
:10F43C00B946B046B8F1000F09F0070903F1010312
:10F44C0002F10102B8BF08F107080EFA09F9402BC6
:10F45C0092B24FEAE80818FB0A00D5F82CA01AF86B
:10F46C00008028EA09080AF80080C1D17E1C083403
:10F47C00B3B236B2432BAED107B0BDE8F08FB5F9BD
:10F48C0008A0804691460AF1FF30C01B00B2D1E7BC
:10F49C00B5F80A803046B5F908A008F1FF38A8EB9A
:10F4AC0002081FFA88F90FFA88F8C3E7B5F908A023
:10F4BC00B5F80A800AF1FF3008F1FF38801AA8EB82
:10F4CC00070800B21FFA88F90FFA88F8B2E70EF1B4
:10F4DC00FF37A7EB09073FB262E56E89B5F908E083
:10F4EC00013EF61B074634B206F0070658E5B5F99F
:10F4FC0008E06E890EF1FF31013ECF1BA6EB090629
:10F50C003FB234B206F007064AE53A780AB9164B10
:10F51C001B782C3302AC56F82310204613F04EFD0A
:10F52C002346032000220D2107F064FE029817F0F9
:10F53C0047F83B78002B3FF470AD00236FE50023B8
:10F54C00C3E5002396E500231CE70023EFE6002328
:10F55C00C2E6002390E6002363E6002336E6002390
:10F56C0009E60023DCE500BF08500120AC3E012079
:10F57C0010B50446006817F023F8204610BD00BFF4
:10F58C00026812B3114B124913441B1110B401EB56
:10F59C00830100240C6201219460FF24D1600D4A88
:10F5AC000D4913441C77137F547FA34228BF234675
:10F5BC00947FD27FA34228BF2346934228BF134691
:10F5CC0081F87A305DF8044B7047704700BFF7BF85
:10F5DC00C04E00201C45002000E400E0704700BF36
:10F5EC00704700BF704700BFF8B52DED028B90F847
:10F5FC003050F0EE408A0446092D00F2A5806A1CBA
:10F60C0000EB8503D5B2012D80F8305083ED010A53
:10F61C00D0ED017A00F0AB8090ED028AB4EEE78A6F
:10F62C00F1EE10FA01D4B0EE678A022D52D0D4ED6F
:10F63C00037AB4EE678AF1EE10FA37FE888A032D4E
:10F64C0048D0D4ED047AF4EE487AF1EE10FA48BFC3
:10F65C00B0EE678A042D3DD0D4ED057AB4EE678AFE
:10F66C00F1EE10FA37FE888A052D33D0D4ED067AE8
:10F67C00F4EE487AF1EE10FA48BFB0EE678A062D28
:10F68C0028D0D4ED077AB4EE678AF1EE10FA37FE83
:10F69C00888A072D1ED0D4ED087AF4EE487AF1EE64
:10F6AC0010FA48BFB0EE678A082D13D0D4ED097A52
:10F6BC00F4EE487AF1EE10FA48BFB0EE678A092DE5
:10F6CC0008D0D4ED0A7AF4EE487AF1EE10FA48BF7D
:10F6DC00B0EE678A256804EB8506D6ED0A7AF4EE5F
:10F6EC00487AF1EE10FA02D194F8313093B915F052
:10F6FC00FF0704F12C0306D01846BA0004F13001C0
:10F70C0016F0DAFE034603EB8703002243F8042CC1
:10F71C0086ED0A8A002D2DDD0023DFED187A1A46BE
:10F72C00013304EB8202DBB292ED0B7A9D4277EE51
:10F73C00877A1A46F4DC07EE105AB8EEC70ABDEC0D
:10F74C00028B87EE800AF8BD00F1080124220430F8
:10F75C0016F0B2FED4ED017A94ED028AC4ED0A8A59
:10F76C00F4EEC87AF1EE10FA3FF761AF5BE7B0EE5A
:10F77C00678AAFE7DFED017ADDE700BF000000002C
:10F78C0070B5074B0646044600F50075036054F847
:10F79C00040F08B116F014FFAC42F8D1304670BD1E
:10F7AC00F4200020704700BF704700BF70B5074BB6
:10F7BC000646044600F50075036054F8040F08B1C2
:10F7CC0016F0FEFEAC42F8D1304670BDE0200020B1
:10F7DC00F8B52DED028B90F8B460F0EE408A04463B
:10F7EC00272E0ED8721C00EB8603D0B2012884F8A9
:10F7FC00B40083ED010A94ED018A1DD004F10805D3
:10F80C000BE000F108059C220430294616F054FE4A
:10F81C0094ED018A3046C4ED288A29460123F1EC87
:10F82C00017A0133F4EE487ADAB2F1EE10FA48BFFD
:10F83C00B0EE678A8242F2D3256804EB8506D6EDDA
:10F84C00287AF4EE487AF1EE10FA02D194F8B53039
:10F85C0093B915F0FF0704F1A40306D01846BA00BB
:10F86C0004F1A80116F028FE034603EB87030022DF
:10F87C0043F8042C86ED288A002D17DD0023DFEDDC
:10F88C000D7A1A46013304EB8202DBB292ED297A2F
:10F89C009D4277EE877A1A46F4DC07EE105AB8EEE2
:10F8AC00C70ABDEC028B87EE800AF8BDDFED017A4A
:10F8BC00F3E700BF00000000B7EE007AD1ED007A4C
:10F8CC009FED756AD1ED016A37EEC77A00B5B0EEDF
:10F8DC00C77A2DED048BB4EEC67A85B0F1EE10FA32
:10F8EC0040F18A80B0EEE67AD1ED025AB4EEC67AD7
:10F8FC00F1EE10FA00F19D80D1ED039A26EEA60AE6
:10F90C0092ED009AD2ED018A92ED028AA7EEA70A37
:10F91C00A5EEA50AA9EEA90AB5EE400AF1EE10FA79
:10F92C0000F1A680B1EEC07A9FED5C3A9FED5A2AA9
:10F93C00B7EE004A84EE076A66EE266A66EE277A10
:10F94C0066EE255A26EE837A68EE664A26EEA85AAB
:10F95C00A7EE897AE7EEA84AA7EE885A37EEC44A92
:10F96C0026EE296AF1EE652AB0EEC44AA5EE887A35
:10F97C00E5EE834AA5EEC95AB4EEC24AF1EE463A18
:10F98C00F1EE10FAA6EE687AE6EE094AA6EE035AF4
:10F99C0035D49FED426A27EE873A27EE634A27EE6D
:10F9AC00866A22EE877AA6EEC96AA2EEA86AA3EE50
:10F9BC00886AA3EE867AA6EEC63AA2EE864AA6EE30
:10F9CC00A47AA3EEA43AB0EE446AA7EEA46AA7EE1A
:10F9DC00857AF0EE434AE5EE854AA6EEC56AB0EEAE
:10F9EC00475AC0ED004A80ED016A80ED025A05B01D
:10F9FC00BDEC048B5DF804FBD1ED025A7CE7B0EE54
:10FA0C00E64AB4EEC24AF1EE10FAC2D5B0EEE54ABF
:10FA1C00B4EEC24AF1EE10FABBD5B0EEC66AB4EE43
:10FA2C00C26AF1EE10FAB4D5B0EE646AF0EE474A51
:10FA3C00D7E7B0EEE57AD1ED039AB4EEC67AF1EEE3
:10FA4C0010FA7FF55BAFB0EEE97AB4EEC67AF1EE60
:10FA5C0010FA7FF553AFD2F800C051689368C0F824
:10FA6C0000C04160836005B0BDEC048B5DF804FB05
:10FA7C000390CDED025ACDED016ACDED007A14F074
:10FA8C0043FA0398B0EE407ADDED025ADDED016ADF
:10FA9C00DDED007A48E700BF6F12833A00000000EA
:10FAAC00D1ED096A92ED000AF5EE406AD2ED017AC9
:10FABC0092ED027AF1EE10FA30B52DED028B91B089
:10FACC000C4605468DED020ACDED037A8DED047AD8
:10FADC0050D1D4ED045AD4ED056A30EE650A94ED9C
:10FAEC00088A94ED0B6A77EEE67ADFED626AA6EE91
:10FAFC00080A94F8283077EEA67A37EE267ACDED00
:10FB0C00037A8DED047A8DED020A5BB167EEA77A6C
:10FB1C00E0EE007AF4EE667AF1EE10FA00F1A580D0
:10FB2C00B1EEE70AF0EE480A14F0D8FCB0EEC00AC9
:10FB3C009FED506A002330EE000A2B80AB7094F8D6
:10FB4C002920C0EE087A77EE867ABBFE677ABCEE87
:10FB5C00C77A8DED017A9DF8043052B303EB430361
:10FB6C00284623449A889B792A80AB7011B0BDEC4F
:10FB7C00028B30BD404A002309A905A809930A93BA
:10FB8C001388CDED0B6AADF8303053680D93936844
:10FB9C000E93D3680F930FF0A3FE02AA05A909A830
:10FBAC00FFF78AFE9DED090ADDED0A7A9DED0B7AD1
:10FBBC008FE75A1C06EE903AB7EE005A284607EE2D
:10FBCC00102AF8EE666AB3FA83F203EB4303B8EE3D
:10FBDC00C77A77EEE67A5209234437EE667A02EB5F
:10FBEC004202197914445A79C7EE875A9B7904EE6C
:10FBFC00102A227904EE903A637906EE902A03EEED
:10FC0C00901A07EE103AA379F8EEE66A07EE903AEE
:10FC1C00B8EEC77AF8EEE33AF8EEE77AB8EEC44AF3
:10FC2C00F8EEE44A35EE866A75EE465A66EE866A5A
:10FC3C0027EE067A67EE867AE3EEA56AA5EE847A5D
:10FC4C00E5EEA47AFCEEE66ABCEEC77AFCEEE77A47
:10FC5C0016EE901A17EE102A17EE903A29706A7069
:10FC6C00AB7011B0BDEC028B30BDB0EE670A14F076
:10FC7C004BF957E70000000000510120D1ED0A6A52
:10FC8C0092ED000AF5EE406AD2ED017A92ED027A1D
:10FC9C00F1EE10FA30B52DED028B91B00C46054605
:10FCAC008DED020ACDED037A8DED047A40F0BA8029
:10FCBC00D4ED055AD4ED066A30EE650A94ED098A46
:10FCCC0094ED0C6A77EEE67ADFED686AA6EE080A28
:10FCDC0094F82C3077EEA67A37EE267ACDED037AAF
:10FCEC008DED047A8DED020A5BB167EEA77AE0EE3A
:10FCFC00007AF4EE667AF1EE10FA00F1B280B1EE11
:10FD0C00E70AF0EE480A14F0E9FBF1EE007AB0EEE7
:10FD1C00C00A9FED567A20EE270AC0EE087A77EEDD
:10FD2C00877ABBFE677ABCEEC77A8DED017A9DF8B7
:10FD3C000430022B13D800215A1C2980D2B2A9708E
:10FD4C0094F82D1099B103EB4303284623449A8869
:10FD5C009B792A80AB7011B0BDEC028B30BD0021B9
:10FD6C0000222980A97094F82D100029EBD1591C80
:10FD7C0007EE103A02EB4202DFED3C3A05EE101AA8
:10FD8C00B8EE477A224403EB4303B8EEC55A284633
:10FD9C0077EEC77A1C441379F7EE005A35EE475AC2
:10FDAC0006EE903A537987EE856A07EE103A93790E
:10FDBC00227907EE903A637904EE102A04EE903A19
:10FDCC00A379F8EEE66AB8EEC77A05EE103AF8EECB
:10FDDC00E77AB8EEC44AF8EEE44AB8EEC55A36EE05
:10FDEC00236A75EEC65A66EE866A27EE067A67EEC9
:10FDFC00867AE4EE256AA5EEA47AE5EE857AFCEE29
:10FE0C00E66ABCEEC77AFCEEE77A16EE901A17EEAD
:10FE1C00102A17EE903A29706A70AB7011B0BDECD5
:10FE2C00028B30BD124A002309A905A809930A9335
:10FE3C001388CDED0B6AADF8303053680D93936891
:10FE4C000E93D3680F930FF04BFD02AA05A909A8D6
:10FE5C00FFF732FD9DED090ADDED0A7A9DED0B7A77
:10FE6C0026E7B0EE670A14F04FF84AE700000000EE
:10FE7C0000510120D2ED007ADFED476A9FED477A01
:10FE8C0067EEA67A30B52DED048BC7EE878A0D464A
:10FE9C008DB00446B6EE009A68EE898AB0EE680A18
:10FEAC0014F04EFB2B78B0EE408A06EE903A6B784D
:10FEBC00B0EE680A07EE103AAB78F8EE666A07EE19
:10FECC00903AB8EE477A28EE098AF8EE677ACDEDCB
:10FEDC00026A8DED037ACDED047A14F035FC02AA9A
:10FEEC0008A905A88DED080A8DED098A8DED0A8A01
:10FEFC008DED0B8AFFF7E0FCDDED057A9FED287A9E
:10FF0C00F4EEC77AF1EE10FA06DCF5EEC07AF1EEFB
:10FF1C0010FA3AD5002100E0FF21DDED067A9FEDC5
:10FF2C00207AF4EEC77AF1EE10FA06DCF5EEC07A20
:10FF3C00F1EE10FA22D5002200E0FF22DDED077A67
:10FF4C009FED177AF4EEC77AF1EE10FA06DCF5EEB7
:10FF5C00C07AF1EE10FA0AD5002300E0FF23204608
:10FF6C0021706270A3700DB0BDEC048B30BDFCEE43
:10FF7C00E77ACDED017A9DF80430F0E7FCEEE77AF4
:10FF8C00CDED017A9DF80420D8E7FCEEE77ACDEDB3
:10FF9C00017A9DF80410C0E7DB0F494000003443A0
:10FFAC0000007F432DE9F0470C46916805469A46C0
:10FFBC00D4ED0D7A92ED007AD2ED016A2DED028B23
:10FFCC009FEDA58A90B0F4EE487A0491F1EE10FA08
:10FFDC0004D094F87221002A00F0CB80FDEEE77A71
:10FFEC009E499FED9F6ADFED9F5A17EE902A81FB89
:04FFFC000201D01717
:02000004600199
:100000001144C0EB21214FF4B47000FB112207EE24
:10001000902AF8EEE77A37EEC66AB0EEC66AB4EE1A
:10002000E56AF1EE10FA40F1E280B1EE477AD4EDE4
:10003000097ABBEE046ADFED8F5A76EEE77A94ED2B
:100040000A5AD4ED073A37EE457A94ED084A67EE3E
:10005000A55ACDED027ADFED884AB3EE045A67EE79
:10006000066A8DED037AC5EEA37A86EE847A77EE82
:10007000A47AFBFE677AFDEEE77A37EE057A17EE93
:10008000902AFBFE477AFDEEE77AB2F5C36F17EED2
:10009000901A69D2132967D8784FC817B4F87081BD
:1000A00087FB01EC764E4FEA4809C0EBAC0036689E
:1000B00087FB02C74FEAE27E844600EB8000CEEB6E
:1000C000A70EA1EB4000B6FBF9F109FB11669C21DC
:1000D00001FB0C4C40F201214645F44494BF00263C
:1000E00001269CF8387021FA00FC1CF0010F19D091
:1000F0005A2F39D9002E37D0216953461A980A68E9
:10010000009005A8146802AAA0475E4B284609AAD9
:1001100005A90993FFF7B4FE284610B0BDEC028B89
:10012000BDE8F0870EEB8E0EA2EB4E02C2F1090283
:10013000D2B2D140CB07DBD4A7F12F01C9B24F29EE
:100140007CD8514B03EB8101D1F88C140144013A66
:100150005A2F11F8011C41FA02F202F0010275D97E
:10016000002E6DD0002AC7D0B4F81720637E2A80F5
:10017000AB70284610B0BDEC028BBDE8F087434A57
:1001800005A8D4ED0C5A118894ED0B6A76EEE56A59
:10019000ADF83010516837EE467ACDED036A0D9117
:1001A0009168D2680E9109A98DED027ACDED0B7A96
:1001B0000F928DED098A8DED0A8A0FF097FB05A944
:1001C00009A802AAFFF77EFB9DED0B6ADDED097A17
:1001D00036EE086A9DED0A7AD4ED0B6AD4ED0C5A1E
:1001E00077EEA66A8DED046A37EE257A1FE79FED5C
:1001F000286A37EEC66AB0EEC66AB4EEE56AF1EE7A
:1002000010FA06D5F1EE477AB1EE667AF0EE676A3B
:100210000DE79FED206A77EEC67AF0EEE77AF4EE0E
:10022000E57AF1EE10FA02D5F1EE666AFFE6F0EE3D
:10023000667AF0EE476AB0EE677AF8E6164985E727
:100240005A2F03D9002A7FF457AF8DE7002A8BD0AD
:10025000216953461A9C02AA08680094046828463B
:10026000A04786E700000000B7600BB60000B4426C
:10027000000034420000C3C40000C34467666666E1
:10028000383D012000003443802A00200051012025
:100290000000344300008743042F0020D1ED857A0D
:1002A0009FEDBA7AF0EEE76AF0B5F4EEC76A0C4655
:1002B0000546F1EE10FA2DED068B8FB040F1D2809D
:1002C000D2ED008A91ED837A92ED018AD1ED847AA4
:1002D00078EEC78A38EE678AD4ED819AB1EE699AD2
:1002E000B4EEE89AF1EE10FA05DDF4EEE89AF1EEDC
:1002F00010FA00F1968094ED82AAF1EE4A7AF4EEBB
:10030000C87AF1EE10FA05DDB4EEC8AAF1EE10FAE3
:1003100000F18780F0EE680AB0EE480A14F0E2F8C7
:100320009FED9B7A28EE088AC0EE077AA8EEA88A8D
:10033000B5EE408AF1EE10FA67EE8A8A00F11F816D
:10034000F1EEC8AA94F828349FED926A07EE903A2D
:1003500094F829249FED900AF8EE677A79EEA86A5E
:1003600039EEA95A36EE677AC9EEA75A66EE876A61
:1003700086EE857A77EE277AFCEEE77ACDED037A82
:100380009DF80C30591C07EE103A07EE901AF8EE63
:10039000C76AB0EE497AF8EEE77AA5EEA67AA5EE3E
:1003A000A79A78EEC78A39EE479AC8EE897A77EE2F
:1003B000867A002A3DD127EE800A9E0014F0CAF901
:1003C000F7EE007AB6EE006AD4F8247237EEC00A6F
:1003D000BB19D3ED016A20EE060A93ED007A77EEA1
:1003E000C07A20EE260AA7EE270AF1EE6A7A94F880
:1003F0002A34F7EE006A87EE8A7A37EE267A002BE7
:100400005BD1B1EE006ADFED657A0023E0EE067A9B
:1004100076EEE77A77EEC77AF5EEC07AF1EE10FA6B
:100420007BD4002328462B80AB700FB0BDEC068B2D
:10043000F0BD27EE800A04EB830614F08BF9F7EE8B
:10044000007AB6EE006AD6ED8B6A96ED8A7A37EEC0
:10045000C00A20EE060A77EEC07A20EE260AA7EE42
:10046000270AC2E79FED4E7AD1ED84AA27EE878A4C
:10047000D2ED018A91ED83AAD2ED009A78EEEA8A54
:10048000B0EE480A14F066F9B0EE409AB0EE480AB1
:1004900079EECA9A14F05AF828EE898A60EE688AD2
:1004A000A9EE808AE9EE898A3AEE888A7AEE288A6D
:1004B00038EE6A8A78EECA8A0EE7DFED3A7AF1EE14
:1004C000045A94ED876A60EE277A36EE656A77EE15
:1004D000AA5AF4EEC65AF1EE10FAA2DD7AEEE77AE5
:1004E000B4EEE76AF1EE10FA9BDD9FED2F6ADFEDC7
:1004F0002F7AE0EE46AAF4EEE7AAF1EE10FA2FDC2E
:10050000DFED2B7AF4EEE7AAF1EE10FA89D576EE5C
:10051000C06AD4F87C14002303E076EEC06AD4F8F5
:100520007C1476EEC76A0A681668069307930893E8
:10053000CDED056A099305AA0A9304A80B930C93C1
:100540000D930BAB009308ABB047284604F5067239
:1005500004A9FFF795FC28460FB0BDEC068BF0BD53
:1005600030EE260AD4F87C1400230A6830EE470ADD
:1005700016680693079308938DED050ADAE7B0EE47
:10058000480A13F0C7FCF0EE40AADBE6CDCCCC3D28
:10059000DB0FC94000000000DB0F49409A99193E6B
:1005A00035FA8E3C00001643000048420000964297
:1005B0000000FA42D1ED857A9FED8D7AF0EEE76A80
:1005C000F0B5F4EEC76A0C460546F1EE10FA2DEDD3
:1005D000088B8FB040F1DF80D2ED007AD1ED836AD5
:1005E00092ED018A91ED847A77EEE67A38EE478AC9
:1005F00094ED817AF1EE476AF4EEE76AF1EE10FAD3
:1006000004DCB4EEE77AF1EE10FA07D500232B8074
:10061000AB7028460FB0BDEC088BF0BDD4ED828ADC
:10062000B1EE689AB4EEC89AF1EE10FAEEDCF4EE90
:10063000C88AF1EE10FAE9D494F82C3237EE275A32
:10064000F6EE00AADFED6B9A5A1E05EE903A37EEF1
:10065000074A9FED690A06EE102AF8EE655AD4F8AB
:100660002472B8EEC66A94EDFDBAC7EE254A94ED41
:10067000FEAAB0EE467A3AEE4BAA96EE2A7A65EEDC
:10068000075A85EE847A37EE067ABCEEC77A8DED8E
:10069000037A9DF80C309A1C06EE103A9E0007EE85
:1006A000102AF8EEC65AB0EE666AB8EEC77AA4EE23
:1006B000A56AE4EE876A77EEC67A76EEC66A87EEBA
:1006C000A67A37EE297A27EE000A14F043F8BB1910
:1006D000F6EE085A93ED027AB7EE006AD3ED007A8F
:1006E00037EE4B7A77EECB7A36EE400A67EE256A24
:1006F00027EEA57A20EE2A0AC6EE8A7AC7EE0A6AA3
:1007000076EE405A77EEA97A67EE807A36EEA97ACD
:10071000E7EE257A28EEA77A27EE2A7AB4EEC87A91
:10072000F1EE10FA7FF772AFDFED316AA9EE267AAB
:10073000B4EEC87AF1EE10FA7FF568AFB1EE488AF0
:10074000D4F8F01377EE867A0BAB0A6804A888EE2B
:10075000287A166805AA009308ABCDED069ACDED70
:10076000079ACDED089ACDED099ACDED0A9ACDED17
:100770000B9ACDED0C9ACDED0D9A37EE067A77EE09
:10078000C77ACDED057AB04704F5067204A928466C
:10079000FFF776FB3DE79FED197AD1ED839A67EE7F
:1007A000878A91ED84AA92ED009A92ED018AB0EECB
:1007B000680A13F0CFFFF0EE407A38EE4A8AB0EEC6
:1007C000680AF0EE678A13F0C1FE39EE699A60EEAE
:1007D000487A28EE287AE9EE287AA9EE007A79EEAE
:1007E000A77A3AEE078A77EEE97A38EE4A8AFFE688
:1007F000CDCCCC3D00000000DB0F494035FA8E3CEB
:10080000D1ED857A9FED9C7AF0EEE76AF0B5F4EED3
:10081000C76A0C460646F1EE10FA2DED068B8FB036
:1008200040F1FC80D2ED007AD1ED836A92ED018A2D
:1008300091ED847A77EEE67A38EE478AD4ED816AD4
:10084000B1EE667AB4EEE77AF1EE10FA05DDF4EE79
:10085000E76AF1EE10FA00F1AC80D4ED828AB1EED5
:10086000686AB4EEC86AF1EE10FA05DDF4EEC88AE3
:10087000F1EE10FA00F19D8094F8243476EEA75A38
:100880009FED7E5A36EEA64A06EE103A94F82724DB
:10089000B8EE466A75EE463AC6EE864A65EEA35A4B
:1008A000C5EE846A76EE866AFCEEE66ACDED036AF2
:1008B0009DF80C30591C06EE103A06EE901AF8EE30
:1008C000C65AB0EE476AF8EEE66AA4EEA56AA4EE50
:1008D000A67A77EEC67A37EE467A87EE870ADFED9C
:1008E000687A30EE050A002A6BD120EE270A9D00B7
:1008F00013F030FFB7EE007AF6EE007AD4F82072EB
:1009000037EE400A7B1993ED016A60EE277AD3ED4A
:10091000006A94F8253437EE677A67EE867AE6EE59
:10092000877AB0EE087A67EE877A002B69D0B0EE4E
:10093000C88ADFED526AB7EE006A76EEE86A38EEF2
:10094000688AB1EE488A88EE267A37EE067A94F8FD
:1009500026341BB1F7EE006A36EEC77AB4EEE77ABA
:10096000F1EE10FA25D8F7EE006AD4F878140023D7
:1009700004A80A6876EEE77A156805AA069377EE6A
:10098000C77A0793089309930A930B930C930D93DB
:100990000BABCDED057A009308ABA847304604F5C4
:1009A000067204A9FFF76CFA30460FB0BDEC068B57
:1009B000F0BD002330463380B3700FB0BDEC068B22
:1009C000F0BD20EE270A04EB830513F0C3FEB7EE5B
:1009D000007AF6EE007A95ED8A6AD5ED896A37EEEF
:1009E000400A94F8253460EE277A37EE677A67EE8E
:1009F000867AE6EE877AB0EE087A67EE877A002B81
:100A000095D138EE888A78EEA88AF7EE006AB1EEC2
:100A1000488A88EE287A37EE267A98E79FED197A89
:100A2000D1ED839A67EE878A91ED84AA92ED009AC0
:100A300092ED018AB0EE680A13F08CFEF0EE407A77
:100A400038EE4A8AB0EE680AF0EE678A13F07EFD4F
:100A500039EE699A60EE487A28EE287AE9EE287A2B
:100A6000A9EE007A79EEA77A3AEE078A77EEE97A6C
:100A700038EE4A8AE2E600BFCDCCCC3D0000000053
:100A8000DB0F494035FA8E3CD1ED0A7AF5EE407A1B
:100A900070B5F1EE10FA96680C4605462DED048B04
:100AA000D2ED008A8EB092ED018ACDED008A8DEDF7
:100AB000018A029646D128EE080AA8EEA80AB5EEE9
:100AC000400AF1EE10FA6BD4B1EEC09AF0EE680A6B
:100AD000B0EE480A13F006FDF0EE407AD4ED086A55
:100AE000B7EEC90A9FED337A67EEA67AD4ED098A8C
:100AF0009FED2E1B87EE878A13F030FA237B284662
:100B0000626807EE903AB7EEC00BF8EEE77AB0EE07
:100B1000487AA8EE807AFBFE476A37EE667A67EE7F
:100B2000877AFBFE677AFDEEE77A17EE903A03EBE1
:100B30004303D118D25A8B782A80AB700EB0BDEC2B
:100B4000048B70BD1C4A002307A903A807930893D0
:100B50001388CDED097AADF8283053680B9393686C
:100B60000C93D3680D930EF0C1FE94ED057A03A9A2
:100B7000D4ED047A07A838EE478A6A4678EEE78A09
:100B800002968DED018ACDED008AFEF79BFEDDED2C
:100B9000078A9DED088ACDED008A8DED018A8AE7EE
:100BA00013F0B8F9B0EE409A90E700BF00000040A3
:100BB0003333D33FDB0F49400051012030B583B0C0
:100BC00004462831069D0095FFF75EFF204603B0DE
:100BD00030BD00BF10B50446C06A08B115F0F6FC80
:100BE000206B08B115F0F2FC204610BD10B504468C
:100BF000406808B115F0EAFCA06808B115F0E6FC01
:100C0000204610BD70B5074B0646044600F500753A
:100C1000036054F8040F08B115F0D8FCAC42F8D1C9
:100C2000304670BD08210020704700BFF7EE007A03
:100C3000D2ED005A9FED357A92ED015A75EEE77AC2
:100C4000F0EEE77AF4EEC77AF1EE10FA3BD5F0EE6B
:100C5000C57AD2ED024AF4EEC77AF1EE10FA35D435
:100C600092ED034AD1ED017AD1ED002A25EE676AB3
:100C700091ED023A67EEA56AD1ED033A24EE677A68
:100C800067EEA47AA2EEA56AE2EE856AA2EEA47AE5
:100C9000E2EE847AA3EE646AE3EE046AA3EE257AB8
:100CA000E3EE457AA3EEC46AE3EEE46AA3EE857A46
:100CB000E3EEA57A80ED006AC0ED016A80ED027A6C
:100CC000C0ED037A7047D2ED024AC9E7F0EEE47A4C
:100CD00092ED034AF4EEC77AF1EE10FAC2D5F0EEC7
:100CE000C47AF4EEC77AF1EE10FABBD5D1F804C09D
:100CF0008A68CB68C0F804C08260C36000B5D1F8D0
:100D000000E0C0F800E05DF804FB00BF6F12833A1A
:100D1000F7EE007A9FED377A10B52DED048B91ED4B
:100D2000008A86B00446D1ED018A78EE677AF0EE4B
:100D3000E77AF4EEC77AF1EE10FA36D5F0EEE87AFB
:100D400091ED029AF4EEC77AF1EE10FA30D4D1EDBB
:100D5000039A28EEA80AA8EE080AA9EE090AA9EE45
:100D6000A90AB5EE400AF1EE10FA3CD4B1EEC07A11
:100D7000204602A9F7EE006AC6EE877A27EE888A37
:100D800068EEE78A29EE679A67EEE97A8DED028AC6
:100D9000CDED038A8DED049ACDED057AFEF792FD37
:100DA000204606B0BDEC048B10BD91ED029ACEE753
:100DB000F0EEC97AD1ED039AF4EEC77AF1EE10FAAB
:100DC000C7D5F0EEE97AF4EEC77AF1EE10FAC0D5A5
:100DD000106851689368206020466160A36006B087
:100DE000BDEC048B10BD019213F094F8019AB0EEA3
:100DF000407ABDE76F12833AF8B54FF0010C534BC0
:100E0000534E0746534D2DED028B53E8002F3168AA
:100E10002C6843E800C2002AF7D14F4B5B684F4A69
:100E20004FF47A701B1B97ED038A126800FB01F1E7
:100E30009FED4B0AF0EE480AA3FB0232824294BFB8
:100E40008918091807EE901AF8EE677A87EE800A7B
:100E500013F04AFB3B78C0EE087A042B73D8DFE826
:100E600003F0152D4467030037EEA77AB7EE000AAA
:100E7000B4EEC07AF1EE10FA05D567EEA77AB1EEBE
:100E8000000A27EE800ABDEC028BF8BDB6EE007AB0
:100E9000F4EEC77AF1EE10FA03DDB7EE007A77EEE2
:100EA000677A97ED010A77EEA77A97ED027A37EE27
:100EB000407ABDEC028BA7EE870AF8BDF6EE005A29
:100EC00097ED010AD7ED026AB7EE007A9FED256A29
:100ED000F4EEE57A76EEC06AF1EE10FABDEC028B24
:100EE00077FE067AA6EEA70AF8BDDFED1F6A9FED32
:100EF0001F7A67EEA67A9FED1E0A97ED018A67EECC
:100F0000877A87EE800A13F021FBD7ED027AF7EE9D
:100F1000006A77EEC87AB6EE007A30EE260A67EEFF
:100F2000807AB0EE480ABDEC028BA7EE870AF8BDC6
:100F300097ED010A97ED027A37EE407ABDEC028B0D
:100F4000A7EE870AF8BD9FED070A9CE7343D012014
:100F5000383D01203C3D0120001000E0403D0120D3
:100F600000247449000000000000B443D00F494041
:100F70000000344338B5044614302DED048BFFF7E0
:100F80003BFF04F12400F0EE408AFFF735FF04F147
:100F90003400B0EE408AFFF72FFFDFED157ADFED6A
:100FA000156A04F23475B0EE679A9FED136A95EDF9
:100FB000007A201DA8EEA69AF0EE678AE0EE267A67
:100FC00037EE067AE8EE268A85ED007AB0EE678A7B
:100FD000FFF712FF84ED219AC4ED228A84ED238A63
:100FE00084ED1B0A2B68BDEC048BC4F8A03038BD1F
:100FF0004260E53B0AD7A33B0AD7233B70B50446C2
:1010000004302DED068BB0EE408A96B0FFF7F4FE6B
:10101000DFEDDF7ADFEDDF5AB6EE009A68EE277A71
:10102000DFEDDD6AF2EE084A04F20C76B0EE496AB2
:10103000DFEDDAAA77EEA77A96ED007A9FEDD85A1F
:10104000A0EE246ADFEDD79A67EEA57A37EE2A7A0A
:10105000E0EE059AC7EEA68A86ED007A84ED116A65
:1010600068EE898AB0EE680A13F070FAB0EE408A32
:10107000B0EE680A13F06EFB256B28EE098AB7EE16
:10108000009A2B78F0EE408A06EE903A6B7830EEBC
:10109000499A07EE103AAB78B0EEC8AAB0EEC99AFA
:1010A00007EE903AF8EE666AB8EE477AB4EEEA9A3E
:1010B000F8EE677AF1EE10FA05D5B4EEEAAAF1EE91
:1010C00010FA00F18C8128EE086A0023CDED036A46
:1010D0008DED047AB0EE460A0293CDED057AA8EEC6
:1010E000A80A30EE060A30EE060AB5EE400AF1EE26
:1010F00010FA00F1E482B1EEC07A12A802AA06A9A1
:10110000F7EE006AC6EE877A28EE277A68EEA77AAD
:10111000F1EE476A8DED077ACDED067A8DED087A0E
:101120008DED097ACDED0A7ACDED0B6ACDED0C6A25
:10113000CDED0D6AFFF77AFD01460AAA0EA8FFF76A
:1011400075FDDDED0F6A9FED986A9DED107AF4EE66
:10115000C66ADDED117AF1EE10FA40F32781FF2126
:10116000DFED916AB4EEE67AF1EE10FA00F32C812D
:10117000B5EEC07AF1EE10FA40F1828200229FEDC6
:101180008A7AF4EEC77AF1EE10FA00F32681F5EED2
:10119000C07AF1EE10FA00F17A82FCEEE77ACDED3A
:1011A000017A9DF8043084F8241084F8252084F80E
:1011B00026309FED7A6AEB78B4EEC69A06EE903A46
:1011C0002B7907EE103A6B79F1EE10FA07EE903AB0
:1011D000F8EE666AB8EE477AF8EE677A40F1D181A8
:1011E000B4EEC6AAF1EE10FA40F1CB81FCEEE66A4D
:1011F000CDED016A9DF80410DFED6B6AB4EEE67A7E
:10120000F1EE10FA00F31782B5EEC07AF1EE10FAA3
:1012100040F13F8200229FED647AF4EEC77AF1EE4E
:1012200010FA00F31182F5EEC07AF1EE10FA00F137
:101230001382FCEEE77ACDED017A9DF8043084F854
:10124000271084F8282084F829309FED546AAB7960
:10125000B4EEC69A06EE903AEB7907EE103A2B7A86
:10126000F1EE10FA07EE903AF8EE666AB8EE477AB9
:10127000F8EE677A40F12081B4EEC6AAF1EE10FADA
:1012800040F11A81FCEEE66ACDED016A9DF804108A
:10129000DFED456AB4EEE67AF1EE10FA00F366810E
:1012A000B5EEC07AF1EE10FA40F1E18100229FED37
:1012B0003E7AF4EEC77AF1EE10FA00F36081F5EEB3
:1012C000C07AF1EE10FA00F1D981FCEEE77ACDEDAB
:1012D000017A9DF8043084F82A1084F82B2084F8D1
:1012E0002C309FED2E6A6B7AB4EEC69A06EE903AD9
:1012F000AB7A07EE103AEB7AF1EE10FA07EE903A7D
:10130000F8EE666AB8EE477AF8EE677A6ED5B4EE14
:10131000C6AAF1EE10FA69D5FCEEE66ACDED016AD7
:101320009DF80410DFED206AB4EEE67AF1EE10FAD3
:1013300000F3B780B5EEC07AF1EE10FA40F190817B
:1013400000229FED197AF4EEC77AF1EE10FA00F35D
:10135000B180F5EEC07AF1EE10FA00F17F81FCEE7B
:10136000E77ACDED017A9DF8043084F82D1084F8E9
:101370002E2084F82F30C4ED179AC4ED189AC4EDCE
:10138000199A3368A36716B0BDEC068B70BD00BF19
:101390000000B443DB0F4940000034436F12833A2E
:1013A0006F12833B0AD7A33B00007F43F5EEC06A70
:1013B000F1EE10FA13D55FED046A0021B4EEE67A7F
:1013C000F1EE10FA7FF7D4AE1FED097AFF22F4EEAA
:1013D000C77AF1EE10FA7FF7DAAEFF23E3E6FCEE10
:1013E000E66ACDED016A9DF80410B9E628EE086AB8
:1013F0000023CDED036A8DED047AB0EE460A029328
:10140000CDED057AA8EEA80A36EE000A30EE060AFF
:10141000B5EE400AF1EE10FA00F14281B1EEC07A69
:1014200012A802AA06A9F7EE006AC6EE877A28EE8D
:10143000278A68EEA78AF1EE487A8DED078ACDED0E
:10144000068A8DED088ACDED0B7ACDED0C7ACDEDC7
:101450000D7A8DED098ACDED0A8AFFF7E7FB01468B
:101460000AAA0EA8FFF7E2FBDDED0F6A1FED326A54
:101470009DED107AF4EEC66ADDED117AF1EE10FA08
:1014800000F3E880F5EEC06AF1EE10FA7FF544AFA4
:101490005FED3B6A0021B4EEE67AF1EE10FA7FF7D9
:1014A00049AF1FED3F7AFF22F4EEC77AF1EE10FA52
:1014B0007FF74FAFFF2358E728EE086A0023CDEDF2
:1014C000036A8DED047AB0EE460A0293CDED057AFB
:1014D000A8EEA80A36EE000A30EE060AB5EE400A7B
:1014E000F1EE10FA00F1E180B1EEC07A12A802AA82
:1014F00006A9F7EE006AC6EE877A28EE277A68EE2C
:10150000A77AF1EE476A8DED077ACDED067A8DED7B
:10151000087A8DED097ACDED0A7ACDED0B6ACDED25
:101520000C6ACDED0D6AFFF781FB01460AAA0EA8F1
:10153000FFF77CFBDDED0F6A1FED656A9DED107A0C
:10154000F4EEC66ADDED117AF1EE10FA7EDCF5EE0E
:10155000C06AF1EE10FA7FF595AE5FED6D6A00217D
:10156000B4EEE67AF1EE10FA7FF79AAE1FED727ADA
:10157000FF22F4EEC77AF1EE10FA7FF7A0AEFF2358
:10158000A9E628EE086A0023CDED036A8DED047A02
:10159000B0EE460A0293CDED057AA8EEA80A36EE23
:1015A000000A30EE060AB5EE400AF1EE10FA00F13C
:1015B0008180B1EEC07A12A802AA06A9F7EE006AED
:1015C000C6EE877A28EE277A68EEA77AF1EE476AA8
:1015D0008DED077ACDED067A8DED087A8DED097ADD
:1015E000CDED0A7ACDED0B6ACDED0C6ACDED0D6A2D
:1015F000FFF71CFB01460AAA0EA8FFF717FBDDED5B
:101600000F6A1FED976A9DED107AF4EEC66ADDED64
:10161000117AF1EE10FA1BDCF5EEC06AF1EE10FA69
:101620007FF5E4AD5FEDA06A0021B4EEE67AF1EE5D
:1016300010FA7FF7E9AD1FEDA47AFF22F4EEC77A26
:10164000F1EE10FA7FF7EFADFF23F8E5FF211FE67B
:10165000FF21D1E5FF2165E60023F0E5002384E6C4
:10166000BCEEC77A8DED017A9DF8042069E6BCEEE8
:10167000C77A8DED017A9DF8042018E600232AE64A
:10168000BCEEC77A8DED017A9DF8042077E5002342
:1016900089E5BCEEC77A8DED017A9DF80420BAE5A4
:1016A00012F038FCB0EE407ABAE612F033FCB0EE3D
:1016B000407A1BE712F02EFCB0EE407A7BE712F086
:1016C00029FCB0EE407A18E510B5044604302DED43
:1016D000028BB0EE408AFFF78FFBF7EE007A84EDC5
:1016E000130A9FED077A0022064B37EEC80AA26361
:1016F000E36320EE070ABDEC028B84ED140A10BDF3
:101700000000B443000096420B682DE9F0475A6987
:101710000D46854C8146A2422DED048B8AB040F0E7
:10172000E48001F124079A6980498A4240F0E6800A
:101730001B6805F2D5667E4A934240F0E88095ED3D
:10174000067AF6EE006AD5ED045AD5ED057A95EDE8
:10175000036A37EE257A77EE867A27EE267A67EEE9
:10176000A67A8DED077ACDED067A002409F14400C2
:101770009FED709AADF81640FFF73EFBD9ED017A68
:1017800009F12400DFF8B08127EE800A89ED040A10
:10179000FFF732FBD9ED017A09F1340027EE800A18
:1017A00089ED020AFFF728FBD9ED017A27EE800ABE
:1017B00089ED030A0DE0BDF81630A2B203EB430336
:1017C00002EB4202F85A3B44B118B0529B788B703E
:1017D00001342B681FFA84FADA69424563D140F27A
:1017E0003B20504564D99B685246294608A8984733
:1017F000D9ED037A9DED098ADDED080A38EE278AD6
:10180000D9ED026A9DED077A70EEA60ADDED067A43
:1018100038EE478A70EEE70A28EE080AA0EEA00A22
:10182000B5EE400AF1EE10FA75D4F1EEC08AB0EED2
:10183000480A12F057FEC8EE897A99ED041AF0EEC4
:10184000409AB7EEC11AB7EEE70A12F087FBB0EE86
:10185000407BB0EE690AF7EEC78B12F07BFFB0EE6B
:10186000408AB0EE690A12F071FE60EE287A28EE26
:10187000288AD5F800C051460DF11602FDEEE77A30
:101880002846BDEEC87ACDED007A17EE103ADCF8A6
:1018900048A0D04700288ED1A3B203EB4303F2182F
:1018A000F052907094E72846904750452B689AD89C
:1018B000002440F23A290CE04C4511D804EB4403D3
:1018C0000134F05AF118FA18A4B2F8528B789370D8
:1018D0002B68DB694345EFD0284698478442EDD317
:1018E0000AB0BDEC048BBDE8F087084690472B6832
:1018F0000E4907469A698A423FF41AAF2846904734
:101900002B680B4A06461B6893423FF418AF2946E2
:1019100006A8984729E7CDED030A12F0FBFADDEDA2
:10192000030AF0EE408A82E7F1050000F5050000A9
:10193000B5040000000040427D020000DFEDCD7ADA
:1019400090ED017AB4EEE77AF1EE10FA40F291816F
:101950000B682DE9F04FDA690C46C74905468A4203
:101960002DED108B8BB040F0BC8140F23B220392F6
:101970005A69C2498A4240F0A78104F124029B6956
:101980000292BF4A934240F0A88104F2D5630493C7
:1019900005F12C00F7EE00EAFFF72EFA2B7A95ED11
:1019A000017AB0EE409A013BF0EE6EBA07EE903A43
:1019B000039BF8EEE77AE7EE87BA002B00F046814A
:1019C00005F10C03FCEEEB7A4FF0000AF6EE009AFC
:1019D0000FEE903A05F11C03CDED017A55460FEE5E
:1019E000103A049B9FEDA7BADFEDA7AA98469FED9A
:1019F000A7AA9FEDA7CA9DF80490059323682A46DD
:101A0000214608A89B689847F2EE047A9DED087A73
:101A10002A462368214687EE27EA08A89B6898474C
:101A20009DED097A1FEE900AF1EE047AC7EE27DAEF
:101A3000FFF7E2F91FEE100AB0EE408AFFF7DCF97B
:101A4000B0EE40DAB0EE4E0AA8EE0B0A12F07EFDC0
:101A5000F0EE40CAB0EE6D0AADEE0B0A12F07AFE5F
:101A60007CEE80CAB0EE4E0A7CEEAECAA8EE2A0A20
:101A700012F06CFDF0EE408AB0EE6D0AADEE2A0A6F
:101A800012F068FE78EE808AB0EE4E0AA8EE0A0ADE
:101A900012F05CFDB0EE408AB0EE6D0AADEE0A0ABF
:101AA00012F058FE7BEEEE7AB0EE6E7A38EE008AD7
:101AB0006CEEA7CAACEEA97ABCEEC77A8DED017ABE
:101AC0009DF804304B4500F2D280012B38BF012332
:101AD00078EEAE8AB0EE6E7A68EEA78AA8EEA97AA2
:101AE000BCEEC77A8DED017A9DF804704F4500F287
:101AF000BC80012F38BF012738EE2E8A28EE278AB6
:101B0000F0EE6E7AE8EE297AFCEEE77ACDED017A16
:101B10009DF804604E4500F2A680012E38BF0126D4
:101B200022682946B0EE490A2046D2F84CB007AAEE
:101B3000D84722683B46294639EE0C0A0746D2F8B8
:101B40004CB020460DF11E02D84722689FED510A85
:101B500033462946D66C054639EE000A08AA2046C7
:101B6000B047002F7CD0BDF81C30029A03EB430332
:101B7000D35C88F8003035B1BDF81E30029A03EB13
:101B8000430313445D7888F80150002863D0BDF802
:101B900020300AF1010A029A03EB430313449B78B5
:101BA00088F802301FFA8AF5039B08F10308AB425C
:101BB0003FF624AF049A0299D3430B440A2B6BD906
:101BC0000398431E9BB2022B66D9C0F38F060B46C7
:101BD0000598111D06EB460602EB8606083250F802
:101BE0000C7B0C3351F80C5B52F80C4BB04243F8B1
:101BF0000C7C43F8085C43F8044CF0D1039E26F0BB
:101C000003039BB29E4221D003EB4301049C029D3F
:101C10005A1C605A92B268526018964229448078E1
:101C2000887013D902EB42020233A15A9BB2A95227
:101C3000A1189E422A448978917007D903EB430387
:101C4000E15AE218E9522B4492789A700BB0BDEC3D
:101C5000108BBDE8F08F0AF1010A88F80200A1E7B5
:101C600088F8007087E74E465AE74F4644E74B46F0
:101C70002EE770476F12833A7D020000F1050000E5
:101C8000F5050000DB0F49425F6E5142E3CC59423B
:101C90000000F04200007043039B049903EB4302F1
:101CA000029B11440A4605990888033103338A428E
:101CB00023F8030C11F8010C03F8010CF4D10BB05C
:101CC000BDEC108BBDE8F08F204690472368074A93
:101CD0009B69029093423FF458AE20469847049087
:101CE00056E6204690472368039041E6F50500003C
:101CF000DFEDA27A90ED017AB4EEE77A2DE9F04FAC
:101D0000F1EE10FA2DED0A8B8BB0059040F2BD81FB
:101D10000E680C469A4A7369934240F02C8201F196
:101D200024030393B369974A934240F01F8204F25D
:101D3000D56304930023944ADFED94AA0093F369DA
:101D40009FED93AA9342DFED939ABDF8005040F0C7
:101D5000778140F23B20A84240F27881059FB7EEA0
:101D600000CA2A4621463B7A08A8B0EE4C8A97ED75
:101D7000017A013BF6EE00BA07EE903AB368F8EE4E
:101D8000E77AA7EE878A9847F2EE047A9DED097A02
:101D900007F10C0087EE27BAFFF72EF8F2EE007A73
:101DA00020EE2A0A28EE2B8AA0EE27BAB0EE4B0AC4
:101DB00012F0CCFBB0EE409A3BEE0A0A12F0C6FBE2
:101DC000F0EE408A3BEE290A12F0C0FB39EE0C9A85
:101DD00078EE086AFDEEC87AB1EE487A29EE269AC6
:101DE000CDED027AF0EE407ABDEEC76A9DF908802B
:101DF00099EE2B8A8DED016A9DF90420BDEEC86A2B
:101E00008DED016A9DF90490C14500F36C81914507
:101E1000B8BF9146B7EE006AF6EE005A78EE868AB1
:101E2000B0EE476A68EEA68AA8EEA56ABDEEC66A5D
:101E30008DED016A9DF90470B845C0F25281974258
:101E4000B8BF1746F7EE005AB6EE006A77EEA57AED
:101E500067EEA67AA7EE867AFDEEC77ACDED017A17
:101E60009DF90430984503DB9A42B8BF1A46904664
:101E700022680023DFF824B1166CADF81A305E45F5
:101E8000ADF81C30ADF81E3040F03B819945294635
:101E9000ADF8205040F3678118463F4E2B464D4623
:101EA000B2468146566B564540F00781484601F6DA
:101EB0007451A9461D4634F8111003464FF6FF70C1
:101EC000ADF8201081420DD00133994503D104E1D2
:101ED000994540F3028101F67451013334F8111031
:101EE0008142F5D1166C4FF6FF714FF0000A5E4546
:101EF000ADF81A1040F01181002F2946ADF820509E
:101F000040F32E810023244E3D46B1461F460B462A
:101F1000566B4E4540F0BE80184601F674513B4664
:101F20002F4634F8111005464FF6FF70ADF820101B
:101F300081420DD001339F4203D1BAE09F4240F36A
:101F4000B88001F67451013334F811108142F5D193
:101F5000166C4FF6FF714FF000095E45ADF81C108E
:101F600040F0E680B8F1000FADF8205033DD0027D7
:101F7000094E4FF6FF7B29461CE000BF6F12833AE3
:101F8000F1050000F50500007D020000DB0FC940EF
:101F900042E8054042E8854001070000F9080000DA
:101FA00034F810105945ADF8201000F0A780B8455E
:101FB00010D02268536B01F674500137B342EFD052
:101FC00008AA20469847002800F0C780B845BDF809
:101FD0002010EED10D460120ADF81E50BAF1000FD1
:101FE00000F08380BDF81A20BDF8003002EB4202F9
:101FF000049D03EB43030399895CEA18E954B9F1A2
:10200000000F07D0BDF81C30039903EB43030B44CA
:1020100093F8019082F8019030B1BDF81E30039919
:1020200003EB43030B449878009B907001332668C0
:10203000534A0093F369BDF8005093423FF489AED0
:1020400020469847A84226683FF688AE002540F211
:102050003A27DDE9038910E0BD4216D805EB4503B8
:10206000013539F8030009EB030108EB0302ADB2B7
:1020700028F803008B7893702668F369404A9342EE
:10208000EAD0204698478542E8D30BB0BDEC0A8BD6
:10209000BDE8F08F019308AA20460137B047019BA5
:1020A000002853D0BD42BDF8201022687FF430AF25
:1020B0001D46166C4FF001094FE7019308AA204610
:1020C00009F10109B047019B002838D04D45BDF802
:1020D000201022687FF4E6AE1D46166C4FF0010A10
:1020E00005E74746AEE6C14694E6BDF800300499E0
:1020F00003EB4303CA1801F803A080E70D46002054
:102100006AE70DF11A024B4629462046B04722687D
:102110008246166C5E453FF4EFAE07AA3B46294661
:102120002046B04722688146166C5E453FF41AAFE0
:10213000434629460DF11E022046B0474EE722686D
:1021400082461D46BDF82010166CD0E622688146F6
:102150001D46BDF82010166CFFE6BDF820503BE789
:102160004FF00109F9E64FF0010AC0E62046984712
:1021700026680490DEE50846984726680390D1E576
:102180007D020000DFEDC67A90ED017AB4EEE77AC9
:102190002DE9F04FF1EE10FA2DED088B89B0039088
:1021A00040F278810B680C46BE495A698A4240F079
:1021B000EE8104F1240202920022DB69DFEDBAAA6B
:1021C0000092BA4A9FEDBAAA9342DFEDBA9ABDF8DF
:1021D000005040F05A8140F23B20A84240F25A8120
:1021E000039EB7EE009A23682146327A06A8F0EEE5
:1021F00049BA96ED017A013A9B6807EE902A2A4681
:10220000F8EEE77AE7EE87BA9847F2EE047A9DEDAA
:10221000067A06F10C0087EE27BAFEF7EDFDF2EE26
:10222000007A20EE2A0AA0EE27BAB0EE4B0A12F08E
:102230008DF9F0EE408A3BEE0A0A12F087F9B0EE13
:10224000408A3BEE290A12F081F978EE898A7BEE0A
:10225000C96AB6EE007AFCEEEB7A68EEA68ACDED9E
:10226000017AF0EE407AA8EE879A9DF80480BCEEE1
:10227000C97A8DED017A9DF80490C14500F248813C
:10228000B9F1010F38BF4FF00109B7EE007AB6EE91
:10229000006A38EE078A28EE268AA8EE067ABCEE97
:1022A000C77A8DED017A9DF80470B845C0F02E8193
:1022B000012F38BF0127B7EE007AB6EE006A77EE3D
:1022C000877A67EEA67AA7EE867AFCEEC77ACDED1E
:1022D000017A9DF80430984503D3012B38BF0123C0
:1022E000984622680023DFF8D4B1566CADF812305E
:1022F0005E45ADF81430ADF8163040F02781294620
:10230000ADF81850B9F1000F00F03E8118466A4E42
:102310002B464D46B2468146966A564540F0E380CC
:10232000484604EB4101A9461D46B1F8861D034607
:102330004FF6FF70ADF8181081420DD0013399456A
:1023400003D1DFE0994540F3DD8004EB4101013327
:10235000B1F8861D8142F5D1566C4FF6FF714FF0F2
:10236000000AADF812105E4540F0E7802946ADF84E
:102370001850002F00F0058100234F4E3D46B14616
:102380001F460B46966A4E4540F09A80184604EB6D
:1023900041013B462F46B1F8861D05464FF6FF70BA
:1023A000ADF8181081420DD001339F4203D196E061
:1023B0009F4240F3948004EB41010133B1F8861D44
:1023C0008142F5D1566C4FF6FF714FF00009ADF820
:1023D00014105E4540F0AA80ADF81850B8F1000F17
:1023E00020D00027344E4FF6FF7B294609E0B0F895
:1023F000861D5945ADF8181000F09580B84510D0ED
:102400002268936A04EB41000137B342EFD006AA79
:1024100020469847002800F0B180B845BDF8181054
:10242000EED10D460120ADF81650BAF1000F71D073
:10243000BDF81220BDF80030029D02EB420203EB12
:102440004303A95CEA18E954B9F1000F07D0BDF8BD
:102450001430029903EB43030B4493F8019082F884
:10246000019030B1BDF81630029903EB43030B44E1
:102470009878009B907001330C4A00932368BDF854
:102480000050DB6993423FF4A6AE20469847A8422D
:102490003FF6A6AE09B0BDEC088BBDE8F08F00BFDB
:1024A0006F12833AF1050000DB0FC9407D02000086
:1024B00042E8054042E88540B10600007509000089
:1024C000019306AA20460137B047019B00284ED051
:1024D000BD42BDF8181022687FF454AF1D46566CFB
:1024E0004FF0010973E7019306AA204609F101099B
:1024F000B047019BA0B34D45BDF8181022687FF48A
:102500000BAF1D46566C4FF0010A2AE74746D2E64C
:10251000C146BAE6BDF80030029903EB4303CA187E
:1025200001F803A090E70D4600207CE743462946CA
:102530000DF116022046B04777E705AA3B4629462B
:102540002046B04722688146566C42E70DF11202E0
:102550004B4629462046B04722688246566C02E721
:10256000226882461D46BDF81810566CF9E62268AE
:1025700081461D46BDF81810566C28E7BDF8185066
:1025800051E74FF0010922E74FF0010AE9E6204642
:102590009047236802900FE60B682DE9F04FDA6947
:1025A0000F46B74C2DED048BA2428DB0039040F046
:1025B000498140F23B2205925A69B2498A4240F071
:1025C0003C8107F124099B69AF4A934240F0318175
:1025D00007F2D5630693039B03F10C00FEF70CFC96
:1025E000059BB0EE408A002B00F01E81B7EE009AEA
:1025F000069BDFEDA68A0021CDF82490CDF810903F
:10260000CDE90733039BB0EE497A1A7AD3ED016A1C
:102610004FF0000307EE902AADF82E30F8EE677AFF
:10262000ADF82C30049B77EEC97A1E785D789C78E3
:10263000A6EEA77AFCEEC77A17EE903A9BB2029309
:10264000002B50D04FF0010B0196A0465E468B4602
:1026500038683346B0EE480A0DF12E02C46C594674
:102660003846A047396833460BAAD1F84CA038EE5B
:10267000280A044659463846D047731CBDF82EC078
:10268000BDF82C205FFA83FE0CEB4C0C02EB4202EF
:10269000764609EB0C0A74B119F80C40019B2344EF
:1026A0009AF8014025449AF802409BB24444ADB2E6
:1026B00001931FFA84F809EB020C70B119F802407B
:1026C000019B9CF801009CF80220234428444244CA
:1026D0009BB285B21FFA82F80193029B9E45B7D93F
:1026E000019E44465946029A01310598530089B229
:1026F000B6FBF3F6B5FBF3F5B4FBF3F4FF2E079B43
:10270000A8BFFF26FF2DA8BFFF25FF2C1E70A8BF66
:10271000FF2488429D705C7037D0049803330330E7
:1027200007930490002A7FF46DAFF7EE006A069FCE
:10273000DDF80CC09CF80830F0EE667A9CED016A7A
:1027400001EB410207EE103A013109EB020319F8DF
:102750000250B8EE477ABE185C7889B2987837EEA6
:10276000667AE7EE067AFCEEE77A17EE903A9BB2CD
:102770005B00B5FBF3F5B4FBF3F4B0FBF3F3BD542E
:102780007370059BB4708B42D4D8069AD3434B44E4
:102790000A2B5CD905994B1E9BB2022B57D9C1F36A
:1027A0008F051346043205EB4505083309EB850513
:1027B000DDE908010C3150F80C7B52F80C6B53F832
:1027C0000C4B8D4241F80C7C41F8086C41F8044CEC
:1027D000F0D1059D25F003039BB29D4224D003EB6D
:1027E0004301069C5A1C605A92B229F801006018F5
:1027F000954249448078887016D902EB4202023330
:10280000A15A9BB229F80210A118AB424A44897818
:10281000917009D203EB4303E15AE21829F803103F
:102820009944937889F802300DB0BDEC048BBDE873
:10283000F08F384698470690CDE6384690473B687B
:102840008146C0E6084690473B680590B4E6059B84
:10285000069A03EB43031A441346DDE90821108866
:1028600003320331934221F8030C12F8010C01F8F2
:10287000010CF4D10DB0BDEC048BBDE8F08F00BFAE
:102880007D020000F1050000F50500000000344362
:102890000B682DE9F04FDA690C46874D8246AA4253
:1028A0002DED048B89B040F0E88040F23B2203928A
:1028B0005A6982498A4240F0DB8004F1240B9B690B
:1028C0007F4A934240F0D08004F2D56304930AF12A
:1028D0002C00FEF791FA039BB0EE408A002B00F02B
:1028E000B0804FF00008049DDFED769A9FED769A58
:1028F0004146DFED768A05959AF80830B0EE697AA0
:10290000DAED016AB0EE480A07EE903A23680DF15D
:102910001E020291F8EE677ADE6C2046A6EEA77AD8
:10292000FCEEC77ACDED007A9DF800300093B047F9
:10293000009B226838EE090A02990746D66C2046A9
:1029400007AA01930091B0472268064638EE280A8C
:10295000D2F84C90204600990DF11A02019BC8470D
:10296000002F73D0BDF81E3003EB43031BF8033078
:102970002B7033462EB1BDF81C3003EB43035B4490
:102980005B786B70002863D0BDF81A3008F101083D
:10299000033503EB43031FFA88F15B449B7805F88A
:1029A000013C039B9942A7D3DDE90429D3435B444F
:1029B0000A2B67D903994B1E9BB2022B62D9C1F334
:1029C0008F065B46111D06EB460602EB86060832B3
:1029D00059F80C5B0C3351F80C4B52F80C0BB14509
:1029E00043F80C5C43F8084C43F8040CF0D1039D09
:1029F00025F003039BB2AB4223D003EB4301049CBD
:102A00005A1C605A92B22BF8010060189542594442
:102A10008078887015D902EB42020233A15A9BB22A
:102A20002BF80210A1189D425A448978917008D958
:102A300003EB4303E15AE2182BF803105B4492784E
:102A40009A7009B0BDEC048BBDE8F08F2F7090E751
:102A500008F10108039B033505F8010C1FFA88F102
:102A60008B423FF649AF9FE72046984704902EE7F8
:102A7000204690472368834621E70846904723680D
:102A8000039015E7039B049903EB43025B46114453
:102A90000A46B9F8001009F103090333914523F8F8
:102AA000031C19F8011C03F8011CF2D109B0BDEC9C
:102AB000048BBDE8F08F00BF7D020000F10500002F
:102AC000F5050000000000000000F0420000704327
:102AD0002DE9F04F824687B09820059113F06EFDE6
:102AE0009AED077AF6EE004ADAED087A24229AED9A
:102AF000033A0023DAED042A00F10801DAED053A81
:102B000073EE075A9AED064A32EEA75A37EE236A59
:102B1000026077EE846A042265EEA45A036125EE12
:102B2000245A426026EE246A80ED053A66EEA46AD5
:102B3000C0ED062A80ED077AC0ED087AC0ED095A8B
:102B400080ED0A5A436380ED0E7AC0ED0F2AC0ED86
:102B5000103AC0ED117A80ED126A80ED135A836548
:102B600080ED173AC0ED187A80ED197AC0E902338A
:102B7000C0E90B33C0E9143380ED1A4AC0ED1B5A8B
:102B8000C0ED1C6AC36780ED207AC0ED217AC0EDEC
:102B9000223A80ED234A80ED246AC0ED256ABAF816
:102BA00000200293CAF804100193C0E91D33DAF83B
:102BB0000800002A60D04FF0000910E0019A791C4B
:102BC000AB68013243F8276093B22980BAF800203D
:102BD000019309F101091FFA89F393424CD2DAF803
:102BE00004501FFA89F3029950F823600D4496EDC2
:102BF0000D7AD5ED057AD6ED0E6AB4EEE77AF1EEF0
:102C000010FAE6D596ED0F7AD5ED037AB4EEE77AB1
:102C1000F1EE10FADDDDD5ED067AF4EEE76AF1EEBD
:102C200010FAD6D595ED047AD6ED107AB4EEE77A9F
:102C3000F1EE10FACDD52F886C88A742BED1002FB7
:102C400050D14FF008082020D5F808B013F0B6FC9A
:102C5000A860002340F824300134A4B2A045F8D87D
:102C6000BBF1000F03D0584613F0B0FC2F88DAF800
:102C70000800A5F80280A1E7029B2433902B029361
:102C800097D118B113F0A2FCBAF800200023CAF8BB
:102C90000830019BB2EB530F1ED9059C0134E4B2FE
:102CA000082C19D0DAF804301A88082A00F2A98012
:102CB0009A8C03F12400082A00F29D80B3F8482082
:102CC00003F14800082A00F29080B3F86C2003F169
:102CD0006C00082A00F285800023AAF8003007B0B3
:102CE000BDE8F08F4FEA4708D5F808B01FFA88F81A
:102CF0004FEA880013F062FCA860B8F1000FAFD073
:102D000047453946CBF3020228BF414608290B4606
:102D1000049194BF00230123002A18BF0023002B35
:102D200050D00BF10403C31A082B4BD900290B46D2
:102D300000F1200C00F1100208BF01230BF110017B
:102D40001C460393324BA408013CA4B20CEB041CB8
:102D50001C0C03F1040E1032002310316EF30F032C
:102D6000624504F1040E04F1010411ED086B11ED4C
:102D7000067B6EF31F43A4B202ED086B02ED067BE7
:102D8000E6D1039921F003028A4293B216D05C1C6B
:102D900004995BF82320A4B240F823208C420DD282
:102DA0005BF8242040F824209C1CA4B28C4205D25D
:102DB0005BF82420033340F824209CB2A0453FF662
:102DC00048AF4DE7ABF10402031F0024DDF810C04B
:102DD000013452F8041FA4B243F8041FA445F7D8E5
:102DE000ECE72146FFF774FE76E72146FFF770FE19
:102DF000DAF8043069E72146FFF76AFEDAF80430B2
:102E00005CE718462146FFF763FEDAF804304FE727
:102E100002000300054B022888BF034610B41C685B
:102E2000184663685DF8044B184700BF3C45002016
:102E300041F2BB03984200F212812DE9F047DFF81E
:102E40005482C2B00D4698F80030002B00F0E880A4
:102E50008208854B00F00300844EA3FB0213D11AB5
:102E600003EB51035C09824B40EA8409C4EB8414F0
:102E7000141B36F814E023444FEA4E001F0300EB06
:102E80000330B0EB033F40F2EB803B464FF0FF0CCA
:102E90001A880233D1B2894508BF4FEA122C9842F2
:102EA000F6D8654500F0AA80BEF5006FC0F0A98095
:102EB0000DF108084FF48072FF21404612F060FACD
:102EC00007F5805CB81C3A46844534BF01204FF4B6
:102ED000006007EB4000134602321B889042D9B2D3
:102EE0004FEA132308F80130F5D108F8095072B6FB
:102EF000604B0022604999610221D96140F206418C
:102F0000C3F8F012C3F8F422C3F8F822C3F8FC2285
:102F1000C3F8A0204FF47022C3F8A4200122C3F804
:102F2000B020BFF34F8F07F120034FF0E0219C4505
:102F300028BF80223B4607EB4212C1F85C3F20339A
:102F40009A42FAD1BFF34F8FBFF36F8F494A53694B
:102F5000D807FCD5494B012149483B405161C2F893
:102F6000F002C2F8A0304FF47023C2F8A430C2F8C7
:102F7000B010404A5369D907FCD50121414B0020CC
:102F8000DFF814C15161404DC2F8F032C2F8F402CA
:102F9000384AC2F8B810C2F8A000C2F8A4C0C2F8FB
:102FA000B0105369DB07FCD551612B78DB07F0D4F7
:102FB000136843F0010313602E4A136813F00108ED
:102FC000FBD162B60DF107090DF2071A4D4615F84F
:102FD000012F07EB48000DF106016B1EFF2AA3EB42
:102FE000090307D043EA022308F10108ADF80630CF
:102FF0000FF084F95545EAD126F8148042B0BDE8B7
:10300000F08749EA052902A9ADF808900FF076F992
:1030100036F81430013326F8143042B0BDE8F0879A
:103020001A4E4FF6FF711A4C06F17E07A4F5805335
:103030004FF0000C03E0A3421FFA8EFC05D21A8861
:103040000CF1010E02338A42F5D126F802CFBE42BE
:1030500004F58054EAD1012388F80030F8E670477F
:103060004FF0FF0C1DE700BF054110041850012070
:10307000C007060000802A40F05AF05A00F0FF0016
:10308000200418080504012400812A40165001205C
:1030900000107C600450012001000F0038B5234B64
:1030A000234A1B781268362B39D82249180101EBC4
:1030B00003130958DB688968194230D01E490B7820
:1030C000C3B11E4800241E4DD0F8B4320C70D31A80
:1030D00029888B4212DD1B4D1B4BC0F8B422287887
:1030E000195CFFF7A5FE2B780133DBB20C2B1AD944
:1030F0002C7038BD114BC3F8B42238BD322BF8DD2B
:10310000104B1149C0F8B4221A78104B985C8B5CB4
:103110000133DBB298428B54EBD88C5438BD064B4C
:1031200001221A7038BD2B7038BD00BF015001203C
:10313000383D0120381D002000500120C04E0020E5
:103140000250012018510120085001209850012000
:103150000A490A6B38B108B513180948834204D8E4
:1031600010460B6308BD1046704712F003F90C239C
:103170004FF0FF320360104608BD00BF1C45002021
:1031800000002820002070474FF0FF30704700BF3C
:103190004FF4005300204B60704700BF0120704780
:1031A0004FF0FF30704700BF30BFFDE738B51F4D0F
:1031B00095F8343063B31E4C94F8B82242BB012218
:1031C00084F8B822DA0724D400225B0784F8B822F6
:1031D0001ED5D4F8BC32DBB1EFF30583C3B9EFF3EE
:1031E000108272B6D4F8BC02E0B194F8C032CBB908
:1031F000012184F8C0124169C4F8BC1201B18B618D
:1032000002B962B6002583684577984784F8C052B2
:1032100038BDD4F8E020002AD6D1FFF7C7FF95F8D3
:103220003430D1E7002AF3D162B638BD1C45002006
:10323000C04E0020F8B5464B1D782A2D73D8454F57
:1032400097F8C132002B5AD1434B2B4493F8CC351D
:10325000FF2B68D01C0669D4404C2360236AD80732
:1032600004D4FFF7A3FF236AD907FAD53B4BD3ED6C
:10327000097AF8EEE77A3A4D00263A4C2A883A481D
:10328000238800EB8200013238492A805A1CC0EDA5
:10329000007A92B201EB820201EB830102339BB20E
:1032A000C1ED007A1660B3F5007F238000D2F8BD2F
:1032B0002F4C2268FAB12F4B0021264813441B11D2
:1032C00000EB8300016201209160D060FF202A4A58
:1032D00013441877537F107F957F834228BF03469E
:1032E000D07F264AAB4228BF2B46834228BF0346E5
:1032F00082F87A302160224B01221A70F8BD174CF7
:10330000204E01E0FFF752FFA36C1B06FAD4B36C0A
:1033100013F08003F6D187F8C1320F4B2B4493F89A
:10332000CC35FF2B96D1DFED187AA4E7154C03F0CE
:103330007F032360236ADA0704D4FFF737FF236A89
:10334000DB07FAD50F4BD3ED097AF8EEE77A92E76F
:1033500018470120C04E0020802A002000400C4069
:10336000264701201A470120DC5F0120DC530120A1
:10337000FC44002000BFF7BF1C45002000E400E033
:103380002447012000800C40000000002DE9F84F88
:103390000121224C224E8146224D54E8003F3268E2
:1033A000286844E80013002BF7D11F494B684FF4FD
:1033B0007A7BDFF878A01B1A01270BFB02F8DAF8FA
:1033C0000020A3FB02325A4594BF9044D84454E8ED
:1033D000003F3268286844E80073002BF7D14B683F
:1033E000DAF800C01B1A0BFB02F2A3FB0C3CBCF585
:1033F0007A7F94BF624402F57A72A2EB0802B2F5BA
:103400007A7F06D3B9F1010908F57A78DFD1BDE8F2
:10341000F88FFFF7CBFE0449D9E700BF343D012008
:10342000383D01203C3D0120001000E0403D0120DE
:10343000054B10B5D3F8E0400CB1204610BDFFF7A6
:10344000B5FE204610BD00BFC04E00202DE9F04F54
:1034500085B08A460290002900F0E480724C002377
:10346000724E04F1600BDFF8D491019394F853503D
:103470000123B4F8501084F852306B010BEB451760
:103480000393002940F0CA800D46084688461FE095
:10349000BFF34F8F84F8528000B9356894F8C23278
:1034A000002B40F09C8033685B1B782B00F29B80E4
:1034B00099F80030002B00F09280FFF777FE01238F
:1034C000B4F85010184684F85230002940F0928029
:1034D0007B6813F08003DBD14FF4006294F8535003
:1034E00084F8C2321146A4F8502003EBC520DFF85F
:1034F000508192454FEAC525404418D25246039167
:10350000029912F03BF8039B494AA3EB0A03A4F883
:1035100050304FF04043C2F88430BFF34F8F0198D2
:103520000023504484F8523005B0BDE8F08F029972
:10353000454412F023F80123039A4BF802303D4B27
:10354000BD607B6005F58053FB6005F500533B6172
:1035500005F540537B6105F58043BB610023FB61AA
:10356000BFF34F8F05F5006105F120034FF0E02018
:10357000994234BF0121402105EB41118B42C0F833
:10358000705F1D4603F12003F8D1BFF34F8FBFF3E7
:103590006F8F4FF480113A462748FAF731F894F8C4
:1035A00053300133DBB2032B2AD8019A84F853300D
:1035B000B4F850301A44AAEB030A0192029A1A4452
:1035C000002302921A4AA4F85030C2F88430BFF3A4
:1035D0004F8F84F85230BAF1000F7FF447AF019853
:1035E00005B0BDE8F08F0123019884F8C23205B020
:1035F000BDE8F08F94F853500A46C1F5006374E7B4
:10360000B4F85030019AAAEB030A1A440192029AC4
:103610001A440023029284F85330D3E70A46C1F5D6
:10362000006362E70846DBE7C04E0020383D01201A
:1036300000002E408000000840020020303D0120A4
:1036400080002020094B00B583B01B788DF807104F
:103650003BB101210DF10700FFF7F8FE03B05DF863
:1036600004FB03F0FF0003B05DF804FB303D0120D4
:103670000000000000B5D2F804E0D2F800C0C1F8A4
:1036800004E0D2F808E0C1F800C0C1F808E0D2F8C0
:103690000CE0C1F80CE05168C0F800C041609168CE
:1036A000D2688160C2605DF804FB00BFB2EE0A7AA6
:1036B000D0ED007A4168074A67EE877A064BC0ED85
:1036C000007A51604168C2ED007AC3ED077A196251
:1036D000704700BF6C47012074470120D0ED017A8C
:1036E00090ED006A67EEA77AD0ED026A90ED037A5A
:1036F000E6EE067AE6EEA67AE7EE077AF5EE407A8F
:10370000F1EE10FA02D4B1EEE70A7047B0EE670AA4
:1037100010F000BCD1F804C08A68CB6800B5D1F8BD
:1037200000E0C0F804C0C0F800E08260C3605DF84B
:1037300004FB00BF30B40F4B4FF0010C0E4D0F4C8B
:1037400053E8002F2868216843E800C2002AF7D117
:103750000B4B5B680B4A5B1A4FF47A71126801FBE2
:1037600000F0A3FB023230BC8A4294BF801840189C
:10377000704700BF343D0120383D01203C3D012011
:10378000001000E0403D012070B50E4C4FF6FF7E6A
:103790000D4E04F17E05A6F58053002102E0B342F0
:1037A00081B204D21A88481C02337245F7D124F83A
:1037B000021FAC4206F58056EDD1044B01221A706F
:1037C00070BD00BF1650012000107C600450012025
:1037D000A44B40F2EE26A44C1D682DE9804895B01C
:1037E000FFF7E4FCA14B1B78002B01F0B68094F8A6
:1037F0008432DB0741F1B1809A4B1B68D4F88022F8
:103800009B1A0E2B41F2A980984B1B781BB10C21FF
:103810009748FFF71BFE954B40F60D221B78ADF83D
:103820002C20002B01F00B810BAB022118460BEE74
:10383000103AFFF70BFE8F48F2F794FF6420FFF772
:10384000A5FD8D4BDFF87CB203938A4B9FED8B9ADD
:1038500003F530449FED818B824B9FED897A1A6886
:10386000884BA3FB021341F288311B0B01FB13228F
:10387000012107EE902AF8EEE77AC7EE879A5BE817
:10388000003F784B804A1B6812684BE80010002804
:10389000F5D17E49824649688A1A7D490968A2FBAA
:1038A00001214FF47A7202FB03F3914294BF5B183B
:1038B0009B18704AC2F8F0300022764B764943F8E4
:1038C000102B8B42FAD1754B1B78002B40F06C8784
:1038D000734A7449537815460846127803EB8303FC
:1038E00003EB83030533DBB281F8A23191F8A41115
:1038F000002900F0C98780F8A031AB7803EB83037F
:1039000003EB83030533DBB280F8A33180F8A131E8
:10391000584B93F8A832002B00F0F484062A40F0AC
:103920005487039AF7EE003A5F4B9FED605AC3F855
:10393000342F03F58053504A93F83961A3F53B7552
:103940000392002E40F01A841368C5F82432043222
:10395000574B04359342F4D1564BB3F84020A3F5AE
:10396000805393F878605AB303F6C6710023084673
:1039700004E001339DB2AA4241F23B8030F8025F7D
:10398000B542F6D14C4D03F2D2234FF07E5005EBF9
:10399000830395F87A50C3F88400002303E00133D1
:1039A00098B282420CD931F8020FA842F7D1424AAC
:1039B00003F2D22302EB83034FF07E52C3F884203C
:1039C0003D4B00201F6FA3F50053014693F8E421FF
:1039D00002E0C1B2914221D8264D01F5CB730130EE
:1039E00005EB8303354DD3F83C3BAB42F1D1A5F554
:1039F000516389B2B3F8846086B1A5F6B64000235E
:103A000003E001339DB2AE4208D930F8025F8D4227
:103A1000F7D12B4901EB8303C3F8C8730020224B75
:103A2000014693F8905802E0C1B28D425AD31E4B22
:103A30000130224E03EB8103D3F84038B342F3D177
:103A4000A6F5516389B2B3F83067002E4AD003F26D
:103A5000067000233CE000BFAFF30080FFFFFFFFD4
:103A6000FFFFEF7F383D0120C04E0020303D012098
:103A7000C840002094510020DC510120CDCCCC3D29
:103A800000409C455917B7D13C3D0120001000E093
:103A9000403D0120AC3601204C380120A5500120CA
:103AA0000850012094D10020946100200000000003
:103AB000DC5301209491002094810020A46E00200A
:103AC000D45C0020343D012001339DB2AE4209D9BF
:103AD00030F8025F8D42F7D1F233694901EB83037D
:103AE000C3F8EC7100200146664D01F5CB7301303F
:103AF00005EB830305F64C25D3F83C3BAB4200F0C5
:103B00005B87C1B28A42EFD2B0EE690A5D48F4F732
:103B10009BFA5D494FF07E53002501F5D1622E4698
:103B2000136001F5D362136013E0D4F8E00F03686B
:103B30009B689847D4F8DC3F47191A681846D36841
:103B4000984728440C3501684268836839607A6078
:103B5000BB60D4F8E00F0368DB689847864206F143
:103B60000106E2DB494D03E01035494BAB424BD037
:103B7000D5ED037AF5EEC07AF1EE10FAF4DD2B689C
:103B8000D4F8E08F002BEFDD0026B146D8F80030E6
:103B9000404609F101099B6898476B689B5903EB04
:103BA000430300EB8307D8F8003040469B689847F2
:103BB0006B6806EB460295ED036A9B59043603EBEE
:103BC000430300EB8300AB681344D0ED006A90ED33
:103BD000017AD3ED004A93ED015AD3ED025AE4EE97
:103BE000866AD0ED027AA6EE057A2B68E6EE257A93
:103BF0009945C7ED006A87ED017AC7ED027AC5DB0A
:103C00001035234BAB42B3D1224E4FF081422249B3
:103C1000042006F2446304F6C8791BEE108A19608A
:103C200006F5C9631A6012F0C9FC1C4B0546014633
:103C3000036006F20C600BF001FF284612F0C6FC90
:103C4000012306F5DE60002586F85436FDF7D4F82A
:103C500006F5E060F0EE409AFDF7CEF804F69C73AE
:103C60000022CDF80890C3ED009A04F57A6383ED45
:103C7000000A04F6A4731A6004F6C473019398E072
:103C8000946100209451002094310120A03601203D
:103C900040380120947100200000F0C01011012074
:103CA000D4F8E00F04F6D87604F6D47704F57D69ED
:103CB00003689B689847019A504404F6CC7392EDD0
:103CC000007A04F6AC71029AD3ED007A04F6A87378
:103CD000D2ED006A04F57B6290ED015AD0ED025AF4
:103CE00090ED006A35EE665A75EEE75AD1ED003A6E
:103CF00036EE476A92ED004AD3ED004AE5EE236ABC
:103D0000E5EE847A554AA6EE247A404602F1100187
:103D1000B0EE661AB0EE672AF0EE471AFCF786FF9F
:103D2000D6ED007A05AAD7ED006A414699ED007AF2
:103D300072EE677A71EE666A08A831EEC77ACDED49
:103D4000077ACDED066A8DED057AFBF7BBFDD6ED62
:103D5000007A04F57A62D9ED006A04F6A47397ED4F
:103D6000007A04F69C76DDED08AA9DED09AADDED4A
:103D70000A9A7AEEA6AAD4F8E00F3AEE07AA79EEEC
:103D8000A79AD6ED006AD3ED007A01687AEEA6AA6A
:103D900092ED007A79EEA79A8B683AEE07AA9847D7
:103DA00050440AF10C0AC0ED00AA80ED01AAC0ED52
:103DB000029AD4F8E00F0368DB689847854205F162
:103DC0000105FFF66DAF01205BE8003F244B1A6848
:103DD000244B19684BE80003002BF5D1224B5B689C
:103DE000591A4FF47A73214802FB03F3204ADFED9E
:103DF000216A1268A1FB0212D0F8F0105B1A0121AF
:103E0000B2F57A7F94BF9B1803F57A7307EE903A68
:103E1000F8EE677A87EEA67A80ED407A5BE8003F9D
:103E20000F4B104A1B6812684BE80015002DF5D1A6
:103E30000D4949688A1A0E490968A2FB01214FF40D
:103E40007A7202FB03F3914294BF5B189B18074AF6
:103E50005668C2F8F430337993B92FE0101101207D
:103E6000383D01203C3D0120001000E0945100202D
:103E7000403D012000247449013533799D421DDA0B
:103E8000336853F825000CF05BF9AB4B1B7F002B1C
:103E9000F2D03368A84A53F82500976903683A6856
:103EA0009B69D2F80080A54A934240F01F82016AC4
:103EB00038460135C04733799D42E1DB01205BE89C
:103EC000003F9F4B1A689F4B19684BE80003002B7B
:103ED000F5D19D4B5B68591A4FF47A73964802FBF3
:103EE00003F39A4ADFED9A6A1268A1FB0212D0F836
:103EF000F4105B1AB2F57A7F94BF9B1803F57A73BE
:103F000007EE903AF8EE677A87EEA67A80ED417A6E
:103F100001205BE8003F8A4B1A688A4B19684BE81E
:103F20000003002BF5D1884B5B685B1A8749096851
:103F3000A3FB01314FF47A7303FB02F2994294BF61
:103F40005218D2187C4B9868C3F8F82003685B6855
:103F5000984701215BE8003F794B7A4A1B68126859
:103F60004BE80015002DF5D1774949688A1A4FF4BE
:103F70007A71714801FB03F37449DFED756A0646F7
:103F80000968A2FB0121D0F8F8209B1AB1F57A7FCD
:103F900094BF5B1803F57A7307EE903A6D4BF8EE19
:103FA000677A1B7887EEA67A80ED427A2BB10521DD
:103FB0006948FFF74BFA96ED427A5F4BF7EE006ADD
:103FC000D3ED417A1A4693ED406A93F8EC6077EEB0
:103FD000867A93ED08AA312E76EECAAA77EE877A12
:103FE000C6EEA79A00F28581731C02EB8606C6ED29
:103FF000099ADEB282F8EC60DFED587A584B013551
:10400000B3EC017AEAB277EE877A9642F7D807EEF8
:10401000106AF8EEC76A87EEA67A67EE2A7AE9EEAA
:104020008A7AB7EEE76AB4EE466BF1EE10FA80F1E9
:10403000AB84B0EEC65BB4EE485BF1EE10FA00F371
:104040002F849FED487AF4EEC77AF1EE10FA00F370
:10405000A1839FED457AF4EEC77AF1EE10FA00F1F4
:104060009983F5EEC07AF1EE10FA00F1848400270E
:10407000B6EE007B36EE076BFCEEC67B17EE903A91
:10408000002B40F04184302321208DF84D303FB18A
:1040900001382D22C0B200F150036B4403F8242CE8
:1040A0002C4B1B7833B11BEE103AC0F1220118449F
:1040B000FFF7CCF9274B1B781BB10E212B48FFF7DC
:1040C000C5F91D4B93ED400AB7EEC00A0EF028FD6E
:1040D000204B1B781BB10F212548FFF7B7F9164B72
:1040E00093ED410AB7EEC00A0EF01AFD194B1B788A
:1040F0001BB110211F48FFF7A9F90F4B93ED420A9E
:10410000B7EEC00A0EF00CFD124B1B781BB101215B
:104110001948FFF79BF940F60D23ADF82C300D4BF5
:104120001B7823B102211BEE100AFFF78FF9FFF76E
:104130003DF8FFF791BB00BF94510020B10400008F
:10414000383D01203C3D0120001000E0403D0120B1
:1041500000247449303D0120D840002000000000B8
:10416000B8510020FFFF7F4FFFFF7FCFEC400020C2
:10417000FC4000200C410020204100202B6892EDE3
:10418000006A93F82C10D3ED005A092973EEE54A22
:1041900040F28B8093ED037A586993ED024AF0EE7A
:1041A000476A83ED027A93ED047A74EE057A18611A
:1041B000986977EEA67A83ED014A5861D86983ED54
:1041C000037A9861186AD861586A1862986A83ED10
:1041D0000A6A5862032977EE877A27D093ED047A2A
:1041E000042977EE877A21D093ED057A052977EEB9
:1041F000877A1BD093ED067A062977EE877A15D059
:1042000093ED077A072977EE877A0FD093ED087A36
:10421000082977EE877A09D093ED097A092977EE94
:10422000877A03D093ED0A7A77EE877A07EE101A31
:10423000D3ED116AB8EEC74A87EE847A27EE247A66
:10424000A6EE257A77EE667AC7EE896AF5EEC06A41
:10425000F1EE10FA01D5F0EE456AD3ED0F5A93ED69
:104260000E6AE5EEC96AD3ED0D7A26EE866AC3EDD5
:104270000C6AE6EE097AF5EEC07AC3ED0D7AF1EE3E
:1042800010FA2AD4F4EEE37AF1EE10FA05DDF7EE37
:10429000007A83ED0C5AC3ED0D3A77EE877A83ED01
:1042A000117AC5ED897AFFF752BB481C03EB8101F7
:1042B000C0B283F82C00012881ED016AD3ED017AA8
:1042C00077EE857A10D093ED027A022877EE877A1E
:1042D0000AD0014693ED037A7CE7F0EE457A83ED50
:1042E0000C5A83ED0D5AD8E701469FE798470146DF
:1042F000DEE5BC49C422081F12F0E4F8BA4BC3ED56
:104300003A9A79E6072A00F29F8301A353F822F034
:10431000ED0D0100BB190100951901005B190100A9
:10432000531A010063180100070C01001516010063
:10433000AE4AAF4E92F8BC331546C2F8B46302F5EC
:104340008F605B0806EB830393ED010AFBF746FAE7
:1043500095F8BC332A465B0806EB83035E6805F2DA
:10436000845395F8745483ED000A272D00F21783C7
:1043700011466B1C02EB8502C2F8C463DAB291ED00
:10438000F1AA012A81F874240DD09A490123F1EC95
:10439000017A0133F4EE4A7AD8B2F1EE10FA37FE20
:1043A0008AAA9042F3D3914AD2F8C05305F1270369
:1043B0006E1E02EB8303D3EDF17AF4EE4A7AF1EE4E
:1043C00010FA15D015F0FF0704D08B49BA00081F6A
:1043D00012F078F8894A06F1280302EB8707A2F267
:1043E000644202EB8303002247F8042C83EDF1AA18
:1043F000002D9FED837A0EDD00231A46283201330B
:104400007A49DBB201EB82029D42D2EDF17A1A4683
:1044100037EE277AF2DC07EE905A744AB6EE006A5D
:10442000F8EEE77A02F28453C7EE276AD3ED007AFA
:1044300002F5B16336EEE77AC3ED006A714BE7EE41
:10444000067AB3F84010A3F5805393F87860C2ED74
:10445000EE7A51B36C4A0023104604E001339DB25A
:104460008D4280F0CB8230F8025FB542F6D1674DC5
:1044700003F2D2234FF07E5005EB830395F87B5077
:10448000C3F88400002303E0013398B288420CD2C1
:1044900032F8020FA842F7D15C4A03F2D22302EBB2
:1044A00083034FF07E52C3F88420584B00205F6F87
:1044B000A3F50053014693F8E42102E0C1B2914212
:1044C00020D8494D01F5CB73013005EB8303504DE6
:1044D000D3F83C3BAB42F1D14E4B89B2B3F8846088
:1044E00086B103F15A00002303E001339DB2AE42CE
:1044F00008D930F8025F8D42F7D1474901EB8303B9
:10450000C3F8C8730020434B014693F8905802E06B
:10451000C1B2A9421FD83F4B01303D4E03EB81038E
:10452000D3F84038B342F3D13A4B89B2B3F830678D
:104530008EB103F20670002303E001339DB2B54251
:1045400009D230F8025F8D42F7D1F233314901EBE5
:104550008303C3F8EC7100200146234D01F5CB73B2
:10456000013005EB830305F64C25D3F83C3BAB4209
:1045700000F04882C1B29142EFD9FFF7C5BA214B92
:10458000B3F8401039B3204A0023104603E001334A
:104590009DB28D420CD230F8025F032DF7D11B483B
:1045A00003F2D22300EB83034FF07E50C3F8840064
:1045B000002303E0013398B288420CD232F8020F94
:1045C0000028F7D1114A03F2D22302EB83034FF004
:1045D0007E52C3F8842000210E4B0A4693F8E40172
:1045E00020E000BFBC5100209451002094710020B5
:1045F000DC5F01205C750020FC750020F875002050
:1046000000000000949100205A9100209481002025
:104610002473002094610020D45C0020CAB282423E
:104620003FF672AAAC4D02F5CB73013105EB830363
:1046300005F6D425D3F83C3BAB42EFD105F22C5321
:10464000B5F8B05592B2002D3FF45EAA03F15A01BD
:10465000002304E0013398B2A842BFF455AA31F810
:10466000020F9042F6D19D4A02EB83039C4AC3F8A5
:10467000C823FFF749BA9B4BB3F8400000283FF42A
:1046800043AA994A002304E0013399B28142BFF45E
:104690003BAA32F8021F0029F6D1944A03F2D22332
:1046A00002EB83034FF07E52C3F88420FFF72CBA4D
:1046B0008C4BB3F8400000283FF426AA8A4A002316
:1046C00004E0013399B288427FF61EAA32F8021F35
:1046D0000129F6D1E1E7834BB3F84000A0B1A3F183
:1046E0003A02002303E0013399B281420CD232F83E
:1046F000021F0429F7D17D4A03F2D22302EB830380
:104700004FF07E52C3F884200021794B0A4693F87B
:10471000E40103E0CAB29042FFF4F6A96E4D02F53F
:10472000CB73013105EB830305F6A425D3F83C3B9D
:10473000AB42EFD105F25C53B5F8E05592B2002DD3
:104740003FF4E2A903F15A01002304E0013398B2D7
:10475000A842BFF4D9A931F8020F9042F6D15F4ABE
:1047600002EB83035E4AC3F8C823FFF7CDB95D4B64
:10477000B3F8400000283FF4C7A95B4A002304E0D7
:10478000013399B288427FF6BFA932F8021F15297A
:10479000F6D182E7574B1B78002B3FF48BAC0321FB
:1047A0005548FEF753FE85E45449052391F8A421AA
:1047B00081F8A231002A7ED181F8A331A1F500430E
:1047C00093F8A832002B3FF49FA9464BB3F8400062
:1047D00038B3A3F13A020023114603E001339DB23E
:1047E000A8420CD931F8025F022DF7D13F4903F2FC
:1047F000D22301EB83034FF07E51C3F884100023D2
:1048000003E0013399B288420BD932F8021F19290B
:10481000F7D1364A03F2D22302EB83030022C3F816
:1048200084200021324B0A4693F8E40103E0CAB227
:104830009042FFF469A9284D02F5CB73013105EBD5
:10484000830305F6F815D3F83C3BAB42EFD105F5F1
:10485000C163B5F88C5692B2002D3FF455A903F10F
:104860005A01002304E0013398B285427FF64CA937
:1048700031F8020F9042F6D1184A02EB8303184A2E
:10488000C3F8C823FFF740B91D4B1C499B7803EBC5
:10489000830303EB8303053381F8A331FFF738B8B3
:1048A000144B1B78002B3FF405AC03211548FEF791
:1048B000CDFDFFF7FFBB114A82F8A33140F205534B
:1048C000A2F8A031A2F5004393F8A832002B7FF4A0
:1048D0007CAFFFF719B900BF94510020D45C0020D1
:1048E000CDCC4C3F949100205A910020948100201F
:1048F00094610020303D0120E840002094D1002048
:1049000008500120E44000208B4E092B4FF021007D
:10491000A6FB03214FEAD10101EB8102A3EB420286
:1049200002F130028DF84D207FF6B1AB0138A6FBC5
:1049300001320D46C0B2D208092D00F150030DEB33
:10494000030C02EB8203A1EB4303114603F1300396
:104950000CF8243CEAD8FFF79ABB784B784A1B68DE
:1049600012785B1B62B1B3F5FA6F3EF64DAFFEF7FE
:104970001DFCFEF735BFB1EE466B0127FFF778BB94
:10498000B342F4D9FEF740BF6D4B1B78002B3FF4C8
:1049900091AB03216B48FEF759FDFFF78BBB6A49CA
:1049A0009C22081F11F08EFD684B2A4693EDF1AA58
:1049B00003F58C631E60E8E405F2B453B5F838568D
:1049C00089B2002D3FF4A0A803F15A02002304E0AD
:1049D000013398B285427FF697A832F8020F8842D9
:1049E000F6D15B4A02EB83035A4AC3F8C823FFF7A8
:1049F0008BB8594B93F87A50FEF7CFBF564B93F8CC
:104A00007B503FE505F2B453B5F8385689B2002D16
:104A10003FF47AA803F15A02002304E0013398B26C
:104A2000A842BFF471A832F8020F8842F6D1484A72
:104A300002EB8303474AC3F8C823FFF765B80BAB03
:104A40000BEE103AFEF7F7BE444BF7EE005A039A0E
:104A5000434803F698059FED476A93F8BB6CC3F88B
:104A6000B42A0390002E40F087800368C5F82032F6
:104A700004303C4B04358342F4D13B4BB3F8402027
:104A8000A3F5805393F87850CAB103F6C67100239A
:104A9000084630F8026FAE4200F0678101339EB2E3
:104AA0009642F6D32C4B93F87900002331F8025F3D
:104AB000854200F0668101339DB29542F6D3264BC4
:104AC0000020DD6EA3F5005393F8E4110346274E52
:104AD00003F5CB72013006EB8202254ED2F83C2B57
:104AE000B24200F00681C3B29942F0D21B4B0022C1
:104AF00093F890681346194801321D4F00EB83006C
:104B0000D0F84008B84200F00881D3B29E42F2D2F9
:104B100000200346154D03F5CB72013005EB8202F0
:104B200005F64C25D2F83C2BAA4200F00A81C3B20C
:104B30009942EFD2FEF7E8BFCDCCCCCC383D012076
:104B4000303D0120E04000205C7500209471002081
:104B5000D45C0020CDCC4C3F948100209461002097
:104B6000DC510120DC53012094910020945100205D
:104B7000286A0020000000002B6890ED005A93F88E
:104B80002C20D3ED003A092A35EEE33A00F2878073
:104B9000511C03EB8202C9B283F82C10012982ED6B
:104BA000015AD3ED017A77EE867A00F0A08093ED7A
:104BB000027A022977EE877A00F099800A4693ED0F
:104BC000037A032A77EE877A27D093ED047A042AB2
:104BD00077EE877A21D093ED057A052A77EE877AEA
:104BE0001BD093ED067A062A77EE877A15D093EDDF
:104BF000077A072A77EE877A0FD093ED087A082A8A
:104C000077EE877A09D093ED097A092A77EE877AC9
:104C100003D093ED0A7A77EE877A07EE102A93EDA8
:104C2000114A1FED2C2AF8EEC71AD3ED0F2AD3ED47
:104C30000D6AD3ED0E4A87EEA17A67EE037AE5EEB0
:104C4000237A37EEC45A85EE097AB4EE427AF1EE51
:104C500010FA48BFB0EE467AA2EEC97A27EE245A7F
:104C600083ED0C7AB0EE667AA5EE097AB4EEC27ADC
:104C700083ED0D7AF1EE10FA32D4B4EEE57AF1EE6E
:104C800010FA05DDB7EE007A83ED0C6AC3ED0D5A1C
:104C9000C3ED117A77EE877AC5ED887AE8E693ED71
:104CA000037A5969D3ED024AF0EE476A83ED027A3E
:104CB00093ED047A74EE867A1961996977EEA67A93
:104CC000C3ED014A5961D96983ED037A9961196A83
:104CD000D961596A1962996A83ED0A5A596270E773
:104CE000B0EE467A83ED0C6A83ED0D6AD0E70A4692
:104CF00093E79AB2A6F69403B3F88460002E3FF4CB
:104D0000F5AE03F15A00002330F8027F974249D0F4
:104D100001339FB2BE42F7D8E8E69AB2A7F69403F1
:104D2000B3F83067002E3FF4F3AEA7F5C770002349
:104D300030F8027F97422ED001339FB2BE42F7D89F
:104D4000E6E6B5F838069AB200283EF4DDAE05F284
:104D50000E61002331F8025F95423FF484AC0133C9
:104D60009DB28542F6D3FEF7CFBE114D03F2D2239A
:104D70004FF07E5005EB8303C3F8840095F879006B
:104D800093E60B4A03F2D22302EB83034FF07E52E9
:104D9000C3F8842093E6F233064A02EB8303C3F898
:104DA000EC51B5E6044A02EB8303C3F8C8539DE611
:104DB0009481002094610020D45C002090F8A3200E
:104DC00090F8A200101A704790F8A23090F8A32033
:104DD0009A4205D95A1C034480F8A220987E704755
:104DE0004FF0FF30704700BF90F8A23090F8A3203A
:104DF0009A4202D91844807E70474FF0FF307047C6
:104E0000704700BF0346B0F8300178B193F82F2106
:104E1000882A03D9012200205A60704702F1010C50
:104E200001201A4483F82FC182F8A510704700BFF3
:104E300070B52A4C2369D3F8145115F4706201D06F
:104E4000C3F81421AE070BD5D3F8701108043ED572
:104E500000220120A4F8A220224484F8A300917625
:104E6000EA0710D594F83061F6B194F82E6194F801
:104E70002F21B24227D9711C264496F8A52084F828
:104E80002E11C3F86021AB050DD594F8A30018B11D
:104E9000D4F83C3103B198470023A4F8A230A4F819
:104EA0002E3184F8303170BDD4F838210AB19047E2
:104EB0002369002284F82E21012284F8302194F8FD
:104EC0002F21B242D7D80022C3F86021DBE794F843
:104ED000A320872AC4D8501CC0B2BDE7483D01209A
:104EE00070B52A4C2369D3F8145115F4706201D0BF
:104EF000C3F81421AE070BD5D3F8701108043ED5C2
:104F000000220120A4F8A220224484F8A300917674
:104F1000EA0710D594F83061F6B194F82E6194F850
:104F20002F21B24227D9711C264496F8A52084F877
:104F30002E11C3F86021AB050DD594F8A30018B16C
:104F4000D4F83C3103B198470023A4F8A230A4F868
:104F50002E3184F8303170BDD4F838210AB1904731
:104F60002369002284F82E21012284F8302194F84C
:104F70002F21B242D7D80022C3F86021DBE794F892
:104F8000A320872AC4D8501CC0B2BDE780380120B6
:104F900070B52C4CD4F85031D3F8145115F470621C
:104FA00001D0C3F81421AE070CD5D3F87011080452
:104FB00040D500220120A4F8E221224484F8E30134
:104FC00082F85A11EA0710D594F87062F6B194F895
:104FD0006E6294F86F22B24228D9711C264496F86A
:104FE000E52184F86E12C3F86021AB050DD594F865
:104FF000E30118B1D4F87C3203B198470023A4F838
:10500000E231A4F86E3284F8703270BDD4F87822A0
:1050100012B19047D4F85031002284F86E22012258
:1050200084F8702294F86F22B242D6D80022C3F8D6
:105030006021DAE794F8E321872AC3D8501CC0B274
:10504000BBE700BF8038012030B40468BDF80850C9
:105050000295A46BA44630BC604700BF30B404681E
:10506000BDF808500295E46BA44630BC604700BF11
:10507000D0F800C02DE9F04F90461F461F4A83B07C
:10508000DCF8143005460C46BDF930909342BDF86B
:1050900034A029D12744A7421EDDDFF864B00AE01E
:1050A0000134CDF800A0DCF8386024B2B047D5F860
:1050B00000C0BC4210DADCF820604B464246214674
:1050C0005E452846ECD00134CDF800A0B047D5F8B5
:1050D00000C024B2BC42EEDBDCF82C30074A93421D
:1050E00006D103B0BDE8F08F9847D5F800C0D1E7EE
:1050F000284603B0BDE8F04F184700BFE520010087
:105100002D230100D0F800C02DE9F04FDCF84060FD
:1051100083B0DFF898E0BDF930907645BDF834A053
:1051200032D190461F46204A0546DCF814300C4622
:10513000934235D12744BC421EDADFF874B00AE04E
:105140000134CDF800A0DCF8386024B2B047D5F8BF
:1051500000C0BC4210DADCF820604B4642462146D3
:105160005E452846ECD00134CDF800A0B047D5F814
:1051700000C024B2BC42EEDBDCF82C300A4A934279
:1051800009D103B0BDE8F08FB446CDE90C9A03B065
:10519000BDE8F04F6047284603B0BDE8F04F184720
:1051A0009847D5F800C0C5E7E52001005523010068
:1051B0002D2301002DE9F0411C460B46016884B007
:1051C000114E05464F69BDF82880B74210D1013C09
:1051D000CDF804802846144424B200948C6A194601
:1051E000A0472B68DB6AB34209D104B0BDE8F08167
:1051F000CDE90232B8472968DDE90232E7E72846FF
:1052000004B0BDE8F0411847E52001002DE9F04366
:10521000056885B0124E04466F699946BDF8308026
:10522000B74210D109F1FF33CDF804800092204637
:105230000B44AD6A1BB2A8472368DB6AB34209D1AD
:1052400005B0BDE8F083CDE90212B8472568DDE975
:105250000212E7E7204605B0BDE8F043184700BF5B
:10526000E5200100D0F800C0274B2DE9F04FDCF815
:10527000404083B00F46B0F90C909C42B0F90E80CC
:105280002FD1DCF814300546DFF880B05B4537D10C
:10529000B9F1000F1EDD0024DFF874A0214609E0FB
:1052A00001340097DCF83860B047D5F800C021B26F
:1052B00089450FDDDCF8206043460022284656452C
:1052C000EED0013400220097B047D5F800C021B2DB
:1052D0008945EFDCDCF82C305B450CD103B0BDE830
:1052E000F08F002201914B46CDF800801146A04777
:1052F00003B0BDE8F08F284603B0BDE8F04F184773
:105300009847D5F800C0C3E755230100E520010008
:105310002D2301002DE9F043994287B00546BDF9E0
:105320003840BDF83C6022D0A24212D00768DFF8B6
:105330008480D7F81490C14533D12846CDE9004682
:10534000BC6AA0472B68DB6A434525D107B0BDE89E
:10535000F08399421CDC0E9601332C6828465B1AB8
:10536000E46B1BB2A44607B0BDE8F0436047A2421D
:1053700002DD134622461C460E96631C2C68284606
:105380009B1AA46B1BB2A44607B0BDE8F04360476C
:10539000084619460346DEE7284607B0BDE8F04355
:1053A0001847CDE904230391C8472F680399DDE925
:1053B0000423C2E7E52001002DE9F04F1D460368F4
:1053C0001646DFF8BC905A6985B004464A45BDF9D7
:1053D0003880BDF83C7043D1D3F824B03246DFF8B2
:1053E000A4A020460097D345039108BFD3F83CB052
:1053F0002B46D847236808F1FF320399D3F824B02D
:1054000032440097D34512B234D1D3F83CA02046A1
:1054100003912B46D047039923683246DFF868A0F2
:105420002046D3F820B0013D0097D345039108BF33
:10543000D3F838B04346D8470399226843460D4411
:10544000204629B2156A0097554508BF956B32462C
:10545000A8472368DB6A4B4507D105B0BDE8F08F4C
:105460000391904723680399B6E7204605B0BDE84D
:10547000F04F184703912B462046D8470399CBE7B6
:10548000E5200100412301002D23010001F0030369
:105490008376CB0705D40289B0F90A308281C381B3
:1054A00070474289B0F908308281C381704700BFDC
:1054B000704700BF00B590F81AC0BCF1020F0CD0C5
:1054C000BCF1030F60D0BCF1010F54D0012B13D0FD
:1054D000022B3AD023B35DF804FBB0F808C0012BCF
:1054E000ACEB010C4189A1EB02020CF1FF3102F19E
:1054F000FF3209B212B2EBD1002A1346B0F808E02D
:1055000002F0070CB8BFD31DC06A0122DB1002FAFB
:105510000CF213FB0E13C15C0A43C2545DF804FB8A
:10552000002A1346B0F808E002F0070CB8BFD31DFC
:10553000C06ADB1013FB0E130121C25C01FA0CF1EF
:1055400022EA0102C2545DF804FB002A1346B0F8B7
:1055500008C0B8BFD31DC06A02F00702DB1013FBFE
:105560000C13012110F803C001FA02F282EA0C02C6
:10557000C2545DF804FBB0F808C0ACEB020C0A465C
:105580000CF1FF3109B2A1E7B0F80AC0ACEB010C95
:1055900011460CF1FF3212B298E700BF70B50468F3
:1055A0000C4E2569B54209D100298E4605DBB0F9BC
:1055B0000C508D4201DD002A04DA70BDAC46BDE816
:1055C00070406047B0F90E509542F6DDBDE870407E
:1055D00070E700BF1D2A01002DE9F04F85B0A3EB55
:1055E00001091F460D46BDF938C01646BDF83C30CE
:1055F000ACEB0208B8F1000FB8BFC8F10008B9F170
:10560000000FB8BFC9F10009C84540F381803C468E
:105610008E460A463546394676466746CA46A44609
:10562000BD420ADD521A34462946664682EAE27ACB
:105630003D46A4460F46AAEBE27A7A1B1FFA8AFA85
:10564000BB4614B292B2002C00924FF6FF72B8BF64
:105650000134B445C8BF0122641001921DE08F429D
:105660003BD11769324A974237D1002E05DBB0F99A
:105670000C20B24201DD29044DD5A4EB0A0214B27C
:1056800092B2002C05DA01990E4400990A4436B210
:1056900014B201352DB2AB4527DB0268C845254958
:1056A0009769DCDC8F4223D11769214A974227D1C1
:1056B000002DE2DBB0F90C20AA42DEDD3204DCD49E
:1056C000B0F90E20B242D8DD32462946039302904B
:1056D000FFF7F0FEDDE90203CFE703932A460290CD
:1056E0003146B847DDE90203C7E705B0BDE8F08FF2
:1056F0000393324602902946B847DDE90203BCE72E
:105700000393324602902946B847DDE90203B4E725
:105710006146C24684E7B0F90E20AA42ADDD2A46B2
:10572000314603930290FFF7C5FEDDE90203A4E7CB
:105730001D2A010081280100002905DBB0F90CC0F9
:105740008C4501DD002A00DA7047B0F90EC094459F
:10575000FADD10B490F81AC0BCF1020F0DD0BCF104
:10576000030F58D0BCF1010F4CD0012B38D0022BC5
:1057700024D07BB15DF8044B7047B0F808C00CF141
:10578000FF3CACEB010C41898A1A0FFA8CF1013A0B
:1057900012B2EAE7002A1346B0F808C0B8BFD31D1A
:1057A000C46A02F007020120DB1000FA02F213FBC8
:1057B0000C13E15C21EA0202E254DBE7002A134603
:1057C0000489B8BFD31DC06A02F00702DB1013FBC7
:1057D00004130121C45C01FA02F26240C254C9E719
:1057E000002A1346B0F808C002F00704B8BFD31D62
:1057F000C06A0122DB10A24013FB0C13C15C0A43F8
:10580000C254B7E7B0F808C0ACEB020C0A460CF182
:10581000FF3109B2A9E7B0F80AC00CF1FF3CACEBCC
:10582000010C11460FFA8CF29FE700BF002930B53A
:10583000BDF80C4002DA0B4400211BB2B0F908C0DD
:105840005D188E46654502DDACEB01010BB2002B05
:105850000FDDD11002F00702C06A1CFB01EC012130
:1058600001FA02F28C426044D2B271D0022C3AD0DA
:1058700004B130BD9BB2D2435D1ED2B2A9B22DB2EB
:10588000022921D921464FEA930C041D62F3070136
:105890000CF1FF3C62F30F211FFA8CFC62F31741FD
:1058A00004EB8C04844662F31F61DCF800E00EEA2E
:1058B000010E4CF804EBA445F7D123F003016D1A57
:1058C0008B4208442DB2D4D0037813400370002DCE
:1058D000CFD04378012D03EA02034370C9D0837807
:1058E0001A40827030BD9BB25D1EA9B22DB2022952
:1058F0001FD90024990800F1040E62F3070401394E
:1059000062F30F2489B262F317440EEB810E014655
:1059100062F31F64D1F800C08CEA040C41F804CB98
:105920007145F7D123F003016D1A8B4208442DB263
:105930009FD0037853400370002D9AD04378012DF7
:1059400083EA0203437094D083785340837030BD60
:105950009BB25D1EA9B22DB2022920D9002499085C
:1059600000F1040E62F30704013962F30F2489B2D7
:1059700062F317440EEB810E014662F31F64D1F807
:1059800000C04CEA040C41F804CB8E45F7D123F05B
:1059900003016D1A8B4208442DB23FF46AAF0378BD
:1059A00013430370002D3FF464AF4378012D43EAA5
:1059B000020343703FF45DAF83781343837030BDBF
:1059C00090F81AC0BCF1020F2DE9F041BDF8184063
:1059D00024D0BCF1030F1CD0BCF1010F09D0002A68
:1059E00015DBB0F90AC0944511DD0694BDE8F0411D
:1059F0001CE7B0F808C0ACEB020C0CF1FF3C0FFA4E
:105A00008CF2002A03DBB0F908C0944513DCBDE832
:105A1000F081CD184189491B09B2F2E7B0F80AC0FC
:105A2000CD180189ACEB020C491B0CF1FF3C09B20B
:105A30000FFA8CF2D3E7002902DA19440BB20021E5
:105A40008E46B0F90A509E44AE4501DD6D1A2BB268
:105A5000002BDCDDC1F3C405C66A11F00701DBB21F
:105A60001CFB052506EB050225D0C1F1080EDFF869
:105A700008815FFA8EFE734518F80E7044D2AEEBC3
:105A800003084FF0FF0C012C4CFA08FC07EA0C0746
:105A900052D0022C3CD0002CB9D116F805C02CEA0B
:105AA000070C734506F805C0B0F90850AFD30839A4
:105AB0002A440B44DBB2072B16D9022C41D0B4F197
:105AC000000C194618BF4FF0010CCCF1000C5FFA26
:105AD0008CFC083982F800C0B0F90850C9B22A44D9
:105AE0000729F6D803F00703002B90D02249012C98
:105AF0000B441B7A3BD0022C35D0002C87D1117877
:105B000021EA0303137082E7012C15D0022C04D183
:105B100016F805C087EA0C0CC3E7002CBDD0083985
:105B200062440B44DBB2072BC9D8002B3FF46FAFA4
:105B3000984498F80830DEE716F805C047EA0C0CE0
:105B4000AFE7194614780839E443C9B2147007293D
:105B5000B0F908402244F5D813F007033FF457AFDB
:105B600005490B441B7A11784B4013704FE71178AD
:105B70000B4313704BE700BF182C00602DE9F04178
:105B800090F81AE09446BDF81840BEF1020F00F0FC
:105B90008F80BEF1030F00F08680BEF1010F70D040
:105BA00000296CDBB0F908E08E4568DDBCF1000F20
:105BB00004DA9C440FFA8CF34FF0000C6246B0F903
:105BC0000A501A44AA4202DDA5EB0C052BB2002BA9
:105BD00055DDCCF3C402C66A1CF0070CDBB21EFB19
:105BE000021106EB010224D0CCF10805DFF8448154
:105BF000EDB2AB4218F8057065D2A5EB03084FF083
:105C0000FF0E012C4EFA08FE07EA0E0773D0022C95
:105C10005DD0A4BB16F801E02EEA070EAB4206F8F1
:105C200001E0B0F908102AD3ACF1080C0A4463442F
:105C3000DBB2072B16D9022C62D0B4F1000C194646
:105C400018BF4FF0010CCCF1000C5FFA8CFC083946
:105C500082F800C0B0F90850C9B22A440729F6D822
:105C600003F007035BB13349012C0B441B7A5CD072
:105C7000022C56D01CB9117821EA03031370BDE839
:105C8000F0819C440289A2EB0C020FFA82FC0029ED
:105C9000F5DBB0F90A208A42F1DD0A460694614636
:105CA000BDE8F041C2E54289521A013A11B2EEE76D
:105CB00002899C44521A013A11B24289A2EB0C02A9
:105CC0000FFA82FC6CE7012C15D0022C04D116F8D7
:105CD00001E087EA0E0EA1E7002C9BD0ACF1080C86
:105CE00072446344DBB2072BA7D8002BC7D098447B
:105CF00098F80830BCE716F801E047EA0E0E8DE789
:105D0000194614780839E443C9B214700729B0F968
:105D100008402244F5D813F00703B0D005490B44DE
:105D20001B7A11784B401370A9E711780B4313705D
:105D3000A5E700BF182C00602C4B2D4930B5D3E9E6
:105D4000B1542079C877D3F8C02295F804C081F8FF
:105D50001CC008775AB1B2F5004F1ED32549114433
:105D6000234AC3F8C012D07682F81BC030BDD3F8E6
:105D700080120F24D3F8CC028C6540F20134CA6142
:105D80000C614FF47C544C610324114683F8BD42EE
:105D90000368BDE830401B6818472D68E98B09048B
:105DA0001AD492B2EA832168EC8BA4B2EC82CC8B39
:105DB000240405D5CC8BC2F3080204F47E442243AC
:105DC000CA83CA8B92B2CA820021094AC3F8C012A0
:105DD000D07682F81BC030BDE98BC2F3080E92B2B8
:105DE00001F47E4141EA0E01E983DCE780380120BD
:105DF00000800E400180FFFF2C4B2D4930B5D3E9C8
:105E0000C5542079C877D3F8102395F804C081F8D9
:105E10001CC008775AB1B2F5004F1ED32549114472
:105E2000234AC3F81013D07682F81BC030BDD3F8D4
:105E3000D0120F24D3F81C038C6540F20134CA61E0
:105E40000C614FF47C544C610324114683F80D43DC
:105E50000368BDE830401B6818472D68E98B0904CA
:105E60001AD492B2EA832168EC8BA4B2EC82CC8B78
:105E7000240405D5CC8BC2F3080204F47E442243EB
:105E8000CA83CA8B92B2CA820021094AC3F810138E
:105E9000D07682F81BC030BDE98BC2F3080E92B2F7
:105EA00001F47E4141EA0E01E983DCE780380120FC
:105EB00000800E400180FFFF38B5B0F830410CB9CA
:105EC000204638BD90F82F310546C3F18904A2421F
:105ED0000DD8144605F1A500224618440FF04EFBDC
:105EE00095F82F312046234485F82F3138BD012203
:105EF0004260EFE7504A2DE9F04F116883B08646C3
:105F0000056905E0DB0106D413685B1A102B09D87C
:105F10006B699801F6D44FF4FE4301206B6103B026
:105F2000BDE8F08FDEF814B09EF8183043490BEB53
:105F300003139EF819201B7A0BEB0212180192F83A
:105F4000282001EB031351F800901520D3F80CA082
:105F500001EB02145B681201E76818600093C9F84E
:105F600084A0D9F804308E584AEA03033449C9F8AA
:105F70000430636818600193C6F884707368314810
:105F80003B437360304B4C680268A3FB0232920CB7
:105F900002EB820252004B681B1B9A42FBD84FF067
:105FA000090C274ADFF8A080D9F808301AEA030F55
:105FB00002D0B3681F422FD1C6F8887054680168B8
:105FC000A8FB0131890C01EB810153681B1B99422D
:105FD000FBD8C6F8847054680168A8FB0131890CAD
:105FE00001EB810153681B1B9942FBD8BCF1010CEA
:105FF000DAD19EF818306046009A0BEB0313DB6889
:1060000013609EF81930019A0BEB031BDBF82C3060
:10601000136003B0BDE8F08F9EF81830009A0BEBC8
:106020000313DB6813609EF81930019A0BEB03131E
:10603000DB6A13606FE700BF383D0120381D002088
:10604000001000E01C45002083DE1B4310B5044611
:10605000006808B110F0BAFA204610BD2DE9F04FE3
:1060600097B017468346BDF8802005919DF88810AB
:106070000B920791026A9DF88C10BDF884900891EC
:10608000002A00F01081117AD2E900205B1A0492F4
:10609000DBB2DDE90721114300EBC30230F83330F6
:1060A000012992F905000393937892F9064002932F
:1060B000D3781190129377D8002313931093A44BA5
:1060C000DBF800C01A460C93DCF81430934240F021
:1060D000DB81129B002B00F0C780BBB2DDE90721FA
:1060E00014932344012A08BF012915934FF000039C
:1060F0000CBF012200229A460A9306920993029B42
:10610000002B00F0A980099A0025139B1499D3183D
:106110000898DDF8288003FB00130FFA83F9159B1C
:1061200013441BB20D9309E00135029B4FEA4A0A62
:10613000EDB25FFA8AFAAB4240F2898043465A1CBC
:106140005B075FFA82F806D1039A0499531C11F891
:1061500002A09BB203931AF0800FE5D0069B43B3D5
:10616000119B059ADCF8184099187A4B29449C42F7
:1061700009B240F08280DCF81040774B9C427CD121
:106180000029D1DBBBF90C308B42CDDD0D9A002A02
:10619000CADBBBF90E309342C6DD0B9B5846FFF7B6
:1061A00089F9DBF800C0BFE703B2109323B2139361
:1061B00085E7109B059A5C19079BDCF81C6004FBC3
:1061C0000324664A1BB2BDF92070964224B25BD10B
:1061D000DCF84060624A964256D1DCF814300C9AE2
:1061E00093425BD1079B2344A34225DDCDE90E8A70
:1061F000AA4698460B9D09E001340095DCF838600A
:1062000024B2B047444510DADBF800C055483B469D
:10621000DCF820604A46214686425846ECD00134DC
:106220000095B04724B24445EEDB5546DDF8388092
:10623000DDF83CA0DBF800C0DCF82C300C9A93426F
:106240003FF472AF58469847DBF800C06CE71A4637
:106250000A9B1344DBB20A93099B129A0133DBB207
:106260009A4209933FF64BAFDCF82C300C9A9342DC
:1062700040F0FC8017B0BDE8F08F0B9B58460D9A9C
:10628000A047DBF800C04FE70B9A2146584600971D
:1062900001924A46B047DBF800C045E758469847A8
:1062A000DBF800C09EE7B0F90C2005998A42E1DDD9
:1062B000B0F90E20BA42DDDD0622079812FB00126B
:1062C000002AD7DD089A07EBC202002AD2DD9BF82C
:1062D0001C20012A03D0AF2B01D90133DBB21C4AA9
:1062E000DBF8000011460C9242698A4240F0EF80D0
:1062F000BDF8142003EB8303B8460B9F11461092A0
:10630000194ACDF81090D3180A460D934B1D9BB235
:106310000E93DDE90731CDE90922012B08BF0129E0
:106320009BB20CBF012100210F93034658460391F5
:106330000D9A0824BDF924B0002512F8016BBDF9AF
:106340001CA00D92BDF92820029706922EE000BFF6
:10635000E5200100812801001D2A0100E923010038
:10636000552301002D230100D0310020039A002A7B
:1063700040D0D3F8189005EB0802584912B289456D
:1063800079D1D3F810905649894574D1069F002FD2
:1063900005DBB0F90C10B94201DD002A79DA013CC5
:1063A0000135760814F0FF046DB233D0F207DDD466
:1063B000049A02999142F2D00399E1B1D3F818906E
:1063C00005EB0802454912B289455BD1D3F810901C
:1063D0004349894556D1069F002FE0DBB0F90C10E8
:1063E000B942DCDD002ADADBB0F90E109142D6DDCD
:1063F000049B53E0029A01925946089A0590009234
:1064000005FB0282D3F81C90534612B2C847059888
:106410000368C4E7099A0F9C0A992244029F01313C
:1064200092B289B209920E9A0A918A4280D1834629
:10643000DDF8109018460B9B4B4512D0039B002BA8
:1064400033D0046A4246274BCDF800909C42BDF9F8
:1064500038104FF0080308BF846B5846A047DBF89C
:106460000000C36A0C9A93423FF404AF584617B039
:10647000BDE8F04F1847029B05900699C84705985C
:1064800003688CE7049BF7E758469847DBF800C0A1
:106490001FE6B0F90E10914281DD029B394605904E
:1064A000FFF708F80598036879E704EB840310996F
:1064B000CDF8049042461944089BDB0009B20093D2
:1064C000079BC4695846A047DBF80000C9E7584657
:1064D00002939047DBF80000029B09E78128010046
:1064E0001D2A01002D230100036AF0B5074685B07F
:1064F000002B3AD00A292BD00D2933D01A7A914299
:1065000030D39C7A8C422DD38A1A5C68D2B204EBC9
:10651000C204E578A278A5B19AB1C57E002D63D1F9
:10652000067E437EB0F91050B0F912203846CDE90E
:1065300002630B462946FD8A0195BD8A0095FFF747
:106540008DFD21793B8A3A7E01FB02333B8209E0D3
:106550004FF0000C428A417EA0F810C01B7B01FB6B
:1065600003234382012005B0F0BD0A291ED00D2966
:10657000F8D0C27EB0F910400ABBB0F91220067EF6
:10658000457E03950B4602962146FC8A38460194C7
:10659000BC8A0094FFF762FD3B7E3A8A012003EB40
:1065A000430302EB43033B8205B0F0BD428A417EC8
:1065B000038202EBC1034382012005B0F0BD067ED9
:1065C0000622B0F90C5012FB0642AA4208DD428AAC
:1065D0001C46457E038202EBC50212B24282D0E71E
:1065E000B0F91220457ECCE794F90550067E2A4486
:1065F000B0F91050B0F90CC006FB0252624503DC42
:10660000437EB0F9122091E70025428A058293F873
:106610000CC0437E0CFB032212B2428286E700BF0D
:1066200010B50446C06A08B10FF0D0FF204610BD77
:10663000836A70B504460D469BB390F8302040F253
:106640000111724E5200A3F82F1183F8A520836A1E
:106650001A6818461268B24240F0CE80B3F8302172
:10666000DAB193F82F21882A2BD8511C1A4483F8C9
:106670002F11002382F8A530A06A02680346126831
:10668000B24240F0BC80B0F8302132B193F82F21F3
:10669000882A1CD9012218465A60BDE870400BF0C8
:1066A0009FB9026C006D1368616A23EA00031360EE
:1066B000C1B10A685566D36D13F4F81FFBD0536F50
:1066C00070BD01225A6093F82F21882AE2D8511C0C
:1066D0001A4483F82F1182F8A550A06ABDE87040D3
:1066E0000BF07EB9D4E90E23A06C2E06116854BFBE
:1066F000814301436E0611601968E06C41EA0001B4
:1067000019601968E06C21EA000119601168A06C39
:1067100054BF81430143AE0611601968E06C41EA41
:10672000000119601968E06C21EA00011960116824
:10673000A06C54BF81430143EE0611601968E06C00
:1067400041EA000119601968E06C21EA0001196052
:106750001168A06C54BF814301432E071160196872
:10676000E06C41EA000119601968E06C21EA00015F
:1067700019601168A06C54BF814301436E0711601A
:106780001968E06C41EA000119601968E06C21EABF
:10679000000119601168A06C54BF81430143AE072A
:1067A00011601968E06C41EA000119601968E06C39
:1067B00021EA000119601168A06C54BF81430143B4
:1067C000ED0711601968E06C41EA00011960E06CA6
:1067D000196821EA000119601168A06C4CBF0143DF
:1067E000814311601A68E16C0A431A601A68E16C0F
:1067F00022EA01021A6070BD002190473CE7294659
:106800009047A06ABDE870400BF0EAB8E9200100AB
:10681000F8B5836A0446002B78D0826D0020884D3D
:106820001B69AA42186133D88648012298645A62CB
:106830004FF4303284489862DA62986C002218650E
:106840004FF001101A62012298651A615A392046E8
:10685000C9B2FFF7EDFEA36A4BB3E26D00217848A1
:106860001B698242196100F2BB80764C0120764997
:106870004FF430329C6458629962DA629C6C00205A
:106880004FF0011101221C65186299651A61F8BD6B
:106890006E4DAA4200F2AF806D4A9A64A2F1216265
:1068A0005862A2F60C429A626A4ADA62C5E7616CE3
:1068B000606D0B68626A03430B60002AE7D0D37CEB
:1068C000002BE4D0DD0704D5906A4FF0E021C1F839
:1068D00000019C0704D5D06A4FF0E021C1F8040103
:1068E000580704D5106B4FF0E021C1F808011907D3
:1068F00004D5506B4FF0E021C1F80C01DB06C6D582
:10690000926B4FF0E023C3F81021F8BD436A002BCF
:106910005FD0D0E91925D87C002839D072B6D87C50
:10692000C60708D54FF0E02C5F69DCF880613E4077
:106930009E62CCF88061870708D54FF0E02C9F69F4
:10694000DCF884613E40DE62CCF88461460708D5FD
:106950004FF0E02CDF69DCF888613E401E63CCF824
:106960008861070708D54FF0E02C1F6ADCF88C61BE
:106970003E405E63CCF88C61C60608D54FF0E02639
:106980005F6AD6F8900138409863C6F8900162B605
:106990009868824213D030489A6080692F4EC0F3C5
:1069A000011CC0F3826056F82C600130B6FBF0FC8D
:1069B000002A2BD0624532D90022DA6000E0DA6882
:1069C0001B6800201861032058621A6401221D66AA
:1069D0001A61626C606D136823EA0003136035E787
:1069E0001A4882420FD91E4C1E481A4A9C645962AA
:1069F0009862DA6242E71A4A9A641A4A58629A62BC
:106A0000144ADA6219E7124C1748EEE78642D4D3EB
:106A10000CF10100B0F5817F09D3144ACDE7BCFB2E
:106A2000F2F0BCFBF0FC6245F4D28446F0E70228A9
:106A3000C2D902384608320242EA06420243BCE7A3
:106A40007F1A06003B372819B80B05053F420F0097
:106A50001C1A120C007F050000C00F40A820002067
:106A60000A09070460090101100E0202FF7F7F007E
:106A700003790F2B0FD8084A937672B60749012283
:106A800090F804C0B1F8203302FA0CF223EA0203B2
:106A9000A1F8203362B6704700800E408038012094
:106AA00010B580308E461EF801CB1CF0800F04D14B
:106AB00050F8804C1C4340F8804C1CF0400F04D12F
:106AC00050F8704C1C4340F8704C1CF0200F04D15F
:106AD00050F8604C1C4340F8604C1CF0100F04D17F
:106AE00050F8504C1C4340F8504C1CF0080F04D197
:106AF00050F8404C1C4340F8404C1CF0040F04D1AB
:106B000050F8304C1C4340F8304C1CF0020F04D1BC
:106B100050F8204C1C4340F8204C1CF0010F04D1CD
:106B200050F8104C1C4340F8104CA2EB0E0C803077
:106B30008C44BCF1000FB6DC10BD00BF2DE9F84F4E
:106B4000334F344B97F82823DA7797F82C33002B00
:106B500051D00023304E87F82C334FF4A05200213F
:106B600030460EF00DFCD7F83033D7F83493D7F811
:106B7000302397F83813A9EB0202282A28BF2822CD
:106B800002EB030BC7F830B3B1B1244C4FF0010A4C
:106B900001EB0408D7F8AC1304F13805194414F8D4
:106BA000010B15F8013B06EB80000AFA03F3FFF72F
:106BB00077FFA0454944F2D1334606EBC210BFF33C
:106BC0004F8F4FF0E021C1F8703F20339842FAD840
:106BD000BFF34F8FBFF36F8FD7F83433D200D7F89E
:106BE000C01392B2B3EB0B030E60CA8208D1082324
:106BF0008B83BDE8F88F0123094E87F82C33ACE76F
:106C0000282B94BF102312238B83BDE8F88F00BF7D
:106C10008038012000800E4080302020BC3B0120C5
:106C20008044202010B50446006808B10FF0CEFC67
:106C3000204610BD70B5C289044684B0006804F1D6
:106C40001303257CADF80C20002830D0627C03A90A
:106C500000950AF089FB00283DD0237C002B43D00F
:106C6000A27C8AB1012BE07C0CD0227D022B42EA6F
:106C7000002007D0627D032B42EA002002D0A37DD2
:106C800043EA002004B070BD1C44012BA07CF9D065
:106C9000627C022B42EA0020F4D0227C032B42EAE1
:106CA0000020EFD0E37B43EA002004B070BD6068B1
:106CB000E8B1267BD1B2032E2FD086B1022E25D18A
:106CC00001F07F018DF80C10627C03A900950AF099
:106CD00037FD0028C1D14FF0FF3004B070BD61F026
:106CE0007F018DF80C10EFE7184604B070BDA26864
:106CF000002AF0D0117C0029EDD09668002EEAD051
:106D0000506903A90095627CB047A4E7012EDBD14E
:106D100061F03F018DF80C10D6E7120A00958DF84E
:106D20000D1042F00102617C8DF80C204A1C03A971
:106D30000AF006FD8FE700BF70B5057A04469DB9DD
:106D4000466830460FF05EFC2378012293402272A1
:106D500086F8A53040F20113A6F82F3160680AF0DA
:106D60003FFE08B1284670BD237840F201116268E9
:106D70005B00A2F82F1182F8A53060680AF030FE9F
:106D8000B0FA80F56D09284670BD00BF2DE9F04FBF
:106D9000466883B0624C07460193154633685B68CA
:106DA000A3427AD1B6F83041002C61D1A54205D07A
:106DB0004FF00009484603B0BDE8F08FD7F804B0A3
:106DC0009BF82FA1BAF1000FF2D05846FFF792F8C6
:106DD00081460028ECD0534F0026D7F8008000E011
:106DE0002646B245DBF810105ED234464A691305D8
:106DF00037D4550500F18780900400F1848038680D
:106E0000A0EB080032287ED8A24507D2C96D4907F9
:106E100004D19305CED4019B002BCBD0FCF7C6F94F
:106E2000B245DDD2DBF810104B691E0519D45D05A3
:106E300069D4980467D43A68A2EB0802322A62D86F
:106E4000A24507D2CA6D520704D19B05B2D4019B5B
:106E5000002BAFD0FCF7AAF9DBF810104B691E0528
:106E6000E5D50B694FF0000943F440730B61A1E7CE
:106E700096F82F318C46C3F18904A24211D81446EA
:106E800006F1A5006146224618440EF077FB96F8FD
:106E90002F31234486F82F3188E73046984704463F
:106EA00084E701227260EBE7C86D344600F0070208
:106EB00040079BD413E09BF8A5500132022445F40F
:106EC0008065042A0D661CD0824502F101020BEB9D
:106ED00000050ED995F8A500042A086686D0012081
:106EE000002CE8D020460132013482450BEB00052E
:106EF000F0D8019B002B3FF479AF4FF400720A6683
:106F000074E7012472E70B694FF000094FF4007237
:106F100043F4407348460B610A6603B0BDE8F08F46
:106F20009D310100383D0120384B4FF07E514FF02C
:106F30008040002203F5946CF0B5354C03F5806574
:106F4000002703F58E666A6003F5926EA860E9601B
:106F500003F582656260A160E060276001246960DA
:106F6000A860EA6003F58465C3F800440224696000
:106F7000AA60E86003F58665C3F8104403246860DE
:106F8000AA60E96003F58865C3F8204404246860BA
:106F9000A960EA6003F58A65C3F8304405246A6095
:106FA000A960E86003F58C65C3F840444FF4807431
:106FB0006A60A860E96003F59065C3F8504440F248
:106FC0000114C3F860444FF481747160B060F260E2
:106FD0006960AA60E860CEF80400CCF8040040F2D2
:106FE0000510CEF80820CEF80C10CCF8081040F2AE
:106FF0000311CCF80C204FF48272C3F87044C3F82C
:10700000A004C3F88014C3F89024F0BD8038012098
:107010000051012070B50E4690F8A81682B01429D0
:1070200016D8154690F8A92604468AB101298AB2D5
:1070300010D9901E04F25C6E04F5CB6C80B20EEB9E
:10704000800E01E0F44505D05CF8040FA842F9D1A8
:1070500002B070BD01F5C171F7EE000A201D8DED83
:10706000010A04EB8101ECF79FFC94F804369DEDD6
:10707000010A132B0DD8E21882F8506504EB830245
:10708000013302F2B451C2F8645581ED000A84F86C
:10709000043694F8A83603F5CB72013344F8225035
:1070A00084F8A836D4E700BF2DE9F04F002383B061
:1070B000032504460F46DFF83C8183600373C0E973
:1070C00000330122414620460BF040FF6B1E13F0B7
:1070D000FF05F6D1042F69D907F1010ADFF818B1CD
:1070E0004FF005090DF104085FFA8AFA4F4509F1DE
:1070F00030034FF00102414620463FD009F101091B
:107100008DF804308DF805500BF020FF5FFA89F9F7
:107110000BF1010BB9F10A0FE8D1A1680B293DD899
:10712000DFF8D0904FF0000810E043184B4511D91C
:107130006368A9EB0006AB425AD32023435423686B
:1071400003F805802946A5600B2927D820684D1C27
:107150004845EAD963689D4224D9002702310FF0DF
:107160003DFAA1680028EFD0C4E9000511B1CFB104
:10717000835DE3E701702068A168F8E71BF8013B35
:1071800001228DF80550D1468DF804300BF0DEFE5B
:10719000BAF10A0FAAD1A1680B29C1D9204603B0C0
:1071A000BDE8F08FB9F800304352CBE70DF1040889
:1071B000A946DFF848A0EBB201224146204603F180
:1071C000300C9F425FFA8CFC09D08DF804C08DF81A
:1071D00005900BF0BBFE0135052DECD19DE715F8B0
:1071E0000A308DF805908DF804300BF0AFFEF2E711
:1071F0000127B3E7DC400020393C0020343C00206C
:107200002DE9F04F9FB005460E460493A84B1B781E
:10721000934200F07481049BA64CD3F808B02582F9
:107220006682BBF1000F00F0AA8115AF4FF0000994
:107230005D463B465F46A945CA469B46049B196886
:1072400067D38DF854A0202F3E465D4628BF2026E8
:10725000B144BF1B5E4430E00A2B6BD00D2B2AD00B
:10726000117A8B4227D3907A984224D3591A5068C6
:10727000C9B200EBC10898F8030098F8021098B161
:1072800091B1E07E00287FD1207E94F819C0B4F936
:107290001010B4F91220CDE9020CE08A0190A08A06
:1072A00000908448FEF7DAFE98F80410238A227EC4
:1072B00001FB02332382B54224D0226A15F8013B38
:1072C000002AC9D10A2B3ED00D2BF4D0E17E002933
:1072D00040D1B4F91010B4F91220207E94F819C0EE
:1072E000CDE9020CE08A0190A08A00907148FEF777
:1072F000B5FE237E228AB54203EB430302EB430330
:107300002382DAD1002F51D0049B9D681968A945CA
:1073100097D2A5EB090549445846202D28BF2025C2
:107320002A460EF09FFB05F178030DEB030505F8E7
:1073300024AC88E7638A617EA4F810A0127B01FB6D
:1073400002336382B7E7638A617E228203EBC10363
:107350006382B0E7B4F910104FF0060C207EB4F948
:107360000CE01CFB001CF44504DCB4F9122094F87A
:1073700019C0B5E7114694F819C02282628A02EB5F
:10738000CC0212B26282ABE798F905C0207E8C4431
:10739000B4F91010B4F90CE000FB0C1CF44500F338
:1073A0008B8094F819C0B4F9122074E75F4640F658
:1073B0000D230DF15606DFF8FC904FF00008ADF8F4
:1073C0005430226A17F8013B002A43D00A2B5FD0C1
:1073D0000D2B38D0117A8B4235D3907A984232D324
:1073E000591A5568C9B205EBC105E878A97820B3E8
:1073F00019B3E07E88B195F9050094F818C00844E7
:10740000B4F91010B4F90CE00CFB0010704500F357
:10741000B880607EB4F9122006E094F818C0607E4F
:10742000B4F91010B4F91220CDE902C0E08A01903D
:10743000A08A00904846FEF711FE2979238A227E11
:1074400001FB02332382B742BBD1002363611FB02B
:10745000BDE8F08F0A2B24D00D2BF4D0E17E00295B
:1074600036D1B4F91010B4F91220207E657ECDE932
:107470000205E08A0190A08A00904846FEF7EEFDE2
:10748000237E228A03EB430302EB43032382DAE7E2
:10749000638A617EA4F81080127B01FB0233638251
:1074A000D1E7638A2282627E03EBC2036382CAE76A
:1074B00018510120AC46012094F819C0A4F810A07E
:1074C000117B628A01FB0C22002112B26282E2E689
:1074D000B4F910100625207EB4F90CC015FB001578
:1074E000654508DD1146657E2282628A02EBC5028F
:1074F00012B26282BBE7B4F91220657EB7E7A54BF2
:107500001A68A54BA3FB02134FF4FA715B0901FB48
:107510001322FA2A7FF67FAE049BD3F808B0BBF1A2
:10752000000F39D100205B46D8469C4CA84406F198
:1075300001094545A9EB00090FFA89F916DA059406
:107540002F464FF0000ADFF854B21C463946013787
:1075500023464A463FB25846CDF800A0FEF70EFB40
:107560004745F3DBDDE90434D3F808B04FF00113ED
:10757000258266826361BBF1000F7FF456AE15AFC2
:1075800015E7607EA4F81080117B628A01FB00225F
:10759000002112B2628247E71A68002A00F0A38035
:1075A00012F8011B7D4C0029E0D0277E4FF0FF39F7
:1075B000E07E47F6FF7E637EB0460A9007EB470009
:1075C000D4F820A0400010971394099007EB4700CF
:1075D00040000890B4F90C000B9098B20790D800C6
:1075E000BBB20C90119050460D932B46CDE905E9A6
:1075F00000287AD00A2900F09C800D295ED090F8EE
:107600000AC0077A8C4559D38F4257D8A1EB070C93
:1076100041685FFA8CFC01EBCC0C9CF803409CF8B1
:1076200002100E949CF804409CF905700F940A9C7B
:107630009CF906C0002C00F08480109C07EB010A26
:1076400004FB0A3A0B9CA2457BDD037B079C03FBF2
:10765000048800231FFA88FA0FFA88F8079C0CFBAD
:1076600004AA0D9C11FB04F1079C12910E9911FBC9
:1076700004FC0D9C0F9907FB04370CF1FF3C01FB48
:1076800004331299059C1CFA8AFC01390FFA8AFA14
:107690000FFA8CFC11FA87F13FB21BB2BC4209B25F
:1076A000A8BF3C46D6450594A8BFD646069C8C424A
:1076B000B8BF0C46E145B8BFE146069412F8011B7D
:1076C000002995D1DDE90523139C9A4255DC01334D
:1076D000CE45A3EB02081FFA88F845DD0B460FFAEA
:1076E00088F8084622E72D4C40E70A292DD00D29BD
:1076F000E4D00A9979BB0899099C19441F1989B2E9
:10770000119C013F08EB040C069CA7420CF1FF3CC6
:1077100001DD3CB20694059CCC45C8BF0FFA8CF93C
:107720009C42A8BF1C46C6450BB2A8BFC6460594DE
:10773000C4E7037B079903FB01830FFA83F8002357
:10774000BCE79BB21FFA88FA88E70C9B9844034673
:107750000FFA88F8B2E709995F180B998F4211DC8C
:107760000899194489B2CBE70FFA88F809F10103A7
:10777000A3EB0E0398B21BB2D8E6CE453FF7F6AEA8
:107780008846F3E70C9B984403460FFA88F8DDE936
:107790000817B5E7383D0120D34D6210AC460120F3
:1077A00090F8A936844673B190F8043653B14FF07F
:1077B0007E5201200CF24C53CCF864158CF8500525
:1077C0009A667047704701230A46B7EE000A1946C9
:1077D00080F8A936FFF71EBC2DE9F04F8F4C2DED38
:1077E000028BA4F12C0B9FED8E8A81B0A4F15C0A70
:1077F00004F130002146FFF7D3FFA4F15009B0EEA9
:10780000480A5A460BF15C0028230A21A4F1140807
:10781000FFF700FCB0EE480A52460AF18C0028231C
:107820000A21FFF7F7FBB0EE480A4A4609F180004B
:1078300028230A21FFF7EEFBA4F14402B0EE480A28
:10784000282302F174000A21FFF7E4FBA4F12002CF
:10785000B0EE480A282302F150000A21FFF7DAFBB4
:10786000A4F16802B0EE480A282302F198000A2128
:10787000FFF7D0FBA4F13802B0EE480A282302F14A
:1078800068000A21FFF7C6FBA4F64C029FED650ACB
:10789000282302F67C000A21FFF7BCFBA4F58A72BC
:1078A000B0EE480A282302F5A2700A21FFF7B2FBC6
:1078B000A4F1C00204F6885704F2DC64B0EE480A72
:1078C00002F1F00028230A21FFF7A4FB04F6283672
:1078D000B0EE480A424608F1440028230A2104F683
:1078E000A875FFF797FBB0EE480A3A46A7F658503E
:1078F00014230A21FFF78EFBB0EE480A3246A4F2A9
:10790000AC6014230A21FFF785FBB0EE480A2A4633
:10791000A4F2AC6014230A21FFF77CFB2046424905
:10792000FFF73EFFB0EE480A5A46204628230A21B8
:10793000FFF770FBB0EE480A5246204628230A2182
:10794000FFF768FBB0EE480A4A46204628230A2182
:10795000FFF760FBB0EE480AA4F5E4622046282356
:107960000A21FFF757FBB0EE480AA4F2FC6220465A
:1079700028230A21FFF74EFBB0EE480AA4F2447216
:10798000204628230A21FFF745FBB0EE480AA4F25F
:107990001472204628230A21FFF73CFBB0EE480A68
:1079A000A4F62872204628230A21FFF733FBB0EE05
:1079B000480AA4F5FE62204628230A21FFF72AFB85
:1079C000B0EE480AA4F29C72204628230A21FFF751
:1079D00021FBB0EE480A4246204628230A21FFF741
:1079E00019FBB0EE480A3A46204614230121FFF75E
:1079F00011FBB0EE480A3246204614230121FFF75E
:107A000009FBB0EE480A14232A460121204601B0A2
:107A1000BDEC028BBDE8F04FFFF7FCBAA05C002084
:107A2000000000009A99193E744701202DE9F04F9B
:107A30002DED108B99B09FEDFC8AFBF7A5FE9FED15
:107A4000FB9AFB4B4FF00008DFEDFA6A9FEDFAAAB4
:107A500003F65C12DFEDF9AADFF844E402F2A46158
:107A6000DFF840C4DFEDF6CAA1F540609FEDF5CA2E
:107A7000DFEDF5BA9FEDF5FADFEDF5EA9FEDF5EAFA
:107A80009FEDF5DAF54FF64EDFF81C94DFEDF5FAD1
:107A9000DFEDF5DAC3F868E0C3F870C0C3ED006A43
:107AA00083ED048A83ED01AAC3ED02FA83ED03AAF4
:107AB00083ED05AA83ED07AA83ED09AA83ED0BAA3E
:107AC00083ED0DAA83ED0FAA83ED11AA83ED13AA0E
:107AD00083ED15AA83ED179A83ED199A83ED1B9A0E
:107AE00083ED1D9A83ED1F9AC3ED08AAC3ED10CA5A
:107AF00083ED12CAC3ED14BA83ED06FAC3ED0AEAA8
:107B000083ED0CEAC3ED0EDA83ED16DA9F67C3F856
:107B10006090C3F88060C3ED40DADFEDEADADFEDB4
:107B2000D32AC3ED28DADFEDE8DADFEDD17AC3ED51
:107B30002CDADFEDE8DADFEDCF8ADFEDCF9A9FEDCB
:107B4000CFBAC3ED34FAC3ED30DADFEDDDFADFEDA5
:107B5000DDDAC3ED2A2A83ED219A83ED22BA83ED83
:107B6000239A83ED259AC3ED269A83ED279A83ED18
:107B7000299A83ED2B9A83ED2D9AC3ED2E7A83ED0E
:107B80002F9AC3ED318AC3ED326AC3ED338AC3ED58
:107B9000358A83ED368AC3ED378A83ED38FAC3ED33
:107BA000398AC3ED3AAAC3ED3B8AC3ED3CEAC3ED83
:107BB0003D8A83ED3EEAC3ED3F8AC3ED24FAC3ED6F
:107BC000418AC3ED5EDADFEDAEDA9FEDAE0AC3EDBA
:107BD0004EDADFEDADDAAD4DDFF8D0A2C3ED5CDA01
:107BE000DFEDB9DAC3F840E1C3ED602AC3F848C15C
:107BF000C3ED42CAC3ED438A83ED44CAC3ED458A4F
:107C0000C3ED46BAC3ED478AC3F82051C3ED498A94
:107C100083ED4B0A83ED4CDA83ED4D0A83ED4F0A79
:107C200083ED510A83ED530AC3F8507183ED550A71
:107C3000C3F8586183ED570A83ED58BA83ED590AAA
:107C4000C3ED5AFA83ED5B0A83ED5D0A83ED5F0AAB
:107C500083ED610AC3F828A1C3ED62DADFED9DDA96
:107C6000DFED80FAC3ED66DADFED9CDA9FED881A6E
:107C7000DFED880AC3ED6AFAC3ED80DADFED7AFA48
:107C8000DFED90DA83ED630AC3ED647A83ED650A74
:107C9000C3ED670AC3ED686AC3ED690AC3ED6B0AF9
:107CA00083ED6C8AC3ED6D0A83ED6EFAC3ED6F0A46
:107CB000C3ED70AAC3ED710AC3ED72EAC3ED730A96
:107CC00083ED74EAC3ED750AC3ED76FAC3ED770A66
:107CD000C3ED78CAC3ED790A83ED7ACAC3ED7B0A96
:107CE000C3ED7CBAC3ED7D0AC3F8F851C3ED7F0A3A
:107CF000C3ED810AC3F808A283ED831AC3ED96DAB7
:107D0000DFED71DADFED6EFAC3ED9ADADFED71DAED
:107D10009FED612AC3ED92FAC3ED9EDADFED51FAD1
:107D2000DFED6EDAC3F820E2C3ED982AC3F828C26B
:107D300083ED84DA83ED851A83ED871A83ED891A42
:107D400083ED8B1AC3F8307283ED8D1AC3F8386255
:107D500083ED8F1A83ED90BA83ED911A83ED931A18
:107D6000C3ED949A83ED951A83ED971A83ED991AD2
:107D700083ED9B1AC3ED9C7A83ED9D1A83ED9F2AB8
:107D8000C3EDA06A83EDA12AC3EDA2FA83EDA32A75
:107D9000DFED35FAC3F8189283EDA48AC3EDB8DAA3
:107DA000DFED50DA9FED3D3AC3EDAEFAC3EDBADA3E
:107DB000DFED51FADFED43DAC3F810E383EDA52AD6
:107DC00083EDA6FA83EDA72AC3EDA8AA83EDA92A1D
:107DD000C3EDAAEA83EDAB2A83EDACEA83EDAD2ACD
:107DE00083EDAF2AC3EDB0CA83EDB12A83EDB2CAE9
:107DF00083EDB32AC3EDB4BA83EDB52AC3F8D852E4
:107E000083EDB72A83EDB92A83EDBB2AC3EDBCFA13
:107E100083EDBD3A83EDBF3A83EDC0DA83EDC13A1D
:107E200083EDC33A6CE000BF1147C3420D71F440CB
:107E3000F07820201147AF42956528401147D7427E
:107E40001147FF4288A3044388A309431147CD4249
:107E50001147E1421147EB4296A10E432D43F542F3
:107E60002D43EB421147B9421147F5422D43B94228
:107E70002D43A54265194A412D43CD422D43E14290
:107E80007E9D0943431C8D41FB3ACD4288A30E439E
:107E9000431CDD41B30CB54159860242228E164285
:107EA00096A104432D43FF4296A1094396A1134393
:107EB00059862A42228E3E4259865242228E66427C
:107EC0002D43D7422D43C3422D43AF4259867A42B8
:107ED0001147B9421147A5421147F54288A3134300
:107EE00088A31D4388A3184388A3224396A1224355
:107EF00088A327431147874296A1184396A11D43A3
:107F00005FED11FAC3F8F8A2C3F8089383EDC53A00
:107F1000C3EDD2DA5FED14DAC3EDCEFAC3EDD6DAF3
:107F20005FED15FA5FED15DA1FED1F4AC3EDDADAE2
:107F3000C3EDDEFA5FED17DA5FED19FAC3EDD42A6F
:107F4000C3F818C383EDC73AC3F8207383EDC93A69
:107F5000C3F8286383EDCB3A83EDCCBA83EDCD3AF9
:107F600083EDCF3AC3EDD09A83EDD13A83EDD33A86
:107F700083EDD53A83EDD73AC3EDD87A83EDD93A7C
:107F800083EDDB4AC3EDDC6A83EDDD4A83EDDF4A36
:107F900083EDE08A83EDE14A83EDE2FA83EDE34A83
:107FA000C3EDE4AA83EDE54AC3EDE6EAC3EDEAFAE0
:107FB000C3EDF4DA5FED36FA5FED36DA5FED434A92
:107FC000C3EDF6DAC3EDF8FA5FED34DA5FED36FAB9
:107FD000C0F810E0C0F818C080ED00DAC0ED014A2A
:107FE000C0ED034AC0ED054A83EDE74A83EDE8EAB8
:107FF00083EDE94A83EDEB4AC3EDECCA83EDED4A2C
:1080000083EDEECA83EDEF4AC3EDF0BA83EDF14A9A
:10801000C3F8C85383EDF34A83EDF54A83EDF74A7D
:1080200083EDF94AC3EDFADAC3EDFB4AC3EDFCFA7E
:10803000C3EDFD4AC3EDFF4A5FED5EDAC0F808907C
:10804000C3F8F8A3C0ED074A0762A1F6DC305FED84
:1080500064FAC0ED09DA40305FED65DA40ED0BFA05
:1080600040ED03DA1FED6C5A5FED66DA5FED68FAFA
:1080700040ED052A40ED104A40F83C6C40ED0E4AB8
:1080800000ED0DBA40ED0C4A40ED0A4A40ED099A68
:1080900040ED084A40ED064A40ED044A40ED024AF0
:1080A00040ED017AC0ED004AC0ED01DA80ED025AE0
:1080B000C0ED036A80ED045AC0ED05FA80ED065A62
:1080C00080ED078A80ED085A80ED09FA80ED0A5AA2
:1080D000C0ED0BAA80ED0C5AC0ED0DEA80ED0E5AF2
:1080E0005FED83FA80ED0FEA40305FED84DAC0ED9A
:1080F00001FAC0ED0BDA5FED86FA5FED86DAC0EDCE
:108100000FFAC0ED0DDA80ED005A80ED025AC0ED95
:1081100003CA80ED045A80ED05CA80ED065AC0ED11
:1081200007BA80ED085A456280ED0A5A80ED0C5A74
:1081300080ED0E5A40305FED94DA5FEDA05AC0ED4D
:1081400001DA5FED96DA5FED94FAC0ED03DA5FEDE8
:1081500095DAC0F83CE0C0ED045AC0ED05DAC0ED98
:10816000065AC0ED07FAC0ED085AC0ED0A5AC0ED34
:108170000C5AC0ED0E5A80ED005A80ED025A80ED87
:108180000BDAC0F824A0C0F8349040305FEDB4FAA8
:108190005FEDB4DAC0ED005AC0ED0F2AC0F804C09C
:1081A000C0ED025AC760C0ED045A4661C0ED065AE0
:1081B00080ED07BAC0ED085AC0ED09FAC0ED0A5AC1
:1081C000C0ED0B9AC0ED0C5AC0ED0DDAC0ED0E5AA1
:1081D00040305FEDC3DA1FEDC37AC0ED01DA5FED29
:1081E000C4FA5FEDC4DA80ED067AC0ED05DA80ED01
:1081F000087AC0ED09FA80ED0A7A80ED0C7A80EDFC
:108200000E7AC0ED005AC0ED025AC0ED037AC0EDFF
:10821000045AC0ED076A80ED0B8A80ED0DFAC0EDBF
:108220000FAA40305FEDD4FA5FEDD4DA80ED007A2A
:10823000C0ED01EA80ED027A80ED03EA80ED047A78
:10824000C0ED05FA80ED067AC0ED07CA80ED087A28
:1082500080ED09CA80ED0A7AC0ED0BBA80ED0C7A88
:10826000456380ED0E7AC0ED0FDA40305FEDE4FA41
:108270005FEDE4DAC0ED03FA5FEDE5FAC0ED01DA97
:10828000C0ED05FA5FEDE7DA5FEDE7FA1FEDE76AAB
:10829000C0ED07FAC0ED0BDA5FEDE9FA5FEDE9DA60
:1082A00080ED0A6A80ED0C6AC0ED0DDA80ED0E6A91
:1082B000C0ED0FFA80ED106A80ED007A80ED027A51
:1082C00080ED047A80ED067A80ED087A4430F74B31
:1082D000C0F800A040F8203CDFEDF5DA80ED016A3F
:1082E000C0F818E0C0F820C080ED02DA80ED036A23
:1082F00080ED056A80ED076A80ED096A876280ED8E
:108300000B6A066380ED0D6A80ED0EBAC0F810901E
:108310003C30C0ED05DADFEDF4DADFEDE63AC0ED32
:1083200009DADFEDEFFADFEDE4DAC0ED0E3AC0ED89
:10833000072AC0ED01FAC0ED0DDA80ED006A80ED8C
:10834000026AC0ED039A80ED046A80ED066A80ED52
:10835000086A80ED0A6AC0ED0B7A80ED0C6AC0ED08
:108360000F6A4030DFEDD5FAC0ED003AC0ED01FAFA
:10837000DFEDDFFAC0ED023ADFEDDCDA80ED038AF3
:10838000C0ED043AC0ED063AC0ED083AC0ED0A3A35
:10839000C0ED0C3AC0ED0E3A80ED05FAC0ED07AA2B
:1083A000C0ED09EA80ED0BEAC0ED0DFAC0ED0FCA91
:1083B0004030DFEDC3FAC0ED07DADFEDCEDAC0ED15
:1083C0000DFAC0ED09DADFEDBFFADFEDCBDAC0ED73
:1083D000003AC0ED023AC0ED043AC0ED063AC0EDF5
:1083E000083AC0ED0A3AC0ED0C3AC0ED0E3AC0EDC5
:1083F0000BDAC0ED0FFA80ED01CAC0ED03BA45619A
:108400004030DFEDB1DADFEDB11AC0ED03DAB04B89
:10841000DFEDB1DAC0ED021AC0ED003A4360DFEDE6
:10842000B7FAC0ED041AC0ED05DADFEDACDAC0ED45
:10843000061AC0ED081AC0ED0A1AC0ED0C1AC0EDFC
:108440000E1AC0ED07DAC0ED09FA80ED0DDAC0F8BA
:108450002CA0C0F83C904030DFEDA1FADFED94DABB
:10846000C0ED001AC0F804E0C0ED021AC0ED041A15
:10847000C0ED061AC0ED081AC0ED0A1AC0ED0C1ABC
:10848000C0ED0E1AC0F80CC0C0ED0BFAC0ED0FDA4B
:108490004761C66180ED09BAC0ED0D9A4030DFED4D
:1084A00092DADFED86FAC0ED03DADFED83DAC0EDB4
:1084B000001AC0ED012AC0ED021AC0ED041AC0ED89
:1084C000057AC0ED061AC0ED07DAC0ED087AC0EDF6
:1084D000096AC0ED0A7AC0ED0BFAC0ED0C7A80EDA6
:1084E0000D8AC0ED0E7A80ED0FFA4030DFED80FA94
:1084F000C0ED007AC0ED07FAC0ED01AAC0ED027A26
:10850000C0ED03EAC0ED047A80ED05EAC0ED067A1D
:10851000C0ED087AC0ED09CAC0ED0A7A80ED0BCA39
:10852000C0ED0C7AC0ED0DBAC0ED0E7AC5634030D7
:10853000DFED6EFAC0ED007AC0ED01FADFED6DFA05
:10854000C0ED027AC0ED03FADFED6BFAC0ED047AFC
:10855000C0ED05FADFED5CFAC0ED067AC0ED0DFA6C
:10856000DFED57FAC0ED087AC0ED07FADFED55FAF6
:10857000C0ED0A7AC0ED09FADFED57FAC0ED0C7ACA
:10858000C0ED0E6AC0ED0FFAC0ED106A4430DFEDA9
:1085900053FAC0F828E0C0ED00FADFED58FAC0F851
:1085A00030C0C0ED02FAC0ED016AC0ED036AC0ED53
:1085B000056A80ED06DAC0ED076AC0ED096AC0ED14
:1085C0000B6AC0ED0D6A8763C0ED0F6AC0F810A09A
:1085D000C0F820904030DFED42FA3E4BC0ED04FA87
:1085E00040F8583C13460660C0ED016A80ED02BABF
:1085F000C0ED036AC0ED056AC0ED069AC0ED10DA61
:10860000DFED2BDADFED2DFAC0ED08DADFED36DA3B
:10861000C0ED0A2AC0ED076AC0ED14FAC0ED096A80
:10862000C0ED0B6AC0ED0CDA3430DFED31DAC0EDAD
:10863000042AC0ED062AC0ED082AC0ED0A2AC0EDC2
:108640000C2AC0ED0E2AC0ED102AC0ED006AC0ED64
:10865000017AC0ED026AC0ED056A80ED098A80EDFD
:108660000BFAC0ED0DAAC0ED0FEA80ED11EA48301B
:10867000C0ED01DADFED12DAC0ED002AC0ED022A0A
:10868000C0ED042AC0ED062AC0ED03CA80ED05CA7C
:10869000C0ED07BAC0ED082AC2ED03DADFED09DA52
:1086A000DFED12FAC2ED05DA2EE000BF7E9D274312
:1086B0002D43C3422D4391421147A5421147B94270
:1086C00088A3224388A3274396A1274311479B42AF
:1086D00096A12C4388A32C4396A1224396A11D4327
:1086E0002D43D7422D43C3422D43AF4288A31343AA
:1086F0001147F54288A3184388A31D4396A1184348
:10870000431CD541598662425FED0DDAE3EC012A44
:10871000C2ED07DA5FED0FDAC0ED0BFAC2ED09DA50
:108720005FED0BDA5FED0DFAC3ED00DA00F587635C
:108730005FED0EDAC0ED0DFAC2ED0BDA5FED18FA5F
:108740005FED18DAC0ED0A2AC0ED0C2AC2ED022A4C
:10875000C2ED042AC2ED062AC2F84CE0C2F854C0A9
:10876000456282ED088A82ED0A8A82ED0C8A82EDEA
:108770000E8A82ED0FDA82ED108A82ED128A82ED86
:10878000148A82ED168AD76582ED188A566682EDC4
:108790001A8AC2F834A0C2F8449082ED1BBAC2ED26
:1087A0001DFAC2ED21DA82ED2FEA5FED31FA1FEDFD
:1087B00031EA5FED31DAC2ED232AC2ED25FA82ED0E
:1087C00029FAC2ED2DEAC2ED31DA82ED1C8A82ED82
:1087D0001E8AC2ED1F9A82ED208A82ED228A82EDE6
:1087E000248A82ED268A82ED278AC2ED289AC2ED7C
:1087F0002A9AC2ED2BAAC2ED2C9AC2ED2E9AC2ED96
:10880000309AC2ED329AC2ED33CAC2ED349A82ED8B
:1088100035CAC2ED369AC2ED37BAC2ED389AC2F8FF
:10882000E450C2ED3A9A82ED3BEA5FED4EFAC2EDBA
:108830003C9A1FED4F8A82ED5BEA5FED50DA1FED47
:1088400050EAC2F824E1C2F82CC1C2ED3DFA82ED33
:108850003F8AC2ED41DA82ED45DAC2F83471012770
:10886000C2F83C61C2ED53CA82ED55CAC2ED57BA97
:10887000C2F86451C2ED3E9AC2ED409AC2ED42AADE
:10888000C2ED44AAC2ED46AAC2ED48AAC2ED4AAA68
:10889000C2ED4CAAC2ED4EAAC2ED50AAC2ED52AA38
:1088A00082ED51BA82ED54BA82ED56BA82ED58BAD1
:1088B00082ED5ABA82ED5CBAC2F80CA1C2F81C91E2
:1088C00082ED5DEA82ED5EAA82ED60AA82ED62AA87
:1088D00082ED64AA82ED66AA82ED68AA82ED6AAA98
:1088E00082ED6CAA82ED6EAA82ED70AA1FED7BAAC2
:1088F000FC4C82ED79AA9FEDFCAADFEDFCEA82ED4B
:108900007BAA9FEDFBAA9FEDFBFADFEDFBFA9FED43
:10891000FB8ADFEDFB9ADFEDFBAA9FEDFBBADFEDF3
:10892000FBBA9FEDFBCADFEDFBCA9FEDFBDADFED83
:10893000FBDA82ED7DAA9FEDFAAAC2ED5FEA82ED35
:1089400061FAC2ED63FA82ED658AC2ED679AC2ED03
:1089500069AA82ED6BBAC2ED6DBAC2F8BC4182ED74
:1089600071CA82ED729AC2ED73CA82ED749A82ED79
:1089700075DA82ED769AC2ED77DA82ED789A82ED39
:108980007A9A82ED7C9A82ED7E9A82ED7FAA9FEDA3
:10899000E9AA82ED809A82ED81AA9FEDE7AA82ED95
:1089A000829A82ED83AA82ED849A82ED869A82ED84
:1089B000889A9FEDE2AA9FEDE39A82ED85AAB0EE38
:1089C0004BAA82ED879A82ED99BA9FEDE19A9FEDCD
:1089D000E2BA82ED899AB0EE699AC2ED8A8A82ED96
:1089E0008BEAC2ED8C8AC2ED8DEAC2ED8E8A82EDF1
:1089F0008FFAC2ED908AC2ED91FAC2ED928A82EDB1
:108A0000938AC2ED948AC2ED959AF0EE6A9AC2ED0D
:108A1000968AC2ED97AAF0EE6BAAC2ED988AC2EDD3
:108A20009A8AC2ED9BBAF0EE6CBAC2ED9C8AC2F88B
:108A30007442C2ED9E8A82ED9FBAB0EE4CBAC2ED8E
:108A4000A08A82EDA1CAB0EE4DCA82EDA20A82EDE3
:108A5000A40A82EDA5DA82EDA60A82EDA80A82EDCB
:108A6000AA0A82EDAC0A82EDAE0A82EDB00A82ED6E
:108A7000B20A82EDB40A82EDB60A82EDB80A82ED3E
:108A8000BA0ADFEDA88A9FED98DA9FEDAD0AC2ED34
:108A9000A3CAF0EE6DCAC2EDA7DAC2EDA98A82EDD3
:108AA000ABDA82EDB90ADFED92DADFED9D8A9FED58
:108AB000A1DA9FEDA50AC2EDADDAC2EDAF8A82ED73
:108AC000B1DA82EDBB0ADFED9CDADFED9C8A9FED27
:108AD0009DDA9FED9F0AC2EDB3DAF0EE6EDAC2EDD9
:108AE000B58AF0EE4A8A82EDB7DAB0EE4EDAC2ED20
:108AF000BC0A82EDBD0AB0EE480AC2EDBE0A82EDA4
:108B0000BFEAB0EE4FEAC2EDC00AC2EDC1EAF0EE34
:108B10006FEAC2EDC20A82EDC3FAC2EDC40A9FED4C
:108B200081FAC2EDC5FAC2EDC60ADFED6FFAC2EDF9
:108B3000C80AC2EDCA0AC2EDCC0A82EDCDAAC2EDC6
:108B4000CE0AC2EDD00AC2EDD20AC2EDD40A9FED20
:108B500082AADFED670A82EDC78AB0EE698A82EDEC
:108B6000C99AC2EDCB9AF0EE6A9AC2EDCFAAF0EEA6
:108B70006BAAC2F8444382EDD3AAB0EE4BAA82EDB1
:108B8000D5BAB0EE4CBA82EDD61AC2EDD7BAF0EE35
:108B90006CBA82EDD81A82EDD9CA82EDDA1AC2ED2A
:108BA000DBCA82EDDC1A82EDDDFA82EDDE1AC2ED5F
:108BB000DFFA82EDE01AC2EDE10AF0EE490A83ED38
:108BC000019A82EDE21A82EDE41A82EDE61A82ED54
:108BD000E81A82EDEA1A82EDEC1A82EDEE1A82EDC5
:108BE000F01A9FED4F9A9FED521A82EDE39A82EDB3
:108BF000EF1A9FED50CADFED50CA9FED509A9FEDDE
:108C0000521A82EDE5CAC2EDE7CA82EDE99A82ED19
:108C1000F31A9FED4CCADFED4ACA9FED4C9A9FEDC7
:108C20004C1A83ED002A82EDEBCAB0EE4DCAC2EDBC
:108C3000EDCAF0EE6DCA82EDF19AB0EE4A9A82ED7D
:108C4000F22A82EDF42A82EDF51AB0EE401A82ED96
:108C5000F62A82EDF7DAB0EE4EDA82EDF82AC2EDAE
:108C6000F9DAF0EE6EDA82EDFA2A82EDFBEAB0EE86
:108C70004FEA82EDFC2AC2EDFDEAF0EE6FEA82EDEA
:108C8000FE2A82EDFF0AB0EE480A83ED022A022294
:108C900083ED038AB0EE688A83ED042AC3ED058A6A
:108CA000F0EE698A83ED062AC3ED079A83ED082A60
:108CB00000F25C43DFED289A08201C60403303ED8E
:108CC0000F2A03ED0D2A43ED0E9AF0EE6A9A03ED9A
:108CD0000CAAB0EE4BAA43ED0AAAF0EE6BAA03ED84
:108CE00008BA3DE011478F4259864E42431CFD4170
:108CF00059863A42228E1242228E2642228E3A42D1
:108D0000228E4E42228E6242228E76421147854248
:108D10002D4399422D438F422D43854259867642F9
:108D2000598626425986624259863A4259862642D7
:108D300065193A4159861242B30CFD41B30CD54135
:108D4000B30C8541B30CAD41431C854186383A4193
:108D5000431CAD41CA32D440114799420D71D440F1
:108D600043ED06BA1FED0D2A1FED0DBA5FED0DBAEA
:108D700003ED0B3A03ED093A03ED073A03ED053A2B
:108D800003ED04FA03ED033A43ED02FA03ED013A71
:108D90001FED1BFA83ED042A83ED06BAC3ED08BA72
:108DA0005FED1EFA1FED192A1FED1BBA5FED20BA09
:108DB00083ED00FA83ED013AC3ED02FA83ED033A45
:108DC00083ED053A83ED073A83ED093A83ED0A2AEC
:108DD00083ED0B3A83ED0CBA83ED0D3AC3ED0EBA79
:108DE000F0EE6CBA83ED0F3A443383ED003A1FED99
:108DF000293A1FED282A83ED033A1FED2D3A1FED86
:108E000029BA83ED053A1FED2E3A03ED012AB0EEA3
:108E1000402A83ED01BAB0EE4CBA83ED073AB0EECA
:108E2000413A83ED024A83ED044A83ED064A83ED1D
:108E3000084A83ED09CAB0EE4DCA83ED0A4AC3ED74
:108E40000BCAF0EE6DCA83ED0C4A83ED0DDAB0EE7D
:108E50006FDA83ED0E4A3C33C3ED040AC3ED00DA4A
:108E600083ED014A83ED021AB0EE481A83ED034AFE
:108E700083ED054A83ED060AB0EE680A83ED074AE2
:108E800083ED088A83ED094AC3ED0A8A83ED0B4A14
:108E900083ED0D4A83ED0F4A1FED514A1C6383EDAC
:108EA0000E4A40331FED5E8AB0EE494A83ED009AC8
:108EB000B0EE6A9AC3ED014AC3ED029AF0EE4E9A03
:108EC000C3ED034A83ED04AAB0EE6EAAC3ED054AD2
:108ED000C3ED06AAF0EE4FAAC3ED074A83ED08EAF8
:108EE000C3ED094AC3ED0AEAC3ED0B4A83ED0CFA60
:108EF000C3ED0D4AC3ED0EFAC3ED0F4A40335FEDEB
:108F000073DA83ED0A8A1FED74EA5FED74EA1FEDF0
:108F100073FA5FED75FA1FED718A5FED708AC3ED2C
:108F2000014AC3ED034AC3ED054AC3ED074AC3ED49
:108F3000094AC3ED0B4AC3ED00DA83ED02EAC3ED43
:108F400004EA83ED06FAC3ED08FA83ED0C8AC3ED5B
:108F50000D4AC3ED0E8A83ED0F5A40335FED864A0A
:108F60001FED868AC3ED024A5FED874A83ED0E3A14
:108F7000C3ED044A83ED008A83ED015A83ED035A61
:108F800083ED055A83ED075A83ED095A83ED0B5A99
:108F900083ED0D5A83ED0F5A83ED06BAC3ED08BA7F
:108FA00083ED0ACAC3ED0CCA40335FED968A83EDA8
:108FB000015A83ED035A83ED055A83ED075A83ED79
:108FC000095A83ED0B5A1FED9C5AC3ED000A83ED3D
:108FD0000A5A83ED022A83ED041A83ED060A83ED13
:108FE0000C4A1C62C3ED0D5AC3ED288A5FEDA58AB9
:108FF000DFF820B4C3ED2A8AB033DFEDF98A83EDC0
:10900000008A9FEDF88A43ED1D5A43ED1B5A43ED4C
:10901000195A43ED189A43ED175A43ED155A43ED8B
:10902000135A43ED115A03ED1E8A43ED1C8A03EDDA
:109030001A9A03ED16AA43ED14AA03ED12DA43EDD2
:1090400010DA3C3BDFEDE89AC3ED005AC3ED025A5B
:10905000C3ED045AC3ED065AC3ED085AC3ED0A5ACC
:10906000C3ED0C5ADFEDE15AC3ED099A83ED0E7A98
:1090700083ED107A83ED01EAC3ED03EA83ED05FA8F
:10908000C3ED07FAC3ED115AC1ED004A81ED0A3A6A
:10909000C1ED0C0A81ED0E2A81ED101A81ED120A44
:1090A00081ED165A81ED184A83ED127A0C65D04B8A
:1090B00081ED017A81ED02BA81ED037AC1ED04BA46
:1090C00081ED057A81ED06CA81ED077AC1ED08CA06
:1090D00081ED097A81ED0B7A81ED0D7A81ED0F7AC0
:1090E00081ED117A81ED137A81ED157A81ED177A90
:1090F00081ED196A81ED1A8A81ED1B6AC1ED1C8A26
:1091000081ED1D6A81ED1E9A81ED1F6AC1ED329AD3
:10911000DFEDB89AC1ED344AC1ED353AC1ED373AC9
:10912000C1ED393AC1ED3B3AC1ED3D3A81ED3E3AF0
:10913000C1ED3F3AB04E81ED2AEAC1ED2CEA81ED56
:109140002EFAC1ED30FA81ED36BAC1ED38BA81EDB3
:109150003ACAC1ED3CCAC1ED209A81ED216A81ED88
:1091600022AA81ED236AC1ED24AA81ED256A81ED51
:1091700026DA81ED276AC1ED28DA81ED296A81EDD1
:109180002B6A81ED2D6A81ED2F6A81ED316A81EDC7
:10919000336AC1ED400A81ED5E3AC1ED600AC1ED6E
:1091A000413A81ED422AC1ED433A81ED441AC1EDC5
:1091B000453A81ED460AC1ED473AC1ED493AC1ED64
:1091C0004B3A81ED4A5A81ED4C4AC1ED4D1AC1ED41
:1091D0004F1AC1ED511AC1ED531AC1ED551AC1ED27
:1091E000571AC1ED591AC1ED5B1AC1ED5D1AC1F8EC
:1091F0002041C1ED549A81ED56AAC1ED58AA81EDE6
:109200005ADAC1ED5CDA81ED4E8AC1ED508A81ED0A
:10921000529AC1ED5F7AC1ED617ACBF80030774B9D
:1092200081ED622A81ED641A81ED660A81ED6A5A48
:1092300081ED6C4AC1ED752AC1F8A041C1F8D04159
:10924000002481ED6E8AC1ED708A81ED729AC1EDC4
:10925000637AC1ED657AC1ED677AC1ED697AC1EDD6
:109260006B7AC1ED6D6AC1ED6F6AC1ED716AC1EDD6
:10927000736ACBF80C20CBF80460A6F57D56CBF8CA
:109280000830CBF814808BF81C800DF097F95C4BFC
:109290008BF8EC80CBF82030CBF8F080CBF81000C6
:1092A000CBF8FC40CBF80041CBF80441CBF80841A7
:1092B000544DCBE93D88FAF73DFACBF8F000FAF7C8
:1092C00039FACBF8F400FAF735FACBF8F800A6F53E
:1092D0008070DFF844C102234B4ACBF88001CBF801
:1092E0004001A6F1DC00CBF800C0A0F1180C474902
:1092F000CBF81021CBF844C1A0F10C0CCBF818210D
:10930000CBF848C105F1280CCBF81C21CBF894C14F
:10931000CBF80C11CBF82811CBF88401CBF8244101
:10932000CBF83081CBF85841CBF85C41CBF86041A9
:10933000CBF86441CBF86841CBF86C41CBF8704175
:10934000CBF87441CBF878418BF87C818BF8908115
:10935000CBF83471CBE94E352D4BCBF81431CBF82B
:109360002031CBF82C31CBF8B041CBF8E031CBF841
:10937000EC31CBF8F83100F1A803CBF8FC01CBF8C5
:10938000983100F1B403CBF8D8113046CBF89C31BA
:109390000C33CBF8F41114A9CBF8A03148F28003B8
:1093A000CBF8DC21ADF850308023CBF8E421CBF8AA
:1093B000E8218DF85230CBF8B441CBF8B841CBF866
:1093C000BC41CBF8C041CBF8C441CBF8C841CBF885
:1093D000CC41CBF8D0418BF8D4818BF808821DE0CA
:1093E0002D4385422D438F4265193A41431C8541E7
:1093F000342A002059866242E092002024D30020C3
:10940000CDCC4C3D303700200000FAC40000FA44B7
:109410000000964494510020C0200020CBF8F04179
:109420000AF072F806F10C000AF006F8A6F1D00175
:10943000E64A4FF00200CBF87812A6F17801CBF89B
:109440009C224FF07A52CBF87C124FF07C53E049CB
:10945000CBF8C8224FF07F52CBF89012DD498BF841
:10946000C402CBF89412DC498BF8D402CBF89812E2
:10947000DA498BF8E402CBF8A012D949CBF8DC32F8
:10948000CBF8A4120A21CBF8EC328BF8BE1205F10E
:109490004C01CBF8CC22CBF8C012D249D24ACBF83F
:1094A000D012D2498BF88472CBF8E012D049CBF8B5
:1094B0008062CBF8F0124FF08041CBF88842CBF8B5
:1094C0008C42ABF8A882CBF8AC42CBF8B042CBF8D8
:1094D000B442CBF8B842ABF8BC82CBF8D842CBF858
:1094E000E8428BF8F402CBF8FC324BF25303CBF892
:1094F0000423ABF808334FF07E53CBF82C13BBF8A2
:10950000071396F8FD00ABF81313BA49ABF8102314
:10951000CBF8001305F16801B74ACBF80C1306F13C
:10952000F801CBF84433CBF818134EF6A041CBF832
:1095300048338BF8121305F17C01CBF84C33CBF890
:109540003C13AE49CBF86433CBF85013AC49CBF89D
:109550006833CBF85413AB4986F8090106F5F4706B
:10956000CBF85813A849ABF83483CBF85C1305F15A
:109570008801CBF8F842CBF81C43CBF82043CBF85A
:109580002443CBF82843CBF83043CBF83843CBF80F
:109590006043CBF86C43CBF87433CBF87C33CBF817
:1095A0009433CBF89C33CBF8A833CBF8AC33CBF85F
:1095B000C833CBF8CC33CBF8D833CBF8E033CBF887
:1095C0007023CBF88023CBF88823CBF88C23CBF8FF
:1095D000A023CBF8B423CBF8B823CBF8C023CBF827
:1095E000D423CBF8E423CBF8EC23CBF87843CBF8A7
:1095F0008443CBF89043CBF89843CBF8A443CBF803
:10960000B043CBF8BC43CBF8C443CBF8D043CBF842
:10961000DC43CBF8E843CBF8F0234FF480720BF037
:10962000ADFF05F188014FF4807206F53A700BF03A
:10963000A5FF4FF4C87506F58073CBF840330BF0E7
:109640007DFF04460BF07AFF5BFA80F05BFA84F34F
:10965000013D90F8F41493F8F42483F8F41480F89E
:10966000F424ECD169496A4801F50075694CA0EB16
:109670000B0043185BFA83F393F8F424A4FB026312
:1096800001F8012F8D424FEAD30303EB4303A2EB12
:10969000830281F80022ECD15F4E00275F4A4FF42D
:1096A0007F495F4B1220F26406F1180A5D4A33616C
:1096B00032655D4A5D4BCBF8F829022273615C4B41
:1096C0009FED5C8A8BF8FC295B4ADFF884815B4D57
:1096D000CBF8203A0623F26086ED008A86ED0F8AE9
:1096E00086ED108A86ED118A86ED128A8BF82C3A67
:1096F000CBF8145ACBF8185ACBF80C8ACBF8108A4E
:10970000ABF81C9A0CF05AFF0446C7600782CBF8EE
:10971000240ADFED4B9A9FED4B9ADFED4B8AC0E9AF
:10972000017712200CF04AFF484BCBF8280AA446D8
:1097300003F13002CBF84C3A06F20C638646CDF8C2
:1097400010A0B0EE000A03F6982103F69C2003F661
:10975000A42406F56A63059201910290069403938E
:10976000049CCBF8585ACBF85C5A41F69425CBF8B8
:10977000508ACBF8548A5D44ABF8609ABAE80F007F
:10978000ACE80F000FCCDAF800A04FF0FF34AEE8E1
:109790000F0006F15C0106F17000ACF800A0AEF815
:1097A00000A009F073FD0DF1500C4FF0FF0A06F117
:1097B000B00086ED2B8A61468DF85270ADF850A04E
:1097C00009F0A2FE0DF1500C44E000BF0000A040E3
:1097D00000003D430000BA420000564300808B4326
:1097E0000000C84233338B400E21A0EC14AE47403A
:1097F0003D0AF73F85EB9140000080BFAE67BB3E5E
:109800008C65583EABAAAA3EABAA2A3E87570020D9
:109810000DFAFFFFABAAAAAA885B00200000404017
:109820006666663F0000E040442A00206666D64037
:10983000202A002000000000CDCC4C3F0000FFFF9C
:109840000000C842CDCCCC3E00000C42C038002005
:10985000FF0000FF4AF2FF5306F1BC008DF8527082
:109860006146ADF8503009F04FFE4FF0FF3C06F175
:10987000C8008DF85240ADF850C00DF1500C614653
:1098800009F042FE0DF1500C06F1D4008DF8527033
:109890006146ADF8509009F037FE0DF1500C06F11D
:1098A000E000ADF8507061468DF8524009F02CFE92
:1098B0004FF0FF3C06F1EC008DF85270ADF850C04F
:1098C0000DF1500C614609F01FFE0DF1500C06F130
:1098D000F8008DF852406146ADF850A009F014FE32
:1098E0000DF1500C06F58270ADF8507061468DF8A0
:1098F000527009F009FEABF8087BCBF8048B06F533
:10990000A670BBF8073BD44CABF8133B96F8153167
:1099100004F5A271CBF80C4B86F821310C46CF4BE5
:1099200086ED4A8AC6F8383106F5887386ED4B8A8B
:1099300086ED4C8A86ED4D8A86ED4F8A86ED518AFA
:10994000CBF83C1BCBF8183BABF8347BABF8108B57
:109950008BF8129B09F0BEFC06F20C63C6F8F447C4
:10996000059C06F5FF6086F84C77C6F894461E46BF
:10997000A3F8E47109F0AEFC33460199B7EE000A92
:109980001A46C3F8BC8CC3F8C08CB54B0298C2F819
:10999000C43CC2F8C83CB34BC6F834471093B24B32
:1099A000069CC2F8943802F6A82386F8EC7783ED7B
:1099B000008A02F6AC23A6F890781746A6F8CC9C4D
:1099C0000BF5D55681ED008A02F6BC4183ED008A85
:1099D000802380ED008A01F11400C2F8B83C84EDC8
:1099E000008A86ED008ACDED119A09F04FFC4FF008
:1099F00080430C930CAB1A4610AB194614AB1846B7
:109A000009F032F807F54D630199C7F80C3D149B36
:109A100002980B60159BC6ED009A0360934B236080
:109A20004FF48073039CA7F8B93C012387F8BB3C33
:109A300048200CF0C3FD002344F8040FA54280F831
:109A40002C3003648A4B80ED009A80ED0C8A80ED07
:109A50000D8AC0ED0F8A80ED118A8363E8D1854CB1
:109A6000B7EE000A844B41F6107504F1E00AA4F544
:109A70007262109304F50C78119304F21B217F4B52
:109A8000404684ED008AA4F10C0704ED018AA4F19C
:109A9000040987ED008AA4F1080686ED008A5D447A
:109AA000A4F50474CAE95133754BC2F8103D02F6AF
:109AB000247383ED008A02F6287383ED008A02F690
:109AC0002C73704A83ED008A654BCAE94E234FF42C
:109AD0007F03CAF84031FF238AF84C3109F0D6FBE6
:109AE0004FF080430CAA10A914A80C9308F0BCFFF7
:109AF000149B89ED008A3B600027159BCAF88C8176
:109B0000336040F20113DFF89C91DFF89C8184ED13
:109B1000848AAAF83931482000260CF04FFD544BB6
:109B200044F8040FA542C0F8009007634763C0F8EB
:109B30003C804764836380F82C600664EBD1042387
:109B4000514CB7EE000A4FF08048CAF8C033A4F178
:109B50001401CAF8783420464C4B4FF07E59CAF8AD
:109B60009473CAF83035CAF834353D4BCAF8987347
:109B7000CAF83835CAF83C353A4BCAF89C7310938A
:109B8000434BCAF8A0731193424BCAF8A473CAF8A6
:109B90009031414BCAF8A873CAF8AC338023CAF895
:109BA000B8738AF8BC330AF264438AF874641F609D
:109BB0000AF58D63394D1F600AF26C431F600AF588
:109BC0008E631F600AF21C531F600AF5A4631F60B6
:109BD0000AF224531F600AF5A5631F604FF48073D7
:109BE000AAF82C354FF47F43AAF8403509F04EFB14
:109BF00010A90CAA14A8CDF8308008F035FF149BEA
:109C000004F14800264ACAF89433159BCAF89C739D
:109C1000CAF898330123CAF8A073CAF890350AF23B
:109C20009C53CAF880451F600AF5B463E7671F605C
:109C30000AF2A4531F600AF5B5631F600AF2AC5321
:109C40001F600AF5B6631F600AF2B4531F600AF57D
:109C5000B7631F6030E000BF983700200000AF43BB
:109C60000000FFFF00004843082100200000484298
:109C700000007041B47000200000204300FFFF008E
:109C8000F4200020800000FFD8760020FF0000FFB5
:109C90000000C842E02000200000204204390020DB
:109CA000FFFF7F7FCDCCCC3E00000C429A99A940AB
:109CB00000C02845008054440AF2BC531F600AF2D9
:109CC000C4531F600AF5B9631F600AF2CC531F60CA
:109CD0000AF5BA631F600AF2D4531F600AF5BB632A
:109CE0001F600AF2DC531F600AF5BC631F600AF2B2
:109CF000E4531F600AF5BD631F600AF2EC531F6056
:109D00000AF5BE63C3F800900AF2F4531A604FF4E8
:109D100000020AF5BF631A604FF48033CAF8FC35BD
:109D20000AF20463CAF88C550C351F600AF5C1634A
:109D3000C4F8BC701F60E9F7D3FFDBF888320CAAC7
:109D400010A9109304F1C800DBF88C32CDF85090C4
:109D50001193DBF8903215970C93DBF89432169739
:109D60000D9314AB179709F083FBDBF898320CAA1C
:109D700010A904F58A701093DBF89C32CDF850904E
:109D80001193DBF8A03215970C93DBF8A4321697E9
:109D90000D9314AB179709F06BFB14AB0CAA10A929
:109DA00004F5B070CDF8509004F6BC2910971197C7
:109DB0000C970D9715971697179709F059FBF8EE22
:109DC000005A0AF2F4611FED477A02231FED486A38
:109DD00004F50F72C1ED005A0AF5DF615FED4B6AC1
:109DE000F6EE007AC1F800800AF2FC61DFF810E4B8
:109DF00043F60C0081ED007A0AF204719FEDDB7AE4
:109E00005844C1ED005A0AF5E161DFF8F8C3C1F822
:109E100000800AF20C718AF8F03681ED007A0F2189
:109E20009FEDD37A8AF810170AF214718AF8003776
:109E3000082381ED007A0AF5E3619FEDCE7A81ED8A
:109E4000007A0AF21C719FEDCC7A81ED007A0AF556
:109E5000E4619FEDCA7A81ED006A0AF2247181ED16
:109E6000007A0AF5E56181ED006A0AF22C71C1ED14
:109E7000006A0AF5E661C1ED006A0AF23471C1F8C0
:109E800000E00AF5E761C1F800E00AF23C71DFF892
:109E900078E3C1F800E0BA49C4F8FC110AF2447151
:109EA000C1F800C00AF5E961C1F800C004F5E87125
:109EB000CAF84C1704F5EC71CAF8501704F5F071A4
:109EC000CAF8541704F5F471CAF8581704F5F87174
:109ED000CAF85C1704F5FC71CAF8601704F5007144
:109EE000CAF864170AF5ED610F600AF26C710F6031
:109EF0000AF5EE610F608AF8A037A9F880300AF2FF
:109F00007473CAF89C270AF2A4721F600AF5EF6303
:109F1000C2F800800AF5F5621F600AF27C73994965
:109F20001F6004F50973C2ED007A0AF6AC52CAF854
:109F3000843704F50A731160CAF8883704F50B7387
:109F4000914ACAF88C3704F50C73C9F86420CAF832
:109F5000903704F50D738D4ACAF8943704F50E73E3
:109F6000C9F878200022CAF8983704F6483388499F
:109F7000C9F88450C4F83C728AF8D86DC9F8687082
:109F8000C9F86C70C9F87070C9F874701960203322
:109F900043F81C1C43F8182C43F8142C43F8102CDD
:109FA00043F80C2C43F8082C43F8046C9842EDD18C
:109FB00043F6DC22774B784C00205A4477491C60EA
:109FC0000C3343F8080C43F8041C9A42F7D1DFF82D
:109FD0003C82002303213C22A8F84030012389F869
:109FE0008810A8F1740088F842300BF0C9F943F6E4
:109FF00014026B49A8F66C735A4443F8201B9A422A
:10A00000FBD143F62402674B67495A4443F8201BAF
:10A010009A42FBD1654B08F14C0108F19C009FED81
:10A02000648A1A1D019103F17C0503F12C0E03F1E2
:10A0300054070AF22C61C8F84430144608F1CC03E6
:10A0400003900AF5C6600691049308F1740C07901A
:10A05000F7EE000A0595002588ED128AB0EE480A51
:10A060009FED549AF0EE608ADFED539AF0EE00AA6D
:10A07000DFED527A524E9FED53CADFED53BA9FED9A
:10A0800053BA9FED53AA0FCC0294019C0FC40194C4
:10A09000029C0FCC0294019C0FC42246029C94E8BF
:10A0A0000300039C82E80300BEE80F00ACE80F0049
:10A0B000BEE80F00ACE80F00464A9EE80300C8F86F
:10A0C000C420454A8CE80300C8F8C8200FCF0FC44D
:10A0D0000FCF0FC497E80300049FC8F8185184E815
:10A0E0000300059C0FCC0FC74FF0C802A8F82C2125
:10A0F0003A4AC8F8F4203A4AC8F8F820394AC8F869
:10A10000FC20394AC8F80021384AC8F80421384AE6
:10A11000C8F80821374AC8F80C21374AC8F8102176
:10A12000364AC8ED507AC8F8142188ED4F9A8BED65
:10A13000A49ACBEDA59A88F82051A8F8305188ED63
:10A140004D8A88ED4E8A8BEDA28A8BEDA38A0FCCC7
:10A150000FC741F2167294E80300ABF8BC224FF02F
:10A16000090287E803008BF8BE2251E06666D640FC
:10A170000000AF43000048450000FA4300808944D6
:10A1800000001645CDCCCC3D0000C84332333435F9
:10A190006F12833AA0890020CDCC4C3D0AD7233CD6
:10A1A000000080BF388200203333B3BE3C3900202A
:10A1B00000000000000040430000D2420000C04206
:10A1C00094D1002000005C4300009042F304353F2E
:10A1D0000000FAC3244100202C410020344100201B
:10A1E0003C410020444100204C41002054410020CB
:10A1F0005C41002060410020684100207041002047
:10A2000000007A440000164400006144949100204C
:10A21000DF49DBE9042342F8231001F57D620133B5
:10A22000DC49CBF8802201F11C0099F87820CBF8AA
:10A2300014302823E8F7A6FDD74999F87920F0EEE5
:10A24000680A01F11800B0EE480A2823E8F79AFDE1
:10A25000D24999F87A20F0EE680A01F11400B0EEC4
:10A26000480A2823E8F78EFDCD49F0EE680A99F8F0
:10A270007B20B0EE480A01F1100028234FF00209BC
:10A28000E8F780FDFDF7A8FA0AF5C763B6EE007A95
:10A29000079FD3ED007A0CA883ED008A0AF234639D
:10A2A00077EEA97A069C024614A88DED149A67EE03
:10A2B000877A014610A8CDED159ACDED0CAAC7ED11
:10A2C000007AD3ED007A83ED008A0AF23C6377EEE0
:10A2D000897A83ED009AB34B67EE877AC3ED009AD3
:10A2E000C4ED007A08F0C0FB109B4FF0090210A8E3
:10A2F00023608AF80C264FF00102119B01468BF86F
:10A300001C2014A83B600CAA8BEDAB9ACBEDAC9A49
:10A31000CDED0CAA8DED10CACDED11BA08F0A4FB5D
:10A32000A6F5E0401499159A00F69823CDED0CAAF5
:10A330008DED10CA196000F69C23CDED11BA1A609C
:10A3400000F6A42310A80CAA83ED008A014603EDB1
:10A35000018A14A8944C08F087FB149B88ED4F9A4F
:10A360000820CAF89433159BC8ED509ACAF8983360
:10A370008E4B8AEDE78A8AEDE88A88ED4D8A88ED72
:10A380004E8ACBF800300CF019F906F5907388F876
:10A390005091C8F84C01036006F5AC73C8ED558ABE
:10A3A00043604FF4817314A888ED568AA8F864318D
:10A3B00088ED578A88ED588A8DED14BACDED0C8A58
:10A3C0008DED0D8A8DED0E8A8DED0F8A8DED158A3E
:10A3D0008DED168A8DED178AF9F780F9C8EE807A2F
:10A3E0000CA810AA014614A828EE677A67EE8B7AAB
:10A3F0008DED117A8DED127A8DED137ACDED107A07
:10A40000F9F738F9DDED0CAA14A8DDED0D9A9DEDF4
:10A410000E9A9DED0FBACDED14AACDED159A8DEDE6
:10A42000169A8DED17BAF9F759F9C8EE807A10AA85
:10A430005F4908A867EEAAAA67EEA99A27EE899A4B
:10A4400067EE8B7ACDED10AACDED119A8DED129AB3
:10A45000CDED137AF9F70EF90CAA14A88DED148A34
:10A460001346014610AA53488DED158A8DED168AC4
:10A470008DED108A8DED118A8DED12AACDED0C8A2D
:10A48000CDED0D8ACDED0E8A08F07CFF0CAA14A844
:10A490008DED12AA1346014610AA47488DED148A85
:10A4A0008DED158A8DED168A8DED108A8DED118A50
:10A4B000CDED0C8ACDED0D8ACDED0E8A08F062FF50
:10A4C00029463E4808F02CFE01213D4808F028FEB0
:10A4D000D8F85431394A1493D8F85831C6F8402185
:10A4E000C03A1593D8F85C31A2F114071046C6F8AB
:10A4F000242114AA1693D8F860311146C6F82041D9
:10A50000C6F82871C6ED4B8A86ED4C8A86ED4D8AD9
:10A5100086ED4E8A86F83C5186ED518A86ED528A48
:10A5200086ED538A86ED548AA6F854511793F9F7AD
:10A53000F1F8D8F85431224A1493D8F85831C6F8B3
:10A5400078211D4A1593D8F85C311046C6F85C2175
:10A5500014AA1693D8F860311146C6F85841C6F8C7
:10A56000607186F83C51C6ED598A86ED5A8A86EDAF
:10A570005B8A86ED5C8A86F8745186ED5F8A86ED8B
:10A58000608A86ED618A86ED628AA6F88C5119E0B0
:10A59000AC530020FC8100200082002004820020B7
:10A5A00008820020D4770020E8390020602A0020AB
:10A5B000E8920020FC9200205C930020BC930020D5
:10A5C00038B300201793F9F7A5F8A7F10802C1499D
:10A5D0004BF2C0130220C6F89C2101F522425B44D5
:10A5E000BD4C029202F52A7201930827A2F5D863A6
:10A5F000C6F89441B94C4FF0070EC3F81C024FF057
:10A600003200C6F890411834A6F8A2014FF4AD709C
:10A6100086F87451C6F8A801A6F8A4510394B04E68
:10A62000B04CDFF880C43460AF49B04EACF80000E5
:10A63000CCF804600CF10C068CF808904FF0170968
:10A640009FEDAB7ADFEDAB7A03C986E80300AA4938
:10A65000AA480F70AA49C3F82412AA49C3F82812BD
:10A66000A949C3F82C12A949C3F83012A849C3F864
:10A670003412A849C3F83812A749C3F83C12A749B5
:10A68000C3F84012A649C3F84412A649C3F84812B9
:10A69000A549C3F84C12A549C3F85012A449C3F800
:10A6A0005412A449C3F85812A349C3F85C12A34931
:10A6B000C3F86012A249C3F86412A249C3F8681231
:10A6C000A149C3F86C12A149C3F87012A049C3F89C
:10A6D0007412A049C3F878129F49C3F87C129F49AD
:10A6E000C3F880129E49C3F884129E49C3F88812A9
:10A6F0009D49C3F88C129D49C3F890129C49C3F838
:10A7000094129C49C3F898129B49C3F89C129B4928
:10A71000C3F8A0129A49C3F8A4129A49C3F8A81220
:10A720009949C3F8AC129949C3F8B0129849C3F8D3
:10A73000B4129849C3F8B8129749C3F8BC129749A4
:10A74000C3F8C0129649C3F8C4129649C3F8C81298
:10A750009549C3F8CC129549C3F8D0129449C3F86F
:10A76000D4129449C3F8D8129349C3F8DC12934920
:10A77000C3F8E0129249C3F8E4129249C3F8E81210
:10A780009149C3F8EC129149C3F8F0129049C3F80B
:10A79000F4129049C3F8F8128F49C3F8FC128F499C
:10A7A000C3F800138E49C3F804138E49C3F8081385
:10A7B0008D49C3F80C138D49C3F810138C49C3F8A5
:10A7C00014138C49C3F818138B49C3F81C138B4915
:10A7D000C3F820138A49C3F824138A49C3F82813FD
:10A7E0008949C3F82C138949C3F830138849C3F841
:10A7F00034138849C3F838138749C3F83C13874991
:10A80000C3F840138649C3F844138649C3F8481374
:10A810008549C3F84C138549C3F850138449C3F8DC
:10A8200054138449C3F858138349C3F85C1383490C
:10A8300083EDE27AC3F86013814983EDE57AC3F8CA
:10A8400064138049C3F868137F49C3F86C137F49C8
:10A85000C3F870137E49C3F874137E49C3F87813A4
:10A860007D49C3F87C137D49C3F880137C49C3F844
:10A8700084137C49C3F88C137B49C3F890137B493C
:10A88000C3F898137A49C3F89C137A49C3F8A01304
:10A890007949C3F8A4137949C3F8A8137849C3F8D0
:10A8A000AC137849C3F8B0137749C3F8B4137749A8
:10A8B000C3F8B8137649C3F8BC137649C3F8C0137C
:10A8C0007549C3F8C4137549C3F8C8137449C3F86C
:10A8D000CC13E9E0AC530020404B4C000C3A002074
:10A8E0002C3C012080582020A845002040D3002087
:10A8F00017B7D1B8F4CCBE42B83B01206F928A4260
:10A9000001FEE4429EDEC842F0271842C0EC81C13D
:10A91000A10837438186B4425DAD244232851E438F
:10A920000FCB89429B151742C3A40943D084984298
:10A9300096C32042FC08314363AE7542F24112C215
:10A9400013E21C43B5E6D342E483F0C1EC80294313
:10A950009000CA4281269941E6BE27434BEA9A42BB
:10A96000FB5C39C0443A2A431FA5AF42D509744263
:10A970000A08104388F4754201DE714125B514437D
:10A980005249AB42439CBF4167253A438E268542DC
:10A99000FC1805C11AA11943EF58BE42C4B1EE3FDD
:10A9A00032A53D43C74B9C42F8427B42AD09F3427E
:10A9B0003A528342DE315C42D8702143C2976A42E8
:10A9C00085EB58C19585A7426A5EC8423FD79DC1B5
:10A9D0001DA9A242C5C0CA42CE88023FFE259542AB
:10A9E000C3C4BB4296B2AEC0E3258742A49FBB421C
:10A9F00036AB7B4155F07E42C54FA942E6AE1641CB
:10AA000045985142F2C1A542D47AE842A1A7BE427C
:10AA1000AAC20C424538E0425957BD426A5E18420C
:10AA2000BF3DE8423440AE4247830242BA49CF427A
:10AA30000F0BCB42C2973A42C78BC9421BEFC142B0
:10AA4000375A3F4244BAD7421DC9C142DF6028424B
:10AA5000AC5CDA42B1A1CE4233332C4256CEB9427D
:10AA6000A8F517425C60D642CD0C49423179A54227
:10AA7000A01A0442D5E78B41B35BBC423C4E324244
:10AA8000C58F8941283E7742C0ECE14107DF014292
:10AA90000C33994280F72142DDE40042F98F56429F
:10AAA00022BD15424C930120D949C3F8D013D9498E
:10AAB000C3F8D413D849C3F8D813D849C3F8DC1362
:10AAC000D749C3F8E013D749C3F8E413D649C3F80C
:10AAD000E813D649C3F8EC130299C1ED007AD449C2
:10AAE000C3F8F013D349C3F8F413D349C3F8F813E8
:10AAF000D249C3F8FC13A2F530710860D048C1ED0B
:10AB0000097A4860CF48C1ED0C7A8860CE48C860A9
:10AB1000CE480861CE484861CE48C861CE48086238
:10AB2000CE488862CE48C862A2F52371CD48C1EDF7
:10AB3000027A0860CC48C1ED057A4860CB48C1ED87
:10AB4000087AC860CA480861CA488861CA48C861AA
:10AB5000CA484862CA488862CA48C1ED0B7A08638D
:10AB6000C948C1ED0E7A4863C848C3F8B074C863D9
:10AB70000121C748C3F8D4140D21C3F8B4E4C3F8C5
:10AB8000AC140221C3F8C474C3F8B8140321C3F889
:10AB9000E0E4C3F8BC140E21C3F8C0140621C3F8C6
:10ABA000C8140521C3F8CC140D21C3F8D014062114
:10ABB000C3F8D8140B21C3F8DC140221C3F8E41441
:10ABC0000F21C3F8E8140421C3F8EC140221C3F8E0
:10ABD000F014A2F513710860AE48C1ED017A8860E7
:10ABE000AD48C1ED047AC860AC48C1ED077A486150
:10ABF000AB488861AB480862AB484862AB48C1EDDE
:10AC00000A7AC862AA48C3F8F4E40863A948C3F8FA
:10AC1000007548630A21C3F83095C3F8F81403217E
:10AC2000C3F85095C3F8FC140C21C3F804150A218D
:10AC3000C3F808152221C3F80C152421C3F81015F8
:10AC40002321C3F814151321C3F818151221C3F8D2
:10AC50001C151021C3F820151521C3F82415142143
:10AC6000C3F828151221C3F82C151621C3F838157E
:10AC70001921C3F83C151B21C3F844151C21C3F846
:10AC800048151B21C3F84C152521C3F8541526215E
:10AC9000C3F858152821C3F85C151F21C3F86015A7
:10ACA0001E21C3F868152021C3F86C152221C3F8B2
:10ACB00070152121C3F874151821C3F898E5C3F85D
:10ACC00034151A21C3F8AC75C3F840151D21C3F81B
:10ACD000B475C3F864152421C3F8E875C3F8781572
:10ACE0002621C3F87C150E21C3F8A4150C21C3F846
:10ACF000A8150521C3F8B0150621C3F8BC15042119
:10AD0000C3F8C0150F21C3F8D0150321C3F8E0150F
:10AD10000A21C3F8EC152221C3F8F4152521C3F844
:10AD200080152721C3F884152821C3F8881514211C
:10AD3000C3F88C150B21C3F89015C3F8C4150D2169
:10AD4000C3F89415C3F8B8150921C3F89C15C3F8C6
:10AD5000CC150221C3F8A015C3F8C815C3F8D41543
:10AD6000C3F8D8152121C3F8DCE5C3F8F015232179
:10AD7000C3F8E4E5C3F8F8151121C3F81456C3F875
:10AD8000FC151021C3F81896C3F804161221C3F855
:10AD90003496C3F810161621C3F82C56C3F81C16A7
:10ADA0001921C3F824161B21C3F828162821C3F83B
:10ADB00040161E21C3F84C162121C3F85816232132
:10ADC000C3F85C162421C3F860161421C3F870166A
:10ADD0001321C3F80016C3F808161521C3F80C1682
:10ADE000C3F868161C21C3F82016C3F830162721B3
:10ADF000C3F83816C3F86C162521C3F83C16C3F8FF
:10AE000064162021C3F84416C3F8541654E000BF5A
:10AE1000F02744425EBA7D4205C54242BA09444227
:10AE2000607627420BB53542126575429CB34B42A2
:10AE300008EC6C4278DC7A4274A4A94139741F4250
:10AE4000719BE4415FA955428A509142D712B5C126
:10AE5000AA62F14274B57BC12B7808432AA9CBC002
:10AE60009C740943A2450DC1692FDC425EBA093FBB
:10AE7000B23DD8421AC05F4017390843924B924105
:10AE80007A860443D3DEB640A8C6D542098A61411A
:10AE90005BD1D242584AD941DED30043E14B05424F
:10AEA000573BFC42BAC9FC41DD44D6420000A042F7
:10AEB000000034430000B4421F21C3F84816C3F811
:10AEC00050163221039CC3F874163421C3F8BC46D3
:10AED000C3F878163121019CC3F87C163021C3F8E1
:10AEE00080163421C3F8A4163221C3F8A8162D21E8
:10AEF000C3F88416C3F8B4162F21C3F88816C3F814
:10AF0000B0162A21C3F88C16C3F8A0162C21C3F85A
:10AF10009416C3F898162B21C3F890162921C3F86C
:10AF20009C163321C3F8AC162E21C3F8B81613466D
:10AF300083ED068A403303ED098A03ED088A03EDA9
:10AF4000078A03ED068A03ED058A03ED048A03ED03
:10AF5000038A03ED028A03F8045C9C42E8D1DFF81F
:10AF6000A0944AF2BC60A9F65431A9F6DC5689F8DF
:10AF7000D05158440C460D46C9F8C411C9F8C061F7
:10AF80002B680C35403203EB430306EB830342F896
:10AF9000403C55F8083C03EB430306EB830342F8BF
:10AFA0003C3C55F8043CA84203EB430306EB830307
:10AFB00042F8383CE4D1E44B4BF6D842E34D00274D
:10AFC000C9F8D4315A442B4600269F61403343F8D8
:10AFD000247C43F8207C43F81C7C43F8187C43F81D
:10AFE000147C43F8107C43F80C7C43F8087C03F88D
:10AFF000046C9A42E9D1D64A4BF6607600275E444B
:10B0000013461F600C3343F8087C43F8047C9E42CF
:10B01000F7D10023C9F8604F4AF2AC4489F86C3F7D
:10B020005C44CC4B1E680C330C3242F80C6C53F869
:10B03000086C9C4242F8086C53F8046C42F8046CAB
:10B04000F0D14BF6D8420B680C31403503EB43038B
:10B0500002EB83035B4445F8403C51F8083C03EBAA
:10B06000430302EB83035B4445F83C3C51F8043C4A
:10B07000884203EB430302EB83035B4445F8383C0F
:10B08000E1D148F28003B44C14A9B44DADF850306E
:10B090008023204609F6EC768DF8523008F034FA19
:10B0A00004F10C009FEDAE8A08F0C6F94FF00103E1
:10B0B000C9F8E44F122789F8E83FAA4BDFEDAAFA56
:10B0C000C9F8DC3FA4F69C539FEDA8FAC9F8E03F0D
:10B0D000DFEDA7EA9FEDA7EADFEDA7DA9FEDA7DA9C
:10B0E000DFEDA7CA9FEDA7CADFEDA7BA9FEDA7BA0C
:10B0F000DFEDA7AA9FEDA7AADFEDA79A9FEDA79A7C
:10B10000DFEDA78A95E80F0086E80F0005F1100132
:10B11000A42209F6FC7004F6B4760AF02FFA05F1C1
:10B120001001A42204F598700AF028FA05F1100124
:10B13000A42204F5EA700AF021FA05F11001A42214
:10B1400004F51E700AF01AFA05F1B401442204F560
:10B1500047700AF013FA05F1F801482204F5587017
:10B160000AF00CFA05F1F801482204F56A700AF0B9
:10B1700005FA05F1F801482204F57C700AF0FEF9A1
:10B1800005F1F801482204F587600AF0F7F905F1A6
:10B19000F801482204F590600AF0F0F905F1F80191
:10B1A000482204F599600AF0E9F905F1F80148220E
:10B1B00004F5A2600AF0E2F905F1F801482204F56D
:10B1C000AB600AF0DBF905F1F801482204F5B46040
:10B1D0000AF0D4F905F1F801482204F5BD600AF03F
:10B1E000CDF905F1F801482204F5C6600AF0C6F968
:10B1F00005F1F801482204F5CF600AF0BFF905F126
:10B20000F801482204F5D8600AF0B8F905F1B40154
:10B21000442204F5E1600AF0B1F905F11001A4221D
:10B2200004F24C700AF0AAF905F11001A42204F509
:10B23000FE600AF0A3F905F11001A42204F69400BF
:10B240000AF09CF904F6381205F5A07004F6941182
:10B25000039205F5B07204F6581E0191059205F5AA
:10B26000CE7204F6DC7504460292B4460695354665
:10B27000DFED4C5A9FED4C6ADC359FED4C7ADFEDEB
:10B280004C6ADFED4C2A9FED4C0A9FED4C3A9FED46
:10B290004C2A9FED4C1ADFED4C1ADFED4C0A9FED66
:10B2A0004C5ADFED4C7ADFED4C3A9FED4C4ADFED26
:10B2B0004C4A0FCC0494039C0FC404980FC884E834
:10B2C0000F00059C0FCCAEE80F000FCCAEE80F00CE
:10B2D0000FCCAEE80F0094E80700029C8EE8070050
:10B2E0000FCC0294019C0FC40194029C0FCC0294D9
:10B2F000019C0FC40194029C94E80F00019C84E817
:10B300000F00A6F2C4520CF50563C2ED005ADFED42
:10B31000355A42ED0A5ADFED345A42ED095ADFED53
:10B32000335A42ED075ADFED325A42ED065ADFED4D
:10B33000315A42ED055ADFED305A42ED045ADFED45
:10B340002F5A42ED035AAFE04C3A00206C03012023
:10B350006C0E0120B8F3002004110120683A00208F
:10B360000000000050F80020E63F9EC0BE9FB6C01F
:10B370007FD9CFC03E79C2C08A1F1441AF94C5BFE8
:10B38000A2B493C05BD3F04076E0B6C0A2B4B3C021
:10B39000849E0641ABCFD5BD2E9092C0BF0EAC406F
:10B3A00046B677C0B07220C0A7E818BF7E8CB9BD82
:10B3B00052491D3E962126411A409EC1992A384085
:10B3C00066F70DC1189503C141F10340211F74BCFC
:10B3D0006688FB3F030992BF3108ACBC8FE4C8C04C
:10B3E000DCD79D407CE19BC108AC5CC06B1ABCC142
:10B3F000C3D37FC0E3362ABFAB3E11C1AF9409C0AF
:10B4000094010120EC5126C1CCEE00C17958F03FE7
:10B41000A4DFBEC00DE0853FE6AE33C117D9BA4008
:10B42000A4DF84C01FF4ECC02E9098C0F16306C165
:10B430007424DF3F92CBF7BF6C788AC1BADA064139
:10B44000A5BDB3C0F2D2853FBDD28CC1DE93C5404D
:10B4500030BBB3C00E4F2740C898BB3F71AC7F4094
:10B46000539629C05BB13FBC6076A7BF0D7105C183
:10B47000FDF61540355EDA3F6210F8BE4BC827BFB7
:10B4800061C353BD2BF646C100005440ED0D4E4044
:10B490001973B7BE355E0BC1E2E9ED3FA7E8183F6F
:10B4A000B98DA63E4CA64EC05FED2A5A42ED015A18
:10B4B000A6F5B6625FED2C5A02F10C00C2ED005AFF
:10B4C0005FED2E5A80ED028AC2ED015A5FED305ACF
:10B4D00080ED058AC2ED065A5FED325A02ED108A00
:10B4E000C2ED075A5FED345A02ED0D8AC2ED095ADA
:10B4F0005FED1D5A02ED078A42ED035A5FED365AA1
:10B5000002ED048AC0ED005A5FED2D5A02ED028A69
:10B51000C0ED015A5FED3F5A02ED018AC0ED075AB6
:10B520005FED415A82ED028A02F58962C0ED0C5A44
:10B530005FED445A2032C0ED0F5A5FED455AC0ED21
:10B54000125A5FED465AC0ED185A5FED475AC0EDEA
:10B55000195A5FED485AC0ED1A5A5FED495AC0EDCD
:10B560001B5A5FED4A5AC0ED1C5A5FED4B5AC0EDB5
:10B570001E5A5FED4C5AC0ED1F5A5FED4D5AC0ED9B
:10B58000215A88305FED4F5A00ED1A8AC0ED005AFB
:10B590005FED515AC0ED045A5FED525AC0ED055AA5
:10B5A0005FED495A40ED195A5FED555A00ED188A82
:10B5B00040ED125A40ED0F5A5FED4F5A00ED178AD9
:10B5C00000ED158A00ED148A00ED118A00ED0E8A57
:10B5D00040ED0D5A00ED0C8A00ED0B8A1438C0EDD9
:10B5E000075A5FED625A80ED008AC0ED0B5A5FED9D
:10B5F0005C5A80ED038AC0ED0D5AC0ED105AC0EDC3
:10B60000135A80ED068A80ED088A80ED0C8A80ED61
:10B610000E8A80ED0F8A80ED118A80ED128A80ED0E
:10B62000148A80ED158A5830C0ED005A80ED018AE9
:10B6300080ED028AC0ED035A80ED048A80ED058A10
:10B64000C0ED065A80ED078A80ED088AC0ED095AE0
:10B6500080ED0A8A80ED0B8AC0ED0C5A80ED0D8AD0
:10B6600080ED0E8AC0ED0F5A403080ED008A80EDEB
:10B67000018AC0ED025A80ED038A80ED048AC0ED94
:10B68000055A80ED068A80ED078AC0ED085A80EDE4
:10B69000098A80ED0A8AC0ED0B5A80ED0C8A80ED94
:10B6A0000D8AC0ED0E5A80ED0F8A403080ED008A81
:10B6B000C0ED015A80ED028A80ED038AC0ED045A84
:10B6C00080ED058A80ED068AC0ED075A80ED088A74
:10B6D00080ED098AC0ED0A5A80ED0B8A80ED0C8A54
:10B6E000C0ED0D5A80ED0E8A80ED0F8A4030C0ED1E
:10B6F000005AC0ED035AC0ED065A5FEDA75A80ED1F
:10B70000018AC0ED155A5FEDA95A80ED028AC0ED9D
:10B71000165A5FEDAB5A80ED048AC0ED1A5A5FED00
:10B72000AD5A80ED058AC0ED1B5A5FEDAF5A80ED32
:10B73000078AC0ED1C5A5FEDB15AC0ED1E5A5FED8D
:10B74000B25AC0ED1F5A5FEDB35AC0ED255A2030F2
:10B750005FEDB55A80ED008AC0ED015AC0ED045A84
:10B76000C0ED075A80ED028A80ED038A80ED058ADC
:10B770005FEDBC5A80ED068A80ED088A80ED0A6A8A
:10B7800080ED0B8A80ED0C8A80ED0F8A80ED106AC7
:10B7900080ED118A80ED158A6030C0ED105A5FEDA2
:10B7A000C65A00F1580480ED008AC0ED115A5FEDD1
:10B7B000C95A04ED0D8AC0ED135A5FEDCB5A04ED62
:10B7C0000C6AC0ED145A5FEDCD5A04ED0B8AC4ED3E
:10B7D000005A5FEDCF5A04ED0A8AC4ED015A5FEDBD
:10B7E000D15A04ED096AC4ED035A5FEDD35A04ED52
:10B7F000088AC4ED045A5FEDD55A80ED016AC4EDA4
:10B80000095A80ED028A80ED038A80ED046A80ED9A
:10B81000068A80ED076A00ED0F8A80ED088A04ED44
:10B82000078A84ED028A84ED058A04ED048A04ED1A
:10B83000018A183484ED006A84ED018A84ED028A5D
:10B8400084ED048A84ED058A84ED066A84ED078A16
:10B8500084ED088A84ED096A84ED0A8A84ED0B8AF6
:10B8600084ED0C6A84ED0D8A84ED0E8A84ED0F6AF6
:10B8700084ED108A443484ED008A84ED016A84EDFD
:10B88000028A84ED038A84ED046A84ED058A84EDDE
:10B89000068A84ED076A84ED088A84ED098A84EDBE
:10B8A0000A6A84ED0B8A84ED0C8A84ED0D6A84EDBE
:10B8B0000E8A84ED0F8A403484ED006A84ED018A9B
:10B8C00084ED028A84ED036A84ED048A84ED058A9E
:10B8D00084ED066A84ED078A84ED088A84ED096A9E
:10B8E00084ED0A8A84ED0B8A84ED0C6A84ED0D8A5E
:10B8F00084ED0E8A84ED0F6A403484ED008A84ED75
:10B90000018A84ED026A84ED038A84ED048A84ED61
:10B91000056A84ED068A84ED078A84ED086A84ED61
:10B92000098A84ED0A8A84ED0B6A84ED0C8A84ED21
:10B930000D8A84ED0E6A84ED0F8A403484ED016A2D
:10B9400084ED046A84ED076A84ED0A6A84ED0D6A69
:10B950009FEDFD6A84ED008A84ED136A84ED028A0E
:10B9600084ED038A84ED058A84ED068A84ED088AD5
:10B9700084ED098A84ED0B8A84ED0C8A84ED0E8AAD
:10B9800050349FEDF26A04ED047A84ED006A9FED75
:10B99000F06A04ED038A84ED116A9FEDEE6A04ED0E
:10B9A000028A84ED126A9FEDEC6A84ED018A84EDCF
:10B9B000146A9FEDEA6A84ED027A84ED156A9FEDC0
:10B9C000E86A84ED038A84ED048A84ED057A84EDC7
:10B9D000068A84ED078A02ED056A9FEDE26A02EDB0
:10B9E000088A84ED087A243482ED006A9FEDDE6ACD
:10B9F00002ED078A82ED016A02ED067A02ED048A01
:10BA000002ED037A02ED028A02ED018A82ED028ADA
:10BA100082ED037A82ED048A82ED058A82ED067A50
:10BA200082ED078A84ED008A84ED018A84ED027A32
:10BA300084ED038A84ED048A84ED057A84ED068A18
:10BA400084ED078A84ED0A8A84ED0D8A84ED0E7AEE
:10BA500084ED0F8A84ED108A84ED117A04ED0E8A4C
:10BA600082ED088A82ED097A283282ED008A82ED21
:10BA7000018A82ED027A82ED038A82ED048A82EDE8
:10BA8000057A82ED068A82ED078A82ED087A82EDD8
:10BA9000098A82ED0A8A82ED0B7A82ED0C8A82EDA8
:10BAA0000D8A82ED0E7A82ED0F8A403282ED008A95
:10BAB00082ED017A82ED028A82ED038A82ED047AB8
:10BAC00082ED058A82ED068A82ED077A82ED088A88
:10BAD00082ED098A82ED0A7A82ED0B8A82ED0C8A68
:10BAE00082ED0D7A82ED0E8A82ED0F8A40329FED53
:10BAF0009F6A82ED007A82ED018A82ED028A82EDF0
:10BB0000037A82ED048A82ED058A82ED067A82ED5F
:10BB1000078A82ED088A82ED097A82ED0A8A82ED2F
:10BB20000B8A82ED0C7A82ED0D8A82ED0E8A82ED0F
:10BB30000F7A403282ED008A82ED206A82ED018A1E
:10BB400082ED027A82ED038A82ED048A82ED057A23
:10BB500082ED068A82ED078A82ED087A82ED098AF3
:10BB600082ED0A8A82ED0B7A82ED0C8A82ED0D8AD3
:10BB700082ED0E7A3C3282ED008A82ED027A82ED0D
:10BB8000057A82ED087A9FED7A7A9FED7A6A84EDE4
:10BB9000757A04F6F40486ED187A9FED777A1C34F2
:10BBA00086ED0E6A86ED1C7A9FED747A9FED746ABD
:10BBB00086ED1D7A9FED737A069986ED1E7A9FEDCC
:10BBC000727A86ED0F6A86ED227A9FED707A9FED8C
:10BBD000706A86ED237A9FED6F7A82ED018A86ED99
:10BBE000247A9FED6D7A82ED038A86ED297A9FEDA6
:10BBF0006B7A82ED048A82ED068A82ED078AC2EDB5
:10BC00000B6A82ED0C8A82ED0D8AC2ED0E6A82ED1E
:10BC10000F8A82ED108A86ED008A82ED0A8A0CF680
:10BC2000540281ED008A00F6EC1186ED0C8A18466C
:10BC300086ED176A4031C6ED0B6A86ED0D8A86EDFA
:10BC40002A7A9FED577A86ED108A86ED2F7A9FED3E
:10BC5000557AC6ED116A86ED307A9FED537A86EDFE
:10BC6000128A86ED138AC6ED146A86ED158A86ED72
:10BC7000168A86ED198AC6ED1A6A86ED1B8A86ED4C
:10BC80001F8AC6ED206A86ED218A86ED258AC6EDDB
:10BC9000266A86ED278A86ED288A85ED008A86ED5C
:10BCA0002B8AC6ED2C6A86ED2D8A86ED2E8A86EDCE
:10BCB000318AC6ED326A86ED338A86ED348AC6ED66
:10BCC000356A86ED368A06F2DC46C5ED016A85EDF9
:10BCD000028A1C3685ED038AC5ED046A85ED058A66
:10BCE00085ED068AC5ED076A85ED088A85ED098A26
:10BCF000C5ED0A6A85ED0B8A85ED0C8AC5ED0D6AE6
:10BD000085ED0E8A85ED0F8AC5ED106A85ED118AE5
:10BD100085ED128AC5ED136A85ED148A85ED158AC5
:10BD2000C5ED166A85ED178A85ED188AC5ED196A85
:10BD300085ED1A8A85ED1B8AC5ED1C6A85ED1D8A85
:10BD400085ED1E8AFEE000BFDE711FC1C7BA044048
:10BD5000DF4F45C067D5673FCAC37EC06688633F73
:10BD6000F7E4213F4CA65EC1A1F88D4071AC05C13E
:10BD700023DB19404E6207C1FDF6953E92CBA3C06E
:10BD80009C336E408D28853F9C334EC0FFB28BC0E4
:10BD900005A3CEC08B6C97407E1D9840D578C1BF5F
:10BDA000F2B0983F917E7B3EA392BABD8126C23C01
:10BDB000AAF152BDC520B0BDB8AF833D6132D5BD3B
:10BDC00073D712BE9EEF273D925CFEBD371A403DF1
:10BDD000FAED6B3A6154D2BDFCA9713D4E6290BD43
:10BDE0008A8EE4BD9318843D787A25BC6EA301BE8B
:10BDF000AC8BDB3C9FAB2D3DB3EAF3BD8C4AEABD77
:10BE000099BB163D70CE88BCA913503D04560EBE9A
:10BE100017B751BB07F096BDBBB88DBC4CA68A3D89
:10BE200052491D3C77BE9F3DFF21FDBC871659BD81
:10BE3000A8574ABDBC0592BDA4DFBEBC82E247BC88
:10BE4000D4DA5E42FD07B2C168916D3C5828F5C155
:10BE5000E4546542FD87743D0378B9C11E96F6C16E
:10BE600076CF4442EBE2B6BDD50941C1515ADFC19C
:10BE70009C843B424FAF943D21B05DC1788BDEC1C5
:10BE8000C62D30424260653C6D56ABC08CCACAC1FB
:10BE9000D7231B420091F4C03934CCC1446902C19C
:10BEA0009EEFE1C07958C8BF789C22C0E6AECDBFF6
:10BEB000888576C0840DE1C0CE19A140EFC9A3BE2C
:10BEC000F931DAC0F8C25441FD8794BF6F813FC198
:10BED0007CF27A41A245563FE8D945C15396934139
:10BEE0006B9AB5C0219F98C177ADDE4153054BC019
:10BEF0007C6198C1C65CD3414CA60DC1B89EB6C149
:10BF0000DDB50042EB730AC10601B3C15F980CC0F6
:10BF1000705FA3C001DE0842211F143FE6AE55C08A
:10BF2000575B75C03277B8C1704E23421E27BBC124
:10BF3000BC9678C05D6D753FDC68B6C0BE309FC0F2
:10BF40009CC490BFC5ED1F6A85ED208A85ED218ACE
:10BF5000C5ED226A85ED238A85ED467A1FED6D7A5F
:10BF60001FED6D6A85ED497A1FED6E7A85ED248AA5
:10BF700085ED4C7A1FED707AC5ED256A85ED4F7A17
:10BF80001FED727A85ED268A85ED527A1FED747A5F
:10BF900085ED278AC5ED286A85ED298A85ED2A8AEF
:10BFA000C5ED2B6A85ED2C8A85ED2D8AC5ED2E6AAF
:10BFB00085ED2F8A85ED308AC5ED316A85ED328AAF
:10BFC00085ED338AC5ED346A85ED358A85ED557A80
:10BFD00085ED368AC5ED376A85ED388A85ED398A73
:10BFE000C5ED3A6A85ED3B8A85ED3C8AC5ED3D6A33
:10BFF00085ED3E8A85ED4B6A1FED8E6AC5ED406A80
:10C0000085ED586A1FED906AC5ED436A85ED5B6A60
:10C010001FED926A5FED926A85ED5E6A1FED936A8D
:10C02000C5ED4A6A85ED616A1FED956A5FED956A17
:10C0300085ED646A1FED966AC5ED516A85ED676A04
:10C040001FED986A1FED987A85ED6A6A1FED996A6F
:10C050005FED995A85ED6D6A1FED9A6A5FED9A6AF8
:10C0600085ED706A1FED9B6A85ED477A85ED736AF1
:10C070001FED9D6AC5ED505AC5ED546A85ED766A8F
:10C080001FEDA07A1FEDA06A5FEDA05A5FEDA06AD8
:10C0900085ED3F8A85ED418A85ED428A85ED448AAA
:10C0A00085ED458A85ED488A85ED4D8A85ED4E8A78
:10C0B00085ED537A85ED568A85ED576A85ED598A67
:10C0C000C5ED5A5AC5ED5C6A5FEDAE6A1FEDAE6A0A
:10C0D000C5ED606A5FEDAF5A5FEDAF6A85ED626AEC
:10C0E000C5ED635AC5ED656A1FEDB26A5FEDB26AD0
:10C0F0005FEDB25AC5ED686A85ED696AC5ED6C5AA7
:10C100005FEDB56A1FEDB56A5FEDB55AC5ED6E6AB4
:10C1100085ED726AC5ED745A5FEDB86A1FEDB86AB5
:10C120005FEDB85AC5ED716A85ED786AC5ED795A4B
:10C130005FEDBB6A1FEDBB6A5FEDBB5AC5ED776A69
:10C1400085ED7A6AC5ED7B5A1FEDBE7A5FEDBE6A5A
:10C150001FEDBE6A5FEDBE5A85ED5D7AC5ED7C6A66
:10C1600085ED7D6AC5ED7E5A1FEDC27A5FEDC26A2C
:10C170001FEDC26A5FEDC25A85ED667AC5ED7F6A32
:10C1800085ED806AC5ED815A1FEDC67A5FEDC66AFE
:10C190001FEDC66A5FEDC65A85ED6F7AC5ED826AFE
:10C1A00085ED836AC5ED845A1FEDCA7A5FEDCA6AD0
:10C1B0001FEDCA6A5FEDCA5A85ED5F8A85ED6B8A0D
:10C1C00085ED757AC5ED856A85ED866A5FEDCF6A86
:10C1D000C5ED875A1FEDD06A5FEDD05AC5ED886A6C
:10C1E00085ED896AC5ED8A5A5FEDD36A1FEDD36A82
:10C1F0005FEDD35AC5ED8B6A85ED8D6AC5ED8E5A1C
:10C200005FEDD66A1FEDD66A5FEDD65AC5ED906A2E
:10C2100085ED916AC5ED925A5FEDD96A1FEDD96A35
:10C220005FEDD95AC5ED936A85ED946AC5ED955ACF
:10C230005FEDDC6A1FEDDC6A5FEDDC5AC5ED966AE6
:10C2400085ED976AC5ED985A5FEDDF6A1FEDDF6AED
:10C250005FEDDF5AC5ED996A85ED9A6AC5ED9B5A87
:10C260005FEDE26A1FEDE26A5FEDE25AC5ED9C6A9E
:10C2700085ED9D6AC5ED9E5A5FEDE56A1FEDE56AA5
:10C280005FEDE55AC5ED9F6A85EDA06AC5EDA15A3F
:10C290005FEDE86A1FEDE86A5FEDE85AC5EDA26A56
:10C2A00085EDA36AC5EDA45A5FEDEB6A1FEDEB6A5D
:10C2B0005FEDEB5A1FEDEB7A85ED8C8A85ED8F8A69
:10C2C000C5EDA56A85EDA66AC5EDA75A85EDAC7AE0
:10C2D0001FEDF17A5FEDF16A85EDBF7A1FEDF27A1D
:10C2E0001FEDF26A85EDC47A1FEDF37AC5EDA86AF9
:10C2F00085EDA96A85EDC67A5FEDF65A5FEDF66ABF
:10C300001FEDF66A1FEDF67AC5EDAA5AC5EDAB6AC8
:10C310005FEDF85A5FEDF86A85EDAD6A85EDC77A95
:10C320001FEDFA6A1FEDFA7AC5EDAE2AC5EDAFFA38
:10C3300085EDB0FAC5EDB12AC5EDB2EA85EDB3EAF7
:10C34000C5EDB4DA85EDB5DAC5EDB6CA85EDB7CA87
:10C35000C5EDB8BA85EDB9BAC5EDBAAA85EDBBAAE7
:10C36000C5EDBC9A85EDBD9AC5EDBE8AC5EDC06A26
:10C3700085EDC16A85EDC28AC5EDC35A85EDC58AD2
:10C3800085EDC87A9FEDFD7A85EDC97A9FEDFC7A3F
:10C3900085EDCA7A9FEDFB7A85EDCB7A9FEDFA7A2F
:10C3A00085EDCC7A9FEDF97A85EDCD7A9FEDF87A1F
:10C3B00085EDCE7A9FEDF77A85EDCF7A9FEDF67A0F
:10C3C00085EDD07A9FEDF57A85EDD17A9FEDF47AFF
:10C3D00085EDD27A9FEDF37A85EDD37A9FEDF27AEF
:10C3E00085EDD47A9FEDF17A85EDD57A9FEDF07ADF
:10C3F00085EDD67A9FEDEF7A85EDD77A9FEDEE7ACF
:10C4000085EDD87A05F58C659FEDEC7A05ED3F7AE0
:10C410009FEDEB7A05ED3E7A9FEDEA7A05ED347AF1
:10C420009FEDE97A05ED337A9FEDE87A05ED327AF2
:10C430009FEDE77A05ED317A9FEDE67A05ED307AEA
:10C440009FEDE57A05ED2F7A9FEDE47A05ED2E7AE2
:10C450009FEDE37A05ED2D7A9FEDE27A05ED2C7ADA
:10C460009FEDE17A05ED2B7A9FEDE07A05ED2A7AD2
:10C470009FEDDF7A05ED297A9FEDDE7A05ED287ACA
:10C480009FEDDD7A05ED277A9FEDDC7A05ED267AC2
:10C490009FEDDB7A05ED368A05ED257A9FEDD97A99
:10C4A00005ED208A05ED247A9FEDD77A05ED1D8AEA
:10C4B00005ED237A9FEDD57A05ED227A9FEDD47AAA
:10C4C00005ED217A9FEDD37A05ED1F7A9FEDD27AA3
:10C4D00005ED1E7A9FEDD17A05ED3D7A9FEDD07A7C
:10C4E00005ED3C7A9FEDCF7A05ED3B7A9FEDCE7A54
:10C4F00005ED3A7A9FEDCD7A05ED397A9FEDCC7A4C
:10C5000005ED387A9FEDCB7A05ED377A9FEDCA7A43
:10C5100005ED357A9FEDC97A06ED077A9FEDC87A69
:10C5200006ED067A9FEDC77A06ED057A9FEDC67A8D
:10C5300006ED047A9FEDC57A06ED037A9FEDC47A85
:10C5400006ED027A9FEDC37A06ED017A9FEDC27A7D
:10C5500086ED007A9FEDC17A86ED017A9FEDC07A73
:10C5600086ED027A9FEDBF7A86ED037A9FEDBE7A63
:10C5700086ED047A9FEDBD7A86ED057A9FEDBC7A53
:10C5800086ED067A9FEDBB7A86ED077A9FEDBA7A43
:10C5900086ED087A9FEDB97A86ED097A9FEDB87A33
:10C5A00086ED0A7A9FEDB77A86ED0B7A9FEDB67A23
:10C5B00086ED0C7A9FEDB57A86ED0D7A9FEDB47A13
:10C5C00086ED0E7A9FEDB37A86ED0F7A40369FEDB9
:10C5D000B27A86ED05FA86ED007A9FEDB07AC6ED67
:10C5E000062A86ED027A9FEDAE7AC6ED07EA05EDE2
:10C5F0001C7A9FEDAC7A86ED08EA05ED1B7A9FED7B
:10C60000AA7AC6ED09DA05ED1A7A9FEDA87A86EDC9
:10C610000ADA05ED197A9FEDA67AC6ED0BCA86ED0A
:10C620000CCAC6ED0DBA86ED0EBAC6ED0FAA86EDA0
:10C6300010AAC6ED119A86ED129A4C3685ED007A55
:10C640009FED9C7AC6ED008AC5ED03FAC5ED022A7E
:10C6500005F5A36586ED017AC6ED026ADFED986AFD
:10C6600086ED036AC6ED066ADFED966A86ED048AFA
:10C67000C6ED086ADFED946AC6ED055AC6ED096A93
:10C68000DFED936A86ED078AC6ED0A6ADFED3B6A45
:10C69000C6ED0B6ADFED3A6AC6ED0C6ADFED396A6A
:10C6A000C6ED0D6ADFED386AC6ED0E6ADFED376A5A
:10C6B000C6ED0F6A4036DFED366AC6ED006ADFED83
:10C6C000356AC6ED016ADFED346AC6ED026ADFED58
:10C6D000336AC6ED036ADFED326AC6ED046ADFED48
:10C6E000316AC6ED056ADFED306AC6ED066ADFED38
:10C6F0002F6AC6ED076ADFED2E6AC6ED086ADFED28
:10C700002D6AC6ED096ADFED2C6AC6ED0A6ADFED17
:10C710002B6AC6ED0B6ADFED2A6AC6ED0C6ADFED07
:10C720003F6AC6ED0D6ADFED3E6AC6ED0E6ADFEDCB
:10C730003D6AC6ED0F6A4036DFED3B6AC6ED006A22
:10C74000DFED3A6AC6ED016ADFED396AC6ED026ACD
:10C7500001ED0B6A9FED5A6ADFED366A01ED086A5A
:10C760009FED586AC6ED036A01ED066A9FED566AB1
:10C77000DFED316A01ED056A30E100BF728A0240E7
:10C780005396993F228E85BFEE7C87BFBC0546C07D
:10C79000C217F6BF48BF654029CBD03F09F9B8BFE3
:10C7A000AF25743F95D483C0319976C03F351B4186
:10C7B000539631BFC66D48C0DAAC3E406A4D93C057
:10C7C00065AAA0C0D4DA5E42FD07B2C15828F5C1FF
:10C7D000E45465420378B9C11E96F6C176CF44424F
:10C7E000D50941C1515ADFC19C843B4221B05DC192
:10C7F000788BDEC1C62D30426D56ABC08CCACAC123
:10C80000D7231B420091F4C03934CCC1446902C122
:10C810009EEFE1C07958C8BF789C22C07F6ACA40A9
:10C820002B1885BFB76273C0B29D8940E9484EC0DE
:10C830007DD099C0BB27EF408D2883C0EFC9A3BE30
:10C84000F931DAC0F8C25441FD8794BF6F813FC10E
:10C850007CF27A41A245563FE8D945C153969341AF
:10C860006B9AB5C0219F98C177ADDE4153054BC08F
:10C870007C6198C1C65CD3414CA60DC1B89EB6C1BF
:10C88000DDB50042EB730AC10601B3C101DE084207
:10C89000E6AE55C03277B8C1704E23421E27BBC1E9
:10C8A000E6AECDBF888576C0840DE1C0CE19A1402B
:10C8B0005F980CC0705FA3C0DC68B6C0BE309FC07C
:10C8C000211F143F575B75C0BC9678C07DD099C0BE
:10C8D0009CC490BFBB27EF40728A02405396993F99
:10C8E000B29D8940228E85BFEE7C87BF8D2883C094
:10C8F000BC0546C0C217F6BFE9484EC048BF6540F8
:10C9000029CBD03F09F9B8BFAF25743F95D483C078
:10C91000319976C03F351B41539631BFC66D48C033
:10C92000928B5742DAAC3E406A4D93C065AAA0C0D4
:10C930007F6ACA402B1885BFA1164A42B76273C0EE
:10C94000BDE3CCC180772C4238F82FC1E414C8C1B4
:10C95000025A1F42EB62104205A3B6C0784B324226
:10C960008AB034C148E1BCC16154DEC19CA24BC055
:10C970003F5727C08C4A3AC110FAA7C1A9938541F5
:10C98000D0B3E7C1857CDEC0C21716401FF4C0C11A
:10C990004614E641A5BD3AC1FF2102C1933A5E416A
:10C9A000F5CAA3C1A7799141F47D01420E4FAF3C76
:10C9B000F08509C02B18DDBF76711B40A779473D74
:10C9C00031998DC1AE58C241B22EA6C1F1F4CEC08C
:10C9D000BADA02C0FF2135C0C97680401FED446A33
:10C9E00086ED048A01ED046A1FED456AC6ED056A0D
:10C9F00001ED036A1FED476AC6ED07FA01ED026A11
:10CA000086ED08FAC6ED092AC6ED0AEA86ED0BEABC
:10CA1000C6ED0CDA86ED0DDAC6ED0ECA86ED0FCA4C
:10CA2000C6ED10BA44365FED5C6A1FED526A41ED07
:10CA3000109A01ED0F9A41ED0E8A01ED0D7A41ED4C
:10CA40000C6A01ED0A8A41ED095A01ED078A86ED6B
:10CA500000BAC6ED01AA86ED02AA46ED0B2A01ED49
:10CA6000016A1FED5F6A81ED006A1FED5F6A81ED6B
:10CA7000016A1FED606A81ED026A1FED606A81ED57
:10CA8000036A1FED616A81ED046A1FED626A81ED40
:10CA9000056A1FED636A81ED066A1FED646A81ED28
:10CAA000076A1FED656A81ED086A1FED666A81ED10
:10CAB000096A1FED676A81ED0A6A1FED686A81EDF8
:10CAC0000B6A1FED686A81ED0C6A1FED696A81EDE2
:10CAD0000D6A1FED6A6A81ED0E6A1FED6B6A81EDCA
:10CAE0000F6A40311FED6D6AC1ED09FA81ED006AF0
:10CAF0001FED6E6A81ED0AFA81ED016AC1ED0CEA63
:10CB000081ED0DEAC1ED0EDA81ED0FDAC1ED10CA4B
:10CB100081ED11CAC1ED12BA81ED13BAC1ED14AAAB
:10CB200081ED15AAC1ED169A81ED179A60311FEDBE
:10CB30009D6AC1ED008A81ED036A1FED9F6A04EDD5
:10CB4000078A81ED066A1FEDA16A04ED048A81ED72
:10CB5000086A1FEDA36A5FEDA38A81ED096A1FEDE4
:10CB6000A46A1FEDA49A04ED016A1FEDA56A81ED88
:10CB7000017A84ED006A1FEDA76A1FEDA77A84EDA4
:10CB8000016A1FEDA86AC1ED026A84ED026A1FED19
:10CB9000AA6A5FEDAA6A84ED036A1FEDAB6AC1ED74
:10CBA000055A84ED046A1FEDAD6A5FEDAD5A84ED60
:10CBB000056A1FEDAE6A01ED167A84ED066A1FED77
:10CBC000B06A41ED155A84ED076A1FEDB26A41ED76
:10CBD000148A84ED086A1FEDB46A01ED139A84ED9E
:10CBE000096A1FEDB66A01ED128A84ED0A6A1FED2B
:10CBF000B86A41ED116A84ED0B6A1FEDBA6A41ED26
:10CC00000D2A84ED0C6A1FEDBC6A41ED102A0CF66A
:10CC1000580184ED0D6A1FEDBF6A5FEDBF2A84EDF8
:10CC20000E6A1FEDC06A5FEDA9BA84ED0F6A403449
:10CC30001FEDC36AC4ED078A84ED006A1FEDC56A63
:10CC400084ED089A84ED016A1FEDC76AC4ED0E2ACF
:10CC500084ED026A1FEDC96A5FEDC98A84ED036A3B
:10CC60001FEDCA6A1FEDBA9A84ED046AB0EE626ADB
:10CC70001FEDBACA5FEDC02A86ED669AC6ED6EBAA0
:10CC800086ED6FCA1FEDD29A5FEDD29A1FEDD2AA40
:10CC90005FEDD2AA1FEDD2BA5FEDD2BA1FEDD2CAB4
:10CCA000C4ED0F2AC4ED0B8A5FEDD42A5FEDD48A60
:10CCB000C6ED672AC6ED688A86ED699AC6ED6A9A5E
:10CCC00086ED6BAAC6ED6CAA86ED6DBAC6ED70BA9C
:10CCD00086ED71CA06F5E476C4ED065A5FEDDFCA4B
:10CCE0005FEDDF5A1FEDDFDA5FEDDFDA1FEDDFFA10
:10CCF000C4ED0D5AC6ED00CA86ED01DAC6ED02DAC2
:10CD000084ED057AC4ED0A6A84ED098A84ED0C0A83
:10CD100086ED038A81ED00FA0CF65C011FEDEAFA5C
:10CD20005FEDEAFA83ED19FA1FEDEBFAC6ED0DFAA5
:10CD300083ED1AFA1FEDEDFA5FEDEDFA83ED22FABD
:10CD40001FEDEEFAC6ED0EFA83ED23FA1FEDF0FAB1
:10CD50005FEDF0FA83ED0CFA1FEDF1FAC6ED0FFA74
:10CD600083ED0DFA5FEDF3FA1FEDF3FA1FEE90EA93
:10CD70005FEDF4FA83ED0EFA1FEDF5FA5FEDF56A5B
:10CD8000C1ED00FA0CF5066183ED0FFA5FEDF8FADC
:10CD90001FEDF8FAC2ED006A1A46C1ED00FA0CF672
:10CDA000640183ED186A83ED10FA1FEDFDEA5FED73
:10CDB000FDEA5FEDFDFA1FEDFD6A1FEDFDFA1FEDC7
:10CDC000FD7A5FEDFDCA1FEDFDDA5FEDFDDA42F899
:10CDD00028EB16EE10EA86ED07EA9FEDFD6A9FED5F
:10CDE000FDEAC6ED08EAC1ED00FADFEDFBEADFED92
:10CDF000FBFA83ED11FA9FEDFAFA40F824EF00F503
:10CE0000BC61C6ED04CA86ED05DA0C4686ED068ADD
:10CE100086ED097AC6ED0ADA86ED0BEAC6ED0CEA74
:10CE20001E46C2ED00FA0CF6680283ED0B6A83ED34
:10CE300012FAC3ED1B2A9FEDEBFADFEDEB2A83ED2F
:10CE400013FA12EE90EA9FEDE9FADFEDE92A83ED9D
:10CE500014FAC2ED002A0CF66C029FEDE6FA46F8D1
:10CE600054EF03F28C4E82ED00FA0CF507629FED51
:10CE7000E2FA83ED160A82ED00FA9FEDE0FAC3EDC7
:10CE8000175A83ED26FA9FEDDEFAC3ED1C8A83ED77
:10CE900027FA9FEDDCFA83ED1D9A83ED28FA9FEDCA
:10CEA000DAFAC3ED1E9A83ED2DFA9FEDD8FA83EDE1
:10CEB0001FAA83ED2EFA9FEDD6FAC3ED20AA83EDCB
:10CEC00033FA9FEDD4FA83ED21BA83ED34FA9FED66
:10CED000D2FAC3ED24BA83ED35FA9FEDD0FA83ED93
:10CEE00025CA83ED39FA9FEDCEFA019603F2645616
:10CEF00083ED3AFA9FEDCBFA83ED3BFA9FEDBDFA55
:10CF000083ED3DFA9FEDC8FA83ED3FFA9FEDC7FA36
:10CF100083ED42FA9FEDC6FA83ED45FAC3ED3C2A54
:10CF2000DFEDB52A9FEDC3FAC3ED3E2ADFEDC22A3D
:10CF300083ED36FAC3ED432ADFEDC02A9FEDC0FA38
:10CF4000C3ED442ADFEDBF2AC3ED549AC3ED462A50
:10CF5000DFEDBD2ADFEDBD9AC3ED472ADFEDA12A43
:10CF600083ED298AC3ED492ADFEDA02AC3ED2ACA41
:10CF7000C3ED4A2ADFED9C2A83ED2BDAC2ED432A6A
:10CF8000DFEDB32A83ED2C8AC3ED4E2ADFEDB12A03
:10CF900083ED2F7AC3ED4F2ADFEDAF2AC3ED30DAF0
:10CFA000C3ED502ADFEDAD2A83ED31EAC3ED32EA5D
:10CFB000C3ED376A83ED38FAC3ED40FA83ED416A79
:10CFC000C3ED4D5AC3ED512AC3ED528A83ED539AF6
:10CFD00083ED55AAC3ED56AA9FED969A83ED57BAF5
:10CFE000C3ED589ADFED9E9A83ED6C9AC3ED5D9A7E
:10CFF0009FED9C9ADFED9C9ADFED7D8AC3ED5E9AF2
:10D0000083ED6F9AC3ED728ADFED989ADFED98AAEF
:10D010009FED989ADFED788AC3ED639AC3ED69AA14
:10D0200083ED709AC3ED748ADFED939ADFED93AAD6
:10D030009FED939ADFED938ADFED695A9FED92AAF7
:10D04000C3ED649AC3ED6AAADFED909A83ED719AFD
:10D05000C3ED758ADFED8EAA9FED8E9ADFED8E8A85
:10D06000C3ED5ABA83ED5BCAC3ED60CA83ED61DAE2
:10D07000C3ED66DA83ED67EAC3ED485A83ED4C0AE7
:10D08000C3ED599A83ED5CAA83ED5F8A83ED628AD2
:10D0900083ED657AC3ED68EAC3ED6BAA83ED6EFAA2
:10D0A00083ED739AC3ED76FA83ED776AC3ED788AE0
:10D0B000DFED7A8ADFED602AC3ED7B8ADFED788AC7
:10D0C000C3ED792AC3ED898ADFED768ADFED5B2A2D
:10D0D000C3ED8A8ADFED748AC3ED7A2AC3ED8B8AA9
:10D0E000DFED728ADFED572AC3ED8D8ADFED708A9E
:10D0F000C3ED7C2AC3ED8E8ADFED6E2ADFED6E8AEA
:10D10000C3ED7D2AC3ED908ADFED6C2ADFED6C8ADA
:10D11000C3ED802AC3ED918ADFED6A2ADFED6A8ACA
:10D12000C3ED842AC3ED938ADFED682ADFED688AB8
:10D13000C3ED852AC3ED948ADFED662ADFED668AAA
:10D14000C3ED862AC3ED968ADFED642ADFED648A9B
:10D15000C3ED872AC3ED978A9FED626ADFED622AED
:10D16000DFED628A83ED7F6AC3ED882A9FED606AF6
:10D17000DFED602AC3ED998ADFED5F8AC3ED7E5A49
:10D18000C3ED6D6A85ED006A0D4683ED820AC3ED3D
:10D19000832AC3ED8F9A83ED92AAC3ED9A8ADFEDBD
:10D1A000578ADFED579AC3ED9C8ADFED568AC3EDAF
:10D1B000AA9AC3ED9D8ADFED548ADFED549AC3ED40
:10D1C0009F8ADFED538AC3EDAB9AC3EDA08A75E168
:10D1D0006C89A2C103786BBF3480C9C0B5A6D1C029
:10D1E000F55B14422A3A76C0A1164A42EE5AB1C102
:10D1F00042E0B741992A5CC086DA8BC148E1BCC1E4
:10D200009CA24BC03F5727C076711B40A779473D72
:10D21000A9938541C2171640A5BD3AC1A77991418E
:10D22000F08509C031998DC1AE58C2414614E6411E
:10D23000F47D0142933A5E41FF2102C1F5CAA3C1C8
:10D240008C4A3AC12B18DDBFB22EA6C19FABA9C034
:10D25000B1905042EE7C9FC1DC46DEC1784B324239
:10D26000849EA9C0D6C58F41A85792C052B89E3E91
:10D27000FB3A5D41136167C05474F4BF8BFDC53E3A
:10D28000743589C1DE71C7414BC8B7C1A178B8C137
:10D29000F31F30C1B7D134C0841EE84119440042A5
:10D2A000BEC1B1C11AC02042006F5EC1973F1E428D
:10D2B000C7BA7CC0083DA5C19FAB0442F2C1AAC158
:10D2C000B4C809C165D94442E6AE26C152B8B6C158
:10D2D0003D0A14C160E5CCC11CEB8640579B25423A
:10D2E0001AC027405F980CC0DB8A11C138F872C0A1
:10D2F000B12126428A9FB6C1D8F0B4C0AF252141E2
:10D3000098EE81C143ADB94005341C414703B0419B
:10D310000BB546C066662DC18C4A17C1BBA7A1419B
:10D32000AD7AA3C1006FFD40C0ECE941B00311C16B
:10D33000C06C8FC15A647741FBDCF241ACADF0C0E8
:10D340009C3394C03B7092C179E9AAC1652AAE4171
:10D3500085EB05C0A9A410424BD9CFC1228E85C050
:10D3600039B4B3C16B1AA5C17279C2C18A1F144204
:10D37000A4707540F697C5C0C52014400BB593C185
:10D38000575B75C15BD3F0418D9778C1A4DFB6C1FF
:10D390006DC590C0B89E0642448B024158A8D5BEC8
:10D3A00081959940C58F92C1EE7C87C0BF0EAC417C
:10D3B000530546C146B677C1F016F6C0D95FA3C182
:10D3C000B1BF6541A768B6C1FBCBD04027319FC133
:10D3D00066F7B8C0591785C0206373C152277440DF
:10D3E0007E9D8941E9484EC1C3D383C1B1D099C163
:10D3F0008727EF419A9976C18D2883C173D79ABF49
:10D400001B9E6E417D3FF1C04703F8BEAF9431C013
:10D4100085EB813FBC052AC12F6E48C16A4D8BBF89
:10D420001EA7C6C071AC3E41810419C08A1FD33FFC
:10D430006A4D93C1BA6B11C17CF2BCC030AAA0C1C5
:10D4400059172F409EEFE9C0B36ACA417DAEDE3F57
:10D450005396A540787A25BC0DE031C1AAF152BDA2
:10D460000B4615BFAC8BDB3CDA1BC6400DE034C16C
:10D4700058A81DC13F571FC0EC5140C016FB11C139
:10D48000A089F8C0AF25643D5B4286BFCE88EABF65
:10D49000386792C08E75A7C088F4FB3F8FC295BFD6
:10D4A0004B59C6BF24970340EFC900C138F8A0C04C
:10D4B00009F9703F925CA63FE2E9B5BE5FED6B8A69
:10D4C0005FED6B9AC3EDA18A5FED6C8AC3EDAC9AF8
:10D4D000C3EDA28A5FED6E9A5FED6E8AC3EDAD9AE1
:10D4E000C3EDA38A5FED709A5FED708AC3EDAE9ACB
:10D4F000C3EDA48A5FED729A5FED728AC3EDB09AB4
:10D50000C3EDA58A5FED749A5FED748AC3EDB19A9D
:10D51000C3EDA68A5FED769A5FED768AC3EDB29A87
:10D52000C3EDA78A5FED789A5FED788AC3EDB39A71
:10D53000C3EDA88AC3EDB92A5FED7B8A5FED7B9AC4
:10D540005FED7B2A1FED7B9AC3EDA98AC3EDB49AE8
:10D550005FED7D8AC3EDBB2A5FED7E9A5FED7E2A8B
:10D5600083ED9B7AC3ED8C8A83ED958A83ED988A4F
:10D5700083ED9E9AC3EDB69A83EDB80AC3EDBC2A3B
:10D580005FED862A1FED860AC3EDBD2A5FED872A6F
:10D5900083EDCC0AC3EDBE2A1FED890A5FED892A0F
:10D5A00083EDCD0AC3EDBF2A1FED8B0A5FED8B2AF9
:10D5B00083EDCF0AC3EDC02A1FED8D0A5FED8D2AE2
:10D5C00083EDD00AC3EDC12A1FED8F0A5FED8F2ACC
:10D5D00083EDD10AC3EDC32A1FED910A5FED912AB5
:10D5E00083EDD20AC3EDC42A1FED930A5FED932A9F
:10D5F00083EDD30AC3EDC52A1FED950A5FED952A89
:10D6000083EDD50AC3EDC62A1FED970A5FED972A71
:10D6100083EDD60AC3EDC72A1FED990A5FED992A5B
:10D6200083EDD70AC3EDC82A1FED9B0A5FED9B2A45
:10D6300083EDD80AC3EDC92A1FED9D0A5FED9D2A2F
:10D6400083EDD90AC3EDCA2A1FED9F0A5FED9F2A19
:10D65000C3EDC28AC3EDAF2A83EDB58A82EDAF6A0E
:10D6600083EDBA6A83EDCB8A83EDD49A83EDDA0A2F
:10D67000C3EDE52A5FEDA82A1FEDA80AC3EDE62A4F
:10D680005FEDA92A83EDDB0AC3EDE72A5FEDAB2A44
:10D690001FEDAB0AC3EDE82A5FEDAC2A83EDDC0A8F
:10D6A000C3EDE92A5FEDAE2A1FEDAE0AC3EDEA2A0B
:10D6B0005FEDAF2A83EDDD0AC3EDEC2A5FEDB12A01
:10D6C0001FEDB10AC2EDE52A03F580625FEDB32AD2
:10D6D00083EDDE0AC3EDEE2A5FEDB52A1FEDB50A34
:10D6E000C3EDEF2A5FEDB62A83EDDF0AC3EDF02A22
:10D6F0005FEDB82A1FEDB80AC3EDF12A5FEDB92A34
:10D7000083EDE00AC3EDF22A5FEDBB2A1FEDBB0AF1
:10D71000C3EDF32A5FEDBC2A83EDE10AC3EDF42AE1
:10D720005FEDBE2A1FEDBE0AC3EDF52A5FEDBF2AED
:10D7300083EDE20AC3EDF62A5FEDC12A1FEDC10AAF
:10D74000C3EDF72A5FEDC22A83EDE30AC3EDF82AA1
:10D750005FEDC42A1FEDC40AC3EDF92A5FEDC52AA7
:10D7600083EDE40A83EDCE8A83EDEB8AC3EDFA2ADA
:10D770005FEDC92A1FEDC97AC3EDFB2A5FEDCA2A06
:10D780001FEDCA6AC3EDFC2A5FEDCB2A5FEDCB5AD1
:10D79000C3EDFD2A5FEDCC2AC3EDFE2A5FEDCD2A55
:10D7A000C3EDFF2A5FEDCE2AC2ED002A03F2044248
:10D7B0005FEDD02A82ED008A03F58162C2ED002A76
:10D7C00003F20C425FEDD42AC2ED002A03F5826217
:10D7D0005FEDD62A82ED008A03F21442C2ED002AE0
:10D7E00003F583625FEDDA2AC2ED002A03F21C42E0
:10D7F0005FEDDC2AC2ED002A03F584625FEDDE2ACC
:10D80000C2ED002A03F224425FEDE02AC2ED002AB5
:10D8100003F585625FEDE22A82ED008A03F22C4275
:10D82000C2ED002A03F586625FEDE62AC2ED002A0A
:10D8300003F234425FEDE82AC2ED002A03F5876265
:10D840005FEDEA2ACEED002A5FEDEB2AC2ED002A59
:10D8500003F23C425FEDED2A82ED008A03F5886217
:10D86000C2ED002A03F244425FEDF12AC2ED002A24
:10D8700003F589625FEDF32AC2ED002A03F24C4200
:10D880005FEDF52AC2ED002A03F58A625FEDF72A03
:10D89000C2ED002A03F254425FEDF92A82ED008ABC
:10D8A00003F58B62C2ED002A03F25C42DFEDFD2A34
:10D8B000C2ED002A03F58C62DFEDFB2AC2ED002ADF
:10D8C00003F26442DFEDF92AC2ED002A03F58D620E
:10D8D000DFEDF72AC2ED002A03F26C42DFEDF52AF4
:10D8E00082ED008A03F58E62C2ED002A03F27442D3
:10D8F000DFEDF12AC2ED002A03F58F62DFEDEF2A9A
:10D90000C2ED002A03F27C42DFEDED2AC2ED002ACF
:10D9100003F59062DFEDEB2AC2ED002A03F28442A8
:10D92000DFEDE92AC2ED002A03F59162DFEDE72A77
:10D93000C2ED002A03F59262DFEDE52AC2ED002A6E
:10D9400003F29442DFEDE32AC2ED002A03F593626D
:10D95000DFEDE12A82ED008A03F29C42C2ED002A4B
:10D9600003F59462DFEDDD2AC2ED002A03F2A44242
:10D97000DFEDDB2A82ED003A03F59562C2ED002A65
:10D9800003F2AC42DFEDD72AC2ED002A03F596621E
:10D99000DFEDD52A82ED002A03F2B442C2ED002A5F
:10D9A00003F59762DFEDD12AC2ED002A03F2BC42F3
:10D9B000DFEDCF2A82ED003A03F59862C2ED002A2E
:10D9C00003F2C442DFEDCB2AC2ED002A03F59962CF
:10D9D000DFEDC92AC2ED002A03F2CC42DFEDC72AEF
:10D9E000C2ED002A03F59A62DFEDC52AC2ED002AD6
:10D9F00003F2D44282ED002A03F59B6282ED001A05
:10DA000003F2DC4282ED008A03F59C6282ED003A6B
:10DA100003F2E442C2ED001A03F59D6282ED008A32
:10DA200003F2EC4282ED002A03F59E6282ED001AB9
:10DA300003F2F44286ED008AC2ED000A03F59F620C
:10DA400082ED003A03F2FC42C2ED001A03F5A06237
:10DA500082ED008A03F2045282ED002A03F5A162EE
:10DA600082ED001A03F20C52C2ED000A03F5A26225
:10DA700082ED003A03F21452C2ED001A03F5A362DC
:10DA800082ED008A03F21C5282ED002A03F5A462A3
:10DA900082ED001A03F22452C2ED000A03F5A562DA
:10DAA00082ED003A03F22C52C2ED001A03F5A66291
:10DAB00082ED008A03F2345282ED002A03F5A76258
:10DAC00082ED001A03F23C52C2ED000A03F5A8628F
:10DAD00082ED003A03F24452C2ED001A03F5A96246
:10DAE00082ED008A03F24C5282ED002A03F5AA620D
:10DAF00082ED001A03F25452C2ED000A03F5AB6244
:10DB000082ED003A03F25C529FED7E3AC2ED001ABC
:10DB100003F5AC6282ED008A03F5AD6282ED003A56
:10DB200003F26C529FED783A82ED003A03F5AE6253
:10DB30009FED763A82ED008A03F2745282ED003A4C
:10DB400003F5AF629FED723A81ED0C5A82ED003A17
:10DB500003F27C529FED6F3A81ED0D8A82ED003A1F
:10DB600003F5B0629FED6C3A81ED0B8A82ED003ACD
:10DB700003F284529FED693A82ED003A03F5B162F7
:10DB80009FED673A82ED008A03F28C5282ED003AF3
:10DB900003F5B2629FED633A82ED003A03F29452CC
:10DBA0009FED613A82ED003A03F5B3629FED5F3A73
:10DBB00082ED003A03F29C529FED5D3A82ED003A0D
:10DBC00003F5B4629FED5B3A82ED003A03F2A45292
:10DBD0009FED593A82ED003A03F5B5629FED573A51
:10DBE00082ED008A03F2AC5282ED003A03F5B66290
:10DBF0009FED533A82ED003A03F2B4529FED513A51
:10DC000082ED008A03F5B76282ED003A03F2BC525E
:10DC10009FED4D3A82ED003A03F5B8629FED4B3A25
:10DC200082ED003A01F522729FED493A13EE10CAD7
:10DC30009FED483A81ED0A3A9FED473A44F820CFEC
:10DC400081ED0E3A9FED453A81ED0F3A9FED443A52
:10DC500013EE10CA9FED433A45F824CB01F12C0C8A
:10DC600085ED003A03F2C4559FED3F3A85ED003A49
:10DC700003F5B9659FED3D3A85ED003A03F2CC55C9
:10DC80009FED3B3A85ED008A03F5BA6585ED003AD4
:10DC900003F2D4559FED373A85ED003A03F5BB65A5
:10DCA000EEE000BF249702C1607657C0CB10B73FAB
:10DCB000F241E7BF3F35C63F295C21C10F9C033FBE
:10DCC0008BFDE740E2E9D3C0D71232402C65A1407A
:10DCD000BDE366C1B37BB2BFBF8EB1C11B2F8BC08A
:10DCE0008863C1C07A36DBBF4F2F8EC1711B01C064
:10DCF000E02D10BCBA498C3E73D723C1CA3246C14D
:10DD000095D491BF17B711C1ECC081BF295C1740F2
:10DD10003480B73DD7A3A4C0BC9609C1BC74933B63
:10DD20005EBACD40AED82B409790E1C0F38E26C1AD
:10DD3000CBA1D5BF4D843EC13B7065C17DAEA24035
:10DD40002D218340EC515EC1F2B046C1CBA1A5BEEE
:10DD5000EC2FB33F6744B93F7CF2B0BF098ADFBE06
:10DD600060764AC16DE76B406C09BF40EFC99540D2
:10DD70005AF5EBC0325524C102BCDDBF0BB5D8400B
:10DD800073D7BC40BDE3743F1FF40EC1539632C13C
:10DD90004ED145C0D881F9407E1DCE406EA3A9C0AA
:10DDA000A1F89DC05474E8406B9A8740AA609CBF5C
:10DDB000BA49E4C07E1D37C1CA5415C0849E9D3F38
:10DDC000D712B2BEC0EC3EBFECC0693F713D8ABD08
:10DDD0007FFB2A3F07CE993EA91350BEAE4701C034
:10DDE0008B6CB73FCE88523EB7D1A03F0BB5A63D56
:10DDF0009FCD4ABF363C2D3FC217163FB7D1A0BEBC
:10DE0000956590BFCC7F883F6F1243BF812612BFBC
:10DE1000D5E77A3F10E9073F8F53343EFA7E2A3E1A
:10DE200041F1E3BDFBCBEE3D6DC5DE3E5D6D25BF33
:10DE3000371A18C045D8F03F7DAE06BF1D38073FE2
:10DE400020D2EF3E5BD35CBF6688FBBFF2D2D53FEA
:10DE5000E7FBE93E05C54FBF287E2C3FCEAAF73F22
:10DE60003F57E3BFBEC16B40B30C05C029EDCDBF2A
:10DE70000309923FC3F508C076E0ACBFBE305DC178
:10DE80001FED433A85ED003A03F2DC551FED453AAC
:10DE900085ED003A03F5BC651FED473A85ED003A84
:10DEA00003F2E4551FED493A85ED003A03F5BD65EF
:10DEB0001FED4B3A85ED003A03F2EC551FED4D3A5C
:10DEC00085ED003A03F5BE651FED4F3A85ED003A4A
:10DED00003F2F4551FED513A85ED003A03F5BF65A5
:10DEE0001FED533A85ED003A03F2FC551FED553A0C
:10DEF00003F5C06385ED008A042583ED003A00F246
:10DF0000E4531FED593A83ED003A00F5BD631FED70
:10DF10005B3A83ED003A00F2EC531FED5D3A83ED7E
:10DF2000003A00F5BE631FED5F3A83ED003A00F260
:10DF3000F4531FED613A83ED003A00F5BF631FED26
:10DF4000633A00F2FC5083ED003A01F5D1631FED16
:10DF5000663A80ED003A1FED673A81ED103A1FED09
:10DF6000683A81ED113A1FED693A81ED123A1FEDE1
:10DF70006A3A81ED133A1FED6B3A81ED143A1FEDC9
:10DF80006C3A81ED153A1FED6D3A81ED163A1FEDB1
:10DF90006E3A81ED173A1FED6F3A81ED183A1FED99
:10DFA000703A81ED193A1FED713A81ED1A3A1FED81
:10DFB000723A81ED1B3A1FED733A81ED1C3A1FED69
:10DFC000743A81ED1D3A1FED753A81ED1E3A1FED51
:10DFD000763A81ED358A81ED1F3A1FED783A81ED71
:10DFE000365A81ED203A1FED7A3A81ED378A81ED7C
:10DFF000213A1FED7C3A81ED3B8A81ED223A1FEDFB
:10E000007E3A81ED3C5A81ED233A1FED803A81ED55
:10E010003D8A81ED243A1FED823A81ED3E8A81ED01
:10E02000253A1FED843A81ED263A1FED853A81EDC0
:10E03000273A1FED863A81ED283A1FED873A81EDA8
:10E04000293A1FED883A81ED2A3A1FED893A81ED90
:10E050002B3A1FED8A3A81ED2C3A1FED8B3A81ED78
:10E060002D3A1FED8C3A81ED2E3A1FED8D3A81ED60
:10E070002F3A1FED8E3A81ED303A1FED8F3A81ED48
:10E08000313A1FED903A81ED323A1FED913A81ED30
:10E09000333A1FED923A81ED343A1FED933A81ED18
:10E0A000383A1FED943A81ED393A1FED953A81EDFA
:10E0B0003A3A1FED963A81ED3F5A81ED408A81ED63
:10E0C000418A81ED425A81ED438A81ED448A81ED96
:10E0D000455A81ED468A81ED478A81ED485A81EDA6
:10E0E000498A81ED4A8A81ED4B5A81ED4C8A81ED56
:10E0F0004D8A81ED4E5A81ED4F8A81ED508A81ED36
:10E10000515A81ED528A81ED538A81ED545A81ED45
:10E11000558A81ED568A81ED575A81ED588A81EDF5
:10E12000598A81ED5A5A81ED5B8A81ED5C8A81EDD5
:10E130005D5A81ED5E8A81ED5F8A81ED605A81EDE5
:10E140008A3A1FEDB93A81ED618A81ED628A81EDEB
:10E15000635A81ED648A81ED658A81ED665A81EDAD
:10E16000678A81ED688A81ED695A81ED6A8A81ED5D
:10E170006B8A81ED6C5A81ED6D8A81ED6E8A81ED3D
:10E180006F5A81ED708A81ED718A81ED725A81ED4D
:10E19000738A81ED8B3A81ED748A81ED755A81ED38
:10E1A000768A81ED778A81ED785A81ED798A81EDE1
:10E1B0007A8A81ED7B5A81ED7C8A81ED7D8A81EDC1
:10E1C0007E5A81ED7F8A81ED815A81ED845A1FED5F
:10E1D000DB5A1FEDDB3A81ED935A82ED065A1FEDB3
:10E1E000DD5A81ED943A82ED075A1FEDDF5A1FED9B
:10E1F000DF3A82ED0C5A1FEDE05A82ED053A82EDCE
:10E200000D5A1FEDE25A81ED808A81ED828A81EDFF
:10E21000838A81ED858A80ED7F8A00F5DD60C1ED1E
:10E22000877A81ED888A81ED898A81ED8C8AC1EDBA
:10E230008D7A81ED8E8A81ED8F8AC1ED907A81EDA4
:10E24000918A81ED928A81ED958AC1ED967A81ED70
:10E25000978A81ED988AC1ED997A81ED9A8A81ED4C
:10E260009B8AC1ED9C7A81ED9D8A81ED9E8AC1EDEC
:10E270009F7A81EDA08A81EDA18AC2ED007A82EDBC
:10E28000018A82ED028AC2ED037A82ED048A82ED70
:10E29000088AC2ED097A82ED0A8A82ED0B8A82ED44
:10E2A0000E8AC2ED0F7A82ED108A82ED118AC2EDDC
:10E2B000127A82ED138A82ED148AC2ED157A82ED0C
:10E2C000168A82ED178AC2ED187A82ED198A82EDDC
:10E2D0001A8AC2ED1B7A82ED1C8A82ED1D8AC2ED7C
:10E2E0001E7A82ED1F8A82ED208AC2ED217A82EDAC
:10E2F000228A82ED238AC2ED247A82ED258A82ED7C
:10E30000268AC2ED277A82ED288A82ED298AC2ED1B
:10E310002A7A82ED2B8A82ED2C8AC2ED2D7A82ED4B
:10E320002E8A82ED2F8AC2ED307A82ED318A82ED1B
:10E33000328AC2ED337A82ED348A82ED358AC2EDBB
:10E34000367A82ED378A82ED388AC2ED397A82EDEB
:10E350003A8A82ED3B8AC2ED3C7A82ED3D8A82EDBB
:10E360003E8AC2ED3F7A82ED408A82ED418AC2ED5B
:10E37000427A82ED625A9FEDFE5A82ED438A82ED27
:10E38000635A9FEDFC5A82ED448A82ED645A9FEDF8
:10E39000FA5AC2ED457A82ED655A9FEDF85A82ED40
:10E3A000468A82ED665A9FEDF65A82ED478A82EDE3
:10E3B000675A9FEDF45AC2ED487A82ED685A9FED94
:10E3C000F25A82ED498A82ED695A9FEDF05A82ED48
:10E3D0004A8A82ED6A5A9FEDEE5AC2ED4B7A82ED7F
:10E3E0006B5A9FEDEC5A82ED4C8A82ED6C5A9FED90
:10E3F000EA5A82ED4D8A82ED6D5A9FEDE85AC2EDE0
:10E400004E7A82ED6E5A9FEDE65A82ED4F8A82ED8A
:10E41000508AC2ED517A82ED528A82ED538AC2ED62
:10E42000547A82ED558A82ED6F5A9FEDDE5AC2ED25
:10E43000603A82ED705A9FEDDC5A82ED568A82ED89
:10E44000715A9FEDDA5AC2ED577A82ED725A9FEDFA
:10E45000D85A82ED588A82ED735A9FEDD65A82EDD2
:10E46000598A82ED745A9FEDD45AC2ED5A7A82EDE0
:10E47000755A9FEDD25AC2ED5D7A82ED765A9FEDC4
:10E48000D05A82ED5B8A82ED775A9FEDCE5A82EDAB
:10E490005C8A82ED785A9FEDCC5A82ED5E8A82EDDD
:10E4A000795A9FEDCA5A82ED5F8A82ED7A5A9FEDC2
:10E4B000C85A82ED618A82ED7B5A9FEDC65ADFED24
:10E4C000C67A82ED7C5A9FEDC55A82ED7D5A9FED4A
:10E4D000C45A82ED7E5A9FEDC35A82ED7F5A9FED5A
:10E4E000C25A82ED805A9FEDC15A82ED815A9FED4A
:10E4F000C05A82ED825A9FEDBF5A82ED835A9FED3A
:10E50000BE5A82ED845A9FEDBD5AC2ED977A82EDD4
:10E51000855A9FEDBB5ADFEDBB7A82ED865A9FED9F
:10E52000BA5A82ED947A82ED875A9FEDB85AC2EDBD
:10E530009E7A82ED885A9FEDB65A9FEDB67A82EDAB
:10E540008C5A9FEDB55ADFEDB57A82ED8D5A9FED6D
:10E55000B45AC2ED8A3A82ED8E5A9FEDB25AC2ED9C
:10E56000903A82ED935A9FEDB05AC2EDA23A82EDF5
:10E57000965A9FEDAE5A82ED898A82ED995A9FEDA7
:10E58000AC5A82ED8B8A82ED9C5A9FEDAA5A82ED9D
:10E590008F8A82ED9F5A9FEDA85A82ED918A82ED73
:10E5A000B75A9FEDA65A82ED928A82ED958A82ED46
:10E5B000986AC2ED9D5A82EDA07AC2EDB67A82EDDC
:10E5C0009A8A82ED9B8A82EDA18ADFED9D7A82EDA7
:10E5D000A38A82EDBA5A9FED9B5AC2EDBE7A82EDB4
:10E5E000BD5ADFED997A9FED995AC2EDC27A82ED5C
:10E5F000C05A9FED976ADFED975A9FED977A9FED8E
:10E60000975ADFED977A82EDB96AC2EDBC5A82ED76
:10E61000BF7A82EDC35AC2EDC77A9FED926ADFEDF1
:10E62000925A9FED925A9FED927ADFED927AC2ED67
:10E63000A53AC2EDA83AC2EDAB3AC2EDAE3AC2ED90
:10E64000B13AC2EDB43A82EDA48A82EDA68A82ED97
:10E65000A78A82EDA98A82EDAA8A82EDAC8A82ED30
:10E66000AD8A82EDAF8A82EDB08A82EDB28A82ED08
:10E67000B38A82EDB58A82EDB88A82EDC46AC2EDB2
:10E68000C55A82EDC65A82EDC87AC2EDCA7ADFED6C
:10E690007A7A9FED7A5AC2EDD07ADFED797A82EDFF
:10E6A000C95AC2EDD57ADFED777AC2EDD26AC2EDF2
:10E6B000D87ADFED757A9FED756AC2EDDA7ADFED13
:10E6C000747A9FED745AC2EDDB7ADFED737ADFED79
:10E6D000735AC2EDDD7ADFED727A9FED727AC2ED88
:10E6E000DE7ADFED717ADFED716AC2EDE07ADFED9F
:10E6F000707A82EDCB6AC2EDE17ADFED6E7A9FED42
:10E700006E6AC2EDE37ADFED6D7A82EDCC5AC2ED2E
:10E71000E47ADFED6B7A9FED6B5AC2EDE67ADFEDBE
:10E720006A7AC2EDCE5AC2EDE77ADFED687ADFEDA4
:10E73000685AC2EDE97ADFED677A82EDD17AC2EDEF
:10E74000EA7ADFED657A9FED657AC2EDD36AC2EDB4
:10E75000EC7ADFED636ADFED637A82EDCF5A82ED0A
:10E76000D46AC2EDD65A82EDD77AC2EDD96AC3E037
:10E77000CD4CC0C153054541A3925EC0D509D9C156
:10E7800065191241CDCC2CBF76E04FC18941404084
:10E79000A60A02C0EE7C1FC2DC466541F38E034030
:10E7A000BA6BE3C0696F503F0681FDC04A7B4EC122
:10E7B0006B9ABB40810449C05CA0F7C162A12A41A9
:10E7C00023DBF3C0780BCBC142CF1C413BDFA94018
:10E7D000E9488FC14625D53FFAED6B3A107A8EBFD6
:10E7E000AC0B94C1EF388B4011C7CEC0D2C02DC244
:10E7F00094879641925CA8C09F3C66C1B1E1954068
:10E80000DE020AC14E6290BD294B1DC2A9A48541FA
:10E81000423E924070CE88BC764FDEC1B3EAF3BD73
:10E82000849ED740AF94E5BD7CF2303BD122DBBD66
:10E83000575B313D6E3400BE795828BE0AD7A33CE1
:10E8400017B751BB4FAF14BE07F096BD3D2CD43C5B
:10E85000A913503D04560EBEFD87743D6D56FDBD97
:10E8600052491D3CBBB88DBC4CA68A3DE3A51B3D5F
:10E87000EBE2B6BDFF21FDBCA8574ABD4BC807BEA1
:10E880004CA60ABE006F813C5396064177BE9F3D61
:10E89000C5A0B0410E2D323D18261F41871659BD27
:10E8A000C1A88C414FAF943D88F4C94082E247BC77
:10E8B0009A0888419A771D41BC0592BD29CB254114
:10E8C000AC1C92BF742417BE1748B84142CF6AC02F
:10E8D000A4DFBEBCD73498414FAF24404260653CB2
:10E8E00068916D3CE6AE97418FE46E40B3EAC44157
:10E8F0000F9CEA4114D0404282EDBB8A82EDC18A6E
:10E9000082EDCD8AC2EDED7A83ED008A01F28C634F
:10E910005FED0B7A83ED004A01F5D263C2EDEF7A29
:10E92000C3ED004A01F294635FED107A83ED008A33
:10E9300001F5D36382EDF24A83ED004A01F29C6354
:10E94000C2EDF34AC3ED004A01F5D46382EDF54A06
:10E9500083ED008A01F2A463C2EDF64A83ED004A1A
:10E9600001F5D56382EDF84AC2EDF94A82EDFB4A22
:10E97000C2EDFC4A82EDFE4AC2EDFF4AC2EDF07ADA
:10E9800082EDDC8A82EDDF8A82EDE28A82EDE58A21
:10E9900082EDE88A82EDEB8A82EDEE8A82EDF18AE1
:10E9A00082EDF48A82EDF78A82EDFA8A82EDFD8AA1
:10E9B000C3ED004A01F2AC635FED337A83ED008A68
:10E9C00001F5D663C0ED007A83ED004A01F2B4632D
:10E9D0005FED387AC3ED004A01F5D763F84883ED5F
:10E9E000008A01F2BC6383ED004A01F5D863C3EDF0
:10E9F000004A01F2C46383ED008A01F5D96383ED17
:10EA0000004A01F2CC63C3ED004A01F5DA6383EDFD
:10EA1000008A01F2D46383ED004A01F5DB63C3EDA4
:10EA2000004A01F2DC6383ED008A01F5DC6383EDCB
:10EA3000004A01F2E463C3ED004A01F5DD6383EDB2
:10EA4000008A01F2EC6383ED004A01F5DE63C3ED59
:10EA5000004A01F2F46383ED008A01F5DF6383ED80
:10EA6000004A01F2FC63C3ED004A01F5E06383ED67
:10EA7000008A01F5E163C3ED007A01F20C73DFED6A
:10EA8000D17A83ED008A01F5E263C3ED007A01F2E9
:10EA90001473DFEDCD7AC3ED007A01F5E363DFEDAA
:10EAA000CB7A83ED008A01F21C73C3ED007A01F585
:10EAB000E463DFEDC77AC3ED007A01F22473DFED82
:10EAC000C57A83ED008A01F5E563C3ED007A01F2B2
:10EAD0002C73DFEDC17AC3ED007A01F5E663DFED5B
:10EAE000BF7A83ED008A01F23473C2F83405A0F6D0
:10EAF0000C20C3ED007A01F5E763DFEDB97AC2F8C7
:10EB00000C55C3ED007A01F23C73DFEDB67A83ED6C
:10EB1000008A01F5E863C2F84005A430C3ED007A2D
:10EB200001F24473DFEDB07AB04DC3ED007A01F528
:10EB3000E963DFEDAF7A83ED008A01F24C73C2F82E
:10EB400010551035C3ED007A01F5EA63DFEDA97ABF
:10EB5000C2F85005A430C3ED007A01F25473DFED22
:10EB6000A67A83ED008A01F5EB63C2F82055A4353F
:10EB7000C3ED007A01F25C73DFEDA07AC2F86005A4
:10EB80002920C3ED007A01F5EC63DFED9D7A83ED7A
:10EB9000008A01F26473C2F83055C3ED007A01F5C2
:10EBA000ED63DFED987AC2F81C05C3ED007A01F23F
:10EBB0006C73DFED957A83ED008A01F5EE63C3EDAA
:10EBC000007A01F27473DFED917AC3ED007A01F5FA
:10EBD000EF63DFED8F7A83ED008A8E4BC2F8143538
:10EBE0003033C2F8243503F57673C2F8443503F5A3
:10EBF000F673C2F8543501F27C73C2F82C05C3EDEC
:10EC0000007A01F5F063DFED847AC2F83C05C3EDCC
:10EC1000007A01F28473DFED817A83ED008A01F5D9
:10EC2000F163C2F84C051120C3ED007A01F28C7338
:10EC3000DFED7B7AC2F85C0505F50C70C3ED007A58
:10EC400001F5F263C2F8700505F5307083ED008AB6
:10EC500001F5F463734D83ED008A01F5F663C2F8A4
:10EC6000A45583ED008A01F5F8636F4D83ED008AAA
:10EC700001F5FA63C2F8B055903583ED008A01F5CD
:10EC8000FC63C2F8D055483583ED008A01F5FE6378
:10EC9000C2F89005483083ED008AA1F66443C2F8BB
:10ECA000E0554835C2F8643501F50063C2F86C756B
:10ECB00083ED008A5D4BC2F8A005C2F8B435D833A5
:10ECC000C2F8F055C2F8C435D833C2F87C75C2F822
:10ECD000D435019B564DC2F8E435A1F69833C2F8FD
:10ECE0008C75C2F8743501F50163C2F8045683EDE2
:10ECF000008AA1F5D3534F4DC2F88035A1F52C639E
:10ED0000C2F810564835C2F8843501F50263C2F8DE
:10ED10002056112583ED008AA1F6E813C2F834E6E7
:10ED2000C2F8943501F50363C2F854C683ED008A36
:10ED300001F50463C2F89C7583ED008A01F5056353
:10ED4000C2F8AC7583ED008AA1F5CA53C2F8BC7550
:10ED5000C2F8C03501F50663C2F8CC7583ED008AB0
:10ED600001F50763C2F8DC7583ED008A01F50863DD
:10ED7000C2F8EC7583ED008AA1F59B63C2F83C569E
:10ED80002925C2F8F43503F5D873C2F84466C2F8F1
:10ED90001436D833C2F82436274BC2F8303600F583
:10EDA0003473C2F8403600F545732448C2F8503633
:10EDB000A433C2F86036A433C2F8640640E000BF52
:10EDC000E41C01201372B341D0C401425F295141B8
:10EDD00024A8FB4197907841BA2B6B429FABC5406A
:10EDE0001B0D73423F354E4006C102428011012087
:10EDF0002FDD38C1AE87114280B7803FF5F97742E9
:10EE0000BEC1EBC005E37D42235BA3C1564E204249
:10EE10000F9CD4C1C81A012040242B4283D1C6C103
:10EE2000BFFD7642FC25012084150120D426012057
:10EE30000C2B012034170120C4170120243101209C
:10EE4000C2F8703601F50963C2F84C5683ED008AAA
:10EE5000A1F5C153C2F85C56C2F8003601F50A6349
:10EE6000C2F86C5600F5F67583ED008A01F50B6368
:10EE700001F50C6100F2EC4083ED008A04F50B63B0
:10EE800081ED008A082183ED008A04F50C63C2F845
:10EE90007C160F2183ED008A04F50D63C2F88C16F1
:10EEA0000C2183ED008A04F50E6483ED088A414B42
:10EEB000C2F89C160021C2F8803603F5D653C2F87A
:10EEC000FC75C2F8843683EDCC8A3B4BC2F80C76D5
:10EED000C2F8903603F5D853C2F81C76C2F89436BF
:10EEE00083EDB88AACF5A553C2F82C76C2F8A036EB
:10EEF000324BC2F8745684ED008AC2F8A406C2F8F8
:10EF0000D016A0F51451C2F8AC362D4B2D48C2F8DE
:10EF1000B0362D4B2D4CC2F8B4362D4BC2F8B83656
:10EF20002C4BC2F8BC362C4BC2F8C0362B4BC2F867
:10EF3000C4362B4BC2F8C8362A4BC2F8CC36DBE9B4
:10EF4000042342F823100133274ACBF81430C9F8C0
:10EF5000E42FE5F76FFC0AF2FC624FF0010323494E
:10EF600014A8116088F8203105F5A663204AC8F876
:10EF70001C310AF20C7314601E4C1F491C601F4B9D
:10EF800051604FF0854283ED008A1D4B1D4983ED92
:10EF9000008A1D4B1491159283ED008AF4F786FBCD
:10EFA0001A4A1B49074819B0BDEC108BBDE8F04F59
:10EFB00004F07ABF3C1A01205C1A01203441002081
:10EFC0003C4100209451002044410020000020409A
:10EFD0004C410020544100205C4100206041002051
:10EFE0006841002070410020D05C002015AE873FB2
:10EFF000205101201E85AB3F000040C00C45002081
:10F00000104500200000704314450020B445002046
:10F010008D520000F8B52DED068BDFED349A0025FA
:10F020009FED338A0646B0EE69AA0F46F0EE69AA54
:10F03000F0EE488AB0EE489A36E03B6804EB4404B0
:10F04000586E03689B68984700EB8400D0ED006A17
:10F0500090ED017AF4EE6A6AD0ED027AF1EE10FAE0
:10F06000B4EE4A7A48BFF0EE66AAF1EE10FAF4EE7A
:10F07000697A48BFB0EE47AAF1EE10FAF4EE496A99
:10F0800048BFF0EE679AF1EE10FAF4EE478A36FECA
:10F09000899AF1EE10FAF4EE487A48BFF0EE478A0A
:10F0A000F1EE10FA37FE888A3B68ACB20135586E33
:10F0B0000368DB6898478442BFDBB6EE006A3046DF
:10F0C00079EE2A6A38EE8A7A78EE297A66EE866ACE
:10F0D00027EE067A67EE867AC6ED006A86ED017A3B
:10F0E000C6ED027ABDEC068BF8BD00BF0050C347E9
:10F0F0000050C3C72DE9F04F067B85B00D78002E78
:10F100008368BD4C14BF8022012203911542DFF8B1
:10F1100000B3BA490CBF012700270195BA46B4FBDA
:10F12000F3F40023E4B20293B54B002C40F0CB8003
:10F13000477B17F0F70F69D1019D90F910C015EAD0
:10F14000020E14BF4FF001084FF0000888EA0A07CA
:10F15000BCF1FF3F0CBF002707F00107002F40F074
:10F160002F81C77B362F0FD84FEA071C51F80CE0D0
:10F1700001EB071CDEF80490DCF80C8019EA080F9C
:10F1800000F00181CEF88480002C40F0048190F9D9
:10F1900011C0BCF1FF3F14D05FFA8CFCBCF1360FFC
:10F1A0000FD84FEA0C1E01EB0C1C51F80EE0DCF8F6
:10F1B0000CC0DEF808E01EEA0C0F02D0029D1543D9
:10F1C0000295362F0FD84FEA071C01EB071751F8AD
:10F1D0000CC0D7F80CE0DCF8048018EA0E0F00F041
:10F1E000CE80CCF888E06EB95200D2B2002A9CD111
:10F1F00090F91130013302D0DDE902231A7005B015
:10F20000BDE8F08F5208002A8FD1F1E70C2F6CD1A6
:10F2100090F910707D1C19D0FFB2362F16D84FEA26
:10F22000071C019D01EB071751F80CC005EA020904
:10F23000D7F80CE0DCF8048018EA0E0F00F05A81D1
:10F24000B9F1000F00F07081CCF884E090F80FC0A5
:10F25000BCF1360F00F2DE804FEA0C1701EB0C1EFA
:10F2600051F80780DEF80C70D8F8049019EA070FFF
:10F2700000F00E81C8F88870002C40F0CE80D8F8DD
:10F2800004C0DEF80C701CEA070F00F0E880C8F834
:10F290008470002C40F0EA8090F911707D1CA2D09F
:10F2A000FFB2362F9FD84FEA071C01EB071751F822
:10F2B0000CC0FF68DCF808C01CEA070F93D0029D61
:10F2C000154302958FE74F4FD3F804E03F68019D47
:10F2D000ABFB077C4FEA9C4C0CFB04FC5F68A7EB84
:10F2E0000E07BC45FAD8019522E7C77B362F0FD809
:10F2F0004FEA071C51F80CE001EB071CDEF8049004
:10F30000DCF80C8019EA080F00F0C780CEF8848082
:10F31000002C40F0CA8090F910C0BCF1FF3F1BD018
:10F320005FFA8CFCBCF1360F16D84FEA0C1E019D1B
:10F3300001EB0C1C51F80EE005EA0209DCF80C8028
:10F34000DEF8045015EA080F00F0DB80B9F1000F79
:10F3500000F0F480CEF88480362F9DD84FEA071C49
:10F3600001EB071751F80CC0D7F80CE0DCF804806B
:10F3700018EA0E0F00F0AE80CCF888E08CE7BF688A
:10F38000214D3D602FE7DCF808C0204DCCF800503F
:10F39000002C3FF4FCAE1B4D9146D3F80480D5F809
:10F3A00000E0019DABFB0ECE4FEA9E4E0EFB04FE2D
:10F3B0005A68A2EB080CE645FAD84A460195E6E6FB
:10F3C0005FFA8CFCBCF1360F00F288804FEA0C1813
:10F3D00001EB0C1C51F80880DCF80C90D8F804A064
:10F3E0001AEA090F7CD0BEF1000F00F09380BA46F4
:10F3F000C8F88490B5E600BF20A10700381D0020A2
:10F40000001000E01C4500203830010038F00100F9
:10F4100083DE1B43002C3FF43FAF4A4DD3F80480FA
:10F420002F68019DABFB077E4FEA9E4E04FB0EFE4C
:10F430005F68A7EB0807BE45FAD8BCF1360F019507
:10F4400014D84FEA0C1701EB0C1E51F80780DEF8B8
:10F450000C70D8F804C01CEA070F7FF418AFDEF870
:10F460000870394D3D60002C3FF416AF354DD3F890
:10F4700004E02F68019DABFB077C4FEA9C4C04FB2A
:10F480000CFC5F68A7EB0E07BC45FAD8019503E7B3
:10F49000DEF808702D4D3D60EEE6DCF808C02A4D20
:10F4A000CCF80050002C3FF436AF264D9146D3F8EF
:10F4B0000480D5F800E0019DABFB0ECE4FEA9E4ED6
:10F4C0000EFB04FE5A68A2EB080CE645FAD84A4641
:10F4D000019520E7BF681D4D3D60DDE6C24640E670
:10F4E000BEF1000F1AD0DCF808C0BA46164DCCF8B1
:10F4F000005036E6BF68B9F1000F18D0124D3D60DC
:10F50000A4E6DCF808C0B9F1000F13D00E4DCCF81A
:10F51000005021E7F246C8F8889022E6DCF808702F
:10F52000F2460A4D3D601CE6CCF888E08EE6074DB9
:10F530003D608BE6054DCCF800500DE7CEF8888095
:10F540000AE700BF1C45002038F0010038300100F8
:10F5500030B405680DB930BCCCE50A462B6840F2E2
:10F5600001210124196111785966186F114680072D
:10F5700015D45B6F013C01F8013B0A462B685869C2
:10F58000C007F2D54CB1144429680B6F9B07FCD41B
:10F590004B6F02F8013BA242F6D130BC704759696B
:10F5A000C907E2D5EEE700BF10B472B602684B4956
:10F5B00022B190F804C0BCF10F0F53D90B8813F09F
:10F5C000010C27D09C0723D55A0757D51C0758D5BF
:10F5D000DA0659D59C065AD55A065BD51C065CD569
:10F5E000DA055DD59C055ED55A055FD51C0560D54D
:10F5F000DA0461D59C0462D55A0463D5DA0B64D071
:10F6000062B600221023026003715DF8044B70475C
:10F610004FF0010C012202FA0CF213430B8062B688
:10F620002F4A5FFA8CF10171D36F43F0C003D367A7
:10F63000A2F5A03240F2824313602A4B91766344D4
:10F64000917711765B01D1775DF8044B03609FEDF4
:10F65000217B83ED007B83ED027B83ED047B83EDD7
:10F66000067B70470B8843FA0CF4E407A7D51D4CC2
:10F670006444B2EB441FA2D162B6C6E74FF0020C5D
:10F68000C8E74FF0030CC5E74FF0040CC2E74FF09A
:10F69000050CBFE74FF0060CBCE74FF0070CB9E7CD
:10F6A0004FF0080CB6E74FF0090CB3E74FF00A0C27
:10F6B000B0E74FF00B0CADE74FF00C0CAAE74FF0A2
:10F6C0000D0CA7E74FF00E0CA4E74FF00F0CA1E7CD
:10F6D000AFF300800000000000000000A03B01200C
:10F6E00000C00F40807400022DE9F04F83B00190FC
:10F6F000806808B106F06AFF019B5B68002B00F090
:10F70000F18053F8042C02EBC20203EB8202934215
:10F71000009200F0DF80009B53F81C0C243B009308
:10F7200008B106F053FF009B5B68002B00F0CC8013
:10F7300053F8042C02EBC20203EB82094B4500F0A4
:10F74000BF8059F81C0CA9F1240908B106F03EFF4E
:10F75000D9F80430002B00F0AE8053F8042C02EBF3
:10F76000C20203EB8208434500F0A18058F81C0C4C
:10F77000A8F1240808B106F029FFD8F80430002BBE
:10F7800000F0908053F8047C07EBC70703EB870772
:10F79000BB4200F0838057F81C0C243F08B106F0F0
:10F7A00015FF7B68002B74D053F8046C06EBC6067B
:10F7B00003EB8606B34268D056F81C0C243E08B111
:10F7C00006F004FF7368002B5CD053F8045C05EB73
:10F7D000C50503EB8505AB4250D055F81C0C243D04
:10F7E00008B106F0F3FE6B68002B44D053F8044CCC
:10F7F00004EBC40403EB8404A34238D054F81C0C7B
:10F80000243C08B106F0E2FE62686AB352F8043C98
:10F8100003EBC30302EB830B5A4521D05BF81C0CAE
:10F82000ABF1240B08B106F0D1FEDBF80420A2B145
:10F8300052F8040C00EBC00002EB800A524508D0DD
:10F84000AAF1240A5046FFF74FFFDBF80420524587
:10F85000F6D1AAF1080006F0B9FE62685A45DDD17A
:10F86000ABF1080006F0B2FE6B68A342C6D1A4F16A
:10F87000080006F0ABFE7368AB42AED1A5F10800FC
:10F8800006F0A4FE7B68B34296D1A6F1080006F00C
:10F890009DFED8F80430BB427FF47DAFA7F108008D
:10F8A00006F094FED9F8043043457FF45FAFA8F129
:10F8B000080006F08BFE009B5B684B457FF441AF70
:10F8C000A9F1080006F082FE019B009A5B68934252
:10F8D0007FF421AF009BA3F1080003B0BDE8F04F17
:10F8E00006F074BE03B0BDE8F08F00BF00234FF0F8
:10F8F0007E52DFED517A30B52DED068B026095B06A
:10F900004360044683600D46C3604B7BD1ED008AA3
:10F9100091ED019A012B91ED028A68EEA78A29EEFA
:10F92000279A28EE278A05D1F0EE687AF0EE488A09
:10F93000B0EE678AF6EE00AA68EEAA8A29EE2A9A45
:10F9400028EE2A8AB0EE680A04F000FEB0EE40AA63
:10F95000B0EE490A04F0FAFDF0EE409AB0EE480A23
:10F9600004F0F4FDF0EE407AB0EE680AF0EE678A3B
:10F9700004F0F0FEF0EE407AB0EE490AB0EE679A7D
:10F9800004F0E8FEF0EE407AB0EE480AB0EE678A86
:10F9900004F0E0FE00232A7B8DED009A8DED01AA94
:10F9A000029303938DED048A0593CDED069A079398
:10F9B0008DED080A09930A93CDED0B8A052A1BD811
:10F9C000DFE802F01A282F3203216A4608A90CA8A2
:10F9D000F1F72CF904AA0CA910A8F1F727F910984F
:10F9E0001199129A139B206020466160A260E36027
:10F9F00015B0BDEC068B30BD04AA69460CA8F1F722
:10FA000015F908AAE7E704AA08A90CA8F1F70EF966
:10FA10006A46E0E708AA69460CA8F1F707F904AAC4
:10FA2000D9E76A4604A9E9E708AA04A90CA8F1F7EE
:10FA3000FDF86A46CFE700BF35FA8E3C2DE9F0436A
:10FA40002DED0C8BDFEDBDAA97B000250646B0EE7C
:10FA50006A9A0C46F0EE6A8A14E0236807EB4707BF
:10FA6000586E03689B68984700EB8700D0ED006AEA
:10FA700090ED017AD0ED027A78EEA68A39EE079AF7
:10FA80007AEEA7AA2368AFB20135586E0368DB6827
:10FA900098478742E1DB07EE907ADFEDA89A0027CE
:10FAA000F8EE677AB0EE69AAF0EE69BA88EEA78A36
:10FAB000B0EE69BAC9EE278AB0EE69CA8AEEA79A93
:10FAC000F0EE69AA20E0236805EB4505586E03684F
:10FAD0009B68984700EB8500D0ED006A90ED017AB5
:10FAE000D0ED027A76EEC86A37EE687A77EEC97A98
:10FAF000A6EEA6CAE6EE87AAA6EEA7BAE7EE07BA72
:10FB0000A7EE27AAE7EEA79A2368BDB20137586E81
:10FB10000368DB6898478542D5DB2AEE4ADA6BEE4C
:10FB20004BCA6AEEEA7AABEEA9DAECEE29CAECEE41
:10FB30002B7AB4EEECDAF1EE10FA40F35782B4EE21
:10FB400067DA0023F1EE10FA7DFE277AF5EEC07A2F
:10FB5000F1EE10FA40F2578237EECD7ADFED706A9F
:10FB6000B0EEC77AB4EEE67AF1EE10FA40F18E828A
:10FB700069EEEACA6BEECB9AEBEE0ACAEAEE8A9A13
:10FB80002CEEAC0AADEE0D0AA9EEA90AB5EE400ABC
:10FB9000F1EE10FA00F1C682B1EEC07A9FED606A14
:10FBA000F7EE006A77EE667AF0EEE77AF4EEC67A60
:10FBB000F1EE10FA40F131829FED607A9FED596AC3
:10FBC0006DEE076A2CEE877A77EE267A77EEA97AC1
:10FBD000F4EEC67AF1EE10FA00F184829FED526ADB
:10FBE000F4EEC67AF1EE10FA40F328829FED537AD4
:10FBF000F7EE007AF0EE476AB0EE476A4B4B0FAF74
:10FC0000B26B0DF11C0839460BA811921A88CDED84
:10FC1000077AADF848205A688DED086A13929A6801
:10FC2000DB68149215930023CDED096A8DED0A7AF5
:10FC30000F931093FFF75AFE0BAA414603A8F0F763
:10FC4000F5FF96ED0CAA214696ED0A7A6846D6EDA8
:10FC50000D9A4FF00009D6ED0B7A3AEE47AA79EEED
:10FC6000E79AFFF7D7F9039B0F93049B1093059B2B
:10FC70001193069B129335E0236805EB4505586EFA
:10FC800003689B68984703464246394603EB850361
:10FC90000BA8AD00D3ED016A93ED027AD3ED007AA3
:10FCA00076EEE86A37EE497A77EEC87ACDED086AE3
:10FCB0008DED097ACDED077AF1F72AF821680D9BD1
:10FCC000486E0C9ADDF82CC00993036808929B6873
:10FCD000CDF81CC098470799089A2844099B0160F1
:10FCE0004260836023681FFA89F509F10109586EA3
:10FCF0000368DB6898478542BEDB21463846FFF73C
:10FD000089F9DDED0FBA9DED10BA4FF00009DDED78
:10FD100011AACDED00BA8DED01BACDED02AA32E007
:10FD20006F12833AEFFF7FBFEFFF7F3F005101204B
:10FD30000050C3470050C3C700007A4300000000D2
:10FD4000236805EB4505586E03689B689847236850
:10FD50005A6E00EB8503AD0093ED009A1046D3ED8B
:10FD6000018A93ED028A39EE6B9A116878EECB8A9C
:10FD700038EE6A8A8B689847284480ED009AC0ED77
:10FD8000018A80ED028A23681FFA89F509F10109C9
:10FD9000586E0368DB6898478542D1DB1FED1CBABB
:10FDA0004FF000091FED1D9AF0EE4BBAF0EE49AA94
:10FDB00035E0236805EB4505586E03689B68984756
:10FDC000226800EB8503506EAD00D3ED008A93ED01
:10FDD000018AF4EE6B8A026893ED02CA9368F1EE31
:10FDE00010FAB4EE4B8A48BFF0EE68BAF1EE10FAA2
:10FDF000F4EE6A8A48BFB0EE48BAF1EE10FAB4EEFB
:10FE0000498A78FEAAAAF1EE10FA38FE099A9847B4
:10FE10002844C0ED008A80ED018A80ED02CA236883
:10FE20001FFA89F509F10109586E0368DB689847E4
:10FE30008542BEDB96ED0F7A79EE4B7A33787AEE17
:10FE4000EBAA7AEE478A39EEC78A092B88EEAA9A7E
:10FE5000C8EE279A2BD096ED106AD6ED116AB4EE53
:10FE6000E99AB6EE007AF1EE10FA58BFB0EE699A50
:10FE700029EE069AF4EE499AE9EE6A8AF1EE10FA52
:10FE800079FE299A69EEA69A68EE878AA9EEE78A32
:10FE900028EE078A082B0AD8DFE813F00D00A5002A
:10FEA0002D019B0009009900A000A3009E001FEDFA
:10FEB0005D8AF0EE488A5FED606A06F1040996ED0E
:10FEC000066A4046D6ED097A3A461FED64AA4946CD
:10FED000E6EE267A96ED055AB0EE4A6A96ED087A75
:10FEE000D6ED075A4FF00008A5EE267AA5EEA66AD1
:10FEF000CDED107A8DED0F7A8DED116AEFF7E2FC02
:10FF000055E0236805EB4505586E03689B689847E4
:10FF1000034696F848C00BAA03EB850349463846CA
:10FF2000AD0093ED007AD3ED017AD3ED026A29EEAC
:10FF3000077A69EEA77A76EE8A6ABCF1000F01D0E3
:10FF4000B1EE477A96F8493037EE287A0BB1F1EEE8
:10FF5000677A77EE887ACDED0D6A8DED0B7ACDED6F
:10FF60000C7AEFF7AFFC23689DED0F6ADDED106AA8
:10FF7000DDED117A9DED085ADDED095A9DED077A08
:10FF800076EE856A586E77EEA57A37EE067A0368C4
:10FF90009B68CDED0C6A8DED0B7ACDED0D7A98470F
:10FFA0000B990C9A28440D9B016042608360236882
:10FFB0001FFA88F508F10108586E0368DB68984756
:10FFC00085429EDB17B0BDEC0C8BBDE8F083F1EEF3
:10FFD000688A1FEDA68A6EE7F1EE688AB1EE488A5C
:10FFE00069E7B1EE488A5FEDAB8A64E7F4EE67CA71
:10FFF0000023F1EE10FA7CFEA77AF5EEC07AF1EE5E
:02000004600298
:1000000010FA3FF6A9AD4FF07E520FAF0DF11C086C
:10001000049305930693039213E65FEDB87AB4EE6A
:10002000677AF1EE10FA47D1F0EE66CAF0EE679A01
:10003000B0EE677AB0EE67DAF0EE676A1FEDC16A7C
:10004000F7EE005A37EE66AAD9EE86CAA9EEC6DAEE
:1000500077EEA59A2CEEAC0AA9EEA90AADEE0D0A30
:10006000AAEE0A0AB4EE460AF1EE10FA55D4F1EE01
:10007000C07AF7EE006A86EEA77A69EE877A27EEF5
:100080002C6A67EE0D6A27EE0A7AB7E577EEEC7A0E
:10009000F0EEE77AF4EEE67AF1EE10FA2ED569EE9C
:1000A000EA9A6AEE4C7AEBEE0A9AEAEE8B7AB0EEB6
:1000B00069DAF0EE679A63E58DEE07DA9FED1C6A68
:1000C000CCEE87CAC9EE879A6DEE276A2CEEA77A26
:1000D00077EE267A77EEA97AF4EEC67AF1EE10FA88
:1000E0007FF57CAD9FED137ADFED136AB0EE476AC2
:1000F000DFED127A82E5F1EE688ADCE66BEECBBAD0
:100100002AEE4CCAF0EE4D9AEAEE8ABAAAEE8BCAF3
:10011000B0EE6BDAF0EE4CCA32E503F0FBFEF0EE27
:10012000407AA6E703F0F6FEB0EE407A36E500BF6F
:10013000EFFF7FBF00000000698FE0BCD8F97F3F70
:100140002DE9F04F2DED108BB7B08346047F02AF41
:10015000002C00F0C4800026BB4B2425BB4C9FED37
:10016000BC8AB146DFF8F0A2DFF8F4827B6382E05C
:10017000DBF820007A6B0368DB69934240F08980EA
:1001800040F23B20814580F08880DBF800309B699D
:10019000A34240F09680DBF820100B681FFA89F22A
:1001A00007F160009B6808EE902A9847DAF8102063
:1001B000DBF804301268D3ED095A916E07F1800222
:1001C000D3ED0A7A93ED086A07F19003D7ED196A27
:1001D00077EE887A97ED187A086876EEA56A37EE9A
:1001E000067A0068C7ED1D6A064687ED1C7AC7EDE2
:1001F0001E7A07F1540087ED248A87ED258A87ED62
:10020000268A87ED208A87ED218A87ED228A00924F
:1002100007F17002B047DBF800309B69A34246D17A
:10022000DBF8200003681B69434546D1284497F852
:1002300054300370DBF800309B69A3424CD1DBF8EB
:10024000200003681B69434542D1284497F8553084
:100250004370DBF800309B69A34236D1DBF8200005
:1002600003681B6943451ED1284497F8563009F1AD
:10027000010903358370DBF800309B69A3423FF42A
:1002800077AF5846984703687A6BDB6993423FF42F
:1002900077AF98478145FFF478AFD437BD46BDECC2
:1002A000108BBDE8F08F18EE901A9847DDE758469E
:1002B000984703681B694345B8D018EE901A9847D1
:1002C000B5E758469847014667E758469847C7E755
:1002D00018EE901A9847B9E758469847B1E7D0E921
:1002E0000123C7F808D0586899681D68DB6850601A
:1002F00007F18000916002F11001D3601560F0F702
:1003000095FCDBF80C3007F1700207F180013B67C8
:1003100007F19000DBF810307B67DBF81430BB6727
:10032000DBF81830FB67F0F781FC4A4B5946D7F8E9
:10033000902007F138001A60D7F894205A60D7F857
:1003400098209A60D7F89C20DA60DBF800301B68B0
:100350009847DBF80030594607F140005B68984742
:1003600097ED0E5AD7ED0F5A002397ED106AF6EE6F
:10037000004AD7ED116A36EE057AC7F8903076EE6E
:10038000A57AC7F89430C7F89830C7F89C3027EEA4
:10039000247AC7F8A03067EEA47AC7F8A4302E4BB1
:1003A000C7F8B040197D87ED2D5AC7ED2E5A87ED5D
:1003B0002F6AC7ED306A87ED317AC7ED327AA7F838
:1003C000CC40C7E92A44002900F0048601252246D2
:1003D000214B1B6953F8223093F86C20002A40F01F
:1003E000C7820134E2B29142F2D86C2305FB03F3D9
:1003F000073323F00703ADEB030D6B1E02AABA62AD
:10040000BDB16C22BC6AA01802FB03002346002287
:1004100000241A606C3343F8382C43F8342C43F82A
:10042000302C43F82C2C03F8084C43F8042C984249
:10043000EFD1002900F024830023DFED08BAD9466C
:10044000C7E9033315E000BF7D020000B1040000DE
:100450000000000090930120945100206F12833A15
:10046000E5050000FB680133FB60DBB2994240F216
:100470000683074A126952F823209B003B6392F8D7
:100480006C307A63002BEDD04FF0000A97E000BF8C
:1004900094510020B4EECA9AF1EE10FAB4EECB9A61
:1004A0007AFE097AF1EE10FAF4EEE9AA54BFB0EE42
:1004B000497AB0EE4B7AF1EE10FA40F31B82F4EE7B
:1004C000E98AF1EE10FAF4EEEA8A39FEA86AF1EE52
:1004D00010FA54BFF0EE686AF0EE6A6A6C23F96AAB
:1004E000BC6A002003FB01F1D7ED2F5A0C440B46E8
:1004F000796AF4EEE57A62643433E062F1EE10FA80
:100500002063C4ED00FA84ED01AAC4ED029A84EDE3
:1005100003BAC4ED04AA84ED059AC4ED068AC4EDBD
:1005200007EA84ED08EAC4ED09DA84ED0ADAC4EDDD
:100530000D7A84ED0E6A84ED0F7AC4ED106AC4E979
:100540001215396A84F86410B969A165F969C4E9BA
:100550001486E1657969BA6A2166134484ED1AFA52
:1005600029D5D7ED2D7AF4EEC77AF1EE10FA22D51F
:1005700093ED017AD7ED307AB4EEE77AF1EE10FA26
:1005800019D5D7ED2E7AF4EEE76AF1EE10FA12DD06
:10059000B7F8A860B7F8AA50AE4200F0C281B7F829
:1005A000CC20D7F8B030013243F826400136A7F806
:1005B000CC20A7F8A8600AF101031FFA83FA7B6B2D
:1005C000586E3B6953449BB2FB6203685B68984773
:1005D000824580F2DB81E44E4FEA8A183A6B336938
:1005E000D9F804409B58586ED9F80C303B66D9F8BE
:1005F00010307B66D9F81430BB66D9F81830FB662A
:1006000003681B6998473A6B336900EB8A1B054600
:100610009B589BF83C207B639B6E3A627B6242B1A5
:10062000DBF80C30BB61DBF81030FB61DBF8143019
:100630007B6104F11006224607F180003146F0F795
:10064000F5FA07F1600207F1800107F17000F0F799
:10065000EDFA55F8085094ED095A07F17001D4ED00
:100660000A5A07F1480094ED086A07F15402D5EDE3
:10067000016A95ED027AD5ED007A76EEC56A37EE1D
:10068000657A77EEC67AC7ED166A87ED177AC7EDF9
:10069000157AF0F73DFB94ED0B7A3146D4ED0C7AE8
:1006A000224697ED12AA07F18000D7ED139A2AEEA1
:1006B00007AAD4ED0DCA69EEA79A97ED14DAF0F700
:1006C000B5FA07F1600207F1800107F17000F0F759
:1006D000ADFADBF8048094ED095A07F15402D4ED29
:1006E0000A5A07F1700194ED086A07F14800D8ED45
:1006F000016A98ED027AD8ED007A76EEC56A37EE97
:10070000657A77EEC67AC7ED166A87ED177AC7ED78
:10071000157AF0F7FDFA94ED0B6A3146D4ED0C6AC8
:10072000224697ED147A07F18000D4ED0D7A97ED0B
:1007300012BAD7ED13AA27EE27CA2BEE06BA6AEE35
:10074000A6AAF0F773FA07F1600207F1800107F13A
:100750007000F0F76BFADBF8086094ED095A07F1C6
:100760005402D4ED0A5A07F1480094ED086A07F1E3
:100770007001D6ED016A96ED027AD6ED007A76EE3A
:10078000C56A37EE657A77EEC67AC7ED166A87EDE9
:10079000177AC7ED157AF0F7BBFAD5ED027A3AEE83
:1007A000E9EA98ED028A7BEE4AEAD5ED006A0BF1A0
:1007B000300238EE678A95ED017AD8ED004A98ED5F
:1007C000015A94ED0B6A74EEE64AD4ED0C7A35EEDC
:1007D000475A94ED0D4A97ED129AD7ED138AD7ED4B
:1007E000143A29EE069A8BED088A68EEA78A95EDF1
:1007F000027AD6ED026A79EE4ADACBED064A76EE57
:10080000C76AD6ED005AB0EE4C7AD5ED002A8BEDD2
:10081000075A6DEECE7A96ED016A75EEE25A95EDC5
:10082000013AADEE2C7A64EEE6CACBED0B6A36EEF9
:10083000436ACBED095A25EE65CAE5EE88CA28EE73
:10084000468A8BED0A6AA6EE24CA38EEE9DAA6EEED
:10085000858AA3EE847A2CEEAC0AEEEE8D7AF0EE69
:10086000084AB7EE005AA8EE080A87EE24FAACEE62
:100870000C0AC5EE27FAB5EE400AF1EE10FA00F1C7
:10088000EE83B1EEC07AF7EE006A77EE667AF0EEAC
:10089000E77AF4EEEB7AF1EE10FA0AD4B5EE407A8C
:1008A000F1EE10FA36D088EE078ACCEE87CA8CEECD
:1008B00007CA8BED0C8ACBED0DCA8BED0ECAB4EED8
:1008C000CABAF1EE10FA3FF7E5ADB4EECB9AF1EE0D
:1008D00010FAB4EECA9A7BFE097AF1EE10FAF4EE41
:1008E000E9AA54BFB0EE497AB0EE4A7AF1EE10FAB6
:1008F0003FF7E5ADF4EEEA8AF1EE10FAF4EEE98A9C
:100900003AFEA86AF1EE10FA54BFF0EE686AF0EE13
:10091000696AE3E59FED15CAF0EE66CAB0EE4C8A4F
:10092000C7E7002E37D1D7F8B0304FF008082020A5
:10093000FB6205F043FEC7F8B000002340F8253005
:100940000135ADB2A845F9D8FB6A4BB1184605F0A0
:100950003DFE054B3A6B1B69B7F8A8609B587B635B
:10096000A7F8AA801BE600BF9451002000000000F9
:10097000586E013403685B689847C34BE2B2284461
:10098000197D85B291423FF623AD2EE5FB6A3B61AE
:10099000BD4B197D66E54FEA4608D7F8B0501FFAFF
:1009A00088F8FD624FEA880005F008FEC7F8B0003D
:1009B000B8F1000FC8D04645B646C5F30202294635
:1009C00028BFC646BEF1080F94BF00230123002AAA
:1009D00018BF0023002B00F07D812B1DC31A082BAC
:1009E00040F27881BEF1000F00F1200C00F11002FE
:1009F00001F1100114BF734601231D467B62A34B16
:100A0000AD08013DADB20CEB051C1D0C03F1040B50
:100A10001032002310316BF30F03944505F1040BE2
:100A200005F1010511ED086B11ED067B6BF31F431A
:100A3000ADB202ED086B02ED067BE6D1796A21F0DA
:100A400003028A4293B216D05D1CF96AADB251F826
:100A50002320754540F823200DD251F8252040F879
:100A600025209D1CADB2754505D251F825200333D4
:100A700040F825209DB2A8453FF65FAF64E7CB461E
:100A8000002107F1A800F2F723F8814B814C0025E3
:100A90009A46DBF800309FED808AAEB29B69DFEDAD
:100AA0007F8AA3429FED7E9ADFF8F88140F0D580DF
:100AB000DBF820000368DB69534540F0D58040F245
:100AC0003B20B04240F2D480DBF800309B69A34267
:100AD00040F0EA80DBF820100B68324607F1800016
:100AE0009B689847D7F8AC30D7ED207AD7ED214AEC
:100AF000002B00F0338293ED037AB4EEE77AF1EE47
:100B000010FA15D893ED057AB4EEE77AF1EE10FA03
:100B10000EDB93ED047AB4EEE47AF1EE10FA07D826
:100B200093ED067AB4EEE47AF1EE10FA80F2DF800B
:100B300093ED0C7AF4EEC77AF1EE10FA15DB93ED33
:100B40000E7AB4EEE77AF1EE10FA0EDB93ED0D7A41
:100B5000B4EEE47AF1EE10FA07D893ED0F7AF4EEE2
:100B6000C74AF1EE10FA40F2758193ED157AB4EEB2
:100B7000E77AF1EE10FA15D893ED177AB4EEE77A2A
:100B8000F1EE10FA0EDB93ED167AF4EEC74AF1EEB1
:100B900010FA07DB93ED187AF4EEC74AF1EE10FA7B
:100BA00040F25B8193ED1E7AF4EEC77AF1EE10FA13
:100BB00015DB93ED207AF4EEC77AF1EE10FA0ED839
:100BC00093ED1F7AB4EEE47AF1EE10FA07D893EDC4
:100BD000217AB4EEE47AF1EE10FA80F24181DBF88A
:100BE00000309B69A34272D1DBF8200003681B69C7
:100BF000434569D1ABB203EB4303243318440023CC
:100C00000370DBF800309B69A3425AD1DBF8200067
:100C100003681B69434551D1ABB203EB4303243353
:100C2000184400234370DBF800309B69A34242D193
:100C3000DBF8200003681B69434539D1ABB203EBF5
:100C400043032433184400238370DBF8003001355C
:100C50009B69AEB2A3423FF42BAF58469847036856
:100C6000DB6953453FF42BAF9847B0423FF62CAFBA
:100C700007F1A800FEF738FDD7F808D0D437BD46F5
:100C8000BDEC108BBDE8F08F9451002002000300F2
:100C90007D020000B104000000000000FFFF7F7F24
:100CA0006F12833AE505000058469847014613E75E
:100CB00031469847C7E758469847BBE731469847BB
:100CC000AFE758469847A3E73146984797E7584615
:100CD00098478BE7FB6A00251A1F031F013552F85E
:100CE000041FADB243F8041F7545F7D3C3E61A4697
:100CF0005368002B7FF4FFAE108800283FF46FAFDD
:100D0000D2F808C04FF00009F7EE002AF0EE481ABA
:100D1000ACF10401B0EE482ACE46B0EE481A4A467D
:100D2000B0EE684A02E00132904251D051F8043FDF
:100D300093ED1A6AB4EEC64AF1EE10FAF3DDD3ED84
:100D4000026A93ED015A74EEE66A93ED097A37EE82
:100D5000C55AD3ED0A3AD3ED005A27EE667AA5EECE
:100D6000237A27EE257AB5EEC07AF1EE10FADAD4BE
:100D700093ED073AD3ED083A66EE836AE5EE636ACF
:100D800065EEA65AF5EEC05AF1EE10FACBD4B4EEE9
:100D9000E27AF1EE10FAC6DCF4EEE25AF1EE10FA65
:100DA000C1DC72EEC76A76EEE56AF5EEC06AF1EE76
:100DB00010FAB8DB96460132F0EE651A4FF00109E1
:100DC0009042B0EE472AB0EE661AB0EE464AADD178
:100DD000B9F1000F47D1DBF800304A46C7F834902C
:100DE0009B69A34240F09680DBF8200003681B69F2
:100DF000434540F09880ABB203EB430324331844DF
:100E00000270DBF800309B69A34240F09780DBF86A
:100E1000200003681B69434540F09780ABB203EBA9
:100E20004303243318447B6B4370DBF800309B6929
:100E3000A34240F09080DBF8200003681B69434523
:100E400040F08680ABB203EB43032433184480F8B0
:100E50000290FAE603F124024AE703F1480247E769
:100E600003F16C0244E75CF82E301A6D92ED017AC2
:100E7000D2ED027AD2ED006A22EE077ADA6C62EEE7
:100E8000277A62EE266A92ED005AD2ED015A92ED6F
:100E9000026AE5EE016AA5EE817A5A6DE6EE017A04
:100EA00092ED005AD2ED015A92ED026AE5EE216A06
:100EB00093F86420A5EEA17AE6EE217AC7ED1C6ACC
:100EC00087ED1D7AC7ED1E7A002A4AD1F0EE487AE6
:100ED000B0EE487A07F16000D3E911310A68D2F820
:100EE000009007F1800287ED207AC7ED217A87ED27
:100EF000228A009207F17002C84797F8613097F88C
:100F000060207B63DBF8003097F862909B69A34216
:100F10003FF46AAF3A635846984703683A6B1B69D7
:100F200043453FF468AF3A63314698473A6B0270E5
:100F3000DBF800309B69A3423FF469AF58469847FD
:100F400003681B6943453FF469AF314698476AE738
:100F5000314698477BE7584698476EE707F1A80265
:100F6000CAE6F7EE007A9A6D71EE677AF0EEE77AEC
:100F7000F4EEC97AF1EE10FA52D592ED006A92EDD4
:100F8000011AF7EE007ADA6D72EE677AF0EEE77A20
:100F9000F4EEC97AF1EE10FA32D592ED007AD2ED84
:100FA000017AF7EE006A1A6E37EE067A77EE817AEA
:100FB00071EEE66AF0EEE66AF4EEC96AF1EE10FA56
:100FC0000ED5D2ED006AD2ED011A37EE267A77EE11
:100FD000A17A7FE79CB00B4602AABA62FFF711BA6A
:100FE000F0EEE16AF4EEC96AF1EE10FA28D4D2ED1F
:100FF000006A92ED016A61EEA66A61EE861AE4E784
:10100000F0EEC27AF4EEC97AF1EE10FA22D492ED43
:10101000007AD2ED017A22EE077A62EE277AC0E7F3
:10102000F0EEC17AF4EEC97AF1EE10FA0DD492ED39
:10103000006AD2ED017A21EE066A21EE271AA0E7B6
:10104000F0EE481AF0EE486ABFE7B0EE481AB0EE8C
:10105000486A96E7F0EE487AB0EE487AA1E77A60FF
:1010600002F058FF7A68B0EE407A0CE4BA4B30B523
:101070001B7803F01F02052A09D803F00703013B80
:10108000042B2AD8DFE803F0424B55243800063AF7
:101090000C124FEA214E172A00F25881DFE812F0B5
:1010A0000601FF00F000E1004F005101490141013C
:1010B0003A012A011D010D01B000A9009E00900017
:1010C000830076006F006800D500D100C500B7002E
:1010D000A24B03EA012343EA2141A14B00EB40006C
:1010E0004FEA214E1A684FEA212C131802F800E04B
:1010F00083F801C0997030BD0A0401F47F4302F403
:101100007F0243EA214342EA0301E6E70B02C1F30F
:10111000072201F47F019BB213431943DDE70B0261
:101120000A1203F47F03C9B202F47F421343194346
:10113000D3E70B0403F47F0343EA2121CDE7894D74
:10114000C1F3072E00230D4045EA01654FEA156CF7
:10115000C5F30745002282496CF30702096865F36D
:101160000F226EF3174263F31F6241F8202030BD57
:101170005FFA8EFC4FF0000ECDB2E3B2EAE75FFA01
:101180008EFC4FF0000EE5B2CBB2E3E74EEA01650C
:1011900001F47F432B434FEA156CC5F30745C3F3B6
:1011A000072EDBB2D6E7E3B243EA0E2343EA01633C
:1011B0004FEA136CC3F30745C3F3072EDBB2C9E74D
:1011C0000B029BB243EA046343EA0E034FEA136C3B
:1011D000C3F30745C3F3072EDBB2BBE72206CBB24E
:1011E00042EA0E2E4FEA1E6CCEF30745CEF3072ED1
:1011F000B0E75FFA8EFC00255FFA81FEE3B2A9E753
:101200005FFA8EFC0025C1F3072ECBB2A2E72204C1
:101210004EEA016302F47F024FEA136C1343C3F3F7
:101220000745C3F3072EDBB294E74E4DE3B24FF010
:10123000000E0D4045EA01654FEA156CC5F3074500
:1012400088E70B0403F47F03BCE721F47F434FF0EE
:10125000000E43EA04634FEA136CC3F30745DBB2A5
:1012600078E70B0403F47F0343EA046343EA0E23A5
:101270004FEA136CC3F30745C3F3072EDBB269E7EC
:101280000B02384A9BB20A4043EA046313434FEA15
:10129000136CC3F30745C3F3072EDBB25AE75FFABB
:1012A0008EFC0023CDB2C1F3072E53E75FFA8EFC0C
:1012B0000023E5B25FFA81FE4CE70B0401F47F41A5
:1012C0004FF0000C41EA0E0103F47F030B43C3F31C
:1012D0000745C3F3072EDBB23CE70A044FF0000CCE
:1012E000E3B202F47F0242EA0E2ECEF30745CEF3BC
:1012F000072E2FE70B0222049BB202F47F0243EA7F
:101300000E0313434FF0000CC3F30745C3F3072E3E
:10131000DBB21FE7CBB2220443EA0E2302F47F02C2
:10132000EFE7C1F307455FFA81FEE3B24FF0000C2F
:1013300010E7C1F30745C1F3072ECBB24FF0000C05
:1013400008E7CBB21B0443EA01638FE700239E4604
:101350001D469C46FEE600BF5493012000FFFF009F
:10136000509301200000FFFF2DE9F04F89B0079353
:10137000C36805909A4200F24481037844685B0098
:1013800084F8A53040F20113A4F82F310023F5F7BB
:10139000FDFC0690002800F03481129B002B00F029
:1013A00032814FF0000B0599129ACB68A2EB0B0229
:1013B0004D680C789A421646284628BF1E46129B56
:1013C0009B1B0496F6B25B4501938CBF002301235F
:1013D0000293F4F78FFD002800F010814FF0000316
:1013E0006400012E4FF0000AE4B2A5F8A23040F2EA
:1013F000014338BF0126DFF84483BAF1020F44EA03
:101400000303D8F8009003932B6931D9544695F81B
:10141000A320872A4FD959690A0500F1B28011F437
:10142000105F40F07E81D8F80020A2EB0902322A3A
:1014300000F27781022C95F8A30094BF00270127C2
:10144000B0420AD34FB1D86D400706D18A0500F1EA
:101450009C80029A002A00F09880F1F7A7FEBAF16A
:10146000020F00F24C81A2462B69BAF1020FCDD8CF
:10147000DA6D500702F00701C8D4701E544651447B
:10148000039F40F4807044B91F6601340A1B032A8D
:10149000BDD8022CBBD8002CF6D0012C00F0358131
:1014A000019A5A4502D84FF400721A6695F8A320A3
:1014B0000324872AAFD8D96D11F4E02FC1F302407D
:1014C000A9D0511C1F6F05EB020C0128C9B285F889
:1014D000A3108CF81A709ED088299CD002F1020CBF
:1014E0001F6F294402285FFA8CFC85F8A3C08F7611
:1014F00091D0BCF1880F8ED0D11C1F6FAC44032853
:10150000C9B285F8A3108CF81A7084D0882982D0CB
:1015100002F1040C1F6F294404285FFA8CFC85F843
:10152000A3C08F763FF477AFBCF1880F3FF473AF61
:10153000511D1F6FAC440538C9B285F8A3108CF853
:101540001A703FF468AF88293FF465AF02F1060CCA
:101550001F6F294401285FFA8CFC85F8A3C08F76A1
:101560003FF459AFBCF1880F3FF455AF196F073204
:10157000AC4485F8A3208CF81A1059690A057FF548
:101580004EAF1A6942F440721A61DA6D12F4E02F1C
:1015900003D01A6942F400721A6195F8A330049AD4
:1015A0009A422ED1002A00F0B280059B5D6800248B
:1015B0002846079F2646DDE9045817E090F8A23038
:1015C00090F8A3209A4203F10102034440F2B18053
:1015D00080F8A220987E01343E44A4B206F80B00A5
:1015E000A542264640F29380D8F804000368524A88
:1015F0005B699342E2D09847C0B2ECE7049B042BAE
:10160000D5D000230693069809B0BDE8F08FD96DB8
:1016100011F4E02FC1F3024053D0511CD3F870C035
:10162000AC180128C9B285F8A31084F81AC048D0B4
:10163000882946D0941CD3F870C029440228E4B20B
:1016400085F8A34081F81AC03BD0882C39D0D11C32
:10165000D3F870C02C440328C9B285F8A31084F8CD
:101660001AC02ED088292CD0141DD3F870C029445C
:101670000428E4B285F8A34081F81AC021D0882C50
:101680001FD0511DD3F870C02C440538C9B285F85D
:10169000A31084F81AC014D0882912D0941DD3F84E
:1016A00070C029440128E4B285F8A34081F81AC02B
:1016B00007D0882C05D0196F07322C4485F8A32059
:1016C000A17659690C053FF55CAF11F4105F28D184
:1016D000D8F80020A2EB0902322A22D895F8A320DC
:1016E000B2420AD34FB1DA6D500706D18A053FF5F1
:1016F0004CAF029A002A3FF448AFF1F757FD95F836
:10170000A3202B69872ADCD881E71866BDE6049BF5
:101710009B44129B5B453FF646AE069809B0BDE878
:10172000F08F1A6942F440721A614FF400721A661F
:101730002BE7FF204FE700BFAD200100383D01201F
:101740002DE9F0471E4682B003680546DDF8288083
:10175000002B70D0446893F813C0D4E9000ABCF1A0
:10176000000F3FD072B693F813C01CF0010F08D0E1
:101770004FF0E0295F69D9F880413C409C62C9F88C
:1017800080411CF0020F08D04FF0E0299F69D9F882
:1017900084413C40DC62C9F884411CF0040F08D04D
:1017A0004FF0E029DF69D9F888413C401C63C9F853
:1017B00088411CF0080F08D04FF0E0291F6AD9F8C3
:1017C0008C413C405C63C9F88C411CF0100F08D080
:1017D0004FF0E02E5F6ADEF890413C409C63CEF80B
:1017E000904162B69C68844200F0D780764C986045
:1017F000A469DFF8E8C1C4F3011EC4F382645CF895
:101800002EE00134BEFBF4FC002840F0BB80A6456E
:1018100006D30CF10104B4F5817FC0F0C8806B4899
:10182000D8601B6800241C6103245C6218640120DA
:10183000C3F860A0186195F90E30581C40F0838001
:1018400072B1013A4C1E0DF1070A8F1814F8012FDE
:10185000514628468DF80720FDF77AFEA742F5D1BC
:10186000B8F1000F40D008F1FF330DF1070A06F17F
:10187000FF384FF0FF091E4440F2012709E05146AE
:101880002846FDF737FC9DF8073008F8013F46452C
:101890002AD02B688DF80790002BF0D01A68012110
:1018A00054461761C2F86490136F9B0706D4234611
:1018B000506F14B103F8010B1C4601395369D80766
:1018C000F2D50029DFD0136F9B07FCD42346506F5D
:1018D00014B103F8010B1C460139F4D19DF807300F
:1018E00008F8013F4645D4D195F90E305A1C3AD13B
:1018F0002B6823B3DA7C12B3D50704D5986A4FF06E
:10190000E021C1F80001940704D5D86A4FF0E02126
:10191000C1F80401500704D5186B4FF0E021C1F85D
:101920000801110704D5586B4FF0E021C1F80C01F4
:10193000D20604D59A6B4FF0E023C3F810210120A2
:1019400002B0BDE8F087DBB2362B3FF679AF1C0161
:101950001F4800EB03130059DC68476827421ED07C
:10196000C0F888406CE7DBB2362BC1D81901184AA1
:1019700002EB03135258D9685068084213D0C2F8DA
:101980008410B5E784451DD3BCFBF0F4BCFBF4FC2C
:1019900084457FF640AFA4463BE7D86841E79B68A3
:1019A0000C4818604CE79B680B4A1A60A0E7022CB1
:1019B00008D9023C4FEA540C4FEA0C4040EA0C2094
:1019C00020432DE700202BE700C00F40FF7F7F0062
:1019D000381D00203830010038F00100A820002018
:1019E0002DE9F84390F82F81B8F1000F6DD005462E
:1019F000F4F780FA002868D0414E4FF000093768AC
:101A000000E0A146C8452A6936D24C4653691905FB
:101A10002BD4580568D499045CD43168C91B322989
:101A200058D8A04504D2D26D520701D1980565D48B
:101A3000F1F7BCFBC845E4D22A695369190514D4EF
:101A4000580551D4990445D43168C91B322941D86D
:101A5000A04504D2D26D520701D19B054ED4F1F7B7
:101A6000A5FB2A6953691905EAD51369042043F4D3
:101A700040731361BDE8F883D16D4C46480701F00F
:101A80000703C3D413E095F8A5100133022441F4F1
:101A90008061042B11661BD0804503F1010305EB27
:101AA00000010ED991F8A510042B1166AED00120CB
:101AB000002CE8D0204601330134804505EB0001BD
:101AC000F0D84FF400731366A0E70420BDE8F88354
:101AD00001249BE713694FF40071042043F4407321
:101AE00013611166BDE8F88313694FF40071022099
:101AF00043F4407313611166BDE8F8830020E5E705
:101B0000383D0120F8B5A54C0146A36A002B51D001
:101B100040F2011094F83020A14E5200A3F82F019A
:101B2000186883F8A5200268B24240F03F81B3F8FC
:101B300030210D46E2B915F8011BB3F830211ABB6C
:101B400015F8011BB3F83021002A40F0EE8015F89B
:101B5000011BB3F83021002A40F0DF802978B3F868
:101B60003021002A40F0CE801846BDE8F84037E723
:101B7000022283F82F21002283F8A620026815F89C
:101B8000011BB24240F01E8193F82F21882A00F2F7
:101B900009819818013283F82F21A36A80F8A510D3
:101BA0001A6815F8011B1268B242CBD0184690474C
:101BB000A36AC5E0226C01F1040C206D1368666A0B
:101BC00023EA00031360D4E90E0311F8012B4EB190
:101BD00035686A66EA6D12F4F81FFBD06A6F6145DA
:101BE000F3D1F8BD056812F0800FA76C0CBFBD43A0
:101BF0003D4312F0400F05601D68E76C45EA07059C
:101C00001D601D68E76C25EA07051D600568A76C67
:101C10000CBFBD433D4312F0200F05601D68E76C0B
:101C200045EA07051D601D68E76C25EA07051D608C
:101C30000568A76C0CBFBD433D4312F0100F056053
:101C40001D68E76C45EA07051D601D68E76C25EA1D
:101C500007051D600568A76C0CBFBD433D4312F02E
:101C6000080F0560E76C1D6845EA07051D601D68E3
:101C7000E76C25EA07051D600568A76C0CBFBD432E
:101C80003D4312F0040F05601D68E76C45EA070547
:101C90001D601D68E76C25EA07051D600568A76CD7
:101CA0000CBFBD433D4312F0020F05601D68E76C99
:101CB00045EA07051D601D68E76C25EA07051D60FC
:101CC0000568A76C0CBFBD433D4312F0010F0560D2
:101CD0001D68E76C45EA07051D601D68E76C25EA8D
:101CE00007051D600268A56C14BF2A43AA43026061
:101CF0001A68E56C2A431A601A68E56C22EA050244
:101D00001A606CE793F82F21882A3CD901225A6087
:101D1000A36A1846BDE8F84062E693F82F21882AA6
:101D200029D901225A60A36A14E093F82F21882A46
:101D30001DD89818013283F82F21A36A80F8A510C6
:101D40001A6815F8011B1268B2423FF402AF184638
:101D50009047A36A1A6829781268B2423FF4FFAE2E
:101D600018469047A36A1846BDE8F84038E60122B5
:101D70005A60A36AE4E79818013283F82F21A36A16
:101D800080F8A510E6E7501C1A4483F82F01A36AD7
:101D900082F8A5101846BDE8F84021E6AC460120BF
:101DA000E920010001225A60A36AF9E618460D46AF
:101DB00000219047A36A15F8011B1A681268B24205
:101DC0003FF4BBAE18469047A36AE9E62DE9F04719
:101DD000A04CA36A002B00F0D580A16D00229E4884
:101DE0001B6981421A6100F2BE8001229B489C4916
:101DF00098645A624FF430329962DA62986C002229
:101E00004FF0011118651A620122996595481A610F
:101E1000FFF778FEB4F90830402B00F04D81002127
:101E20008C48F4F705FC21898A480139C9B2F4F7D6
:101E3000FFFBB4F90A202689D31D48BF02F10E0327
:101E4000DB10D4E90A0516FB03F6B6B2002800F051
:101E5000408194F83030844F5B0080F8A53040F228
:101E60000113A0F82F3103681B68BB4240F02282A7
:101E7000B0F830312BB1022380F82F31402380F8A5
:101E8000A630731E9BB2002E4BD005F1020A01262C
:101E900001354FF002099A44B04614E00136B6B25B
:101EA000036815F8011C1B68BB4268D1B0F83031DB
:101EB00033B190F82F31882B29D9C0F80480A06A5B
:101EC0000135AA452DD0882EE8D1FFF789FD94F879
:101ED0003030A06A5B0080F8A53040F20113A0F812
:101EE0002F3103681A68BA4240F0D781B0F8302128
:101EF000002A00F0EC80402280F82F91022680F822
:101F0000A6201B6815F8011CBB4238D133460135A9
:101F1000C2180133AA4580F82F31A06A82F8A510B3
:101F2000D1D1FFF75DFDA36A002B00F0C181E16D07
:101F3000002249481B6981421A6100F2A381474C83
:101F4000012047494FF430329C6458629962DA624A
:101F50009C6C00204FF0011101221C6518629965EC
:101F60001A61BDE8F0874148814240F29E814048B5
:101F7000404998645A62404A9962DA623EE798475B
:101F8000A06A9DE7636A002B00F08880D97CD4E9C1
:101F90001920002939D072B6D97CCD0708D54FF069
:101FA000E0265F69D6F880513D409D62C6F88051B9
:101FB0008F0708D54FF0E0269F69D6F884513D4041
:101FC000DD62C6F884514E0708D54FF0E026DF6980
:101FD000D6F888513D401D63C6F888510D0708D5D5
:101FE0004FF0E0261F6AD6F88C513D405D63C6F87D
:101FF0008C51C90608D54FF0E0255E6AD5F89011DE
:1020000031409963C5F8901162B699688A423BD015
:102010001A499A6089691A4DC1F30116C1F38261A8
:1020200055F826600131B6FBF1F5002A00F0468133
:10203000AA4200F24781B5FBF2F1B5FBF1F5AA42E5
:1020400001D20D46691CB1F5817FC0F03D810D4A7A
:10205000DA601AE0AC4601207F1A06003B372819E7
:10206000B80B0505282C0060E92001003F420F0055
:102070000A09070460090101007F050000C00F4044
:10208000A8200020FF7F7F00DA681B68002119610B
:102090000321596201211A6418661961626C616D2D
:1020A00013688E4823EA01031360FFF72BFDB4F990
:1020B0000830402B7FF4B3AE20218948F4F7B8FAFA
:1020C000218987481F31C9B2F4F7B2FAB1E6022676
:1020D000F6E6226C216D1368676A0B43136086B1C4
:1020E000A16B06EB050CE36B15F8012B002F39D023
:1020F00038684266C26D12F4F81FFBD0426F654526
:10210000F2D1626C616D13680B431360002F3FF4D2
:1021100028AFFB7C002B3FF424AFDC0704D5B96A61
:102120004FF0E022C2F80011980704D5F96A4FF089
:10213000E022C2F80411590704D5396B4FF0E022B0
:10214000C2F808111A0704D5796B4FF0E022C2F8E3
:102150000C11DB067FF505AFBA6B4FF0E023C3F837
:102160001021FEE6086812F0800FA66C0CBFB04389
:10217000304312F0400F08601868E66C40EA060031
:1021800018601868E66C20EA060018600868A66CFB
:102190000CBFB043304312F0200F08601868E66CA3
:1021A00040EA060018601868E66C20EA060018602D
:1021B0000868A66C0CBFB043304312F0100F0860E3
:1021C0001868E66C40EA060018601868E66C20EAB9
:1021D000060018600868A66C0CBFB043304312F0CC
:1021E000080F0860E66C186840EA06001860186876
:1021F000E66C20EA060018600868A66C0CBFB043C5
:10220000304312F0040F08601868E66C40EA0600DC
:1022100018601868E66C20EA060018600868A66C6A
:102220000CBFB043304312F0020F08601868E66C30
:1022300040EA060018601868E66C20EA060018609C
:102240000868A66C0CBFB043304312F0010F086061
:102250001868E66C40EA060018601868E66C20EA28
:10226000060018600A68A06C14BF024382430A602B
:102270001A68E06C02431A601A68E06C22EA0002F5
:102280001A603CE7174881420CD9174C1748184987
:102290009C645A629862D9625AE6402102269047AD
:1022A000A06AFDE5134C1448F1E71248124960E6B4
:1022B000676A26E740219847A06AE2E58E42BFF4AC
:1022C000C1AEC5E60022C3E60229FBD902394D089A
:1022D0002A0242EA05420A43BAE600BF282C0060FF
:1022E000AC4601203F420F000A09070460090101C2
:1022F000007F05001C1A120C100E0202F8B50D46E4
:1023000072B63D4A00233D49841C91610221D1618E
:1023100040F20641C2F8A030C2F8F0124FF470212A
:10232000C2F8F432C2F8F832C2F8FC3220F01F03CF
:10233000C2F8A4100121C2F8B010BFF34F8F4FF0C4
:10234000E022C2F85C3F20339C42FAD8BFF34F8FA3
:10235000BFF36F8F284A5369DC07FCD50123284956
:1023600020F07F40244C53614026C2F8F01242F224
:102370000121244FC2F8F4122349C2F8BC30C2F83C
:10238000A0000220C2F8A410C2F8B03001E0590643
:1023900027D46369DA07FAD541211C4B0020164A7D
:1023A00061610121C4F8F032194DC4F8F402194CEE
:1023B000C2F8B810C2F8A000C2F8A450C2F8B01019
:1023C0005369DF07FCD551612378DE07F0D4136829
:1023D000094943F0010313600B68DB07FCD462B6C4
:1023E000F8BD2946024618B10544384603F0C6F840
:1023F00000206661CDE700BF00802A40F05AF05A05
:102400003204180880812A4002000F0005040124CC
:1024100001000F0000812A40C14B0021C14A2DE973
:10242000F04F1B7883B0DFF874A303F01F03BE4D99
:102430009AF800B0052BBD4B1B8894BF03EB4303F8
:102440009B00C5E900111360C5E90211BBF1000F43
:102450003AD0B7484FF0010EB64CDFF84493DFF89E
:102460004483B54F10F8013B362B4FEA031C04EBB5
:10247000031226D854F80C3003F1040CC3F387334D
:10248000032B1ED8D26855F8236092FAA2F208F8FE
:102490000130B2FA82F209F801200EFA02F246EA9D
:1024A000020BA64E45F823B057F823B02BEA020BD7
:1024B00047F823B05CF806301A434CF806209AF827
:1024C00000B001315945CDD3974B03F11001BFF353
:1024D0004F8F4FF0E022C2F8703F20339942FAD874
:1024E000BFF34F8FBFF36F8F954A9FED967AD2ED72
:1024F000007AD2ED006AF8EE677ADFED935AF8EED3
:10250000666A9FED926A864B67EE877A92ED007A53
:1025100066EEA56A1B78B8EE477A8D4EFCEEE77A38
:1025200003F0C003FCEEE66A27EE067A402B17EEB6
:10253000901A16EE902ABCEEC77A8FB290B237820C
:1025400017EE102A708292B2B28208D17F0040004A
:102550005200BFB280B292B237827082B2827D4B9B
:102560004FF0250800244FF0050ED98B43F20B0CD9
:102570004FF4804BDFF8309221F007010904090C79
:10258000D983A3F80E804FF041087349A3F8148053
:102590005C81DC801F801F8243F22307DFF80C82FE
:1025A0009F81A3F82EE05C85DC841884188641F6B0
:1025B0001D50A3F82CC0A3F84EE0A3F84A40A3F89E
:1025C0004640A3F84020A3F85020A3F84CC00B6F5E
:1025D00043F440030B671D21604B1A8802F47F42CD
:1025E00042F024021A801A88D2B242F414521A809D
:1025F0005A8802F47F4242F026025A80A3F88400EF
:10260000A3F886105648FCF7CFFF464BB2694FF44B
:10261000A07C19685348C900156050608FB25249B8
:10262000D46091615149C2F8088011610821D782B4
:10263000A2F814B0D78396F81CE091834C4F4D4A12
:10264000D9F8003047F82E4047F82E204A4A4B4828
:102650001A604B4AA3F814B01A614A4AA3F816C08C
:102660005A60A3F81EC09B619C83C3E90284FCF7F7
:102670009BFF0368D9F80020998BDFF834C121F063
:1026800080010904090CD2E9009E9983D2E902175E
:10269000C3E9009E99600179DF600CEB511001F0F5
:1026A0001F0E4FF0010C80000CFA0EFCD2E90479E9
:1026B000D2E906E2C3E90479C3E906E22C4F0BB282
:1026C000314A103147F8234047F823202F4B304A36
:1026D00043F82120C0F800C02E48FCF765FF114BDD
:1026E00021491868336A1F4A9961C1005A6089B24A
:1026F000234A1D601A61D982D983882196F8242043
:1027000099832146C3F80880A3F814B0DC60224BFB
:1027100047F8224047F822309AF800204AE000BFEC
:1027200054930120B43B0120E08A20204C930120E7
:1027300058930120381D002068C00A4000801BFE0D
:1027400020450020ACC5A735B00FA1349C534935B6
:102750009093012000801E4000C00F4000C03B400D
:10276000A8930120080002230000FFFF84801B4083
:1027700000C00E401E00008080302020A43B0120BD
:1027800088801B40080002031F000080004C0020CE
:10279000213E0100B09301205E000080B83B012083
:1027A000F43B0120BC3B0120403C01201000007C98
:1027B000403800380A4D00FB02F22868019202F00E
:1027C000DFFD084B186830B1019A214603B0BDE81F
:1027D000F04F02F0D5BD2A681A6003B0BDE8F08F53
:1027E0002C3C0120509301202DE9F04FDFF86C8242
:1027F00085B0D8F82020938B1B06FCD5844B854CE4
:1028000019682068DFF858A28142834D06D09AF8F3
:1028100000302A6803FB02F202F0B0FE7F4B4FF05B
:10282000050C7F484FF0250EDA8B41F2100600218F
:1028300092B2174603924FF4205227F00707BFB217
:10284000DF83A3F80EE0A3F82EC0A3F84EC0B0F8C3
:1028500084309BB21E43A0F88460B0F886309BB2EF
:1028600043F01003A0F886306E4802F089FD296815
:102870006D4850290A469AF8003028BF502202605D
:10288000002B00F0C28023684FF0010B674F00243B
:10289000674EDFF890910193029501E0029B196861
:1028A00016F8013B17F8010B019D0BFA03F309EB36
:1028B0008000009201FB04510134F4F7F1F89AF81A
:1028C0000030009A9C42E9D3029D564B09EBC2109E
:1028D000BFF34F8F4FF0E021C1F8703F2033984293
:1028E000FAD8BFF34F8FBFF36F8F296850296ED886
:1028F000D3005048504C082102689BB2C2F80090A7
:102900001461D382918398F824104FF47A7A4B4A59
:10291000B8F81030117798F81C400133DFF8449173
:10292000D4769BB200790124DFF820B1D076D1763D
:1029300002F5801200214248518153854149A2F895
:102940004A30414B53E8002F0E68076843E80042C5
:10295000002AF7D1DBF804E02A68AEEB070ED9F8BD
:1029600000C00AFB06F6D8F8287002EB8202AEFB24
:102970000CECF61B5200BCF57A7F94BF664406F55A
:102980007A7602F596729642DCD3039A0126234C9E
:1029900042F00702E28353E8002F0C68056843E821
:1029A0000062002AF7D1294B5B684FF47A71D9F89D
:1029B00000205B1B01FB04F4A3FB02328A4294BF9C
:1029C000A4186418C8F8284005B0BDE8F08F204B63
:1029D0004FF4A074174878291A68174E0368C3F893
:1029E00000901E614FF00006DC829E834FF01206BD
:1029F0009E83184B1360D48204D99683164B012210
:102A00001A7080E710239383F8E7DFF818905CE7EB
:102A1000509301202C3C0120B43B012000801E403B
:102A200000C03B4080302020B03B0120BC3B012057
:102A3000F43B0120A43B012088801B4000800E4015
:102A40003C3D0120383D0120343D0120001000E0D4
:102A5000403C012080442020AC3B01209093012089
:102A6000B83B0120403D0120F6EE006A91ED017A6D
:102A7000D1ED007A27EE267A67EEA67A80ED017A0C
:102A8000C0ED007A704700BF2DE9F04704461546B7
:102A9000501CE268904214D822780E4661685200B9
:102AA00081F8A52040F20112A1F82F219BB167689F
:102AB0001A4A3968D1F80480904504D1B7F830211A
:102AC0008AB9BDE8F087194638460122C0478046DA
:102AD000B8F1010FF5D12A46314620460123BDE861
:102AE000F047F4F753B997F82F21892A0FD04FF008
:102AF0000109C84607F1A50019461044424602F0F4
:102B00003DFD97F82F31994487F82F91E0E7012197
:102B10004FF000097960C846ECE700BF9D31010025
:102B2000B4EE400BF1EE10FA80F1A580B0EEC07B60
:102B30009FED6C6BB4EE467BF1EE10FA00F39080E3
:102B40009FED6A7BB4EEC70BF1EE10FA00F38180C3
:102B50009FED687BB4EEC70BF1EE10FA00F1B68082
:102B6000B5EEC00B30B5F1EE10FA2DED028B8DB045
:102B70007DD400259FED617B30EE070BFCEEC07B22
:102B8000B8EE678B17EE903A30EE488B002B76D17B
:102B9000302321208DF82D303DB101382D22C0B2D7
:102BA00000F130036B4403F8242C564C23782BB1EE
:102BB00003ABC0F122011844F0F748FCB2EE046BFD
:102BC0002E2322788DF80C3028EE067BFCEEC75BB6
:102BD000CDED015A9DF8043005EE903A3033B8EE51
:102BE000E55B8DF80D3037EE457B27EE067BFCEE7E
:102BF000C75BCDED015A9DF8043005EE903A3033B5
:102C0000B8EEE55B8DF80E3037EE457B27EE067BA0
:102C1000FCEEC75BCDED015A9DF8043005EE903A0D
:102C20003033B8EEE55B8DF80F3037EE457B27EE9D
:102C3000067BBCEEC77B17EE103A30338DF81030B0
:102C40001AB1052103A8F0F701FC0DB0BDEC028B11
:102C500030BD2C4B1B788BB103212B48F0F7F6BB12
:102C6000284B1B7853B103212848F0F7EFBBB1EE96
:102C7000400B01257EE7234B1B7863BB7047244C38
:102C8000092B4FF02100A4FB032E4FEADE0E0EEBC2
:102C90008E02A3EB420202F130028DF82D207FF666
:102CA0007BAFA4FB0E3201387146D208C0B20929AD
:102CB00002EB820300F1300CAEEB43039646EC448A
:102CC00003F130030CF8243CEBD865E70D4B1B787F
:102CD000002BC1D1704703210E48F0F7B7BB00BFEE
:102CE000AFF30080FFFFFFFFFFFFEF7F000000E07A
:102CF000FFFFEF41000000E0FFFFEFC12F431CEB9F
:102D0000E2360A3F303D0120E8400020E440002048
:102D1000CDCCCCCCE04000202DE9F047884682B0F5
:102D20000168174605460A9A002971D0446891F84F
:102D300013C0D4E9000ABCF1000F3FD072B691F87D
:102D400013C01CF0010F08D04FF0E0294E69D9F8EC
:102D5000804134408C62C9F880411CF0020F08D0D9
:102D60004FF0E0298E69D9F884413440CC62C9F82B
:102D700084411CF0040F08D04FF0E029CE69D9F847
:102D8000884134400C63C9F888411CF0080F08D012
:102D90004FF0E0290E6AD9F88C4134404C63C9F8F1
:102DA0008C411CF0100F08D04FF0E02E4E6ADEF878
:102DB000904134408C63CEF8904162B68C68844276
:102DC0001BD05C4C8860A469DFF87CC1C4F3011E91
:102DD000C4F382645CF82EE00134BEFBF4FC0028EE
:102DE00040F08880A64506D30CF10104B4F5817F3C
:102DF000C0F093805048C86000E0C86809680024AB
:102E00000C6103244C6208640120C1F860A00861D1
:102E100095F90E10481C4FD17AB102F1FF395C1EB2
:102E20000DF10706994414F8013F314628468DF804
:102E30000730FCF78DFBA145F5D17FB1013F08F1CB
:102E4000FF340DF10706474414F8013F3146284688
:102E50008DF80730FCF77CFBBC42F5D195F90E30BC
:102E60005E1C38D12B6823B3DA7C12B3D50704D5A6
:102E7000986A4FF0E021C1F80001940704D5D86AA0
:102E80004FF0E021C1F80401500704D5186B4FF052
:102E9000E021C1F80801110704D5586B4FF0E0217B
:102EA000C1F80C01D20604D59A6B4FF0E023C3F8A9
:102EB000102102B0BDE8F087C9B23629ACD80C01A8
:102EC0001E4800EB01110059CC68466826421CD010
:102ED000C0F88840A0E7DBB2362BC3D81901174AE7
:102EE00002EB03135258D9685068084211D0C2F857
:102EF0008410B7E784451BD3BCFBF0F4BCFBF4FCA7
:102F000084457FF673AFA4466EE789680C48086075
:102F100082E79B680B4A1A60A4E7022C08D9023C9E
:102F20004FEA540C4FEA0C4040EA0C20204362E781
:102F3000002060E700C00F40FF7F7F00381D0020A9
:102F40003830010038F00100A82000202DE9F843B6
:102F5000044600680D4616468842A36816D8C21873
:102F6000914213D20F1A4FF001096EB103EB06081C
:102F7000626890450DD8B9F1000F1BD1294618445D
:102F800002F07EFAC4F80880BDE8F8834FF000092B
:102F9000EBE708F1010103F021FB0028F4D0A3685E
:102FA000C4E90008002BE6D103702068A368B9F1DA
:102FB000000FE3D03246C119184402F0DFFA23684B
:102FC000002203F80820DDE7F8B5002504460F4687
:102FD000056008462573C4E9015502F07FFB68B11E
:102FE0000646013003F0EAFA40B139460570206028
:102FF000C4E90166BDE8F84002F042BAF8BD00BF7E
:103000000368F0B45BB300249C600124DC60244CB2
:10301000244D1C44241145F8241003211A60224A2F
:1030200099600379214D13551378517820488B42CC
:10303000C0F8285228BF0B469178D2788B4228BF1F
:103040000B46934228BF13461A484FF0E0224FF038
:10305000806180F87A30C2F80C11F0BC7047164ECF
:103060004FF0010C154CF56E154F45F44055F566C3
:10307000C7F800C0A568046075B1124DA669056067
:1030800066B11035A66A056046B1A56B30340460A0
:1030900015B10360F0BC70472346B8E72B46B6E78E
:1030A00000BFF7BFE04E00203845002049A70000D0
:1030B000004C002000E400E000C00F400041084048
:1030C0000040084010410840F8B504461546BAB122
:1030D00043680E469A4206D831462068A560BDE88E
:1030E000F84002F0CDB9511C006803F077FA0746AA
:1030F00060B1A368C4E90005002BEDD10370EBE7D4
:10310000036803B11A700023A360F8BD206810B1F2
:1031100003F05CFA27600023C4E90133F8BD00BF67
:10312000002200F1240370B5554C00F5DB65C26048
:1031300004600024026142618261C261026200F1A6
:10314000300242F8044C42E903440C329542F8D173
:1031500000F2D565C0F8CC46C0F8D04600F67D56E2
:1031600080F8D4462A46002414600C3242F8084CF9
:1031700042F8044CB242F7D100F580529FED416A0B
:1031800080F87D4DF6EE004A02F66476A0F87E4D9A
:10319000C0F8804DF0EE465AA0F8844DF0EE466A35
:1031A00082F85E4FB0EE467A86ED006AF0EE467A1F
:1031B00086ED016A02F66C76334C02F6747286ED87
:1031C000006A4FF0000E86ED016A4FF6FF7C82ED3B
:1031D000006A00F1100682ED016A00F68452017265
:1031E000211D446011ED016A033391ED005AB4EEE4
:1031F000E66A23F803EC03F801ECA3F8AEE6F1EE7F
:1032000010FA83F8B0E6B4EEE55A76FE866AF1EE7F
:1032100010FAB4EEE76AD4BF0C463446F1EE10FA69
:1032200001F10801B4EEC75AD4ED005AC0ED036AAB
:1032300058BFF0EE467AC0ED045AF1EE10FAC0ED38
:10324000057A58BFB0EE457A9D4237EEA65A37EE62
:10325000256A80ED067A25EE245A26EE246A80ED52
:10326000075A80ED086A22F802CFA2F876C4A2F8C5
:10327000ECC8A2F862CDB5D1BDE87040E2F782BAE1
:10328000583C002000000000F078202010B4104CC2
:10329000034680ED0B0A4FF0000C04600020122260
:1032A000996198829886C3F81CC0C3F820C0C3F8FF
:1032B00024C0C3F828C0C3F830C0C3F838C0C3E97D
:1032C0000100C3E90300181D5DF8044B03F0FAB8D0
:1032D000B43C002026490346DFF8A0C0002230B5E8
:1032E00043F8081B0025014600F52274C3F800C00E
:1032F000203343F81CCC43F8182C43F8142C43F823
:10330000102C43F80C2C43F8082C43F8045CA3421F
:10331000ECD100F55E74DFF868E04FF0000C154A60
:10332000C3F800E00C3343F808CC43F8042CA34264
:10333000F6D10022012400F52073A0F84425027183
:10334000C0F80825C0F80C25C0F81025C0F81425D1
:10335000C0F81825084A80F84645026120308342AB
:10336000FBD14FF03F4241F8202F9942FBD130BDB5
:10337000C83C00200AD7233C000080BF6F12833A6C
:10338000CDCC4C3D4FF07E5C70B50446C0F800C01B
:10339000C0F810C090B0C0F838C000201D461646D6
:1033A0002062E062A06460650B6860620993214B53
:1033B000A06220636063E0642065A065E0656060F2
:1033C000A060E0606061A061E061E063206460642F
:1033D0005868D1F808E0D1ED017A09A9B3F800C026
:1033E0009A68DB680D9005A8CDED0A7ACDF82CE03F
:1033F000ADF830C00E920F93FCF778FA059B01AA46
:1034000005A804F110010193069B0293079B039307
:10341000089B0493F0F72EF932687368B068296846
:10342000226263626A68AB68A062E16222636363DE
:1034300010B070BD0051012000234FF07E52436058
:1034400002608360C360026143618361C3610362A0
:1034500043628362C262026342638263C363036442
:1034600043648364C364036543658365C3657047D0
:1034700010B54FF0040E0446944688B080F800E082
:103480004FF07E5000226060E061206460640020A4
:10349000A4F848200DEB0E02A062E0622063606396
:1034A0002062606291ED006AD1ED016A02A99CED93
:1034B000007ADCED017A37EE065AA06077EEA65A64
:1034C000E06020616061A061A0630E4884ED0A6A3B
:1034D000C4ED0B6A84ED0C7AC4ED0D7AE06304A8A8
:1034E0008DED025ACDED035AFFF7BEFA05991A4643
:1034F000DDF810C06162211DC4F820C0F0F7BAF8F1
:1035000008B010BD00002041002310B443600381C7
:10351000054C0A888B78046082805DF8044B8371C7
:10352000A0F8072043727047F43C0020D24BD348E8
:10353000D349D44A2DE9F04F2DED028BC3E9001099
:10354000A1F580410024D04D83B0116000F17001DD
:103550009C6200F1E8099C8705F1180051604FF466
:103560007A7B9462C94EDFF8A0A3DFF8A083C84F2E
:10357000C3E90244C3E90444C3E91044C3E9124463
:10358000C3E90644C3E90844C3E90B44C3E90D4455
:10359000C2E90244C2E90444C2E90644C2E908445B
:1035A0009487D4629463C2E90C44C2E91044C2E92E
:1035B0001244FBF7F9FFB74AB74900F075FCB7486A
:1035C000FBF7F2FFB34AB44900F06EFC05F12000AE
:1035D000FBF7EAFFAF4AB04900F066FCB04B21466A
:1035E00006F11A0003F12002C6F8009074601A6018
:1035F0008822AC4B34733361C6F808B03483C6F804
:1036000014A001F0BDFE8922214606F1A500A6F80E
:10361000A24086F8A44001F0B3FEA34B88222146C5
:1036200008F11A00C8F810300AF1500388F80C406D
:10363000A8F81840C8F81430C8F80090C6F82E4111
:10364000A6F8324186F83441C8E9014BC6E94E4438
:1036500001F096FE8922214608F1A500A8F8A240B3
:1036600088F8A44001F08CFE0AF1A00388222146CC
:1036700007F11A007B618D4BC7F808B0C8F82E41DE
:10368000A8F832417C603C733C833B61C7F80090F2
:103690004FF0000988F83441C8E94E4401F070FE4B
:1036A0008922214607F1A500A7F8A24087F8A44087
:1036B00001F066FE4FF07E53C7F82E41A7F8324165
:1036C0002B60C5F80490C5F80890C5F80C9087F8F1
:1036D0003441C7E94E44F3F727FC754A7549764BE8
:1036E00011600421D46211634FF48071C2F8D49048
:1036F000C2F8E41003F53851C2F8D890C2F8DC9053
:10370000C2F8E090C2F8E890C2F8EC906B4A1A60F8
:103710005C3303F8084C43F8049C8B42F7D15D4AB4
:103720004FF0010A66494FF0C808664800F0BCFB3C
:10373000654B6648102266499A800460554A00F03D
:10374000B3FB644B64481C86C3F800A0C3F82C90FC
:10375000624B504A6249A3F80480046000F0A4FB65
:10376000604B614FC3F800A01C86C3F82C905F4BE0
:10377000DFF89CA1A3F804804FF4C878F0F704F8B0
:103780004FF07C514FF07F4307F11402F9604FF086
:10379000804107F1240C3A6379640221A7F84C4078
:1037A00039715349534C39610AF11C01C7F83490FF
:1037B00039620AF13001C7F8089079654E49C7F8B7
:1037C0003890B9664D49C7F83C90F9664C49C7F83E
:1037D000409039674B49C7F848907967C7F85090CF
:1037E000C7F800A0C7E906334FF0FF237B614FF015
:1037F0007E5307CAFB653B667B668CE80700C7F80B
:1038000078904FF48072FB670AF13C01C7F8803072
:1038100007F58670C7F88C30C7F89430C7F8AC301D
:10382000C7F8B430C7F8C030C7F8C430C7F8E030C4
:10383000C7F8E430C7F8F030C7F8F830C7F8884068
:10384000C7F89840C7F8A040C7F8A440C7F8B840E8
:10385000C7F8CC40C7F8D040C7F8D840C7F8EC400C
:10386000C7F88490C7F89090C7F89C90C7F8A890C4
:10387000C7F8B0904EE000BF003B0120003D0020A3
:1038800000003A40503B012090930120483D012028
:10389000C0390120B4450020553D0100A43B012062
:1038A000403C012000003F4000803F4000C03F40BE
:1038B000DC630120CDCC4C3E4C650120CDCC4C3D91
:1038C00071C80000FC4400201C470120A43E0120D8
:1038D000093F0100A8510120883E01209C51012090
:1038E0003133010064510120E84801205851012082
:1038F000CDCCD440000080BFAE67BB3E8C65583E47
:10390000ABAAAA3EABAA2A3E2C2C0060803801202C
:103910000C3E0020C7F8BC90C7F8C890C7F8D490F8
:10392000C7F8DC90C7F8E890C7F8F490C7F8FC40F7
:10393000C7F80091C7F80441C7F8084101F01EFE1E
:103940000AF13C014FF4807207F5037001F016FE96
:1039500007F12003BB6501F0F1FD044601F0EEFD27
:1039600057FA80F057FA84F3B8F1010890F80C1276
:1039700093F80C2283F80C1280F80C22EBD1E64964
:10398000E64801F5007CE64CC01B431857FA83F368
:1039900093F80C22A4FB02E301F8012F8C454FEAB7
:1039A000D30303EB4303A2EB830281F80022ECD1A3
:1039B0009FEDDC8A4FF00008DB48F7EE008ADB4A17
:1039C000DB4980ED008AA0F20C7000F06DFAD94B53
:1039D000D949C3F81C801960596083ED028A83EDD0
:1039E000038A83ED048A83ED058A83ED068AD34B2F
:1039F000D34F83ED008A83ED018A3846D14BD24CF8
:103A000083ED008A83ED018A04F1200BCF4BD04A6D
:103A100083ED008A83ED018ACE4B40F8044B83EDA1
:103A2000008A83ED018A4FF6FF73C2F81C80116093
:103A3000516001A982ED028A82ED038A82ED048A37
:103A400082ED058A82ED068AADF804308DF80630E5
:103A5000FFF75AFD6FF07F433861A7F818809C226A
:103A60007B61202187F8728107F1380087ED078A92
:103A700087ED088A87ED098A87ED0A8A87ED0B8A28
:103A800087ED0C8A87ED0D8A01F07AFCDFF8189338
:103A90009C22202107F1D400DFF810A301F070FC74
:103AA0003846A24AAC4900F0FFF9AC4F4846C9F885
:103AB000088089F80C809C22A949C9E90088FFF791
:103AC00003FB4846994AA74900F0EEF93846C7F883
:103AD00008809C2287F80C80A349DFF8D492C7E9BC
:103AE0000088FFF7F1FA914A9E49384600F0DCF968
:103AF0009E489F4B4FF0010880ED038AC3634FF44B
:103B0000000380ED048A03644FF4803380ED058A5E
:103B1000436404F1140380ED068A036080ED078A94
:103B200080ED088A80ED098A80ED0A8A80ED0B8A93
:103B300080ED0C8A80ED0D8A80ED128A80ED138A6B
:103B400080ED148AC0ED0E8AC0F80480E8F71AFDF3
:103B50008AED018ACAF800B004F12C0A89ED018AC5
:103B6000B6EE002AC5F82CA00221DFF848A24FF0DB
:103B7000100EDFED807A0322C5F848A004F1380A60
:103B8000DFED7D6A4FF0140CC9F800A04FF01E0A5B
:103B90009FED7A7AB1EE025A89F808A004F144093F
:103BA000DFED772AF0EE0C4A9FED763ADFED763ABC
:103BB0009FED764AC5F8809004F1500985F84010D1
:103BC00085F8501085F8601085F8701085ED0C8A26
:103BD00085ED0D8A85ED0E8AC5ED118AC5ED1D8A2C
:103BE00085ED218A85ED248A85ED0F2AC5ED1F7AA2
:103BF000C5ED156AC5ED196A85ED167A85ED1A7A57
:103C000085F888E085F894E0C5ED132A85ED173A2C
:103C1000C5ED1B3A85ED1E4AC5F88C9085ED278AC7
:103C200085F8AC1085F8BC1085F8CC1085F8DC1050
:103C300004F15C01564FC5F8981056495648C5F82E
:103C4000B41004F168019FED556AC5F8EC1004F159
:103C50007401534B396004F18001DFED525A85ED58
:103C60002A2AC5ED2E2A85ED323AC5ED363A85ED84
:103C7000394A85F8F4E085ED288A85ED298AC5ED75
:103C80002C8AC5ED306AC5ED346A85ED317A85ED53
:103C9000357AC5ED388AC5ED3A7A85ED3C8AC5F8A6
:103CA000F82085ED3F8A85ED406AC5ED417A87EDC4
:103CB000018A87F808C0FA6087ED048AC7ED058A93
:103CC000016004F18C0183ED018A83F808C01A7346
:103CD00083ED048AC3ED058A83ED065A1A7783EDD6
:103CE000088AC3ED098AC3ED0A5A83F82C2083EDB4
:103CF0000C8A83ED0D6AC3ED0E7A196004F1980306
:103D0000C7ED064AA434C5F80831C0ED064A80ED77
:103D1000018A80F808C04FE0F34B0120F5FCFFFF5B
:103D2000ABAAAAAA00000000F44F0120B44500206D
:103D3000D5C800004C4701206F12833A6C47012020
:103D400074470120F84F0120503F002020510120EE
:103D50002C47012028510120CDC8000044510120EA
:103D60009042002061C8000030430020A85001208C
:103D7000FFFF7F7FCDCC6C400000C0C20000C0427E
:103D800033331340CDCC2C409A99D93F0000C84220
:103D90001465012000409C45306501200000B443BB
:103DA000D8640120CDCC4C4030510120105101206D
:103DB000CC64012000004042C26080ED048AC0ED66
:103DC000058A85ED485A85ED438A85F810C185F846
:103DD000142185ED468AC5ED478A85F8242185EDB5
:103DE0004A8AC5ED4B8AD5F85031C5ED4C5ADB07F0
:103DF00085F8342185ED4F6AC5ED507A85F84CC1C0
:103E0000C5F8444185ED4E8A85ED528A2DD5EFF7F0
:103E1000BBFC1A4800231A494FF0FF32194C1A4DC7
:103E20004362C362C0F8332080F83720866285651C
:103E3000C0E90131C0E90313144901601449C0E924
:103E40000524C0E90733134C0723134A416613497D
:103E50008366C46500F028F8EFF796FC03B0BDEC6C
:103E6000028BBDE8F04FF3F7E1BD0B4A0C490D485A
:103E7000C5F8508100F018F8C9E700BFAC46012032
:103E80008000400001010001801A0600D8360020A1
:103E900000093D00A0860100B4450020053901005D
:103EA00071C800000445002003460846194601F089
:103EB000B9BA00BF08B52DED028BB0EE408A00F014
:103EC00055FDB4EE488AF1EE10FA0FD6B5EEC08A71
:103ED000F1EE10FA0AD8B5EE408AF1EE10FA08D1E8
:103EE00001F048FA22239FED090A0360BDEC028B22
:103EF00008BD01F03FFABDEC028B034621221A6097
:103F00000348BDE8084000F0E7BA00BF000080FFAA
:103F1000A440002008B52DED028BB0EE408A00F0E1
:103F20000FFBB4EE488AF1EE10FA06D6DFED098AEF
:103F3000B4EEE88AF1EE10FA02D4BDEC028B08BDB3
:103F400001F018FA88EEA80ABDEC028B2123036069
:103F500008BD00BF00000000000000002DE9F04F88
:103F60005BEC10AB2DED0A8B4FEA1B5C11EE90EA77
:103F70000CF1FF3640F2FD70864210EE101A11EE81
:103F8000103A89B05A4665464FEA1E5400F2C68080
:103F9000C4F30A06A6F2BE367F2E98BF002000F2B8
:103FA000BD80BFEE000BE14CE14B1444C4F3463539
:103FB00003EB451693ED006B93ED027B96ED128BB0
:103FC00096ED189B96ED162B260D241505EE904ABE
:103FD000360593ED0C4BB8EEE55B951BA5EE062B75
:103FE000A5EE079B93ED04AB93ED105B93ED08BB3F
:103FF00093ED067B93ED0A6B93ED0E3B0C1E45ECA7
:104000001C4BACEE080BA0EE053BA0EE046B20EEC3
:104010000A5B30EE024B20EE058BA0EE0B7BA8EE88
:10402000036B32EE442BA8EE067B32EE002BB0EE93
:10403000483B39EE022B95EE003B34EE085B20EE58
:10404000080B34EE454B32EE036B34EE084B36EE84
:10405000046BA0EE076B35EE064B21EE048B18EED9
:10406000902AB0EE487BC2F30A556FF47273EB18D6
:104070003E2B91EE047B35EE445B35EE065BA1EE04
:10408000057B00F29380AB4B93ED024B93ED005B0D
:10409000B0EE441B93ED042BA8EE051B93ED066BCD
:1040A00011EE101A31EE441B01F07F0293ED0E4B1E
:1040B000A1EE028BA1EE068B93ED0C6B37EE087B25
:1040C00027EE072B921802F10F0403EBC202A7EEB2
:1040D000046B92ED1C4B03EBC40293ED0A3B93ED92
:1040E000085B53F834605768A7EE035B4018002460
:1040F00022EE023B37EE047BA219A2EE057B07EB12
:104100004033A3EE067B002D5FD043EC102BA7EECF
:10411000000B09B0BDEC0A8BBDE8F08FD8184EEB50
:104120000E09461E37466FF0010849F1FF36B845C3
:104130006FF4001777EB0606C0F02081481842EBB9
:104140000209461E374669F10006B8456FF40017AC
:1041500077EB0606C0F03981002A6ADB0020C4F341
:104160000A06A6F2BE337F2B40F2FF774FD9724B7F
:1041700000209A4208BF814200F0FD8040F2BD3528
:10418000AE4240F29180012972EB030334BF012358
:104190000023BC428CBF00240124A3420ED109B0ED
:1041A000BDEC0A8BBDE8F04F00F060BC002BC0F204
:1041B000CE80B5F5816F75D9002AF0DB09B0BDEC72
:1041C0000A8BBDE8F04F00F059BCA14280F2138188
:1041D000B7EE003B03F17F5101F50011104641ECB1
:1041E000150B27EE057B35EE076BB0EEC64BB4EE34
:1041F000C34BF1EE10FA61D49FED480B26EE000B95
:1042000009B0BDEC0A8BBDE8F04F00F067BC002D93
:104210007FF4C7AE9FED437B4BEC16AB26EE077BDE
:1042200053EC172B23F0004217EE101AA2F1507234
:10423000B7E6C4F30A0640F2FE3086427EDD40F265
:104240003340864200F3FA80801BA0F120054FF036
:10425000FF374FF0FF39874009FA05F9C0F1200810
:10426000019547EA09054FF0FF3727FA08F945EAB3
:104270000905874023EA07072EEA05053D435DD17E
:10428000019DC3400EFA08F843EA08032EFA05FE22
:1042900043EA0E0303F00103980422F00042CCF33A
:1042A0000A055EE70025EEE688429341B7EE000B73
:1042B00034BF31EE000B30EE410B2AE7B5EEC06B98
:1042C000F1EE10FA35EE465BBFEE004B35EE075BC4
:1042D00058BFB0EE434B36EE043B34EE437B37EE33
:1042E000067B37EE057B37EE037B37EE446BB5EE8E
:1042F000406BF1EE10FA04D12A4601F0004343EC82
:10430000162B9FED065B8DED045B9DED047B27EE88
:10431000057B8DED067B6FE7AFF3008000000000AA
:10432000000010000000000000003043AB6A19C01C
:10433000100C0020800200200000F03F4BEC10AB7E
:1043400009B0BDEC0A8BBDE8F04F00F0B7BBB7EE8B
:10435000000B38EE000B00283FF4DBAEB1EE400B53
:10436000D7E64918594B82F400224FF00000524121
:10437000884293415DD3B7EE000BCAE650EA0904C8
:10438000EFD0534C0025A24208BFA94247D049189C
:10439000504B52418D4273EB02044AD3994508BFFA
:1043A000A84246D103F100439A4208BFA942E2D095
:1043B0009A426FEA0E0E34BF002201224FEADE7EDF
:1043C000724577D09FED3D0BA3E64BEC17AB002A6F
:1043D00027EE070B34DB002250EA09095DD1BEF15C
:1043E000000FBFF696AE104609B0BDEC0A8BBDE8D3
:1043F000F04F00F04BBB03F140419FED326B01F5F4
:104400007001104641EC100BA7EE000B20EE060BDE
:1044100009B0BDEC0A8BBDE8F04F00F06BBBDB18B8
:104420002A4A8EF4002E4EEB0E0E9D4272EB0E02C7
:10443000A1D24BEC17AB37EE010B6AE600202CE75C
:10444000C4F30A02A2F2FF313429C4D8C2F586624D
:104450004FF0FF31A2F11D05033201FA05F701FA11
:1044600002F4C2F120063C4321FA06F73C43914096
:1044700023EA01012EEA04042143ACD123FA02F21B
:104480000EFA06F632432EFA05F52A4312F001021F
:10449000A2D0B1EE400B01229EE7BEF1000FBFF6A5
:1044A00038AEB7EE006B86EE007B8DED027B9DEDA6
:1044B000020B2EE621EE010B2BE600BF00000000F0
:1044C00000000000000000000000007F0000F0FF7E
:1044D0000000F03F0000E0FF9FED010A704700BFC1
:1044E0000000C07F00F07EBB08B52DED028BF0EE22
:1044F000408AB0EE608A00F01BFCF4EE488AF1EED0
:1045000010FA06D6DFED098AB4EE688AF1EE10FAE9
:1045100002D0BDEC028B08BD00F02CFF88EEA80A8B
:10452000BDEC028B2123036008BD00BF000000002A
:1045300010EE103A23F0004300EE103A704700BF2F
:10454000B1EEC00A704700BF0000000030B510EEA9
:10455000104AC4F30A53B3F57D7FB7EEC06A83B047
:104560001BD226EE065BB3F5667F6ED326EE052BD7
:1045700025EE021B734B93ED1A3B93ED187B93EDE5
:10458000164BA5EE037BA2EE046BB0EE460BA7EE36
:10459000010BB7EEC00B03B030BD40F22E42934288
:1045A0005ED8684991ED087B26EE077BFDEEC77B60
:1045B00091ED0A5B17EE903A03F500031B1613F01A
:1045C000020F07EE903A01F1700208BF0A46D807C1
:1045D000B8EEE77BA7EE456B26EE067B1BD403F017
:1045E000030301EBC30192ED1A4B91ED002B92ED09
:1045F000185B26EE026B92ED163BA7EE045B26EEEF
:10460000074B27EE047BA4EE036BA5EE076BB7EE1A
:10461000C60B03B030BD92ED142B27EE075B92ED75
:10462000126B92ED0E3BA7EE026B92ED0C0B92ED2E
:10463000104BA7EE030B27EE057BA5EE040BA6EEB1
:10464000070BB7EEC00B03B030BD220D12F4FF6FA5
:10465000DFD1B7EEC55B00EE104A8DED015AD8E709
:10466000B3F5FF6F4BD2384BC4F3836203EB820088
:1046700053F822200569C4F31603C4F3C25143F46E
:1046800000038B40016A03FB02F2A3FB0110E3FB72
:10469000050202F100518D0F01F04041511A00F066
:1046A0003BFE2A4B9FED257B05EBD47441EC160BAA
:1046B00014F0020FA3F1700208BF1346E90726EEBB
:1046C000077B27EE076B1FD404F0030402EBC40240
:1046D00093ED1A4B92ED002B93ED185B27EE027BC6
:1046E00093ED163BA6EE045B27EE064B26EE046B1D
:1046F000A4EE037BA5EE067BB7EEC70B89E703B0FC
:10470000BDE8304000F022B993ED142B26EE065B95
:1047100093ED127B93ED0E3BA6EE027B93ED0C0B1B
:1047200093ED104BA6EE030B26EE056BA5EE040BE6
:10473000A7EE060BB7EEC00B6BE700BF182D445475
:10474000FB21193C581C002018400020C81C0020E8
:104750000000000038B510EE104AC4F30A53B3F558
:104760007D7FB7EEC07A1ED227EE077BB3F5667F5A
:104770006FD327EE071B634B93ED142B93ED125B66
:1047800093ED0E3BA7EE025B93ED0C0B93ED104BFC
:10479000A7EE030B27EE017BA1EE040BA5EE070BA2
:1047A000B7EEC00B38BD40F22E42934254D8554963
:1047B00091ED086B27EE066BFDEEC66B91ED0A5B83
:1047C00016EE903A03F500031B1613F0020F06EEE7
:1047D000903A01F1700208BF0A46D807B8EEE66BBE
:1047E000A6EE457B27EE076B1AD503F0030301EB1A
:1047F000C30191ED002B92ED1A4B92ED185B92EDF7
:10480000163BA6EE045B27EE027B27EE064B26EE58
:10481000046BA4EE037BA5EE067BB7EEC70B38BD99
:1048200092ED142B92ED127B92ED0E3B92ED0C0B60
:1048300092ED104B26EE065BA6EE027BA6EE030B76
:1048400026EE056BA5EE040BA7EE060BB7EEC00B2C
:1048500038BDB7EE000A38BDB3F5FF6F3DD22A4B25
:10486000C4F3836203EB820053F822200569C4F38A
:104870001603C4F3C25143F400038B40016A03FBE7
:1048800002F2A3FB0110E3FB050202F100518D0FC0
:1048900001F04041511A00F03FFD1C4B9FED177B8A
:1048A00005EBD47441EC160B14F0020FA3F1700267
:1048B00008BF1346E90726EE077B27EE076B10D5E6
:1048C00004F0030402EBC40292ED002B93ED1A4BAB
:1048D00093ED185B93ED163B93E7BDE8384000F08D
:1048E00035B893ED142B93ED127B93ED0E3B93EDC6
:1048F0000C0B93ED104B9DE7AFF30080182D445443
:10490000FB21193C581C002018400020C81C002026
:1049100010B582B08DED010A044600F02BFD9DED2F
:10492000010A046002B010BD9FED070AFFEE007A95
:10493000B7EE007A00284FF0220047FE277A87EE74
:10494000800AFFF7E5BF00BF0000000070EE407A6C
:10495000B4EE400A87EEA77AF1EE10FAB0EE470AFD
:1049600002D62120FFF7D4BF704700BF08B510EE74
:10497000103A33F000422DED028B2BD0002B32DBAE
:10498000B3F1FF4F41DAB3F5000F35DB0021DA1543
:104990007F3A0A44D10FC1F17F0102EBD272C3F317
:1049A000160307EE902A43EAC15300EE103AB8EE20
:1049B000E78A00F0B3F8DFED177A9FED177A20EE63
:1049C000270ADFED167AA8EE070AA8EE270ABDEC43
:1049D000028B08BDBDEC028B9FED117ADFED117AE1
:1049E00087EE270A08BDBDEC028B70EE407A9FED82
:1049F0000D7A87EE870A08BDDFED0B7A60EE277A25
:104A00006FF0180117EE903AC1E7BDEC028B30EE63
:104A1000000A08BDD95BDE3EDB27543580209A3E74
:104A2000000000CC000000000000004C10B582B077
:104A30008DED000B044600F09DFC9DED000B046025
:104A400002B010BD82B058B1B1EE407B8DED007B5D
:104A50009DED007B222020EE070B02B0FFF7E6BFA2
:104A6000B0EE407BF2E700BF000000009FED010BBD
:104A7000FFF7E8BF00000000000000109FED010BF1
:104A8000FFF7E0BF000000000000007082B00028C7
:104A9000B7EE006BBFEE007B06FE077B8DED007B63
:104AA0009DED000B9FED037B222080EE070B02B0F3
:104AB000FFF7BCBF0000000000000000B4EE400B98
:104AC000F1EE10FA30EE407B87EE076BB0EE460B4E
:104AD00002D62120FFF7AABF704700BFB5EE400BFA
:104AE000F1EE10FA00D070472220FFF79FBF00BF01
:104AF000000000009FED076BB0EEC07BB4EE467B7C
:104B0000F1EE10FA00DC70472220FFF78FBF00BFE4
:104B1000AFF30080FFFFFFFFFFFFEF7F10EE103AC3
:104B2000B3F17E5F10EE102A38D0A3F50001B1F189
:104B3000FE4F36D2BFEE000B02F14043264903F58B
:104B40004D03C3F3C34001EB001091ED404B91EDD9
:104B5000445B91ED467B91ED426BD90DC90590ED1B
:104B6000002B521A03EE902A90ED021BDB15B7EED4
:104B7000E33AA2EE030B03EE903A20EE002BA5EEF3
:104B8000007BB8EEE33BA6EE027BA3EE041B30EE07
:104B9000010BA2EE070BB7EEC00B70479FED0F0A9B
:104BA0007047590014D0B3F1FF4F14D0002B0BDB2A
:104BB000B1F17F4F08D2DFED0A7A60EE277A17EE67
:104BC000903AA3F13862B5E700EE103AFFF7BEBEA7
:104BD0000120FFF7A9BE7047F00A00200000000086
:104BE0000000004B10B582B0CDED010A019B23F00F
:104BF0000042B2F1FF4FF0EE407A30DC10EE100AC6
:104C000020F00041B1F1FF4F29DCB3F17E5F40D0CD
:104C10009C1704F0020444EAD07431B372B3B2F1C9
:104C2000FF4F3ED0B1F1FF4F28D0891AB1F1F45FA8
:104C30004FEAE15232DA002B40DA3C323EDA9FEDA5
:104C4000330A012C4CD0022C41D064B19FED307A54
:104C5000DFED307A30EE070A30EE670A03E09DEDB3
:104C6000017A37EE270A02B010BD022C0ED09FED5C
:104C70002A7A032C07FE000A02B010BD9FED270A16
:104C8000DFED277A002820FE270AECE79FED210AB6
:104C9000E9E702B0BDE8104000F0DAB89FED1F0A66
:104CA000CFE7B1F1FF4F04F1FF3420D0022C26D81A
:104CB0001C4B03EB840393ED000AD4E79DED017ACE
:104CC00087EE870AFFF734FC00F0C2F8B9E79FEDE2
:104CD000107ADFED107A30EE070A37EEC00AC2E72D
:104CE00010EE103A03F1004300EE103ABBE7022C3D
:104CF00008D80D4B03EB840393ED000AB3E79FED57
:104D0000030AB0E79FED090AADE700BF000000000D
:104D10002EBDBB33DB0F4940DB0F49C0DB0FC93F62
:104D2000DB0FC9BF04400020F83F0020DB0F493FE4
:104D300030B583B0CDED010A019D35F0004041D082
:104D400010EE10EA2EF00041B1F1FF4F3ADAB0F167
:104D5000FF4F37DC81423BDB0EF000443AD01EF0BF
:104D6000FF4F56D10B02002B6FF07D0204DD5B007C
:104D7000002B02F1FF32FADC15F0FF4F58D103028D
:104D80006FF07D0C03D45B000CF1FF3CFBD512F1FE
:104D90007E0F47DBCEF3160E4EF400031CF17E0FA0
:104DA0003ADBC5F3160141F40000B2EB0C0204D16A
:104DB00017E00FD04B00013A13D0191A0029F8DA86
:104DC0005B00F8E7DDED017A60EE277A87EEA70A4F
:104DD00003B030BD1D4B03EB547393ED000A03B0D9
:104DE00030BD181A58BF03461BB9F3E75B000CF13E
:104DF000FF3CB3F5000FF9DB1CF17E0F1DDBA3F5C3
:104E000000030CF17F0C234343EACC5300EE103A2D
:104E1000DEE7CA157F3AAFE76FF07D01A1EB0C0129
:104E20008840C2E76FF07D039B1A01FA03F3B5E7F0
:104E30004FEAE05CACF17F0CA9E76FF07D02A2EBDA
:104E40000C021341234300EE103AC1E7104000204A
:104E500038B510EE105A25F00044B4F1A14FF0EE31
:104E6000407A0ADBB4F1FF4F58DCDFED517A9FED59
:104E7000517A002D37FE870A38BD4F4B9C425CDCCF
:104E8000B4F1445F4DDB4FF0FF3327EEA76ADFED4F
:104E90004B6ADFED4B5ADFED4B4A9FED4B5A9FEDCE
:104EA0004B4A26EE067A5A1CE7EE265ADFED486A90
:104EB000A5EE875AE7EE246ADFED465ADFED464A53
:104EC000E6EE875AA5EE074A9FED445ADFED446AA5
:104ED000A5EE875AE4EE074ADFED425AE4EE876A10
:104EE000E5EE075A66EE866A65EE875A3AD03E4A84
:104EF00002EB830276EEA56A92ED007A3B4A96EECB
:104F0000A77A02EB8303002DD3ED006A77EE677A70
:104F100036EEE70AB0DAB1EE400A38BD30EE000AEC
:104F200038BD9FED337A30EE077AF7EE006AB4EEC3
:104F3000E67AF1EE10FAA6DD38BDFFF7F9FA2D4B4F
:104F40009C4216DCA3F5D0039C4227DCF0EE007AED
:104F5000BFEE007AA0EE277A002330EE270AC7EED4
:104F6000007A92E776EEA56AE6EEE77AB0EE670A97
:104F700038BD214B9C420BDCF7EE087AB7EE007A85
:104F8000A0EE277A022330EE670AC0EE077A7CE7AC
:104F9000BFEE007AC7EE007A032376E7F7EE007AD9
:104FA00030EE677A30EE270A0123C7EE007A6CE70D
:104FB000DB0FC93FDB0FC9BFFFFFDF3ED769853C71
:104FC00059DA4B3D21A215BD356B883D6E2EBA3D99
:104FD0006BF16EBD95879DBD2549123E388EE3BDB0
:104FE000ABAAAA3ECDCC4CBE884000207840002021
:104FF000CAF24971FFFF973FFFFF1B4081F000415C
:1050000002E000BF83F0004330B54FEA41044FEAAD
:10501000430594EA050F08BF90EA020F1FBF54EA48
:10502000000C55EA020C7FEA645C7FEA655C00F0E4
:10503000E2804FEA5454D4EB5555B8BF6D420CDDB5
:105040002C4480EA020281EA030382EA000083EA38
:10505000010180EA020281EA0303362D88BF30BDD8
:1050600011F0004F4FEA01314FF4801C4CEA11312E
:1050700002D0404261EB410113F0004F4FEA03338D
:105080004CEA133302D0524263EB430394EA050F18
:1050900000F0A780A4F10104D5F1200E0DDB02FA87
:1050A0000EFC22FA05F2801841F1000103FA0EF21B
:1050B000801843FA05F359410EE0A5F120050EF1E1
:1050C000200E012A03FA0EFC28BF4CF0020C43FA12
:1050D00005F3C01851EBE37101F0004507D54FF01F
:1050E000000EDCF1000C7EEB00006EEB0101B1F56F
:1050F000801F1BD3B1F5001F0CD349085FEA3000B5
:105100004FEA3C0C04F101044FEA445212F5800FBF
:1051100080F09A80BCF1004F08BF5FEA500C50F15C
:10512000000041EB045141EA050130BD5FEA4C0C3F
:10513000404141EB0101013C28BFB1F5801FE9D29C
:1051400091F0000F04BF01460020B1FA81F308BFBF
:105150002033A3F10B03B3F120020CDA0C3208DD8B
:1051600002F1140CC2F10C0201FA0CF021FA02F166
:105170000CE002F11402D8BFC2F1200C01FA02F1D6
:1051800020FA0CFCDCBF41EA0C019040E41AA2BFFB
:1051900001EB0451294330BD6FEA04041F3C1CDAC3
:1051A0000C340EDC04F11404C4F1200220FA04F0E3
:1051B00001FA02F340EA030021FA04F345EA03018D
:1051C00030BDC4F10C04C4F1200220FA02F001FA4F
:1051D00004F340EA0300294630BD21FA04F02946D1
:1051E00030BD94F0000F83F4801306BF81F480116A
:1051F0000134013D4EE77FEA645C18BF7FEA655CDD
:1052000029D094EA050F08BF90EA020F05D054EAAE
:10521000000C04BF1946104630BD91EA030F1EBFB3
:105220000021002030BD5FEA545C05D140004941B7
:1052300028BF41F0004130BD14F580043CBF01F5AA
:10524000801130BD01F0004545F0FE4141F4700190
:105250004FF0000030BD7FEA645C1ABF194610466B
:105260007FEA655C1CBF0B46024650EA013406BF6C
:1052700052EA033591EA030F41F4002130BD00BF2B
:1052800090F0000F04BF0021704730B54FF48064E8
:1052900004F132044FF000054FF0000150E700BF69
:1052A00090F0000F04BF0021704730B54FF48064C8
:1052B00004F1320410F0004548BF40424FF00001B5
:1052C0003EE700BF42004FEAE2014FEA31014FEAF8
:1052D00002701FBF12F07F4393F07F4F81F0605147
:1052E000704732F07F4208BF704793F07F4F04BF92
:1052F00041F40021704730B54FF4607401F000456F
:1053000021F000411CE700BF50EA010208BF7047CE
:1053100030B54FF000050AE050EA010208BF7047BF
:1053200030B511F0004502D5404261EB41014FF428
:10533000806404F132045FEA915C3FF4D8AE4FF030
:1053400003025FEADC0C18BF03325FEADC0C18BF13
:10535000033202EBDC02C2F1200300FA03FC20FA64
:1053600002F001FA03FE40EA0E0021FA02F11444B1
:10537000BDE600BF014B1868704700BFC849002058
:10538000830730B548D0541E002A3FD0CAB2034626
:1053900001E0013C3AD303F8012B9D07F9D1032C1E
:1053A0002DD9CDB245EA05250F2C45EA054536D95C
:1053B000A4F1100222F00F0C03F1200EE6444FEA94
:1053C000121C03F1100242E9045542E90255103261
:1053D0007245F8D10CF1010214F00C0F03EB02122C
:1053E00004F00F0C13D0ACF1040323F003030433D7
:1053F000134442F8045B9342FBD10CF003042CB13C
:10540000C9B21C4403F8011B9C42FBD130BD644669
:105410001346002CF4D1F9E703461446BFE71A46B9
:10542000A446E0E713460A460146022000F05EBBB0
:1054300070B50D4E0D4D761BB61006D0002455F8F4
:10544000043B01349847A642F9D1094E094D761B19
:1054500001F0D4F8B61006D0002455F8043B01340E
:105460009847A642F9D170BD98220060982200604A
:10547000A022006098220060704700BF704700BF04
:1054800080EA0102844612F0030F4FD111F0030F9E
:1054900032D14DF8044D11F0040F51F8043B0BD0FC
:1054A000A3F101329A4312F0803F04BF4CF8043B51
:1054B00051F8043B16D100BF51F8044BA3F101325F
:1054C0009A4312F0803FA4F101320BD14CF8043B17
:1054D000A24312F0803F04BF51F8043B4CF8044B48
:1054E000EAD023460CF8013B13F0FF0F4FEA3323B9
:1054F000F8D15DF8044B704711F0010F06D011F898
:10550000012B0CF8012B002A08BF704711F0020F85
:10551000BFD031F8022B12F0FF0F16BF2CF8022B70
:105520008CF8002012F47F4FB3D1704711F8012B93
:105530000CF8012B002AF9D1704700BF0C4B0D4825
:1055400019680D4AD1F8983010B4D1F89C4003FB8B
:1055500000F002FB0400A3FB0232013340EB020027
:10556000C1E926305DF8044B20F00040704700BFD1
:10557000C84900202DF451582D7F954C844641EAAE
:10558000000313F003036DD1403A41D351F8043BBB
:1055900040F8043B51F8043B40F8043B51F8043B0D
:1055A00040F8043B51F8043B40F8043B51F8043BFD
:1055B00040F8043B51F8043B40F8043B51F8043BED
:1055C00040F8043B51F8043B40F8043B51F8043BDD
:1055D00040F8043B51F8043B40F8043B51F8043BCD
:1055E00040F8043B51F8043B40F8043B51F8043BBD
:1055F00040F8043B51F8043B40F8043B51F8043BAD
:1056000040F8043B51F8043B40F8043B403ABDD21B
:10561000303211D351F8043B40F8043B51F8043BBD
:1056200040F8043B51F8043B40F8043B51F8043B7C
:1056300040F8043B103AEDD20C3205D351F8043B4C
:1056400040F8043B043AF9D2043208D0D2071CBF18
:1056500011F8013B00F8013B01D30B880380604641
:10566000704700BF082A13D38B078DD010F00303B7
:105670008AD0C3F10403D21ADB071CBF11F8013B27
:1056800000F8013B80D331F8023B20F8023B7BE776
:10569000043AD9D3013A11F8013B00F8013BF9D2A1
:1056A0000B7803704B7843708B788370604670473B
:1056B00000000000000000000000000000000000EA
:1056C00000000000000000000000000000000000DA
:1056D00000000000000000000000000090F800F052
:1056E0006DE9024520F007016FF0000C10F007048F
:1056F00091F820F040F049804FF000046FF007006F
:10570000D1E9002391F840F000F1080082FA4CF250
:10571000A4FA8CF283FA4CF3A2FA8CF34BBBD1E9D6
:10572000022382FA4CF200F10800A4FA8CF283FA08
:105730004CF3A2FA8CF3E3B9D1E9042382FA4CF2D8
:1057400000F10800A4FA8CF283FA4CF3A2FA8CF36D
:105750007BB9D1E9062301F1200182FA4CF200F174
:105760000800A4FA8CF283FA4CF3A2FA8CF3002B13
:10577000C6D0002A04BF04301A4612BAB2FA82F226
:10578000FDE8024500EBD2007047D1E9002304F0A8
:105790000305C4F100004FEAC50514F0040F91F8A9
:1057A00040F00CFA05F562EA05021CBF63EA050346
:1057B00062464FF00004A9E7F8B5244F0C460646B0
:1057C00000F088FCBB685D68C4F57E610F3125F090
:1057D00003054B1923F47F6323F00F03A3F58054D3
:1057E000B4F5805F07DB0021304600F06DF9BB683F
:1057F0002B44984204D0304600F072FC0020F8BDE3
:105800006142304600F060F901300DD0104ABB68AB
:105810002D1B45F001055D60136830461B1B1360AE
:1058200000F05EFC0120F8BD0021304600F04CF98C
:10583000BA68831A0F2BDEDD43F001035360054B7A
:1058400003491B68C01A0860D5E700BFB8450020AF
:1058500084960120C0490020002961D0F8B50C468B
:10586000064600F037FC54F8042C7B4FA4F10805E1
:1058700022F0010105EB010CB868DCF8043060454A
:1058800023F0030300F08B80D207CCF8043032D42D
:1058900054F8082CAD1A1144AA6807F10800824296
:1058A0006AD00CEB0304D4F804E0EC68D4601EF07A
:1058B000010FA26000F0978041F001036B60CCF80B
:1058C0000010B1F5007F35D27868CB080122490974
:1058D00001338A40024357F833107A6007EBC30262
:1058E000083AC5E9021247F83350CD603046BDE8AA
:1058F000F84000F0F5BB0CEB03025268D00710D45F
:10590000194407F10800DCF80830834273D0DCF852
:105910000C20DA60936041F001036B606950D0E7BE
:10592000704741F00103B1F5007F44F8043CCCF826
:105930000010C9D3B1F5206F4FEA512348D28B092B
:1059400003F1390003F13802C300F818FB58083896
:10595000984259D05A6822F003028A4202D99B68C1
:105960009842F7D1D868C5E902308560DD603046DD
:10597000BDE8F84000F0B4BB0CEB03025268D2075C
:1059800063D40B44DCE90212CA60916043F0010267
:105990006A603046EB50BDE8F84000F0A1BB0B4414
:1059A000D10707D454F8082CAD1A1344D5E90212D4
:1059B000CA60916043F001026A60284ABD601268C3
:1059C0009A4293D8264B30461968FFF7F5FE8DE7CB
:1059D000142B0AD9542B1FD80B0B03F16F0003F1C2
:1059E0006E02C300B1E719448DE703F15C0003F1D7
:1059F0005B02C300A9E741F00103C7E90455C5E90B
:105A000002006B60695071E779689210012404FA12
:105A100002F20A437A60A6E7B3F5AA7F06D8CB0B59
:105A200003F1780003F17702C3008EE740F254528D
:105A3000934206D88B0C03F17D0003F17C02C30076
:105A400083E74FF47E737E227FE741F001036B60B2
:105A5000CCF800104AE700BFB8450020C449002038
:105A6000B496012040EA01039B0730B501D1032A17
:105A70000FD8844601F1FF3E07E01EF8011F03F82E
:105A8000011B541EC1B19C4622466346002AF4D134
:105A900030BD0B468446194653F8045BA5F101342A
:105AA00024EA050414F0803FE4D1043A032A4CF8B8
:105AB000045B1946EFD8DDE79444002CE8D003F8E6
:105AC000011B6345FBD130BD38B5074D00220446AC
:105AD00008462A60EDF73CFB431C00D038BD2B681C
:105AE000002BFBD0236038BDF09701202DE9F04753
:105AF000DFF87CA00646DAF8000098460F4691468B
:105B0000FFF7BAFC184B1C6824B365681F2D24DC12
:105B10005EB96B1C0235DAF80000636044F825704A
:105B2000FFF7ACFC0020BDE8F08704EB8501012302
:105B3000C1F88890D4F88821AB401A43022EC4F8EB
:105B40008821C1F80881E4D1D4F88C211A43C4F823
:105B50008C21DEE7054C1C60D7E7DAF80000FFF780
:105B60008DFC4FF0FF30DEE7E8940120EC9401203B
:105B7000B04500202DE9F04F01F10B06162E83B041
:105B8000044624D8102900F2BA8000F0A3FA1026A7
:105B900018220220B54F3A44A2F1080153688B4203
:105BA00000F0BA805A68D96822F003021A449D684E
:105BB000E9608D60516841F001012046516003F1B8
:105BC000080500F08DFA284603B0BDE8F08F36F0E6
:105BD000070600F19480B14200F2918000F07AFA59
:105BE000B6F5FC7FC0F09A81730A00F08F80042B19
:105BF00000F26F81B30903F1390003F1380CC300DF
:105C00009A4F3B44A3F108055B689D4206D10CE026
:105C1000002980F22781DB689D4206D05A6822F075
:105C20000302911B0F29F3DD60463D69DFF850C286
:105C300065457CD06A6822F00302931B0F2B00F3AA
:105C40007B81002BC7E904CC80F26C81B2F5007F28
:105C500080F01A81D308796801334FEA521E01227D
:105C600002FA0EF20A4357F833E0C5F808E007EBF2
:105C7000C3010839E9607A6047F83350CEF80C5018
:105C8000831001219940914257D8114206D120F04A
:105C900003004900114200F10400FAD007EBC009EB
:105CA0004D468646D5F80C80454508D11DE1002BB0
:105CB00080F22481D8F80C80454500F01681D8F890
:105CC000042022F00302931B0F2BF0DD2046D8E9BD
:105CD000025408EB060146F00106C8F80460EC60C7
:105CE000A56043F00104C7E90411C1E902CC4C608E
:105CF00048F8023000F0F4F908F1080502E00C233E
:105D000023600025284603B0BDE8F08F4FF40073F0
:105D100040204FF03F0C73E7D3689A4208BF02302F
:105D20007FF440AF3D69DFF858C1654582D17A689C
:105D30008310012199409142A7D9BD686B6823F077
:105D400003094E4503D8A9EB06030F2B7ADCDFF8D5
:105D500034B1474BDBF800201B680132334405EBBC
:105D6000090A00F0338103F580530F3323F47F6871
:105D700028F00F0841462046FFF7A6FE411C0246C8
:105D800000F0F380824500F2EE803A4B19684144FE
:105D90001960084600F04E81DBF8001001930131D4
:105DA0001BBFA2EB0A010918CBF80020196012F002
:105DB000070B00F01781CBF108010A44CBF58051A5
:105DC00090440831A1EB0801C1F30B0A514620466B
:105DD0000092FFF779FE421CDDE9002300F04F81BD
:105DE000801A00EB0A081968BA6048F001005144B3
:105DF000BD425060196000F02981B9F10F0F40F2E7
:105E000027816868A9F10C0C2CF0070C00F0010048
:105E100040EA0C0068604FF0050E05EB0C00BCF189
:105E20000F0FC0E901EE00F2328150681546124BA7
:105E30001A688A4238BF1960104B1A688A4238BF04
:105E4000196094E0AA1943F0010346F001066E6060
:105E50002046BA60536000F043F90835284603B085
:105E6000BDE8F08FD9681A44A1E600BFB84500200C
:105E7000B496012084960120AC960120B0960120B2
:105E8000C0450020C0490020B2F5206F4FEA5223E0
:105E900063D3142B00F2B78003F15C01C9005B33BC
:105EA00007EB010E7958AEF1080E8E4500F0918097
:105EB0004B6823F00303934202D989688E45F7D1DA
:105EC000D1F80CE07A68C5E9021ECEF80850CD6022
:105ED000D6E6142B59D9542B00F29D80330B03F1D5
:105EE0006F0003F16E0CC3008AE60EF1010E1EF086
:105EF000030F05F108057FF4D5AE51E04244454655
:105F00005368D8F80C1043F00103536055F8083F6C
:105F10002046D9608B6000F0E3F8F3E6F00806F164
:105F2000080237E62A442046536843F001035360D1
:105F3000083500F0D5F8E5E6A919204646F0010637
:105F400043F001046E60C7E90411C1E902CC4C6062
:105F5000AB5000F0C5F80835D4E6930903F13901D8
:105F6000C90038339CE7BD425FD0BD68686820F047
:105F700003084645A8EB060302D80F2B3FF762AF94
:105F8000204600F0ADF80025BCE603F15C0003F10B
:105F90005B0CC30034E659F808394B4540F0968055
:105FA00010F0030F00F1FF30F5D17B6823EA010305
:105FB0007B60490099423FF6C0AE19B9BDE6490081
:105FC0000EF1040E1942FAD0704667E603F110088C
:105FD000D0E69A104FF001087B6808FA02F21A43E3
:105FE0007A6070E702EB08014942C1F30B0A51469F
:105FF00020460092FFF768FD431CDDE900237FF493
:10600000EFAEDA46EFE6542B25D8130B03F16F0100
:10601000C9006E3344E7B3F5AA7F25D8F30B03F12B
:10602000780003F1770CC300EAE5294B1868404477
:106030001860B1E6CAF30B0CBCF1000F7FF4ACAEF4
:10604000BD68C84448F001006860F0E61546EEE619
:106050000123536094E7B3F5AA7F23D8D30B03F150
:106060007801C90077331BE740F25452934223D89A
:10607000B30C03F17D0003F17C0CC300C0E5ABF170
:10608000080BD844A8EB02084FF0000AABE605F174
:10609000080120460093FFF7DFFBBD68009B68689E
:1060A0001968C4E640F254518B420BD8930C03F1AB
:1060B0007D01C9007C33F3E64FF47E737F204FF0FF
:1060C0007E0C9DE54FF47E717E23E9E67B6870E7E8
:1060D000849601200148FFF7CFB900BF80960120C8
:1060E0000148FFF7CBB900BF809601202DE9F84F9A
:1060F0001746002900F098800C4607F10B058046F2
:10610000FFF7E8FF162D54F8041C5BD810252A462B
:10611000AF425CD821F003069642A4F1080962DA86
:10612000BC4BD3F808C009EB0600844500F097800B
:10613000D0F804C02CF0010303445B68DB0768D48B
:106140002CF0030C06EB0C03934247DACB0710D478
:1061500054F8083CA9EB030ADAF8043023F00301F1
:106160008C44B444944580F211817318934280F2B8
:10617000E88039464046FFF7FDFC0746E0B154F899
:10618000043C23F001034B44A0F10802934200F0C9
:10619000D280321F242A00F2F580132A00F2AC804C
:1061A00003462246116819605168596092689A60E6
:1061B00021464046FFF750FB4046FFF791FF384627
:1061C000BDE8F88F25F00705002D2A46A0DA0C233C
:1061D000C8F8003000273846BDE8F88F1E46D0E9E1
:1061E0000223D3609A60731B0F2B22D8D9F8043096
:1061F00003F0010333434E44C9F80430736843F09D
:106200000103736040462746FFF76AFF3846BDE842
:10621000F88FC907ADD454F8083CA9EB030ADAF8A3
:10622000041021F00301A0E7BDE8F84F1146FFF785
:10623000A1BCD9F8042009EB050102F001024E448B
:1062400043F001032A43C9F804204B60736843F00C
:106250000103083173604046FFF7FEFAD2E7DCF82D
:10626000040020F0030B06EB0B0C05F11000844535
:106270004DDAC9073FF57DAF54F8081CA9EB010AB8
:10628000DAF8041021F003018B44B34458453FF77A
:106290006CAF5746DAF80C1057F8080F321F242A53
:1062A000C160886000F2DB80132A40F2D68021684A
:1062B000CAF808106168CAF80C101B2A00F2DF80C7
:1062C00008340AF110022168116061685160A16808
:1062D00091600AEB0501ABEB050242F00102996007
:1062E0004A60DAF8043003F001032B434046CAF851
:1062F0000430FFF7F5FE6EE72368036063684360D0
:106300001B2A68D804F1080200F108034AE709EBE8
:1063100005029A60ACEB050343F00103536054F8A7
:10632000043C03F001032B43404644F8043CFFF7D0
:10633000D7FE27464FE750F8043C23F003031E44E2
:1063400051E75746DAF80C1057F8080F321F242A85
:10635000C16088604CD8132A48D92168CAF808104F
:106360006168CAF80C101B2A56D808340AF11002CA
:106370001E462368136063685360A3689360D14628
:106380003C4630E7214600F09DF811E7D0E90213C2
:106390005746CB60996057F8081FDAF80C30CB608D
:1063A000321F242A99602DD8132A29D92368CAF8C4
:1063B00008306368CAF80C301B2A42D808340AF146
:1063C000100322681A6062685A60A2689A60664682
:1063D000D1463C4607E7A3688360E368C360242A8C
:1063E00026D004F1100200F11003DBE63A46BFE7C5
:1063F000214638461E46D14600F064F83C46F2E697
:106400003B46DEE7214638466646D14600F05AF85C
:106410003C46E8E6B8450020A168CAF81010E168DB
:10642000CAF81410242A20D010340AF118029FE769
:10643000236903616169416104F1180200F11803E5
:10644000B0E6A368CAF81030E368CAF81430242A0A
:1064500021D010340AF11803B3E73A4633E7214656
:10646000384600F02FF8164B33E72269CAF8182097
:106470006269CAF81C2018340AF1200278E7A16882
:10648000CAF81010E168CAF81410242A0DD010348C
:106490000AF1180217E72369CAF818306369CAF8C5
:1064A0001C3018340AF120038BE72269CAF818203F
:1064B0006269CAF81C2018340AF1200203E700BF01
:1064C000B845002088420DD98B1883420AD900EBC9
:1064D000020CBAB1624613F801CD02F801CD99421F
:1064E000F9D170470F2A0ED8034602F1FF3C4AB19A
:1064F0000CF1010C013B8C4411F8012B03F8012F26
:106500006145F9D1704740EA01039B0750D1A2F1E0
:10651000100370B501F1200C23F00F0501F1100EEE
:1065200000F11004AC441B095EF8105C44F8105CE8
:106530005EF80C5C44F80C5C5EF8085C44F8085C9F
:106540005EF8045C44F8045C0EF1100EE64504F1BC
:106550001004E9D1013312F00C0F01EB031102F02A
:106560000F0400EB031327D0043C24F003064FEA8A
:10657000940C1E441C1F8E465EF8045B44F8045FB6
:10658000B442F9D10CF1010402F0030203EB8403DD
:1065900001EB840102F1FF3C4AB10CF1010C013B1B
:1065A0008C4411F8012B03F8012F6145F9D170BD1E
:1065B00002F1FF3C03469BE72246EBE7024B014614
:1065C0001868FFF7D7BA00BFC8490020024B014640
:1065D0001868FFF741B900BFC849002010B4044C47
:1065E00003460A4620685DF8044B1946FFF77EBD56
:1065F000C84900205FF800F0512100605FF800F00A
:10660000512200605FF800F0A12000605FF800F008
:0C661000CD210060000000000000000030
:04661C00F8B500BF0E
:0866200088D8FF7F0100000093
:106628000000000000000000000000000000000062
:106638000000000000000000000000000000000052
:106648000000000000000000000000000000000042
:106658000000000000000000000000000000000032
:106668000000000000000000000000000000000022
:106678000000000000000000000000000000000012
:106688000000000000000000000000000000000002
:1066980000000000000000000000000000000000F2
:1066A80000000000000000000000000000000000E2
:1066B80000000000000000000000000000000000D2
:1066C80000000000000000000000000000000000C2
:1066D80000000000000000000000000000000000B2
:1066E80000000000000000000000000000000000A2
:1066F8000000000000000000000000000000000092
:106708000000000000000000000000000000000081
:106718000000000000000000000000000000000071
:106728000000000000000000000000000000000061
:106738000000000000000000000000000000000051
:106748000000000000000000000000000000000041
:106758000000000000000000000000000000000031
:106768000000000000000000000000000000000021
:106778000000000000000000000000000000000011
:106788000000000000000000000000000000000001
:1067980000000000000000000000000000000000F1
:1067A80000000000000000000000000000000000E1
:1067B80000000000000000000000000000000000D1
:1067C80000000000000000000000000000000000C1
:1067D80000000000000000000000000000000000B1
:1067E80000000000000000000000000000000000A1
:1067F8000000000000000000000000000000000091
:106808000000000000000000000000000000000080
:106818000000000000000000000000000000000070
:106828000000000000000000000000000000000060
:106838000000000000000000000000000000000050
:106848000000000000000000000000000000000040
:106858000000000000000000000000000000000030
:106868000000000000000000000000000000000020
:106878000000000000000000000000000000000010
:106888000000000000000000000000000000000000
:1068980000000000000000000000000000000000F0
:1068A800FE822B6547156740000000000000384352
:1068B8000000FAFE422E76BF3A3B9EBC9AF70CBD0A
:1068C800BDFDFFFFFFFFDF3F3C5455555555C53F04
:1068D800912B17CF5555A53F17D0A4671111813FAC
:1068E800000000000000C842EF39FAFE422EE63FE1
:1068F80024C482FFBDBFCE3FB5F40CD7086BAC3FB4
:10690800CC5046D2ABB2833F843A4E9BE0D7553F3A
:106918000000000000000000000000000000F03F40
:106928006EBF881A4F3B9B3C3533FBA93DF6EF3FC2
:106938005DDCD89C136071BC6180773E9AECEF3FB8
:10694800D16687107A5E90BC857F6EE815E3EF3FCD
:1069580013F6673552D28C3C748515D3B0D9EF3F06
:10696800FA8EF92380CE8BBCDEF6DD296BD0EF3FA3
:1069780061C8E6614EF7603CC89B751845C7EF3F94
:1069880099D3335BE4A3903C83F3C6CA3EBEEF3F82
:106998006D7B835DA69A973C0F89F96C58B5EF3FDC
:1069A800FCEFFD921AB58E3CF747722B92ACEF3F85
:1069B800D19C2F703DBE3E3CA2D1D332ECA3EF3F19
:1069C8000B6E908934036ABC1BD3FEAF669BEF3F06
:1069D8000EBD2F2A525695BC515B12D00193EF3F42
:1069E80055EA4E8CEF8050BCCC316CC0BD8AEF3F6D
:1069F80016F4D5B923C991BCE02DA9AE9A82EF3F10
:106A0800AF555CE9E3D3803C518EA5C8987AEF3F37
:106A18004893A5EA151B80BC7B517D3CB872EF3FBB
:106A28003D32DE55F01F8FBCEA8D8C38F96AEF3F96
:106A3800BF53133F8C898B3C75CB6FEB5B63EF3F88
:106A480026EB11769CD996BCD45C0484E05BEF3FBE
:106A5800602F3A3EF7EC9A3CAAB968318754EF3F69
:106A68009D3886CB82E78FBC1DD9FC22504DEF3F65
:106A78008DC3A644416F8A3CD68C62883B46EF3F63
:106A88007D04E4B0057A803C96DC7D91493FEF3F78
:106A980094A8A8E3FD8E963C3862756E7A38EF3F6D
:106AA8007D4874F2185E873C3FA6B24FCE31EF3F67
:106AB800F2E71F982B47803CDD7CE265452BEF3FD2
:106AC8005E08713F7BB896BC8163F5E1DF24EF3F38
:106AD80031AB096DE1F7823CE1DE1FF59D1EEF3F0A
:106AE800FABF6F1A9B213DBC90D9DAD07F18EF3FCF
:106AF800B40A0C7282378B3C0B03E4A68512EF3F75
:106B08008FCBCE8992146E3C562F3EA9AF0CEF3F27
:106B1800B6ABB04D754D833C15B7310AFE06EF3F55
:106B28004C74ACE20142863C31D84CFC7001EF3F1A
:106B38004AF8D35D39DD8F3CFF1664B208FCEE3F9E
:106B4800045B8E3B80A386BCF19F925FC5F6EE3F47
:106B580068504BCCED4A92BCCBA93A37A7F1EE3F2F
:106B68008E2D511BF80799BC66D8056DAEECEE3F2B
:106B7800D236943EE8D171BCF79FE534DBE7EE3FAF
:106B8800151BCEB3191999BCE5A813C32DE3EE3F25
:106B98006D4C2AA7489F853C2234124CA6DEEE3F56
:106BA8008A69287A601293BC1C80AC0445DAEE3FEF
:106BB8005B8917488FA758BC2A2EF7210AD6EE3FC3
:106BC8001B9A49679B2C7CBC97A850D9F5D1EE3FFE
:106BD80011ACC260ED63433C2D89616008CEEE3F85
:106BE800EF64063B0966963C57001DED41CAEE3F2F
:106BF8007903A1DAE1CC6E3CD03CC1B5A2C6EE3F28
:106C080030120F3F8EFF933CDED3D7F02AC3EE3FFE
:106C1800B0AF7ABBCE90763C272A36D5DABFEE3FA6
:106C280077E054EBBD1D933C0DDDFD99B2BCEE3F02
:106C38008EA3710034948FBCA72C9D76B2B9EE3F19
:106C480049A393DCCCDE87BC4266CFA2DAB6EE3F1E
:106C58005F380FBDC6DE78BC824F9D562BB4EE3F21
:106C6800F65C7BEC461286BC0F925DCAA4B1EE3F7F
:106C78008ED7FD180535933CDA27B53647AFEE3F7A
:106C8800059B8A2FB7987B3CFDC797D412ADEE3F82
:106C980009541CE2E163903C295448DD07ABEE3F00
:106CA800EAC6195085C7343CB746598A26A9EE3F2B
:106CB80035C0642BE632943C4821AD156FA7EE3FF2
:106CC8009F7699614AE48CBC09DC76B9E1A5EE3F70
:106CD800A84DEF3BC5338CBC85553AB07EA4EE3F3A
:106CE800AEE92B89785384BC20C3CC3446A3EE3F4D
:106CF80058585678DDCE93BC2522558238A2EE3FEF
:106D080064197E80AA10573C73A94CD455A1EE3F54
:106D180028225EBFEFB393BCCD3B7F669EA0EE3FBB
:106D280082B93487AD126ABCBFDA0B7512A0EE3F88
:106D3800EEA96DB8EF6763BC2F1A653CB29FEE3FB2
:106D48005188E0543DDC80BC849451F97D9FEE3F2E
:106D5800CF3E5A7E641F78BC745FECE8759FEE3FA7
:106D6800B07D8BC04AEE86BC7481A5489A9FEE3FE1
:106D78008AE6551E321986BCC9674256EB9FEE3F1C
:106D8800D3D4095ECB9C903C3F5DDE4F69A0EE3FBB
:106D98001DA54DB9DC327BBC8701EB7314A1EE3F16
:106DA8006BC06754FDEC943C32C13001EDA1EE3F5D
:106DB800556CD6ABE1EB653C624ECF36F3A2EE3FA5
:106DC80042CFB32FC5A188BC121A3E5427A4EE3F68
:106DD80034373BF1B66993BC13CE4C9989A5EE3F85
:106DE8001EFF193A845E80BCADC723461AA7EE3F42
:106DF8006E5772D850D494BCED92449BD9A8EE3FFC
:106E0800008A0E5B67AD903C99668AD9C7AAEE3FA7
:106E1800B4EAF0C12FB78D3CDBA02A42E5ACEE3FC7
:106E2800FFE7C59C60B665BC8C44B51632AFEE3F33
:106E3800445FF35983F67B3C36771599AEB1EE3F44
:106E4800833D1EA71F0993BCC6FF910B5BB4EE3FA1
:106E5800291E6C8BB8A95DBCE5C5CDB037B7EE3F30
:106E680059B9907CF9236CBC0F52C8CB44BAEE3F99
:106E7800AAF9F422434392BC504EDE9F82BDEE3FF6
:106E88004B8E66D76CCA85BCBA07CA70F1C0EE3F94
:106E980027CE912BFCAF713C90F0A38291C4EE3FBA
:106EA800BB730AE135D26D3C2323E31963C8EE3F77
:106EB8006322622204C587BC65E55D7B66CCEE3F34
:106EC800D531E2E3861C8B3C332D4AEC9BD0EE3F58
:106ED80015BBBCD3D1BB91BC5D253EB203D5EE3FFB
:106EE800D231EE9C31CC903C58B330139ED9EE3F52
:106EF800B35A736E8469843CBFFD79556BDEEE3FEF
:106F0800B49D8E97CDDF82BC7AF3D3BF6BE3EE3F9F
:106F18008733CB92771A8C3CADD35A999FE8EE3FD2
:106F2800FAD9D14A8F7B90BC66B68D2907EEEE3F21
:106F3800BAAEDC56D9C355BCFB154FB8A2F3EE3F29
:106F480040F6A63D0EA490BC3A59E58D72F9EE3F85
:106F58003493AD38F4D668BC475EFBF276FFEE3F5B
:106F6800358A586BE2EE91BC4A06A130B005EF3F76
:106F7800CDDD5F0AD7FF743CD2C14B901E0CEF3FAA
:106F8800AC9892FAFBBD91BC091ED75BC212EF3FC9
:106F9800B30CAF30AE6E733C9C5285DD9B19EF3F4E
:106FA80094FD9F5C32E38E3C7AD0FF5FAB20EF3FCD
:106FB800AC5909D18FE0843C4BD1572EF127EF3FD4
:106FC800671A4E38AFCD633CB5E706946D2FEF3F97
:106FD8006819926C2C6B673C6990EFDC2037EF3FA7
:106FE800D2B5CC83188A80BCFAC35D550B3FEF3FFE
:106FF8006FFAFF3F5DAD8FBC7C89074A2D47EF3F95
:1070080049A97538AE0D90BCF2890D08874FEF3F3E
:10701800A7073DA685A3743C87A4FBDC1858EF3F5F
:107028000F2240209E9182BC9883C916E360EF3FEF
:10703800AC92C1D5505A8E3C8532DB03E669EF3FEE
:107048004B6B01AC593A843C60B401F32173EF3FB8
:107058001F3EB40721D582BC5F9B7B33977CEF3FF3
:10706800C90D473BB92A89BC29A1F5144686EF3FCB
:10707800D3883A6004B6743CF63F8BE72E90EF3F16
:1070880071729D51ECC5833C834CC7FB519AEF3F0D
:10709800F091D38F12F78FBCDA90A4A2AFA4EF3F80
:1070A8007D7423E298AE8DBCF1678E2D48AFEF3F1B
:1070B8000820AA41BCC38E3C275A61EE1BBAEF3F99
:1070C80032EBA9C3942B843C97BA6B372BC5EF3F9F
:1070D800EE85D131A9648A3C40456E5B76D0EF3F9E
:1070E800EDE33BE4BA378EBC14BE9CADFDDBEF3F4D
:1070F8009DCD914D3B89773CD8909E81C1E7EF3F6C
:1071080089CC6041C105533CF1718F2BC2F3EF3F2D
:10711800BEF3F879EC61F63FDEAA8C80F77BD5BF29
:107128003D88AF4AED71F53FDB6DC0A7F0BED2BF19
:10713800B010F0F03995F43F673A517FAE1ED0BFDA
:107148008503B8B095C9F33FE92482A6D831CBBFEF
:10715800A564880C190DF33F5877C00A4F57C6BF6E
:10716800A08E0B7B225EF23F00819CC72BAAC1BF79
:107178003F341A4A4ABBF13F5E0E8CCE764EBABFF8
:10718800BAE58AF05823F13FCC1C615A3C97B1BF4D
:10719800A70099413F95F03F1E0CE138F452A2BF79
:1071A800000000000000F03F0000000000000000A8
:1071B800AC479AFD8C60EE3F8459F25DAAA5AA3FC0
:1071C800A06A021FB3A4EC3FB42E36AA535EBC3F9C
:1071D800E6FC6A573620EB3F08DB2077E526C53FFB
:1071E8002DAAA163D1C2E93F7047220D86C2CB3FC9
:1071F800ED417803E686E83FE17EA0C88B05D13FE4
:10720800624853F5DC67E73F09EEB6573004D43FD0
:10721800EF39FAFE422EE63F3483B848A30ED0BFBA
:107228006A0BE00B5B57D53F23410AF2FEFFDFBF35
:107238000038FAFE422EE63F3067C79357F32E3DDB
:10724800000000000000E0BF605555555555E5BFEA
:10725800060000000000E03F4E5559999999E93F12
:107268007AA429555555E5BFE945489B5B49F2BFC6
:10727800C33F268B2B00F03F0000000000A0F63F24
:10728800000000000000000000C8B9F2822CD6BF40
:107298008056372824B4FA3C000000000080F63FEE
:1072A8000000000000000000000858BFBDD1D5BF95
:1072B80020F7E0D808A51CBD000000000060F63FDC
:1072C8000000000000000000005845177776D5BF81
:1072D8006D50B6D5A46223BD000000000040F63F03
:1072E800000000000000000000F82D87AD1AD5BF8F
:1072F800D567B09EE484E6BC000000000020F63F9D
:107308000000000000000000007877955FBED4BF41
:10731800E03E2993691B04BD000000000000F63F11
:10732800000000000000000000601CC28B61D4BF98
:10733800CC844C482FD8133D0000000000E0F53FF6
:10734800000000000000000000A886863004D4BFBA
:107358003A0B82EDF342DC3C0000000000C0F53F30
:107368000000000000000000004869554CA6D3BF8B
:1073780060945186C6B1203D0000000000A0F53F92
:1073880000000000000000000080989ADD47D3BF8D
:107398009280C5D44D59253D000000000080F53F7E
:1073A80000000000000000000020E1BAE2E8D2BFBF
:1073B800D82BB7991E7B263D000000000060F53FE2
:1073C80000000000000000000088DE135A89D2BFC8
:1073D8003FB0CFB614CA153D000000000060F53F6D
:1073E80000000000000000000088DE135A89D2BFA8
:1073F8003FB0CFB614CA153D000000000040F53F6D
:1074080000000000000000000078CFFB4129D2BF37
:1074180076DA5328245A16BD000000000020F53FF4
:107428000000000000000000009869C198C8D1BFA2
:107438000454E768BCAF1FBD000000000000F53F22
:10744800000000000000000000A8ABAB5C67D1BFE3
:10745800F0A88233C61F1F3D0000000000E0F43F83
:1074680000000000000000000048AEF98B05D1BF05
:10747800665A05FDC4A826BD0000000000C0F43F00
:107488000000000000000000009073E224A3D0BFB9
:107498000E03F47EEE6B0CBD0000000000A0F43F6C
:1074A800000000000000000000D0B4942540D0BFC8
:1074B8007F2DF49EB836F0BC0000000000A0F43F19
:1074C800000000000000000000D0B4942540D0BFA8
:1074D8007F2DF49EB836F0BC000000000080F43F19
:1074E800000000000000000000405E6D18B9CFBF2A
:1074F800873C99AB2A570D3D000000000060F43F1F
:1075080000000000000000000060DCCBADF0CEBF42
:1075180024AF869CB7262B3D000000000040F43FB6
:10752800000000000000000000F02A6E0727CEBF10
:1075380010FF3F544F2F17BD000000000020F43FFC
:10754800000000000000000000C04F6B215CCDBFB0
:107558001B68CABB91BA213D000000000000F43F3F
:10756800000000000000000000A09AC7F78FCCBF01
:1075780034849F684F79273D000000000000F43FE5
:10758800000000000000000000A09AC7F78FCCBFE1
:1075980034849F684F79273D0000000000E0F33FE6
:1075A800000000000000000000902D7486C2CBBFD0
:1075B8008FB78B31B04E193D0000000000C0F33F7B
:1075C800000000000000000000C0804EC9F3CABFE0
:1075D8006690CD3F634EBA3C0000000000A0F33F28
:1075E800000000000000000000B0E21FBC23CABF7A
:1075F800EAC146DC648C25BD0000000000A0F33F12
:10760800000000000000000000B0E21FBC23CABF59
:10761800EAC146DC648C25BD000000000080F33F11
:1076280000000000000000000050F49C5A52C9BF3E
:10763800E3D4C104D9D12ABD000000000060F33FA3
:10764800000000000000000000D02065A07FC8BF37
:1076580009FADB7FBFBD2B3D000000000040F33F6F
:10766800000000000000000000E0100289ABC7BF66
:10767800584A537290DB2B3D000000000040F33F56
:10768800000000000000000000E0100289ABC7BF46
:10769800584A537290DB2B3D000000000020F33F56
:1076A800000000000000000000D019E70FD6C6BF98
:1076B80066E2B2A36AE410BD000000000000F33FD8
:1076C80000000000000000000090A77030FFC5BF58
:1076D8003950109F439E1EBD000000000000F33F7C
:1076E80000000000000000000090A77030FFC5BF38
:1076F8003950109F439E1EBD0000000000E0F23F7D
:10770800000000000000000000B0A1E3E526C5BFAE
:107718008F5B07908BDE20BD0000000000C0F23FA9
:1077280000000000000000000080CB6C2B4DC4BF9F
:107738003C783561C10C173D0000000000C0F23FE5
:1077480000000000000000000080CB6C2B4DC4BF7F
:107758003C783561C10C173D0000000000A0F23FE5
:10776800000000000000000000901E20FC71C3BF54
:107778003A54274D8678F13C000000000080F23F23
:10778800000000000000000000F01FF85295C2BF82
:1077980008C47117308D24BD000000000060F23F5E
:1077A800000000000000000000602FD52AB7C1BF0C
:1077B80096A31118A4802EBD000000000060F23FBF
:1077C800000000000000000000602FD52AB7C1BFEC
:1077D80096A31118A4802EBD000000000040F23FBF
:1077E80000000000000000000090D07C7ED7C0BFE1
:1077F800F45BE88896690A3D000000000040F23F0B
:1078080000000000000000000090D07C7ED7C0BFC0
:10781800F45BE88896690A3D000000000020F23F0A
:10782800000000000000000000E0DB3191ECBFBF69
:10783800F233A35C547525BD000000000000F23F40
:10784800000000000000000000002B6E0727BEBFEC
:107858003C00F02A2C342A3D000000000000F23FD2
:10786800000000000000000000002B6E0727BEBFCC
:107878003C00F02A2C342A3D0000000000E0F13FD3
:10788800000000000000000000C05B8F545EBCBF19
:1078980006BE5F58570C1DBD0000000000C0F13F38
:1078A800000000000000000000E04A3A6D92BABFF4
:1078B800C8AA5BE83539253D0000000000C0F13F4B
:1078C800000000000000000000E04A3A6D92BABFD4
:1078D800C8AA5BE83539253D0000000000A0F13F4B
:1078E800000000000000000000A031D645C3B8BF6A
:1078F80068562F4D297C133D0000000000A0F13F81
:10790800000000000000000000A031D645C3B8BF49
:1079180068562F4D297C133D000000000080F13F80
:1079280000000000000000000060E58AD2F0B6BF49
:10793800DA7333C9379726BD000000000060F13FB5
:1079480000000000000000000020063F071BB5BF34
:10795800575EC6615B021F3D000000000060F13FFA
:1079680000000000000000000020063F071BB5BF14
:10797800575EC6615B021F3D000000000040F13FFA
:10798800000000000000000000E01B96D741B3BFD4
:10799800DF13F9CCDA5E2C3D000000000040F13F17
:1079A800000000000000000000E01B96D741B3BFB4
:1079B800DF13F9CCDA5E2C3D000000000020F13F17
:1079C80000000000000000000080A3EE3665B1BF93
:1079D80009A38F765E7C143D000000000000F13F93
:1079E8000000000000000000008011C0300AAFBF96
:1079F800918E36839E592D3D000000000000F13F16
:107A08000000000000000000008011C0300AAFBF75
:107A1800918E36839E592D3D0000000000E0F03F16
:107A2800000000000000000000801971DD42ABBFBB
:107A38004C70D6E57A821C3D0000000000E0F03F63
:107A4800000000000000000000801971DD42ABBF9B
:107A58004C70D6E57A821C3D0000000000C0F03F63
:107A6800000000000000000000C032F65874A7BFF4
:107A7800EEA1F23446FC2CBD0000000000C0F03F2F
:107A8800000000000000000000C032F65874A7BFD4
:107A9800EEA1F23446FC2CBD0000000000A0F03F2F
:107AA800000000000000000000C0FEB9879EA3BFD0
:107AB800AAFE26F5B702F53C0000000000A0F03F42
:107AC800000000000000000000C0FEB9879EA3BFB0
:107AD800AAFE26F5B702F53C000000000080F03F42
:107AE80000000000000000000000780E9B829FBF8D
:107AF800E4097E7C268029BD000000000080F03F5C
:107B080000000000000000000000780E9B829FBF6C
:107B1800E4097E7C268029BD000000000060F03F5B
:107B280000000000000000000080D5071BB997BFC7
:107B380039A6FA93548D28BD000000000040F03F9C
:107B480000000000000000000000FCB0A8C08FBFCB
:107B58009CA6D3F67C1EDFBC000000000040F03F6E
:107B680000000000000000000000FCB0A8C08FBFAB
:107B78009CA6D3F67C1EDFBC000000000020F03F6E
:107B880000000000000000000000106B2AE07FBF2A
:107B9800E440DA0D3FE219BD000000000020F03F8C
:107BA80000000000000000000000106B2AE07FBF0A
:107BB800E440DA0D3FE219BD000000000000F03F8C
:107BC80000000000000000000000000000000000AD
:107BD8000000000000000000000000000000F03F6E
:107BE800000000000000000000000000000000008D
:107BF80000000000000000000000000000C0EF3F8F
:107C08000000000000000000000089751510803F8A
:107C1800E82B9D996BC710BD000000000080EF3F66
:107C28000000000000000000008093585620903F9C
:107C3800D2F7E2065BDC23BD000000000040EF3F06
:107C480000000000000000000000C9282549983FF6
:107C5800340C5A32BAA02ABD000000000000EF3FE1
:107C680000000000000000000040E7895D41A03FDF
:107C780053D7F15CC011013D0000000000C0EE3F89
:107C8800000000000000000000002ED4AE66A43FF3
:107C980028FDBD7573162CBD000000000080EE3F66
:107CA800000000000000000000C09F14AA94A83F34
:107CB8007D265AD0957919BD000000000040EE3F9E
:107CC800000000000000000000C0DDCD73CBAC3F19
:107CD8000728D847F2681ABD000000000020EE3FD0
:107CE800000000000000000000C006C031EAAE3FFE
:107CF8007B3BC94F3E110EBD0000000000E0ED3F88
:107D08000000000000000000006046D13B97B13F32
:107D18009B9E0D565D3225BD0000000000A0ED3F82
:107D2800000000000000000000E0D1A7F5BDB33F4F
:107D3800D74EDBA55EC82C3D000000000060ED3F7B
:107D4800000000000000000000A0974D5AE9B53F70
:107D58001E1D5D3C06692CBD000000000040ED3F83
:107D6800000000000000000000C0EA0AD300B73F8E
:107D780032ED9DA98D1EEC3C000000000000ED3F97
:107D880000000000000000000040595D5E33B93F6C
:107D9800DA47BD3A5C11233D0000000000C0EC3F0B
:107DA80000000000000000000060AD8DC86ABB3F05
:107DB800E568F72B809013BD0000000000A0EC3FA1
:107DC80000000000000000000040BC015888BC3FD3
:107DD800D3AC5AC6D146263D000000000060EC3FF7
:107DE800000000000000000000200A8339C7BE3FE1
:107DF800E045E6AF68C02DBD000000000040EC3F44
:107E0800000000000000000000E0DB3991E8BF3FFF
:107E1800FD0AA14FD63425BD000000000000EC3F4C
:107E2800000000000000000000E027828E17C13F1C
:107E3800F2072DCE78EF213D0000000000E0EB3F77
:107E4800000000000000000000F0237E2BAAC13FC4
:107E5800349938448EA72C3D0000000000A0EB3F69
:107E680000000000000000000080860C61D1C23FC5
:107E7800A1B481CB6C9D033D000000000080EB3F66
:107E88000000000000000000009015B0FC65C33F32
:107E980089724B23A82FC63C000000000040EB3F2E
:107EA800000000000000000000B033833D91C43F93
:107EB80078B6FD547983253D000000000020EB3F93
:107EC800000000000000000000B0A1E4E527C53F65
:107ED800C77D69E5E833263D0000000000E0EA3F81
:107EE800000000000000000000108CBE4E57C63F86
:107EF800782E3C2C8BCF193D0000000000C0EA3FD3
:107F080000000000000000000070758B12F0C63FF2
:107F1800E1219CE58D1125BD0000000000A0EA3F8D
:107F28000000000000000000005044858D89C73F14
:107F38000543917010661CBD000000000060EA3F18
:107F48000000000000000000000039EBAFBEC83F91
:107F5800D12CE9AA543D07BD000000000040EA3FCB
:107F680000000000000000000000F7DC5A5AC93F7A
:107F78006FFFA05828F2073D000000000000EA3F0C
:107F8800000000000000000000E08A3CED93CA3FBA
:107F980069215650437228BD0000000000E0E93F07
:107FA800000000000000000000D05B57D831CB3F34
:107FB800AAE1AC4E8D350CBD0000000000C0E93FC1
:107FC800000000000000000000E03B3887D0CB3FF5
:107FD800B6125459C44B2DBD0000000000A0E93F63
:107FE80000000000000000000010F0C6FB6FCC3F4E
:107FF800D22B96C572ECF1BC000000000060E93F8E
:1080080000000000000000000090D4B03DB1CD3F5A
:1080180035B015F72AFF2ABD000000000040E93FEF
:1080280000000000000000000010E7FF0E53CE3FE4
:1080380030F441602712C23C000000000020E93FF4
:1080480000000000000000000000DDE4ADF5CE3FB8
:10805800118EBB651521CABC000000000000E93F75
:10806800000000000000000000B0B36C1C99CF3F76
:1080780030DF0CCAECCB1B3D0000000000C0E83F1D
:10808800000000000000000000584D603871D03F2B
:10809800914EED16DB9CF83C0000000000A0E83F84
:1080A8000000000000000000006061672DC4D03FA0
:1080B800E9EA3C168B18273D000000000080E83FE5
:1080C800000000000000000000E827828E17D13F62
:1080D8001CF0A5630E212CBD000000000060E83FE5
:1080E800000000000000000000F8ACCB5C6BD13F42
:1080F8008116A5F7CD9A2B3D000000000040E83F0F
:10810800000000000000000000685A6399BFD13FDA
:10811800B7BD4751EDA62C3D000000000020E83F08
:10812800000000000000000000B80E6D4514D23FAA
:10813800EABA46BADE870A3D0000000000E0E73FE1
:1081480000000000000000000090DC7CF0BED23F80
:10815800F404504AFA9C2A3D0000000000C0E73FA2
:1081680000000000000000000060D3E1F114D33FDC
:10817800B83C21D37AE228BD0000000000A0E73F08
:1081880000000000000000000010BE76676BD33FBF
:10819800C877F1B0CD6E113D000000000080E73FC8
:1081A80000000000000000000030337752C2D33FC7
:1081B8005CBD06B6543B183D000000000060E73F78
:1081C800000000000000000000E8D523B419D43FE7
:1081D8009DE090EC36E4083D000000000040E73FD9
:1081E800000000000000000000C871C28D71D43F7B
:1081F80075D66709CE272FBD000000000020E73F95
:1082080000000000000000000030179EE0C9D43FC5
:10821800A4D80A1B89202EBD000000000000E73FFB
:10822800000000000000000000A03807AE22D53F83
:1082380059C7648170BE2E3D0000000000E0E63F93
:10824800000000000000000000D0C853F77BD53FB5
:10825800EF405DEEEDAD1F3D0000000000C0E63FC1
:108268000000000000000000006059DFBDD5D53FC8
:10827800DC65A4082A0B0ABD000000000000F03FDE
:10828800000000000000F0BF000000000000F0BF88
:10829800000000000000F03F83C8C96D305F6441F2
:1082A800182D4454FB21F93F000000000000F03F66
:1082B8001C620CFDFFFFDFBF198F06E15355A53F78
:1082C8009D359AE887C056BFC3F87B024393F93EB1
:1082D80003A695595455C5BFC40B23057610813F95
:1082E80024CF7437EB9429BF000000000000F03F52
:1082F800000000000000F0BF000000000000F0BF18
:10830800000000000000F03F83C8C96D305F644181
:10831800182D4454FB21F93F000000000000F0BF75
:108328001C620CFDFFFFDF3F198F06E15355A5BF07
:108338009D359AE887C0563FC3F87B024393F9BE40
:1083480003A695595455C5BFC40B23057610813F24
:1083580024CF7437EB9429BF00000042C8801F4027
:10836800B8821F400800000000000042C4801F407F
:10837800B4821F400400000000C0004224801F4057
:1083880014821F401000000000C0004228801F40D7
:1083980018821F402000000000C000422C801F40AF
:1083A8001C821F404000000000C0004234801F4073
:1083B80024821F40000100000040004264811F40E9
:1083C80054831F40000400000040004280811F4089
:1083D80070831F4000000200004000427C811F4063
:1083E8006C831F40000001000040004268811F406C
:1083F80058831F4000080000004000423C811F4095
:108408002C831F40010000000040004244811F40AF
:1084180034831F40040000000040004240811F4098
:1084280030831F40020000000040004248811F4086
:1084380038831F40080000000000004204811F40EC
:10844800F4821F40000004000000004208811F4021
:10845800F8821F40000008000000004218811F40F9
:1084680008831F40000080000000004214811F4064
:1084780004831F40000040000000004200811F40AC
:10848800F0821F400000020000000042FC801F40F4
:10849800EC821F40000001000000004224811F40C0
:1084A80014831F40000000040000004228811F4080
:1084B80018831F4000000008000000421C811F4074
:1084C8000C831F40000000010000004220811F4073
:1084D80010831F400000000200000042EC801F4093
:1084E800DC821F400010000000000042F0801F40A6
:1084F800E0821F40002000000000004234811F403D
:1085080024831F40000000400000004238811F40C3
:1085180028831F40000000800080004294801F4094
:1085280084821F400000040000C0004290801F4069
:1085380080821F400000008000800042A8801F4009
:1085480098821F400000800000800042A4801F40E5
:1085580094821F4000004000004000426C811F4090
:108568005C831F400010000000C0004230801F40A4
:1085780020821F408000000000400042B0811F4060
:10858800A0831F400000002000400042AC811F4033
:108598009C831F40000000100040004284811F405F
:1085A80074831F40000004000040004288811F407F
:1085B80078831F4000000800000000422C811F4003
:1085C8001C831F40000000100000004230811F4043
:1085D80020831F4000000020000000420C811F4043
:1085E800FC821F40000010000000004210811F4064
:1085F80000831F400000200000800042C8811F4007
:10860800B8831F400080000000800042C4811F40E2
:10861800B4831F400040000000800042C0811F401A
:10862800B0831F400020000000800042BC811F4032
:10863800AC831F400010000000800042D0811F4022
:10864800C0831F400000020000800042CC811F4010
:10865800BC831F400000010000C0004274801F401E
:1086680064821F400000000100C0004280801F405B
:1086780070821F400000000800C0004284801F4034
:1086880074821F400000001000C000426C801F4030
:108698005C821F400000400000C000427C801F40F8
:1086A8006C821F400000000400C0004278801F4018
:1086B80068821F400000000200C0004288801F40FE
:1086C80078821F4000000020D8399D270054EA2AEC
:1086D80000A4781F007B9A1700000000000000002B
:1086E800E1A80000493A0000E1A80000E1A8000064
:1086F800E1A80000E1A80000000000000000000060
:1087080099D800009DCA00008DAF0000000000004D
:108718000000000081D5000071CA000049AF0000C8
:108728000000000000000000E5DA0000E9DE0000BB
:10873800D9AF00003065012014650120D8640120FC
:10874800CC64012001010004010000040132010190
:10875800013202010110010101110101011201029E
:1087680001030206010301060112020202000001D0
:1087780002020001020100010210000102220001B0
:108788000223000100000000000000000221000197
:10879800022000010000000000000000013001017B
:1087A800013101010102000401030004000000007E
:1087B8000000000001210201012101010000000068
:1087C800000000000000000001100201000000008D
:1087D800000000000113010601130206000000005A
:1087E800000000000000000000000000010102017C
:1087F8000101010101000201010001010102020160
:10880800010201010000000000000000000000005B
:108818000123020100000000000000000120010106
:10882800FFFFFFFFF1FFFF7F1FFFFF4310000FFF58
:10883800FFFFFFE1CF9FFFBBF7FFFE90700007FF30
:10884800FFFFFF803FBFFF97F9FFFEF80E0003FF11
:10885800FFFFFF001FBFFFDFFEFFFFFE0C0001FF51
:10886800FFFFFF01CC7FFF7FFF7FFFFF040000FFBA
:10887800FFFFFE07F3FFFEFFFFBFF7FFC000007F0B
:10888800FFFFFE0FFFFFF83FFFDFFDFFF000003F97
:10889800FFFFFE1FFFFFF01FFFD7FE7FF800001F3E
:1088A800FFFFFE1FFFFFC00FFFEFFF9FFE00000F3F
:1088B800FFFFFF3FFFFF8007FFF3E00FFF80000788
:1088C800FFFFFF3FFFFF0003FFF3C001FFF00003BE
:1088D800FFFFFF7EF87E0003FFF780007FFC0001AA
:1088E800FFFFFF7DF03C0001FFF7000007FF80005D
:1088F800FFFFFF7FE01E0001FFEC000030FFF800E3
:10890800FFFFFEFFE01F0001FF9800001F03FFC1EB
:10891800FFFFFEFFE01F8000FE70000007F8001F49
:10892800FFFFFEFFC01FC000FDF0000003FFFFFFB8
:10893800FFFFFEFFC03EF001F3E0000000FFFFFF75
:10894800FFFFFEFF80383C018FF00000007FFFFF33
:10895800FFFFFEDF00780F8067F00000003FFFFF99
:10896800FFFFFEFE007001FFCFB00000001FFFFFF9
:10897800FFFFFF7C00E0000F0F9C80000007FFFF57
:10898800FFFFFF3803F000061F9E40000003FFFFB3
:10899800FFFFFF9FFE0C000E1FDF30000001FFFFEE
:1089A800FFFFFFE03F62001C3FBF8E000000FFFF9B
:1089B800FFFFFFFFC1B1807EFE7F83C000007FFF05
:1089C800FFFFFFFFFF5840FFF9FFC07800007FFF5F
:1089D800FFFFFFFFFFCE20FF87FFE0E00000FFFF63
:1089E800FFFFFFFFFFF311FFBFFFF83FFFC3FFFFCC
:1089F800FFFFFFFFFFFDCFFFDFFFFE07FF07FFFFC2
:108A0800FFFFFFFFFFFE767FBFFFFF80001FFFFF16
:108A1800FFFFFFFFFFFF943EFFFFFFFC02FFFFFF8A
:108A2800FFFFFFFFFFFFE83DFFFFFFFFFF7FFFFFA7
:108A3800FFFFFFFFFFFFF078FFFFFFBFFF3FFFFFD4
:108A4800FFFFFFFFFFFFF8F9FFFFFF3FFF9FFFFF5B
:108A5800FFFFFFFFFFFFFCF7FFFFFC3FFFCFFFFF1C
:108A6800E03FFFE03FFFFF0FFFFFF007FFC7FFFFFB
:108A7800CF9FFFEF3FFFFFBFFFFFE000BFE7FFFF14
:108A8800D8C03003301FFF7FFFFFF000FF1FFFFF3C
:108A9800D8CF87C327CFFF7FFFFFF00060FFFFFF1E
:108AA800D818CC632E6FFF7FFFFFF8020FFFFFFF80
:108AB800D818CC63206FFFBFFFFFF00DFFFFFFFF4B
:108AC800D818CC63306FFFBFFFFFF81BFFFFFFFF15
:108AD800D818CFE327EFFF9FFFFE4067FFFFFFFF98
:108AE800D8D8CC032C6FFFDFFFFE018FFFFFFFFFFD
:108AF800D8D8CCE30C6FFFEDFFFFC03FFFFFFFFFAF
:108B0800CF8F87CFC7EFFFE5FBFF81FFFFFFFFFF99
:108B1800E0000000000FFFF0FCFE7FFFFFFFFFFFFB
:108B2800E00000000067FFFD1E01FFFFFFFFFFFFE1
:108B3800EF80000C30F7FFFFC1FFFFFFFFE1FFFFF1
:108B4800CF80000C30F7C001FFFE1FFFFFEDFFFFD5
:108B5800D8C0000C30F7DFBDFFFEDFFFFFEDFFFFE1
:108B6800D8CF8FC5FEF7D80D8000C01000010207CE
:108B7800D81CCC683067D80D3C73F7C79F3C78F396
:108B8800D800CC63B06FD80D66C8C66CD98CCD9BA5
:108B9800D80FCC6FB06FDF0D66C8C66CD98CCD838B
:108BA800D818CC6FB06FD80D7EC0C60CD98CC0F366
:108BB800D8D8CC6FB00FD80C60C8C6ECD98CCC1BF9
:108BC800D8D8CC6FB06FD80C66C8C6ECD98CCD9B02
:108BD800CF8FCC6F9E6FDFBF3C7276E799BE78F37C
:108BE800E020000FC00FC000010700F0000082075E
:108BF800FFFFFFFFFFFFFFFFFFFFFFFFFFFFFFFF7D
:108C0800FFFFFFFFFFFFFFFFFFFFFFFFFFFFFFFF6C
:108C1800FFFFFFFFFFFFFFFFFFFFFFFFFFFFFFFF5C
:108C2800FFFFFFFFFFFFFFFFFFFFFFFFFFFFFFFF4C
:108C3800FFFFFFFFFFFFFFFFFFFFFFFFFFFFFFFF3C
:108C4800FFFFFFFFFFFFFFFFFFFFFFFFFFFFFFFF2C
:108C5800F800FFFFFE03FFF01FFFFFFFFFFFFFFF0E
:108C6800F0007FFFFE01FFF00FFFFFFFFFFFFFFF98
:108C7800F1FC3FFFFE71FFF38FFFFFFFFFFFFFFFD8
:108C8800F1FC000000700003800100200800007F54
:108C9800F1C7000000700003800000000000003FE2
:108CA800F1C77F87E3FE3F1FF3F83F0FC1F8FE1FB0
:108CB800F1C77F87E3FE3F1FF3F83F0FC1F8FE1FA0
:108CC800F1C771CE387071C3838EE39C771CE39F24
:108CD800F1FC71CE387071C3838E039C771CE39FBF
:108CE800F1FC71CE387071C3838E039C771CE39FAF
:108CF800F1C0700E387071C383803F9C07FCE01F81
:108D0800F1C0700E387071C38380E39C7700E03F38
:108D1800F1CE718E387071C3839CE39C7700E7FFB6
:108D2800F1CE718E387071C3839CE39C771CE7FF8A
:108D3800F1CE7187E01E3F00F39C3F8FC1F8E7FF3B
:108D4800F1CE71C7E01E3F00F39C3F8FC1F8E7FFEB
:108D5800F80E03E00780001C001F0000000007FF5A
:108D6800F81F03F00780003C003F000008000FFFD9
:108D7800FFFFFFFFFFFFFFFFFFFFFFFFFFFFFFFFFB
:108D8800FFFFFFFFFFFFFFFFFFFFFFFFFFFFFFFFEB
:108D9800FFFFFFFFFFFFFFFFFFFFFFFFFFFFFFFFDB
:108DA800FFFFFFFFFFFFFFFFFFFFFFFFFFFFFFDFEB
:108DB800FFFFFFFFFFFFFFFFFFFFFFFFFFFFFC7746
:108DC800FFFFFFFFFFE0000000000000000003FFBE
:108DD800FFFFFFFFFFE000000000001000008FFB16
:108DE800FFFFFFFFFFE000000000001000023FFB54
:108DF800FFFFFFFFFFE000E7FE7FE6100008FFFB34
:108E0800FFFFFFFFFFE001E606606E100011FFF7AD
:108E1800E00000003FC003EE06606C180043C3E7A3
:108E2800EFEF423FBFC0036E0EE0EC38008303EF64
:108E3800E821A120BFC006CC0CC0CC380304079F92
:108E4800EBA553AEBFC00CCC00C0DC3804000F1F2C
:108E5800EBA344AEBF8018CC00C0DC3808001FDF8D
:108E6800EBA3BF2EBF8030DC01C1D83C10003FFF10
:108E7800E82506A0BF806198FDFFD83C3000FFDFE1
:108E8800EFEAAABFBF80FF9819FF183C6001C7DF4F
:108E9800E00CD8003F01FF981980383CC00207BF9A
:108EA800EDA4AC20BF0301B81980301EC0000FBF6D
:108EB800E8C2335B3F0603383B80301D80001F7FCC
:108EC800EB7CF21A3F0C03303380301F80003EFFEA
:108ED800E7082574BF18033FF3007F9B8000FDFF60
:108EE800ECFE11B0BE30031FE3007F9F8003FBFF41
:108EF800E10AFA3FBE00000000000017800FE7FFFC
:108F0800E52673EABE00000000000007C07FCFFF1F
:108F1800EE9A911ABE00000000000007FFFFBFFF95
:108F2800EAA9C1C43FFFFFFFFFFFFFF7FFFE7FFF76
:108F3800EC95330B3FFFFFFFFFFFFFF7FFF9FFFF44
:108F4800EC2AB90CBFFFFFFFFFFFFFF7FFE7FFFFAA
:108F5800ED0373263FFFFFFFFFFFFFFBFF9FFFFFB0
:108F6800EEF954FF3FFFFFFFFFFFFFFCF87FFFFF15
:108F7800E00EF08C3FFFFFFFFFFFFFFF07FFFFFF43
:108F8800EFE755AC3FFFFFFFFFFFFFFFFFFFFFFFCE
:108F9800E823CF89BFFFFFFFF7FFFFFFDFFFFFFFDA
:108FA800EBABD3FD387FFFFFE7F87FFF9FFFFFFFA5
:108FB800EBA86840BBECE7CCFF7BECEF39E9FFFF9F
:108FC800EBA1D2DBB88AD72BE8788A94A5A5FFFF56
:108FD800E8291036B3B08749E973B085AD2DFFFF96
:108FE800EFEE23A837B3BE4CCB77B7BD2D6DFFFF8F
:108FF800E000000037B88F11DB77388C2369FFFF5A
:10900800FFFFFFFFFFFFFFFFFFFFFFFFFFFFFFFF68
:10901800FFFFFFFFFFFFFFFFFFFFFFFFFFFFFFFF58
:109028000000000000000000DB0F494000000000C5
:1090380035FA8E3C6F12833A0000000000000000F1
:109048006DDD0000D1DE000011B00000000000005E
:1090580000000000E1A80000E1A8000000000000F6
:1090680000000000A1DE0000B9DE0000B9AF00007A
:10907800ADE900005D9F0000000000000000000056
:10908800D17C0000493A0000191B0000F9000000DB
:10909800F9000000F9000000FFFF7F7F00000000DA
:1090A8000001000024450020120000000006000016
:1090B8000C2C00600A00000000020000742B006005
:1090C8006200000000070000102B00606200000032
:1090D800EE0300009445002012000000000004EE9A
:1090E8006C4500202800000000030000082C0060E8
:1090F8000000000001030904F02B006000000000DC
:1091080002030904D82B00600000000003030904CF
:10911800544500200000000000000000000000008E
:1091280000000000FFFFFFFFFFFFFFFFFFFFFFFF43
:10913800FFFFFFFFC0000001800000018000000168
:1091480080000003BFFFFFFE7FFFFFFE7FFFFFFEE3
:109158007FFFFFFDA3623FFFCCC6547FC446444750
:10916800D645447DAEAEFFFE556DD6FE5DDDEF5EA5
:1091780055DC6DFDA62E7FFFCCED46FFCDCEEECFA4
:10918800D6CC6DFDAEAEFFFE556D56FE5DDF6DDED5
:10919800575D6DFDAEA23FFFCD4656FFDC44C44788
:1091A800C4C5447DBFFFFFFE7FFFFFFE7FFFFFFEBC
:1091B8007FFFFFFDBFFFFFFFFFFFFFFFFFFFFFFF79
:1091C800FFFFFFFDBFFFFFFE7FFFFFFE7FFFFFFEEC
:1091D8007FFFFFFDBFFFFFFFFFFFFFFFFFFFFFFF59
:1091E800FFFFFFFDBFFFFFFE7FFFFFFE7FFFFFFECC
:1091F8007FFFFFFDBFFFFFFFFFFFFFFE7FFFFFFFBA
:10920800FFFFFFFDBFFFFFFE7FFFFFFFFFFFFFFE2A
:109218007FFFFFFDD5555555AAAAAAAA55555555FC
:10922800AAAAAAABD5555555AAAAAAAA55555555BD
:10923800AAAAAAABBFFFFFFE7FFFFFFFFFFFFFFE4B
:109248007FFFFFFDA222223FE4CC6546444445CF80
:10925800D644C445AEEEEF7E5D56DD6E5DDDD5D6F7
:1092680055DD5555A6666F7FECCED46FCDCDD5CFE5
:10927800D6CCD545AEEEEF7E7556D56E5DDDD5D62E
:10928800575D555DA2EE237FCCD4656FDC4444570F
:10929800C4C4C45DBFFFFFFE7FFFFFFE7FFFFFFE6C
:1092A8007FFFFFFDBFFFFFFFFFFFFFFFFFFFFFFF88
:1092B800FFFFFFFDBFFFFFFE7FFFFFFE7FFFFFFEFB
:1092C8007FFFFFFDBFFFFFFFFFFFFFFFFFFFFFFF68
:1092D800FFFFFFFDBFFFFFFE7FFFFFFE7FFFFFFEDB
:1092E8007FFFFFFDBFFFFFFFFFFFFFFFFFFFFFFF48
:1092F800FFFFFFFDBFFFFFFE7FFFFFFE7FFFFFFEBB
:109308007FFFFFFDC0000001800000018000000118
:1093180080000003FFFFFFFFFFFFFFFFFFFFFFFFCE
:10932800FFFFFFFFFFFFFFFFFFFFFFFFFFFFFFFF45
:10933800FFFFFFFFC0000001800000018000000067
:1093480000000003BFFFFFFE7FFFFFFE7FFFFFFF60
:10935800FFFFFFFDAAA22623D445D5FE7FFFFFFF0E
:10936800FFFFFFFDAAAEEAB646DDD5FE7FFFFFFF91
:10937800FFFFFFFDA2A666B7C6DDD5FE7FFFFFFF94
:10938800FFFFFFFDAAAEEAB656DDD5FE7FFFFFFF61
:10939800FFFFFFFDAA22EAB7D4446C7E7FFFFFFFE0
:1093A800FFFFFFFDBFFFFFFE7FFFFFFE7FFFFFFF09
:1093B800FFFFFFFDBFFFFFFFFFFFFFFE7FFFFFFF78
:1093C800FFFFFFFDBFFFFFFE7FFFFFFE7FFFFFFFE9
:1093D800FFFFFFFDBFFFFFFFFFFFFFFE7FFFFFFF58
:1093E800FFFFFFFDBFFFFFFE7FFFFFFE7FFFFFFFC9
:1093F800FFFFFFFDBFFFFFFFFFFFFFFE7FFFFFFF38
:10940800FFFFFFFDBFFFFFFE7FFFFFFE7FFFFFFFA8
:10941800FFFFFFFDD5555555AAAAAAAA7FFFFFFF52
:10942800FFFFFFFDD5555555AAAAAAAA7FFFFFFF42
:10943800FFFFFFFDBFFFFFFE7FFFFFFE7FFFFFFF78
:10944800FFFFFFFDAAA2762BC6C644FE7FFFFFFFE3
:10945800FFFFFFFDAAAEAAEA5D55D57E7FFFFFFF9D
:10946800FFFFFFFDA2A66AE7CC56C57E7FFFFFFF80
:10947800FFFFFFFDAAAEA2EA5D575D7E7FFFFFFFFB
:10948800FFFFFFFDAA226A2BDD54DCFE7FFFFFFFF2
:10949800FFFFFFFDBFFFFFFE7FFFFFFE7FFFFFFF18
:1094A800FFFFFFFDBFFFFFFFFFFFFFFE7FFFFFFF87
:1094B800FFFFFFFDBFFFFFFE7FFFFFFE7FFFFFFFF8
:1094C800FFFFFFFDBFFFFFFFFFFFFFFE7FFFFFFF67
:1094D800FFFFFFFDBFFFFFFE7FFFFFFE7FFFFFFFD8
:1094E800FFFFFFFDBFFFFFFFFFFFFFFE7FFFFFFF47
:1094F800FFFFFFFDBFFFFFFE7FFFFFFE7FFFFFFFB8
:10950800FFFFFFFDC0000001800000018000000097
:1095180000000003FFFFFFFFFFFFFFFFFFFFFFFF4C
:10952800FFFFFFFF0000000000000000C83100201E
:10953800C0310020B8310020B0310020A83100200F
:10954800A03100209831002090310020883100207F
:10955800803100207831002070310020042F002055
:10956800042F0020042F0020042F0020042F0020A7
:10957800042F00206831002060310020583100207D
:10958800503100204831002040310020383100207F
:1095980030310020283100202031002018310020EF
:1095A800103100200831002000310020F830002060
:1095B800F0300020E8300020E0300020D8300020D3
:1095C800D0300020C8300020C0300020B830002043
:1095D800B0300020A8300020A0300020C03100208A
:1095E800B8310020B0310020A8310020A03100207F
:1095F8009831002068310020603100205831002067
:1096080050310020483100204031002038310020FE
:10961800303100202831002020310020183100206E
:10962800103100200831002000310020F8300020DF
:10963800F0300020E8300020E0300020D830002052
:10964800D0300020C8300020C0300020B8300020C2
:10965800B0300020A8300020A03000209031002039
:1096680088310020803100207831002007080C0B59
:1096780006050F000D0E0102838407080C0B060572
:109688000F000D0E01028384FFFFFFFFFFFFFFFFA6
:10969800FFFF8182090A00000000000000000000AE
:1096A80029090100FD1A00004DAB0000ADA900001A
:1096B800150701009DC000006DA9000065AA000003
:1096C800FF060C183060C0FFC3663C18181818183D
:1096D800C3663C18183C66C3C3C3C3C3DBFFE7C3F8
:1096E800C3C3C36666663C3CC3C3C3C3C3C3FF7E70
:1096F800FF181818181818187FC0C07E030303FE37
:10970800FEC3C3FED8CCC6C37EFFC3C3C3CEFA799B
:10971800FEC3C3FEC0C0C0C07EFFC3C3C3C3FF7EB9
:10972800C3C3E3F3DBCFC7C3E7FFDBDBC3C3C3C3F9
:10973800C0C0C0C0C0C0C0FFC6CCD8F0D8CCC6C35B
:10974800FF1818181818D870FF181818181818FFC4
:10975800C3C3C3FFC3C3C3C37EC3C0C0C6C3C37E22
:10976800FFC0C0FFC0C0C0C0FFC0C0FFC0C0C0FFB6
:10977800FCC6C3C3C3C3C6FC7EC3C0C0C0C0C37ECF
:10978800FEC3C3FCC3C3C3FE3C66C3C3FFC3C3C39A
:1097980000003838000038387EC3C37F060C183004
:1097A8007EC3C37E7EC3C37EFF03060C183060C031
:1097B8003F60C0C0FEC3C37EFFC0C0FC06C3663C9A
:1097C800060E1E3666FF0C0C7EC30C380CC3663CB6
:1097D8003C7EC303061860FF1878D818181818FFBD
:1097E8007EFFC3C3C3C3FF7E0103060C183060C0ED
:1097F80000000000003E5B4F5B3E3E6B4F6B3E1C23
:109808003E7C3E1C183C7E3C181C577D571C1C5E39
:109818007F5E1C00183C1800FFE7C3E7FF00182410
:109828001800FFE7DBE7FF30483A060E26297929BA
:1098380026407F050507407F05253F5A3CE73C5AEF
:109848007F3E1C1C08081C1C3E7F14227F22145FCC
:109858005F005F5F06097F017F006689956A606027
:1098680060606094A2FFA29408047E040810207E21
:10987800201008082A1C08081C2A08081E101010A6
:10988800100C1E0C1E0C30383E3830060E3E0E06EC
:10989800000000000000005F00000007000700143F
:1098A8007F147F14242A7F2A1223130864623649FE
:1098B8005620500008070300001C224100004122E6
:1098C8001C002A1C7F1C2A08083E080800807030EB
:1098D800000808080808000060600020100804025A
:1098E8003E5149453E00427F400072494949462160
:1098F80041494D331814127F1027454545393C4AD4
:1099080049493141211109073649494936464949EA
:10991800291E000014000000403400000008142232
:1099280041141414141400412214080201590906A0
:109938003E415D594E7C1211127C7F494949363EA1
:10994800414141227F4141413E7F494949417F0987
:109958000909013E414151737F0808087F00417F92
:1099680041002040413F017F081422417F40404090
:10997800407F021C027F7F0408107F3E4141413E28
:109988007F090909063E4151215E7F0919294626AA
:109998004949493203017F01033F4040403F1F20AE
:1099A80040201F3F4038403F631408146303047885
:1099B80004036159494D43007F41414102040810A5
:1099C80020004141417F04020102044040404040E0
:1099D800000307080020545478407F28444438384E
:1099E80044444428384444287F38545454180008C0
:1099F8007E090218A4A49C787F0804047800447D9A
:109A080040002040403D007F1028440000417F4036
:109A1800007C047804787C0804047838444444388A
:109A2800FC1824241818242418FC7C08040408486A
:109A38005454542404043F44243C4040207C1C20BB
:109A480040201C3C4030403C44281028444C909016
:109A5800907C4464544C4400083641000000770070
:109A680000004136080002010204023C2623263C7D
:109A78001EA1A161123A4040207A38545455592108
:109A880055557941225454784221555478402054F0
:109A98005579400C1E52721239555555593954543E
:109AA800545939555454580000457C410002457DAD
:109AB800420001457C407D1211127DF0282528F0D6
:109AC8007C545545002054547C547C0A097F493203
:109AD800494949323A4444443A324A4848303A417A
:109AE80041217A3A42402078009DA0A07D3D424223
:109AF800423D3D4040403D3C24FF2424487E4943AC
:109B0800662B2FFC2F2BFF0929F620C0887E09031E
:109B180020545479410000447D413048484A323845
:109B28004040227A007A0A0A727D0D19317D262971
:109B3800292F28262929292630484D402038080869
:109B4800080808080808382F10C8ACBA2F1028349D
:109B5800FA00007B000008142A142222142A140890
:109B68005500550055AA55AA55AAFF55FF55FF009F
:109B78000000FF00101010FF00141414FF00101054
:109B8800FF00FF1010F010F0141414FC001414F768
:109B980000FF0000FF00FF1414F404FC1414171055
:109BA8001F10101F101F1414141F00101010F000A5
:109BB8000000001F101010101F10101010F01000DF
:109BC8000000FF101010101010101010FF100000EF
:109BD80000FF140000FF00FF00001F10170000FC2A
:109BE80004F414141710171414F404F40000FF00FC
:109BF800F714141414141414F700F7141414171485
:109C080010101F101F141414F4141010F010F0008A
:109C1800001F101F0000001F14000000FC140000AB
:109C2800F010F01010FF10FF141414FF141010108F
:109C38001F00000000F010FFFFFFFFFFF0F0F0F042
:109C4800F0FFFFFF0000000000FFFF0F0F0F0F0FD6
:109C58003844443844FC4A4A4A347E020206060222
:109C68007E027E0263554941633844443C04407E89
:109C7800201E2006027E020299A5E7A5991C2A4902
:109C88002A1C4C7201724C304A4D4D30304878488D
:109C980030BC625A463D3E494949007E0101017E79
:109CA8002A2A2A2A2A44445F444440514A444040CC
:109CB800444A51400000FF0103E080FF000008080B
:109CC8006B6B083612362436060F090F060000188B
:109CD800180000001010003040FF0101001F0101B2
:109CE8001E00191D1712003C3C3C3C0000000000FF
:109CF8000000000000000000CD370100A9A7000007
:109D0800A1A70000A5A700001D2A0100E520010069
:109D180081280100E92301002D23010041230100CE
:109D2800BD280100E520010071270100F53A010076
:109D3800612E0100A52C01005523010049250100D1
:109D4800F92501009D260100000000000000000028
:109D5800150C00001D0C000095950000210C00005A
:109D68009D950000D90B0000250C0000290C00006F
:109D7800000000000000000091950000959500008B
:109D8800999500009D950000D90B0000A195000051
:109D9800A59500000000000000000000F99E0000EA
:109DA80095CA000075AF000059E20000F59E00005A
:109DB800000000000000000091CD00007D8C000034
:109DC8005D2A00000000000000000000818C0000F7
:109DD800798C0000512A000097A0895B5A0F830DE7
:109DE800C95F6035C2E907E18C24671E458E0863A8
:109DF80025F0150A17BE0694F778EA4B001AC53EF7
:109E08005EFCDBCB75230B2039B12158ED95385713
:109E1800AE147D88ABA844AF4AA547868B301BA6F5
:109E28004D929EE7536FE57A3CD385E6DC695C2961
:109E3800372EF528F4668F3641193FA101D85049CD
:109E4800D14C84BBD05912A9C8C4878274BC9F5610
:109E5800A4646DC6ADBA034034D9E2FA7C7B05CA66
:109E68002693767EFF5255D4CFCE3BE32F103A117E
:109E7800B6BD1C2ADFB7AAD577F898022C9AA34654
:109E8800DD99659BA72BAC09811627FD13626C6EC3
:109E98004F71E0E8B2B97068DAF661E4FB22F2C10A
:109EA800EED2900CBFB3A2F1513391EBF90EEF6BE8
:109EB80031C0D61FB5C76A9DB854CCB07379322D5E
:109EC8007F0496FE8AECCD5DDE72431D1848F38D43
:109ED80080C34E42D73D9CB4000000000000000043
:109EE80045B2000099CA000081AF0000119F000030
:109EF8003D9F00000000000000000000D119000094
:109F0800718C0000392A00000000000000000000E9
:109F1800591100006D8C00002D2A0000000000007F
:109F280000000000C50F0000000000000000000055
:109F38006D100000A9100000ED100000690000007D
:109F48002D0C0000610C00003111000029380000C0
:109F58003D3600000000000000000000A995000048
:109F680064420020684200206C42002070420020B9
:109F780074420020784200207C4200208042002069
:109F88008442002088420020144200201C42002005
:109F9800244200202C420020344200203C42002071
:109FA800444200204C420020544200205C420020E1
:109FB800C8410020D0410020D8410020E0410020C5
:109FC800E8410020F0410020F8410020FC41002039
:109FD800044200200C4200207841002080410020EB
:109FE800884100209041002098410020A041002095
:109FF800A8410020B0410020B8410020C041002005
:10A008000000000000000000850200004503000079
:10A018000504000075270000D12800005104000045
:10A02800B104000000000000000000008D2F0000B7
:10A038009D2F0000750100005D0100000000000078
:10A0480000000000ED0B0000F50B0000C90B00003C
:10A05800FD0B0000D50B0000D90B0000050C00001B
:10A068000D0C00000000000000000000C10B000003
:10A07800C90B0000CD0B0000D50B0000D90B000068
:10A08800DD0B0000E50B00001000000011000000CF
:10A098001200000013000000000000000100000092
:10A0A800020000000300000004000000050000009A
:10A0B800060000000700000008000000090000007A
:10A0C8000A0000000B0000000C0000000D0000005A
:10A0D8000E0000000F00000010000000110000003A
:10A0E800120000001300000014000000150000001A
:10A0F80016000000170000001800000019000000FA
:10A108001A0000001B0000001C0000001D000000D9
:10A118001E0000001F0000002000000021000000B9
:10A128002200000023000000240000002500000099
:10A138002600000027000000280000001100000091
:10A1480012000000130000001400000015000000B9
:10A158001D0000001E0000001F000000200000007D
:10A16800210000002200000023000000240000005D
:10A17800250000002600000027000000280000003D
:10A188001000000011000000120000001300000081
:10A1980014000000150000001D0000001E00000053
:10A1A8001F00000020000000210000002200000025
:10A1B8002300000024000000250000002600000005
:10A1C8002700000028000000000000001600000022
:10A1D8001700000018000000190000001A00000015
:10A1E8001B0000001C00000001000000020000002D
:10A1F8000300000004000000050000000600000045
:10A208000700000008000000090000000A00000024
:10A218000B0000000C0000000D0000000E00000004
:10A228000F000000290000002A0000002B00000099
:10A238002C0000002D0000002E0000002F00000060
:10A248003000000031000000320000003300000040
:10A25800340000005B5C5D5E5F607B7C7D7E00009F
:10A26800000080000000000000000000E1A80000DD
:10A278000000000000000000B5040000E504000034
:10A288008D01000009050000E5050000F10500004A
:10A29800F50500007D020000FD05000065060000D0
:10A2A800B1060000C9060000E5060000010700002D
:10A2B8001907000009080000F908000075090000E6
:10A2C800F1090000312D0000692A0000000000009B
:10A2D800000000008D500000758C0000452A000029
:10A2E8000000000000000000E9190000251A000025
:10A2F800651A00008D0C0000150D0000A91A000059
:10A30800D51A00003939000055340000000000005B
:10A3180000000000619F00000DDF000005B0000094
:10A328006CC00F40C0000000504F00001D300100FD
:10A338000CFF0000130000000000000000000000F7
:10A3480024851F400BFF00001300000000000000E0
:10A358000000000028851F400DFF000013000000CA
:10A36800000000000000000020851F400A2524008E
:10A378001300000012000000120000000102030098
:10A38800000000001C851F400000000000000000C5
:10A398006CC00F4030000000100F0000DD300100DD
:10A3A8000127000017000000120000000001000053
:10A3B80014851F401AFF0000120000000000000072
:10A3C8000100000018851F401BFF0000120000005C
:10A3D800000000000100000010851F400026FF005B
:10A3E800170000001200000000000000010100003A
:10A3F800010000000C851F400C851F400000000074
:10A408000000000000000000E92001009D3101006B
:10A41800A1A70000A5A70000A1200100AD20010010
:10A42800CD2001000000000000000000459F000052
:10A43800D5C800003DAF0000E1E20000419F0000E8
:10A4480000000000000000006DCF0000D1C800002F
:10A4580031AF00000000000000000000099100007A
:10A46800798C000025AF000097A0895B5A0F830DF7
:10A47800C95F6035C2E907E18C24671E458E086311
:10A4880025F0150A17BE0694F778EA4B001AC53E60
:10A498005EFCDBCB75230B2039B12158ED9538577D
:10A4A800AE147D88ABA844AF4AA547868B301BA65F
:10A4B8004D929EE7536FE57A3CD385E6DC695C29CB
:10A4C800372EF528F4668F3641193FA101D8504937
:10A4D800D14C84BBD05912A9C8C4878274BC9F567A
:10A4E800A4646DC6ADBA034034D9E2FA7C7B05CAD0
:10A4F8002693767EFF5255D4CFCE3BE32F103A11E8
:10A50800B6BD1C2ADFB7AAD577F898022C9AA346BD
:10A51800DD99659BA72BAC09811627FD13626C6E2C
:10A528004F71E0E8B2B97068DAF661E4FB22F2C173
:10A53800EED2900CBFB3A2F1513391EBF90EEF6B51
:10A5480031C0D61FB5C76A9DB854CCB07379322DC7
:10A558007F0496FE8AECCD5DDE72431D1848F38DAC
:10A5680080C34E42D73D9CB40000000000000000AC
:10A5780095D20000CDC8000019AF0000000000000F
:10A5880000000000699800000000000000000000C2
:10A5980025A500000000000000000000EDE9000013
:10A5A8000000000000000000719F00000000000093
:10A5B8000000000095A2000000000000000000005C
:10A5C80029A50000000000000000000031B00000D4
:10A5D80000000000000000007DF8000000000000FE
:10A5E80000000000D5EF000000000000000000009F
:10A5F80069F40000000000000000000021EC0000E9
:10A60800000000000000000075FB000000000000D2
:10A6180000000000BDA40000DB0F49BFE4CB1640DA
:10A62800E4CB16C000000080DB0F4940DB0F49C0B7
:10A638000000000000000080A2000000F9A2000055
:10A6480083F9A2006E83F9A24E6E83F9444E6E839D
:10A6580015444E6E2915444EFC29154427FC29152E
:10A668005727FC29D15727FCF5D1572734F5D1575F
:10A67800DD34F5D1C0DD34F5DBC0DD3462DBC0DDAF
:10A688009562DBC0999562DB3C999562433C99954C
:10A6980090433C994190433C3863ED3EDA0F493F83
:10A6A8005E987B3FDA0FC93F6937AC3168212233A6
:10A6B800B40F14336821A23320202020202020202A
:10A6C80020202020000000002020206F6E204F4610
:10A6D80046202020000000002020204F4E206F66DA
:10A6E80066202020000000000A5374617274696EAD
:10A6F800672E2E2E000000004650533A200000001E
:10A708006E616E00696E66006F7666002C20416E81
:10A71800696D6174656420696E200000732C205295
:10A72800656E646572656420696E2000732C204430
:10A738006973706C6179656420696E20000000009F
:10A74800730000004F46464C494E45004F4E4C4959
:10A758004E45000044454641554C5400414E475231
:10A7680059000000444F55425400000046524F57CC
:10A778004E0000004C4F4F4B5550000053414400D1
:10A78800415544494F310000415544494F3200007A
:10A79800415544494F3300003020444547000000EC
:10A7A80033362044454700003732204445470000EF
:10A7B800313038204445470031343420444547007F
:10A7C800313830204445470032313620444547006F
:10A7D8003235322044454700323838204445470056
:10A7E800333234204445470047524449454E5400CB
:10A7F80059454C4C4F5700004F52414E47450000B9
:10A808005748495445000000475245454E0000004E
:10A81800505552504C45000052454400424C554555
:10A82800000000005241494E424F57004E4F4953D5
:10A83800450000004E4F4E4500000000504841536F
:10A84800455900005048415345580000504841536D
:10A8580045520000474C4954434858004D41474E23
:10A86800455400004649534845594500424C555205
:10A8780048000000424C555256000000424C5552C8
:10A8880052000000313025003230250033302500D9
:10A898003430250035302500363025003730250086
:10A8A80038302500393025003130302500000000CF
:10A8B800202020202020202020202020202020426E
:10A8C80052494748542020202053444520425249A9
:10A8D80047485420202020204D4943202020202074
:10A8E800204D4943204C4556454C2020202020200F
:10A8F800424F4F50202020202020202053504543F5
:10A90800202020202020202053495A452020202084
:10A91800202020434F4C4F52202020202020204828
:10A9280055452046202020202020204855452042FB
:10A938002020202020202045464645435420202022
:10A948002046414E20535045454420200000000039
:10A958002061206220632064206520662020203149
:10A96800325E34352020202020202031325E3435DC
:10A97800202020202020204F4E206F666620202097
:10A9880020203132333435367C3820202020206F87
:10A998006E204F46462020202020204F4E206F66F4
:10A9A8006620202020202031325E343520202020CF
:10A9B80020203132333435367C3820202020313283
:10A9C800333435367C382020202031323334353644
:10A9D8007C38202020203132333435367C38202012
:10A9E80020203132333435367C38202000000000F6
:10A9F80000000000B89601202097012088970120C8
:10AA0800000000000000000000000000000000003E
:10AA1800000000000000000000000000000000002E
:10AA2800000000000000000000000000000000001E
:10AA3800000000000000000000000000000000000E
:10AA480000000000000000000000000000000000FE
:10AA580000000000000000000000000000000000EE
:10AA680000000000000000000000000000000000DE
:10AA780000000000000000000000000000000000CE
:10AA880000000000000000000100000000000000BD
:10AA98000E33CDAB34126DE6ECDE05000B00000082
:10AAA800000000000000000000000000000000009E
:10AAB800000000000000000000000000000000008E
:10AAC800000000000000000000000000000000007E
:10AAD800000000000000000000000000000000006E
:10AAE800000000000000000000000000000000005E
:10AAF800000000000000000000000000000000004E
:10AB0800000000000000000000000000000000003D
:10AB1800000048420000F042401F00000000000012
:10AB28008000000000000000800000000000803F5E
:10AB38000000803F0000803F0000C843007B9A1758
:10AB48000029DE0712010002EF020140C01683044B
:10AB58008002010203010000FFFFFFFF8030002098
:10AB680000000000E803000000000000008B202027
:10AB7800010000000C0300000000000000000000BD
:10AB88000000000000000000000000002800000095
:10AB98000001040001000000000000000201574904
:10ABA8004E55534200000000000000000000000065
:10ABB8000000000012034D0053004600540031000D
:10ABC80030003000F8000000020E070806141505D2
:10ABD8007C9601200000000000000000000000003A
:10ABE800B8450020B8450020C0450020C0450020D9
:10ABF800C8450020C8450020D0450020D045002089
:10AC0800D8450020D8450020E0450020E045002038
:10AC1800E8450020E8450020F0450020F0450020E8
:10AC2800F8450020F8450020004600200046002096
:10AC38000846002008460020104600201046002044
:10AC480018460020184600202046002020460020F4
:10AC580028460020284600203046002030460020A4
:10AC68003846002038460020404600204046002054
:10AC78004846002048460020504600205046002004
:10AC880058460020584600206046002060460020B4
:10AC98006846002068460020704600207046002064
:10ACA8007846002078460020804600208046002014
:10ACB80088460020884600209046002090460020C4
:10ACC8009846002098460020A0460020A046002074
:10ACD800A8460020A8460020B0460020B046002024
:10ACE800B8460020B8460020C0460020C0460020D4
:10ACF800C8460020C8460020D0460020D046002084
:10AD0800D8460020D8460020E0460020E046002033
:10AD1800E8460020E8460020F0460020F0460020E3
:10AD2800F8460020F8460020004700200047002091
:10AD3800084700200847002010470020104700203F
:10AD480018470020184700202047002020470020EF
:10AD5800284700202847002030470020304700209F
:10AD6800384700203847002040470020404700204F
:10AD780048470020484700205047002050470020FF
:10AD880058470020584700206047002060470020AF
:10AD9800684700206847002070470020704700205F
:10ADA800784700207847002080470020804700200F
:10ADB80088470020884700209047002090470020BF
:10ADC8009847002098470020A0470020A04700206F
:10ADD800A8470020A8470020B0470020B04700201F
:10ADE800B8470020B8470020C0470020C0470020CF
:10ADF800C8470020C8470020D0470020D04700207F
:10AE0800D8470020D8470020E0470020E04700202E
:10AE1800E8470020E8470020F0470020F0470020DE
:10AE2800F8470020F847002000480020004800208C
:10AE3800084800200848002010480020104800203A
:10AE480018480020184800202048002020480020EA
:10AE5800284800202848002030480020304800209A
:10AE6800384800203848002040480020404800204A
:10AE780048480020484800205048002050480020FA
:10AE880058480020584800206048002060480020AA
:10AE9800684800206848002070480020704800205A
:10AEA800784800207848002080480020804800200A
:10AEB80088480020884800209048002090480020BA
:10AEC8009848002098480020A0480020A04800206A
:10AED800A8480020A8480020B0480020B04800201A
:10AEE800B8480020B8480020C0480020C0480020CA
:10AEF800C8480020C8480020D0480020D04800207A
:10AF0800D8480020D8480020E0480020E048002029
:10AF1800E8480020E8480020F0480020F0480020D9
:10AF2800F8480020F8480020004900200049002087
:10AF38000849002008490020104900201049002035
:10AF480018490020184900202049002020490020E5
:10AF58002849002028490020304900203049002095
:10AF68003849002038490020404900204049002045
:10AF780048490020484900205049002050490020F5
:10AF880058490020584900206049002060490020A5
:10AF98006849002068490020704900207049002055
:10AFA8007849002078490020804900208049002005
:10AFB80088490020884900209049002090490020B5
:10AFC8009849002098490020A0490020A049002065
:10AFD800A8490020A8490020B0490020B049002015
:10AFE800FFFFFFFF00000200D04300200000000028
:10AFF8000000000000000000000000000000000049
:10B008000000000000000000000000000000000038
:10B018000000000000000000000000000000000028
:10B028000000000000000000000000000000000018
:10B038000000000000000000000000000000000008
:10B0480000000000000000000000000000000000F8
:10B0580000000000000000000000000000000000E8
:10B0680000000000000000000000000000000000D8
:10B0780000000000000000000000000000000000C8
:10B0880000000000000000000000000000000000B8
:10B0980000000000000000000000000000000000A8
:10B0A8000000000000000000000000000000000098
:10B0B8000000000000000000000000000000000088
:10B0C8000000000000000000000000000000000078
:10B0D8000000000000000000000000000000000068
:10B0E8000000000000000000000000000000000058
:10B0F8000000000000000000000000000000000048
:10B108000000000000000000000000000000000037
:10B118000000000000000000000000000000000027
:10B128000000000000000000000000000000000017
:10B138000000000000000000000000000000000007
:10B1480000000000000000000000000000000000F7
:10B1580000000000000000000000000000000000E7
:10B1680000000000000000000000000000000000D7
:10B1780000000000000000000000000000000000C7
:10B1880000000000000000000000000000000000B7
:10B1980000000000000000000000000000000000A7
:10B1A8000000000000000000000000000000000097
:10B1B8000000000000000000000000000000000087
:10B1C8000000000000000000000000000000000077
:10B1D8000000000000000000000000000000000067
:10B1E8000000000000000000000000000000000057
:10B1F8000000000000000000000000000000000047
:10B208000000000000000000000000000000000036
:10B218000000000000000000000000000000000026
:10B228000000000000000000000000000000000016
:10B238000000000000000000000000000000000006
:10B2480000000000000000000000000000000000F6
:10B2580000000000000000000000000000000000E6
:10B2680000000000000000000000000000000000D6
:10B2780000000000000000000000000000000000C6
:10B2880000000000000000000000000000000000B6
:10B2980000000000000000000000000000000000A6
:10B2A8000000000000000000000000000000000096
:10B2B8000000000000000000000000000000000086
:10B2C8000000000000000000000000000000000076
:10B2D8000000000000000000000000000000000066
:10B2E8000000000000000000000000000000000056
:10B2F8000000000000000000000000000000000046
:10B308000000000000000000000000000000000035
:10B318000000000000000000000000000000000025
:10B328000000000000000000000000000000000015
:10B338000000000000000000000000000000000005
:10B3480000000000000000000000000000000000F5
:10B3580000000000000000000000000000000000E5
:10B3680000000000000000000000000000000000D5
:10B3780000000000000000000000000000000000C5
:10B3880000000000000000000000000000000000B5
:10B3980000000000000000000000000000000000A5
:10B3A8000000000000000000000000000000000095
:10B3B8000000000000000000000000000000000085
:10B3C8000000000000000000000000000000000075
:10B3D8000000000000000000000000000000000065
:10B3E8000000000000000000000000000000000055
:10B3F8000000000000000000000000000000000045
:10B408000000000000000000000000000000000034
:10B418000000000000000000000000000000000024
:10B428000000000000000000000000000000000014
:10B438000000000000000000000000000000000004
:10B4480000000000000000000000000000000000F4
:10B4580000000000000000000000000000000000E4
:10B4680000000000000000000000000000000000D4
:10B4780000000000000000000000000000000000C4
:10B4880000000000000000000000000000000000B4
:10B4980000000000000000000000000000000000A4
:10B4A8000000000000000000000000000000000094
:10B4B8000000000000000000000000000000000084
:10B4C8000000000000000000000000000000000074
:10B4D8000000000000000000000000000000000064
:10B4E800FFFFFFFFFFFFFFFFFFFFFFFFFFFFFFFF64
:10B4F800FFFFFFFFFFFFFFFFFFFFFFFFFFFFFFFF54
:10B50800FFFFFFFFFFFFFFFFFFFFFFFFFFFFFFFF43
:10B51800FFFFFFFFFFFFFFFFFFFFFFFFFFFFFFFF33
:10B52800FFFFFFFFFFFFFFFFFFFFFFFFFFFFFFFF23
:10B53800FFFFFFFFFFFFFFFFFFFFFFFFFFFFFFFF13
:10B54800FFFFFFFFFFFFFFFFFFFFFFFFFFFFFFFF03
:10B55800FFFFFFFFFFFFFFFFFFFFFFFFFFFFFFFFF3
:10B56800FFFFFFFFFFFFFFFFFFFFFFFFFFFFFFFFE3
:10B57800FFFFFFFFFFFFFFFFFFFFFFFFFFFFFFFFD3
:10B58800FFFFFFFFFFFFFFFFFFFFFFFFFFFFFFFFC3
:10B59800FFFFFFFFFFFFFFFFFFFFFFFFFFFFFFFFB3
:10B5A800FFFFFFFFFFFFFFFFFFFFFFFFFFFFFFFFA3
:10B5B800FFFFFFFFFFFFFFFFFFFFFFFFFFFFFFFF93
:10B5C800FFFFFFFFFFFFFFFFFFFFFFFFFFFFFFFF83
:10B5D800FFFFFFFFFFFFFFFFFFFFFFFFFFFFFFFF73
:10B5E800FFFFFFFFFFFFFFFFFFFFFFFFFFFFFFFF63
:10B5F800FFFFFFFFFFFFFFFFFFFFFFFFFFFFFFFF53
:10B60800FFFFFFFFFFFFFFFFFFFFFFFFFFFFFFFF42
:10B61800FFFFFFFFFFFFFFFFFFFFFFFFFFFFFFFF32
:10B62800FFFFFFFFFFFFFFFFFFFFFFFFFFFFFFFF22
:10B63800FFFFFFFFFFFFFFFFFFFFFFFFFFFFFFFF12
:10B64800FFFFFFFFFFFFFFFFFFFFFFFFFFFFFFFF02
:10B65800FFFFFFFFFFFFFFFFFFFFFFFFFFFFFFFFF2
:10B66800FFFFFFFFFFFFFFFFFFFFFFFFFFFFFFFFE2
:10B67800FFFFFFFFFFFFFFFFFFFFFFFFFFFFFFFFD2
:10B68800FFFFFFFFFFFFFFFFFFFFFFFFFFFFFFFFC2
:10B69800FFFFFFFFFFFFFFFFFFFFFFFFFFFFFFFFB2
:10B6A800FFFFFFFFFFFFFFFFFFFFFFFFFFFFFFFFA2
:10B6B800FFFFFFFFFFFFFFFFFFFFFFFFFFFFFFFF92
:10B6C800FFFFFFFFFFFFFFFFFFFFFFFFFFFFFFFF82
:10B6D800FFFFFFFFFFFFFFFFFFFFFFFFFFFFFFFF72
:10B6E800FFFFFFFFFFFFFFFFFFFFFFFFFFFFFFFF62
:10B6F800FFFFFFFFFFFFFFFFFFFFFFFFFFFFFFFF52
:10B70800FFFFFFFFFFFFFFFFFFFFFFFFFFFFFFFF41
:10B71800FFFFFFFFFFFFFFFFFFFFFFFFFFFFFFFF31
:10B72800FFFFFFFFFFFFFFFFFFFFFFFFFFFFFFFF21
:10B73800FFFFFFFFFFFFFFFFFFFFFFFFFFFFFFFF11
:10B74800FFFFFFFFFFFFFFFFFFFFFFFFFFFFFFFF01
:10B75800FFFFFFFFFFFFFFFFFFFFFFFFFFFFFFFFF1
:10B76800FFFFFFFFFFFFFFFFFFFFFFFFFFFFFFFFE1
:10B77800FFFFFFFFFFFFFFFFFFFFFFFFFFFFFFFFD1
:10B78800FFFFFFFFFFFFFFFFFFFFFFFFFFFFFFFFC1
:10B79800FFFFFFFFFFFFFFFFFFFFFFFFFFFFFFFFB1
:10B7A800FFFFFFFFFFFFFFFFFFFFFFFFFFFFFFFFA1
:10B7B800FFFFFFFFFFFFFFFFFFFFFFFFFFFFFFFF91
:10B7C800FFFFFFFFFFFFFFFFFFFFFFFFFFFFFFFF81
:10B7D800FFFFFFFFFFFFFFFFFFFFFFFFFFFFFFFF71
:10B7E800FFFFFFFFFFFFFFFFFFFFFFFFFFFFFFFF61
:10B7F800FFFFFFFFFFFFFFFF000000000000000049
:10B808000000000000000000000000000000000030
:10B818000000000000000000000000000000000020
:10B828000000000000000000000000000000000010
:10B838000000000000000000000000000000000000
:10B8480000000000000000000000000000000000F0
:10B8580000000000000000000000000000000000E0
:10B8680000000000000000000000000000000000D0
:10B8780000000000000000000000000000000000C0
:10B8880000000000000000000000000000000000B0
:10B8980000000000000000000000000000000000A0
:10B8A8000000000000000000000000000000000090
:10B8B8000000000000000000000000000000000080
:10B8C8000000000000000000000000000000000070
:10B8D8000000000000000000000000000000000060
:10B8E8000000000000000000000000000000000050
:10B8F8000000000000000000000000000000000040
:10B90800000000000000000000000000000000002F
:10B91800000000000000000000000000000000001F
:10B92800000000000000000000000000000000000F
:10B9380000000000000000000000000000000000FF
:10B9480000000000000000000000000000000000EF
:10B9580000000000000000000000000000000000DF
:10B9680000000000000000000000000000000000CF
:10B9780000000000000000000000000000000000BF
:10B9880000000000000000000000000000000000AF
:10B99800000000000000000000000000000000009F
:10B9A800000000000000000000000000000000008F
:10B9B800000000000000000000000000000000007F
:10B9C800000000000000000000000000000000006F
:10B9D800000000000000000000000000000000005F
:10B9E800000000000000000000000000000000004F
:10B9F800000000000000000000000000000000003F
:10BA0800000000000000000000000000000000002E
:10BA1800000000000000000000000000000000001E
:10BA2800000000000000000000000000000000000E
:10BA380000000000000000000000000000000000FE
:10BA480000000000000000000000000000000000EE
:10BA580000000000000000000000000000000000DE
:10BA680000000000000000000000000000000000CE
:10BA780000000000000000000000000000000000BE
:10BA880000000000000000000000000000000000AE
:10BA9800000000000000000000000000000000009E
:10BAA800000000000000000000000000000000008E
:10BAB800000000000000000000000000000000007E
:10BAC800000000000000000000000000000000006E
:10BAD800000000000000000000000000000000005E
:10BAE800000000000000000000000000000000004E
:10BAF800000000000000000000000000000000003E
:10BB0800000000000000000000000000000000002D
:10BB1800000000000000000000000000000000001D
:10BB2800000000000000000000000000000000000D
:10BB380000000000000000000000000000000000FD
:10BB480000000000000000000000000000000000ED
:10BB580000000000000000000000000000000000DD
:10BB680000000000000000000000000000000000CD
:10BB780000000000000000000000000000000000BD
:10BB880000000000000000000000000000000000AD
:10BB9800000000000000000000000000000000009D
:10BBA800000000000000000000000000000000008D
:10BBB800000000000000000000000000000000007D
:10BBC800000000000000000000000000000000006D
:10BBD800000000000000000000000000000000005D
:10BBE800000000000000000000000000000000004D
:10BBF800000000000000000000000000000000003D
:10BC0800000000000000000000000000000000002C
:10BC1800000000000000000000000000000000001C
:10BC2800000000000000000000000000000000000C
:10BC380000000000000000000000000000000000FC
:10BC480000000000000000000000000000000000EC
:10BC580000000000000000000000000000000000DC
:10BC680000000000000000000000000000000000CC
:10BC780000000000000000000000000000000000BC
:10BC880000000000000000000000000000000000AC
:10BC9800000000000000000000000000000000009C
:10BCA800000000000000000000000000000000008C
:10BCB800000000000000000000000000000000007C
:10BCC800000000000000000000000000000000006C
:10BCD800000000000000000000000000000000005C
:10BCE800000000000000000000000000000000004C
:10BCF800000000000000000000000000000000003C
:10BD0800000000000000000000000000000000002B
:10BD1800000000000000000000000000000000001B
:10BD2800000000000000000000000000000000000B
:10BD380000000000000000000000000000000000FB
:10BD480000000000000000000000000000000000EB
:10BD580000000000000000000000000000000000DB
:10BD680000000000000000000000000000000000CB
:10BD780000000000000000000000000000000000BB
:10BD880000000000000000000000000000000000AB
:10BD9800000000000000000000000000000000009B
:10BDA800000000000000000000000000000000008B
:10BDB800000000000000000000000000000000007B
:10BDC800000000000000000000000000000000006B
:10BDD800000000000000000000000000000000005B
:10BDE800000000000000000000000000000000004B
:10BDF800000000000000000000000000000000003B
:10BE0800000000000000000000000000000000002A
:10BE1800000000000000000000000000000000001A
:10BE2800000000000000000000000000000000000A
:10BE380000000000000000000000000000000000FA
:10BE480000000000000000000000000000000000EA
:10BE580000000000000000000000000000000000DA
:10BE680000000000000000000000000000000000CA
:10BE780000000000000000000000000000000000BA
:10BE880000000000000000000000000000000000AA
:10BE9800000000000000000000000000000000009A
:10BEA800000000000000000000000000000000008A
:10BEB800000000000000000000000000000000007A
:10BEC800000000000000000000000000000000006A
:10BED800000000000000000000000000000000005A
:10BEE800000000000000000000000000000000004A
:10BEF800000000000000000000000000000000003A
:10BF08000000000000000000000000000000000029
:10BF18000000000000000000000000000000000019
:10BF28000000000000000000000000000000000009
:10BF380000000000000000000000000000000000F9
:10BF480000000000000000000000000000000000E9
:10BF580000000000000000000000000000000000D9
:10BF680000000000000000000000000000000000C9
:10BF780000000000000000000000000000000000B9
:10BF880000000000000000000000000000000000A9
:10BF98000000000000000000000000000000000099
:10BFA8000000000000000000000000000000000089
:10BFB8000000000000000000000000000000000079
:10BFC8000000000000000000000000000000000069
:10BFD8000000000000000000000000000000000059
:10BFE8000000000000000000000000000000000049
:10BFF8000000000000000000000000000000000039
:10C008000000000000000000000000000000000028
:10C018000000000000000000000000000000000018
:10C028000000000000000000000000000000000008
:10C0380000000000000000000000000000000000F8
:10C0480000000000000000000000000000000000E8
:10C0580000000000000000000000000000000000D8
:10C0680000000000000000000000000000000000C8
:10C0780000000000000000000000000000000000B8
:10C0880000000000000000000000000000000000A8
:10C098000000000000000000000000000000000098
:10C0A8000000000000000000000000000000000088
:10C0B8000000000000000000000000000000000078
:10C0C8000000000000000000000000000000000068
:10C0D8000000000000000000000000000000000058
:10C0E8000000000000000000000000000000000048
:10C0F8000000000000000000000000000000000038
:10C108000000000000000000000000000000000027
:10C118000000000000000000000000000000000017
:10C128000000000000000000000000000000000007
:10C1380000000000000000000000000000000000F7
:10C1480000000000000000000000000000000000E7
:10C1580000000000000000000000000000000000D7
:10C1680000000000000000000000000000000000C7
:10C1780000000000000000000000000000000000B7
:10C1880000000000000000000000000000000000A7
:10C198000000000000000000000000000000000097
:10C1A8000000000000000000000000000000000087
:10C1B8000000000000000000000000000000000077
:10C1C8000000000000000000000000000000000067
:10C1D8000000000000000000000000000000000057
:10C1E8000000000000000000000000000000000047
:10C1F8000000000000000000000000000000000037
:10C208000000000000000000000000000000000026
:10C218000000000000000000000000000000000016
:10C228000000000000000000000000000000000006
:10C2380000000000000000000000000000000000F6
:10C2480000000000000000000000000000000000E6
:10C2580000000000000000000000000000000000D6
:10C2680000000000000000000000000000000000C6
:10C2780000000000000000000000000000000000B6
:10C2880000000000000000000000000000000000A6
:10C298000000000000000000000000000000000096
:10C2A8000000000000000000000000000000000086
:10C2B8000000000000000000000000000000000076
:10C2C8000000000000000000000000000000000066
:10C2D8000000000000000000000000000000000056
:10C2E8000000000000000000000000000000000046
:10C2F8000000000000000000000000000000000036
:10C308000000000000000000000000000000000025
:10C318000000000000000000000000000000000015
:10C328000000000000000000000000000000000005
:10C3380000000000000000000000000000000000F5
:10C3480000000000000000000000000000000000E5
:10C3580000000000000000000000000000000000D5
:10C3680000000000000000000000000000000000C5
:10C3780000000000000000000000000000000000B5
:10C3880000000000000000000000000000000000A5
:10C398000000000000000000000000000000000095
:10C3A8000000000000000000000000000000000085
:10C3B8000000000000000000000000000000000075
:10C3C8000000000000000000000000000000000065
:10C3D8000000000000000000000000000000000055
:10C3E8000000000000000000000000000000000045
:08C3F80000000000000000003D
:040000056000100087
:00000001FF
