:0200000460009A
:100000004643464200000156000000000103030081
:1000100000000000000000000000000000000000E0
:1000200000000000000000000000000000000000D0
:1000300000000000000000000000000000000000C0
:1000400000000000010408000000000000000000A3
:100050000000200000000000000000000000000080
:100060000000000000000000000000000000000090
:100070000000000000000000000000000000000080
:10008000EB04180A063204260000000000000000FD
:10009000050404240000000000000000000000002F
:1000A0000000000000000000000000000000000050
:1000B0000604000000000000000000000000000036
:1000C0000000000000000000000000000000000030
:1000D00020041808000000000000000000000000DC
:1000E0000000000000000000000000000000000010
:1000F0000000000000000000000000000000000000
:10010000D8041808000000000000000000000000F3
:100110000204180804200000000000000000000095
:1001200000000000000000000000000000000000CF
:10013000600400000000000000000000000000005B
:1001400000000000000000000000000000000000AF
:10015000000000000000000000000000000000009F
:10016000000000000000000000000000000000008F
:10017000000000000000000000000000000000007F
:10018000000000000000000000000000000000006F
:10019000000000000000000000000000000000005F
:1001A000000000000000000000000000000000004F
:1001B000000000000000000000000000000000003F
:1001C000000100000010000001000000000000001D
:1001D000000001000000000000000000000000001E
:1001E000000000000000000000000000000000000F
:1001F00000000000000000000000000000000000FF
:10020000FFFFFFFFFFFFFFFFFFFFFFFFFFFFFFFFFE
:10021000FFFFFFFFFFFFFFFFFFFFFFFFFFFFFFFFEE
:10022000FFFFFFFFFFFFFFFFFFFFFFFFFFFFFFFFDE
:10023000FFFFFFFFFFFFFFFFFFFFFFFFFFFFFFFFCE
:10024000FFFFFFFFFFFFFFFFFFFFFFFFFFFFFFFFBE
:10025000FFFFFFFFFFFFFFFFFFFFFFFFFFFFFFFFAE
:10026000FFFFFFFFFFFFFFFFFFFFFFFFFFFFFFFF9E
:10027000FFFFFFFFFFFFFFFFFFFFFFFFFFFFFFFF8E
:10028000FFFFFFFFFFFFFFFFFFFFFFFFFFFFFFFF7E
:10029000FFFFFFFFFFFFFFFFFFFFFFFFFFFFFFFF6E
:1002A000FFFFFFFFFFFFFFFFFFFFFFFFFFFFFFFF5E
:1002B000FFFFFFFFFFFFFFFFFFFFFFFFFFFFFFFF4E
:1002C000FFFFFFFFFFFFFFFFFFFFFFFFFFFFFFFF3E
:1002D000FFFFFFFFFFFFFFFFFFFFFFFFFFFFFFFF2E
:1002E000FFFFFFFFFFFFFFFFFFFFFFFFFFFFFFFF1E
:1002F000FFFFFFFFFFFFFFFFFFFFFFFFFFFFFFFF0E
:10030000FFFFFFFFFFFFFFFFFFFFFFFFFFFFFFFFFD
:10031000FFFFFFFFFFFFFFFFFFFFFFFFFFFFFFFFED
:10032000FFFFFFFFFFFFFFFFFFFFFFFFFFFFFFFFDD
:10033000FFFFFFFFFFFFFFFFFFFFFFFFFFFFFFFFCD
:10034000FFFFFFFFFFFFFFFFFFFFFFFFFFFFFFFFBD
:10035000FFFFFFFFFFFFFFFFFFFFFFFFFFFFFFFFAD
:10036000FFFFFFFFFFFFFFFFFFFFFFFFFFFFFFFF9D
:10037000FFFFFFFFFFFFFFFFFFFFFFFFFFFFFFFF8D
:10038000FFFFFFFFFFFFFFFFFFFFFFFFFFFFFFFF7D
:10039000FFFFFFFFFFFFFFFFFFFFFFFFFFFFFFFF6D
:1003A000FFFFFFFFFFFFFFFFFFFFFFFFFFFFFFFF5D
:1003B000FFFFFFFFFFFFFFFFFFFFFFFFFFFFFFFF4D
:1003C000FFFFFFFFFFFFFFFFFFFFFFFFFFFFFFFF3D
:1003D000FFFFFFFFFFFFFFFFFFFFFFFFFFFFFFFF2D
:1003E000FFFFFFFFFFFFFFFFFFFFFFFFFFFFFFFF1D
:1003F000FFFFFFFFFFFFFFFFFFFFFFFFFFFFFFFF0D
:10040000FFFFFFFFFFFFFFFFFFFFFFFFFFFFFFFFFC
:10041000FFFFFFFFFFFFFFFFFFFFFFFFFFFFFFFFEC
:10042000FFFFFFFFFFFFFFFFFFFFFFFFFFFFFFFFDC
:10043000FFFFFFFFFFFFFFFFFFFFFFFFFFFFFFFFCC
:10044000FFFFFFFFFFFFFFFFFFFFFFFFFFFFFFFFBC
:10045000FFFFFFFFFFFFFFFFFFFFFFFFFFFFFFFFAC
:10046000FFFFFFFFFFFFFFFFFFFFFFFFFFFFFFFF9C
:10047000FFFFFFFFFFFFFFFFFFFFFFFFFFFFFFFF8C
:10048000FFFFFFFFFFFFFFFFFFFFFFFFFFFFFFFF7C
:10049000FFFFFFFFFFFFFFFFFFFFFFFFFFFFFFFF6C
:1004A000FFFFFFFFFFFFFFFFFFFFFFFFFFFFFFFF5C
:1004B000FFFFFFFFFFFFFFFFFFFFFFFFFFFFFFFF4C
:1004C000FFFFFFFFFFFFFFFFFFFFFFFFFFFFFFFF3C
:1004D000FFFFFFFFFFFFFFFFFFFFFFFFFFFFFFFF2C
:1004E000FFFFFFFFFFFFFFFFFFFFFFFFFFFFFFFF1C
:1004F000FFFFFFFFFFFFFFFFFFFFFFFFFFFFFFFF0C
:10050000FFFFFFFFFFFFFFFFFFFFFFFFFFFFFFFFFB
:10051000FFFFFFFFFFFFFFFFFFFFFFFFFFFFFFFFEB
:10052000FFFFFFFFFFFFFFFFFFFFFFFFFFFFFFFFDB
:10053000FFFFFFFFFFFFFFFFFFFFFFFFFFFFFFFFCB
:10054000FFFFFFFFFFFFFFFFFFFFFFFFFFFFFFFFBB
:10055000FFFFFFFFFFFFFFFFFFFFFFFFFFFFFFFFAB
:10056000FFFFFFFFFFFFFFFFFFFFFFFFFFFFFFFF9B
:10057000FFFFFFFFFFFFFFFFFFFFFFFFFFFFFFFF8B
:10058000FFFFFFFFFFFFFFFFFFFFFFFFFFFFFFFF7B
:10059000FFFFFFFFFFFFFFFFFFFFFFFFFFFFFFFF6B
:1005A000FFFFFFFFFFFFFFFFFFFFFFFFFFFFFFFF5B
:1005B000FFFFFFFFFFFFFFFFFFFFFFFFFFFFFFFF4B
:1005C000FFFFFFFFFFFFFFFFFFFFFFFFFFFFFFFF3B
:1005D000FFFFFFFFFFFFFFFFFFFFFFFFFFFFFFFF2B
:1005E000FFFFFFFFFFFFFFFFFFFFFFFFFFFFFFFF1B
:1005F000FFFFFFFFFFFFFFFFFFFFFFFFFFFFFFFF0B
:10060000FFFFFFFFFFFFFFFFFFFFFFFFFFFFFFFFFA
:10061000FFFFFFFFFFFFFFFFFFFFFFFFFFFFFFFFEA
:10062000FFFFFFFFFFFFFFFFFFFFFFFFFFFFFFFFDA
:10063000FFFFFFFFFFFFFFFFFFFFFFFFFFFFFFFFCA
:10064000FFFFFFFFFFFFFFFFFFFFFFFFFFFFFFFFBA
:10065000FFFFFFFFFFFFFFFFFFFFFFFFFFFFFFFFAA
:10066000FFFFFFFFFFFFFFFFFFFFFFFFFFFFFFFF9A
:10067000FFFFFFFFFFFFFFFFFFFFFFFFFFFFFFFF8A
:10068000FFFFFFFFFFFFFFFFFFFFFFFFFFFFFFFF7A
:10069000FFFFFFFFFFFFFFFFFFFFFFFFFFFFFFFF6A
:1006A000FFFFFFFFFFFFFFFFFFFFFFFFFFFFFFFF5A
:1006B000FFFFFFFFFFFFFFFFFFFFFFFFFFFFFFFF4A
:1006C000FFFFFFFFFFFFFFFFFFFFFFFFFFFFFFFF3A
:1006D000FFFFFFFFFFFFFFFFFFFFFFFFFFFFFFFF2A
:1006E000FFFFFFFFFFFFFFFFFFFFFFFFFFFFFFFF1A
:1006F000FFFFFFFFFFFFFFFFFFFFFFFFFFFFFFFF0A
:10070000FFFFFFFFFFFFFFFFFFFFFFFFFFFFFFFFF9
:10071000FFFFFFFFFFFFFFFFFFFFFFFFFFFFFFFFE9
:10072000FFFFFFFFFFFFFFFFFFFFFFFFFFFFFFFFD9
:10073000FFFFFFFFFFFFFFFFFFFFFFFFFFFFFFFFC9
:10074000FFFFFFFFFFFFFFFFFFFFFFFFFFFFFFFFB9
:10075000FFFFFFFFFFFFFFFFFFFFFFFFFFFFFFFFA9
:10076000FFFFFFFFFFFFFFFFFFFFFFFFFFFFFFFF99
:10077000FFFFFFFFFFFFFFFFFFFFFFFFFFFFFFFF89
:10078000FFFFFFFFFFFFFFFFFFFFFFFFFFFFFFFF79
:10079000FFFFFFFFFFFFFFFFFFFFFFFFFFFFFFFF69
:1007A000FFFFFFFFFFFFFFFFFFFFFFFFFFFFFFFF59
:1007B000FFFFFFFFFFFFFFFFFFFFFFFFFFFFFFFF49
:1007C000FFFFFFFFFFFFFFFFFFFFFFFFFFFFFFFF39
:1007D000FFFFFFFFFFFFFFFFFFFFFFFFFFFFFFFF29
:1007E000FFFFFFFFFFFFFFFFFFFFFFFFFFFFFFFF19
:1007F000FFFFFFFFFFFFFFFFFFFFFFFFFFFFFFFF09
:10080000FFFFFFFFFFFFFFFFFFFFFFFFFFFFFFFFF8
:10081000FFFFFFFFFFFFFFFFFFFFFFFFFFFFFFFFE8
:10082000FFFFFFFFFFFFFFFFFFFFFFFFFFFFFFFFD8
:10083000FFFFFFFFFFFFFFFFFFFFFFFFFFFFFFFFC8
:10084000FFFFFFFFFFFFFFFFFFFFFFFFFFFFFFFFB8
:10085000FFFFFFFFFFFFFFFFFFFFFFFFFFFFFFFFA8
:10086000FFFFFFFFFFFFFFFFFFFFFFFFFFFFFFFF98
:10087000FFFFFFFFFFFFFFFFFFFFFFFFFFFFFFFF88
:10088000FFFFFFFFFFFFFFFFFFFFFFFFFFFFFFFF78
:10089000FFFFFFFFFFFFFFFFFFFFFFFFFFFFFFFF68
:1008A000FFFFFFFFFFFFFFFFFFFFFFFFFFFFFFFF58
:1008B000FFFFFFFFFFFFFFFFFFFFFFFFFFFFFFFF48
:1008C000FFFFFFFFFFFFFFFFFFFFFFFFFFFFFFFF38
:1008D000FFFFFFFFFFFFFFFFFFFFFFFFFFFFFFFF28
:1008E000FFFFFFFFFFFFFFFFFFFFFFFFFFFFFFFF18
:1008F000FFFFFFFFFFFFFFFFFFFFFFFFFFFFFFFF08
:10090000FFFFFFFFFFFFFFFFFFFFFFFFFFFFFFFFF7
:10091000FFFFFFFFFFFFFFFFFFFFFFFFFFFFFFFFE7
:10092000FFFFFFFFFFFFFFFFFFFFFFFFFFFFFFFFD7
:10093000FFFFFFFFFFFFFFFFFFFFFFFFFFFFFFFFC7
:10094000FFFFFFFFFFFFFFFFFFFFFFFFFFFFFFFFB7
:10095000FFFFFFFFFFFFFFFFFFFFFFFFFFFFFFFFA7
:10096000FFFFFFFFFFFFFFFFFFFFFFFFFFFFFFFF97
:10097000FFFFFFFFFFFFFFFFFFFFFFFFFFFFFFFF87
:10098000FFFFFFFFFFFFFFFFFFFFFFFFFFFFFFFF77
:10099000FFFFFFFFFFFFFFFFFFFFFFFFFFFFFFFF67
:1009A000FFFFFFFFFFFFFFFFFFFFFFFFFFFFFFFF57
:1009B000FFFFFFFFFFFFFFFFFFFFFFFFFFFFFFFF47
:1009C000FFFFFFFFFFFFFFFFFFFFFFFFFFFFFFFF37
:1009D000FFFFFFFFFFFFFFFFFFFFFFFFFFFFFFFF27
:1009E000FFFFFFFFFFFFFFFFFFFFFFFFFFFFFFFF17
:1009F000FFFFFFFFFFFFFFFFFFFFFFFFFFFFFFFF07
:100A0000FFFFFFFFFFFFFFFFFFFFFFFFFFFFFFFFF6
:100A1000FFFFFFFFFFFFFFFFFFFFFFFFFFFFFFFFE6
:100A2000FFFFFFFFFFFFFFFFFFFFFFFFFFFFFFFFD6
:100A3000FFFFFFFFFFFFFFFFFFFFFFFFFFFFFFFFC6
:100A4000FFFFFFFFFFFFFFFFFFFFFFFFFFFFFFFFB6
:100A5000FFFFFFFFFFFFFFFFFFFFFFFFFFFFFFFFA6
:100A6000FFFFFFFFFFFFFFFFFFFFFFFFFFFFFFFF96
:100A7000FFFFFFFFFFFFFFFFFFFFFFFFFFFFFFFF86
:100A8000FFFFFFFFFFFFFFFFFFFFFFFFFFFFFFFF76
:100A9000FFFFFFFFFFFFFFFFFFFFFFFFFFFFFFFF66
:100AA000FFFFFFFFFFFFFFFFFFFFFFFFFFFFFFFF56
:100AB000FFFFFFFFFFFFFFFFFFFFFFFFFFFFFFFF46
:100AC000FFFFFFFFFFFFFFFFFFFFFFFFFFFFFFFF36
:100AD000FFFFFFFFFFFFFFFFFFFFFFFFFFFFFFFF26
:100AE000FFFFFFFFFFFFFFFFFFFFFFFFFFFFFFFF16
:100AF000FFFFFFFFFFFFFFFFFFFFFFFFFFFFFFFF06
:100B0000FFFFFFFFFFFFFFFFFFFFFFFFFFFFFFFFF5
:100B1000FFFFFFFFFFFFFFFFFFFFFFFFFFFFFFFFE5
:100B2000FFFFFFFFFFFFFFFFFFFFFFFFFFFFFFFFD5
:100B3000FFFFFFFFFFFFFFFFFFFFFFFFFFFFFFFFC5
:100B4000FFFFFFFFFFFFFFFFFFFFFFFFFFFFFFFFB5
:100B5000FFFFFFFFFFFFFFFFFFFFFFFFFFFFFFFFA5
:100B6000FFFFFFFFFFFFFFFFFFFFFFFFFFFFFFFF95
:100B7000FFFFFFFFFFFFFFFFFFFFFFFFFFFFFFFF85
:100B8000FFFFFFFFFFFFFFFFFFFFFFFFFFFFFFFF75
:100B9000FFFFFFFFFFFFFFFFFFFFFFFFFFFFFFFF65
:100BA000FFFFFFFFFFFFFFFFFFFFFFFFFFFFFFFF55
:100BB000FFFFFFFFFFFFFFFFFFFFFFFFFFFFFFFF45
:100BC000FFFFFFFFFFFFFFFFFFFFFFFFFFFFFFFF35
:100BD000FFFFFFFFFFFFFFFFFFFFFFFFFFFFFFFF25
:100BE000FFFFFFFFFFFFFFFFFFFFFFFFFFFFFFFF15
:100BF000FFFFFFFFFFFFFFFFFFFFFFFFFFFFFFFF05
:100C0000FFFFFFFFFFFFFFFFFFFFFFFFFFFFFFFFF4
:100C1000FFFFFFFFFFFFFFFFFFFFFFFFFFFFFFFFE4
:100C2000FFFFFFFFFFFFFFFFFFFFFFFFFFFFFFFFD4
:100C3000FFFFFFFFFFFFFFFFFFFFFFFFFFFFFFFFC4
:100C4000FFFFFFFFFFFFFFFFFFFFFFFFFFFFFFFFB4
:100C5000FFFFFFFFFFFFFFFFFFFFFFFFFFFFFFFFA4
:100C6000FFFFFFFFFFFFFFFFFFFFFFFFFFFFFFFF94
:100C7000FFFFFFFFFFFFFFFFFFFFFFFFFFFFFFFF84
:100C8000FFFFFFFFFFFFFFFFFFFFFFFFFFFFFFFF74
:100C9000FFFFFFFFFFFFFFFFFFFFFFFFFFFFFFFF64
:100CA000FFFFFFFFFFFFFFFFFFFFFFFFFFFFFFFF54
:100CB000FFFFFFFFFFFFFFFFFFFFFFFFFFFFFFFF44
:100CC000FFFFFFFFFFFFFFFFFFFFFFFFFFFFFFFF34
:100CD000FFFFFFFFFFFFFFFFFFFFFFFFFFFFFFFF24
:100CE000FFFFFFFFFFFFFFFFFFFFFFFFFFFFFFFF14
:100CF000FFFFFFFFFFFFFFFFFFFFFFFFFFFFFFFF04
:100D0000FFFFFFFFFFFFFFFFFFFFFFFFFFFFFFFFF3
:100D1000FFFFFFFFFFFFFFFFFFFFFFFFFFFFFFFFE3
:100D2000FFFFFFFFFFFFFFFFFFFFFFFFFFFFFFFFD3
:100D3000FFFFFFFFFFFFFFFFFFFFFFFFFFFFFFFFC3
:100D4000FFFFFFFFFFFFFFFFFFFFFFFFFFFFFFFFB3
:100D5000FFFFFFFFFFFFFFFFFFFFFFFFFFFFFFFFA3
:100D6000FFFFFFFFFFFFFFFFFFFFFFFFFFFFFFFF93
:100D7000FFFFFFFFFFFFFFFFFFFFFFFFFFFFFFFF83
:100D8000FFFFFFFFFFFFFFFFFFFFFFFFFFFFFFFF73
:100D9000FFFFFFFFFFFFFFFFFFFFFFFFFFFFFFFF63
:100DA000FFFFFFFFFFFFFFFFFFFFFFFFFFFFFFFF53
:100DB000FFFFFFFFFFFFFFFFFFFFFFFFFFFFFFFF43
:100DC000FFFFFFFFFFFFFFFFFFFFFFFFFFFFFFFF33
:100DD000FFFFFFFFFFFFFFFFFFFFFFFFFFFFFFFF23
:100DE000FFFFFFFFFFFFFFFFFFFFFFFFFFFFFFFF13
:100DF000FFFFFFFFFFFFFFFFFFFFFFFFFFFFFFFF03
:100E0000FFFFFFFFFFFFFFFFFFFFFFFFFFFFFFFFF2
:100E1000FFFFFFFFFFFFFFFFFFFFFFFFFFFFFFFFE2
:100E2000FFFFFFFFFFFFFFFFFFFFFFFFFFFFFFFFD2
:100E3000FFFFFFFFFFFFFFFFFFFFFFFFFFFFFFFFC2
:100E4000FFFFFFFFFFFFFFFFFFFFFFFFFFFFFFFFB2
:100E5000FFFFFFFFFFFFFFFFFFFFFFFFFFFFFFFFA2
:100E6000FFFFFFFFFFFFFFFFFFFFFFFFFFFFFFFF92
:100E7000FFFFFFFFFFFFFFFFFFFFFFFFFFFFFFFF82
:100E8000FFFFFFFFFFFFFFFFFFFFFFFFFFFFFFFF72
:100E9000FFFFFFFFFFFFFFFFFFFFFFFFFFFFFFFF62
:100EA000FFFFFFFFFFFFFFFFFFFFFFFFFFFFFFFF52
:100EB000FFFFFFFFFFFFFFFFFFFFFFFFFFFFFFFF42
:100EC000FFFFFFFFFFFFFFFFFFFFFFFFFFFFFFFF32
:100ED000FFFFFFFFFFFFFFFFFFFFFFFFFFFFFFFF22
:100EE000FFFFFFFFFFFFFFFFFFFFFFFFFFFFFFFF12
:100EF000FFFFFFFFFFFFFFFFFFFFFFFFFFFFFFFF02
:100F0000FFFFFFFFFFFFFFFFFFFFFFFFFFFFFFFFF1
:100F1000FFFFFFFFFFFFFFFFFFFFFFFFFFFFFFFFE1
:100F2000FFFFFFFFFFFFFFFFFFFFFFFFFFFFFFFFD1
:100F3000FFFFFFFFFFFFFFFFFFFFFFFFFFFFFFFFC1
:100F4000FFFFFFFFFFFFFFFFFFFFFFFFFFFFFFFFB1
:100F5000FFFFFFFFFFFFFFFFFFFFFFFFFFFFFFFFA1
:100F6000FFFFFFFFFFFFFFFFFFFFFFFFFFFFFFFF91
:100F7000FFFFFFFFFFFFFFFFFFFFFFFFFFFFFFFF81
:100F8000FFFFFFFFFFFFFFFFFFFFFFFFFFFFFFFF71
:100F9000FFFFFFFFFFFFFFFFFFFFFFFFFFFFFFFF61
:100FA000FFFFFFFFFFFFFFFFFFFFFFFFFFFFFFFF51
:100FB000FFFFFFFFFFFFFFFFFFFFFFFFFFFFFFFF41
:100FC000FFFFFFFFFFFFFFFFFFFFFFFFFFFFFFFF31
:100FD000FFFFFFFFFFFFFFFFFFFFFFFFFFFFFFFF21
:100FE000FFFFFFFFFFFFFFFFFFFFFFFFFFFFFFFF11
:100FF000FFFFFFFFFFFFFFFFFFFFFFFFFFFFFFFF01
:10100000D1002043611C00600000000000000000CF
:101010002010006000100060006403600000000009
:10102000000000600070030000000000FFFFFFFFF1
:10103000FFFFFFFFFFFFFFFFFFFFFFFFFFFFFFFFC0
:10104000FFFFFFFFFFFFFFFFFFFFFFFFFFFFFFFFB0
:10105000FFFFFFFFFFFFFFFFFFFFFFFFFFFFFFFFA0
:10106000FFFFFFFFFFFFFFFFFFFFFFFFFFFFFFFF90
:10107000FFFFFFFFFFFFFFFFFFFFFFFFFFFFFFFF80
:10108000FFFFFFFFFFFFFFFFFFFFFFFFFFFFFFFF70
:10109000FFFFFFFFFFFFFFFFFFFFFFFFFFFFFFFF60
:1010A000FFFFFFFFFFFFFFFFFFFFFFFFFFFFFFFF50
:1010B000FFFFFFFFFFFFFFFFFFFFFFFFFFFFFFFF40
:1010C000FFFFFFFFFFFFFFFFFFFFFFFFFFFFFFFF30
:1010D000FFFFFFFFFFFFFFFFFFFFFFFFFFFFFFFF20
:1010E000FFFFFFFFFFFFFFFFFFFFFFFFFFFFFFFF10
:1010F000FFFFFFFFFFFFFFFFFFFFFFFFFFFFFFFF00
:10110000FFFFFFFFFFFFFFFFFFFFFFFFFFFFFFFFEF
:10111000FFFFFFFFFFFFFFFFFFFFFFFFFFFFFFFFDF
:10112000FFFFFFFFFFFFFFFFFFFFFFFFFFFFFFFFCF
:10113000FFFFFFFFFFFFFFFFFFFFFFFFFFFFFFFFBF
:10114000FFFFFFFFFFFFFFFFFFFFFFFFFFFFFFFFAF
:10115000FFFFFFFFFFFFFFFFFFFFFFFFFFFFFFFF9F
:10116000FFFFFFFFFFFFFFFFFFFFFFFFFFFFFFFF8F
:10117000FFFFFFFFFFFFFFFFFFFFFFFFFFFFFFFF7F
:10118000FFFFFFFFFFFFFFFFFFFFFFFFFFFFFFFF6F
:10119000FFFFFFFFFFFFFFFFFFFFFFFFFFFFFFFF5F
:1011A000FFFFFFFFFFFFFFFFFFFFFFFFFFFFFFFF4F
:1011B000FFFFFFFFFFFFFFFFFFFFFFFFFFFFFFFF3F
:1011C000FFFFFFFFFFFFFFFFFFFFFFFFFFFFFFFF2F
:1011D000FFFFFFFFFFFFFFFFFFFFFFFFFFFFFFFF1F
:1011E000FFFFFFFFFFFFFFFFFFFFFFFFFFFFFFFF0F
:1011F000FFFFFFFFFFFFFFFFFFFFFFFFFFFFFFFFFF
:10120000FFFFFFFFFFFFFFFFFFFFFFFFFFFFFFFFEE
:10121000FFFFFFFFFFFFFFFFFFFFFFFFFFFFFFFFDE
:10122000FFFFFFFFFFFFFFFFFFFFFFFFFFFFFFFFCE
:10123000FFFFFFFFFFFFFFFFFFFFFFFFFFFFFFFFBE
:10124000FFFFFFFFFFFFFFFFFFFFFFFFFFFFFFFFAE
:10125000FFFFFFFFFFFFFFFFFFFFFFFFFFFFFFFF9E
:10126000FFFFFFFFFFFFFFFFFFFFFFFFFFFFFFFF8E
:10127000FFFFFFFFFFFFFFFFFFFFFFFFFFFFFFFF7E
:10128000FFFFFFFFFFFFFFFFFFFFFFFFFFFFFFFF6E
:10129000FFFFFFFFFFFFFFFFFFFFFFFFFFFFFFFF5E
:1012A000FFFFFFFFFFFFFFFFFFFFFFFFFFFFFFFF4E
:1012B000FFFFFFFFFFFFFFFFFFFFFFFFFFFFFFFF3E
:1012C000FFFFFFFFFFFFFFFFFFFFFFFFFFFFFFFF2E
:1012D000FFFFFFFFFFFFFFFFFFFFFFFFFFFFFFFF1E
:1012E000FFFFFFFFFFFFFFFFFFFFFFFFFFFFFFFF0E
:1012F000FFFFFFFFFFFFFFFFFFFFFFFFFFFFFFFFFE
:10130000FFFFFFFFFFFFFFFFFFFFFFFFFFFFFFFFED
:10131000FFFFFFFFFFFFFFFFFFFFFFFFFFFFFFFFDD
:10132000FFFFFFFFFFFFFFFFFFFFFFFFFFFFFFFFCD
:10133000FFFFFFFFFFFFFFFFFFFFFFFFFFFFFFFFBD
:10134000FFFFFFFFFFFFFFFFFFFFFFFFFFFFFFFFAD
:10135000FFFFFFFFFFFFFFFFFFFFFFFFFFFFFFFF9D
:10136000FFFFFFFFFFFFFFFFFFFFFFFFFFFFFFFF8D
:10137000FFFFFFFFFFFFFFFFFFFFFFFFFFFFFFFF7D
:10138000FFFFFFFFFFFFFFFFFFFFFFFFFFFFFFFF6D
:10139000FFFFFFFFFFFFFFFFFFFFFFFFFFFFFFFF5D
:1013A000FFFFFFFFFFFFFFFFFFFFFFFFFFFFFFFF4D
:1013B000FFFFFFFFFFFFFFFFFFFFFFFFFFFFFFFF3D
:1013C000FFFFFFFFFFFFFFFFFFFFFFFFFFFFFFFF2D
:1013D000FFFFFFFFFFFFFFFFFFFFFFFFFFFFFFFF1D
:1013E000FFFFFFFFFFFFFFFFFFFFFFFFFFFFFFFF0D
:1013F000FFFFFFFFFFFFFFFFFFFFFFFFFFFFFFFFFD
:10140000884207D0904205D251F8043B40F8043B93
:101410008242F9D8704700BF884204D2002340F8C6
:10142000043B8142FBD87047BA4B0824BA4ABB49F7
:10143000BB4880B5C3F8544184B0FFF7E1FFB94A17
:10144000B949BA48FFF7DCFFB949BA48FFF7E4FFEA
:10145000B94C4FF0E0214FF470000023B74AC1F8B7
:10146000880D44F823200133B02BFAD1B44B8021EE
:10147000B44A03F8011B9342FBD14FF0E023A54A85
:101480004FF08031B048C3F8084DC2F80411C2F8DB
:101490000001AE48C2F8F410C2F8F000D3F8241DE1
:1014A000AB4841F4E021C3F8241DC16921F07F015C
:1014B00041F04001C161416A21F07F0141F04001EA
:1014C00041624FF0FF30A3498866C86608674867E5
:1014D00000211020C3F8941DC3F89C0D9E48C3F84A
:1014E000A00D1120C3F89C0D9C48C3F8A00D12203C
:1014F000C3F89C0D9A48C3F8A00D9A48C3F89C0DF8
:101500009948C3F8A00D9948C3F89C0D9848C3F8B2
:10151000A00D874840F01500C3F89C0D9548C3F80E
:10152000A00D00F181500D30C3F89C0D9248C3F816
:10153000A00D9248C3F89C0D9148C3F8A00D9148A6
:10154000C3F89C0D9048C3F8A00D9048C3F89C0DBB
:101550008F48C3F8A00D0120C3F8940DBFF34F8F3F
:10156000BFF36F8FC3F8501FBFF34F8FBFF36F8F61
:10157000D3F8140D4FF0400E4FF4805C4FF4005739
:1015800040F440304FF44046C3F8140D8148A06346
:101590008148E063632058610320996118617F48A6
:1015A0007F49C3F8200DD3F8FC0D40F08070C3F8DC
:1015B000FC0D0B687B4843F001030B604B684FF454
:1015C0008031036043F2420013699D0700F11483E8
:1015D0009D0440F11583DD0440F11483002BF3DA00
:1015E00013F4803540F011835B0640F11A834FF00D
:1015F000803355496C48C2F80431C2F80011534990
:10160000C2F8F430C2F8F01000F02AFC5048674BE2
:10161000C16E674A41F44051C1661D60C3F808516C
:10162000C3F81851C3F82851C3F83851936BD80741
:1016300008D442F615635F4951651365936B43F017
:10164000010393635A4840F23765414B81685A4A17
:1016500041F001118160D96E41F44031D966D96EF3
:1016600041F44071D966A02355649364936C1906C4
:10167000FCD4524B40F23761A02259649A649D6CAD
:1016800015F08005FBD1324B41F201074C4945F67C
:10169000C0564C4AF3EE097A0D70996F4A4841F4EE
:1016A0007F019FED4A6ADFED4A6A9967D3F880109F
:1016B0000A43C3F8802000F0CBFB00F5804000F027
:1016C000C7FB00F5804000F0C3FB00F5804000F050
:1016D000BFFB4049404A4FF00F0C43F226008D817A
:1016E0004D81A1F80EC08F82CE800D800D82888141
:1016F0008D854D85A1F82EC08F86CE840D840D86F4
:101700008885A1F84C50A1F84A50A1F84EC0A1F824
:10171000547063E000800D40C8D8020004310060BE
:1017200000000000C0560020D00903600000002027
:1017300000360220C056002000540020015901004C
:1017400000E400E0A0E400E01B1018200C0D1113D1
:1017500000C00F4000C00A403F00001025000803F1
:1017600009001000130020002100020714000020CF
:10177000250008130900001027000B131700004074
:1017800033001013180000602F000B0719000070C1
:101790002F000B13612D0100AD2D01000000202052
:1017A000001000E010C301200046C32300400840A1
:1017B00000400D400000C05600400C4000800C402E
:1017C000246A0020000003FC00C03D400000AA4243
:1017D0000000B44200C01D4000001E40A1F8466059
:1017E000A1F84050A1F85050A1F84C00A1F86C505D
:1017F000A1F86A50A1F86EC0A1F87470A1F86660F3
:10180000A1F86050A1F87050A1F86C0003219581F7
:101810005581A2F80EC09782D680158015829081DE
:1018200095855585A2F82EC09786D6841584158691
:101830009085A2F84C50A2F84A50A2F84EC0A2F8E7
:101840005470A2F84660A2F84050A2F85050A2F896
:101850004C00A2F86C50A2F86A50A2F86EC0A2F830
:101860007470A2F86660A2F86050A2F87050A2F8F6
:101870006C00A2F58312CF4BA2F5F8529D815D81D9
:10188000A3F80EC09F82DE801D801D8298819D85F9
:101890005D85A3F82EC09F86DE841D841D869885F5
:1018A000A3F84C50A3F84A50A3F84EC0A3F85470C4
:1018B000A3F84660A3F84050A3F85050A3F84C009A
:1018C000A3F86C50A3F86A50A3F86EC0A3F8747024
:1018D000A3F86660A3F86050A3F87050A3F86C00FA
:1018E000D2F8803023F00103C2F88030B24BC2F846
:1018F0009010D3F8E030B149DFB2C3F30B261B0DD3
:10190000D2F8800007EE107A05EE906AC1F8C8653B
:10191000B8EEC77AC1F8C475B8EEE55A37EE466A34
:1019200077EE666A37EE677A07EE903AA44BF8EEE8
:10193000E77A77EEC57A26EE276A66EEA76A67EE43
:10194000274AC6EE075A86EE876AC4EE876A75EEA6
:10195000855AFCEEE55A36EE056A15EE906ABCEE45
:10196000C66A40EA065076EE856AC2F8800016EE36
:10197000100A03EA0043D2F89001FCEEE66A034342
:10198000C2F8903116EE903AD2F89001C3F30B03EF
:101990000343C2F89031D2F8803043F00203C2F81A
:1019A0008030884A884B82F84050C4F8403101F2B8
:1019B000CC5301F5BA6183ED007AC1ED007A4FF0A6
:1019C000E0230122814EC3F808213368132BFCD990
:1019D0007F4B40F66172C3F82021774A7D4BD2F8E5
:1019E000201221F07F41994280F011810A2000FBF2
:1019F00001F2B2FBF0F300FB1323092A03F13003D9
:101A00008DF8043040F210810DF1040C4FF0000EFF
:101A1000DFF8E0916746A9FB0132884670460EF177
:101A2000010ED208B8F1090F02EB8203A1EB4303C8
:101A3000114603F1300307F8013FECD801AB00F188
:101A4000100203EB0E016A44002302F80A3C1A4616
:101A500001339CF80070821A91F800E093420CF870
:101A600001EB01F80179F2DB9DF80420002A00F077
:101A7000E180594B9DF805105A84002900F0DC8064
:101A80009DF806009984002800F0D8809DF8072072
:101A9000D884002A00F0D4809DF808101A85002907
:101AA00000F0D2809DF809205985002A00F0D080EE
:101AB0009DF80A109A85002900F0C8809DF80B2037
:101AC000D985002A00F0BE809DF80C101A860029E6
:101AD00000F0C0809DF80D205986002A00F0BC80DF
:101AE0000A259A866A1C3D49520083F82020D1F8C5
:101AF00080303B4A43F00303C1F8803040F2044198
:101B0000384BC2F860111968374B194203D1D2F82B
:101B1000A8319A071BD0324A4FF00041314B59632C
:101B2000D2F8403143F00203C2F84031D2F84031DC
:101B30009B07FBD44FF0E0224FF40031294B1920D2
:101B4000C2F88C124FF000429A6300F085F9254AE2
:101B500000214FF08040224D244B906311600A22F7
:101B60001846C5F8A8214FF4207200F081F94FF40F
:101B700081021F4B02604FF48002C5F858010264D5
:101B800040F24312C5F84821C4F804324FF0E02275
:101B90004FF400310123C2F80C11C5F8403133680D
:101BA000B3F5967FFBD300F073F800F065F900F011
:101BB0005BF900BF00401E4000441F40A0A600206B
:101BC0000000FF0F00E400E0F95A01000CC30120FF
:101BD00000800D4080969800B44A002000C00F405D
:101BE00000002E4000900D40001C1E000000002050
:101BF000294E0100CDCCCCCC966151619061E3E4DB
:101C00005761E1E4C2F814C0DEE49161DCE40A2328
:101C1000B1FBF3F203FB1213114630338DF804309D
:101C2000F2E6C2F814E0CFE400239DF804208DF81A
:101C300005301EE7094B55E7012553E7022551E71B
:101C400003254FE707254DE704254BE7062549E720
:101C5000052547E7082545E7092543E7B44A00205D
:101C6000074B4FF42A01074A07485A641864074A89
:101C700099639546BFF34F8FBFF36F8FFFF7D4FB88
:101C800000C00A40FFAFAAAA0700200000000520FC
:101C900000BF7047264942698B6B23F47C0370B503
:101CA00043F480231468234D8B63216853681943E0
:101CB000036921600221002419611F491C61996494
:101CC000012159629D624FF43035DD624FF00115FC
:101CD0009E6C1E651C629D651961037E174D02EBAB
:101CE000031E174B9EF808C003EB0C1CDCF80840E1
:101CF0002560DCF80440DEF80C502560DEF810406A
:101D000014B1DEF814102160407E0C4C02EB00117F
:101D100091F828000A4603EB0013D3E90130046070
:101D2000C96A1960136B0BB1526B1A6070BD00BFAA
:101D300000C00F40B80B05053B37281961F80100BA
:101D4000381E00201B494B690A7E03EB0212127AEF
:101D5000122A2DD0187AFF282AD0122825D0187ED2
:101D6000FF2825D00120844630B41C685D682468B3
:101D70002C4203D181F818C030BC704703EB00132C
:101D80000D48052400EB0212526814601A7A0B4CBD
:101D900000EB0212D2E901200460D86810601A69D1
:101DA000002AE7D05B691360E4E700208446DBE7A4
:101DB000704700BFE05E0020381E002061F801007F
:101DC0001D494B694A7E03EB021292F82820132A20
:101DD00030D093F82800FF282CD0132827D093F870
:101DE0003800FF2826D00120844630B41C685D6886
:101DF00024682C4203D181F819C030BC704703EB32
:101E000000130E48052400EB02125268146093F888
:101E100028200B4C00EB0212D2E901200460D86AA2
:101E200010601A6B002AE6D05B6B1360E3E70020BA
:101E30008446DAE7704700BFE05E0020381E0020CD
:101E400061F80100F8B500BFF8BC08BC9E467047B9
:101E50005FF800F0693201005FF800F05979010085
:101E60005FF800F0FD2F01005FF800F08D8C01009D
:101E70005FF800F0AD7302005FF800F05D740200DF
:081E800045000000555202006C
:101E88000000000000000100020004000600080035
:101E98000B000F00140019001F0026002E00370049
:101EA80041004B0057006300710080008F00A000C4
:101EB800B200C500DA00EF0006011E013701520129
:101EC8006E018B01A901C901EB010E023202570212
:101ED8007F02A702D202FD022B0359038A03BC0327
:101EE800EF0325045C049404CF040B05480588051A
:101EF800C9050C0651069806E0062A077607C407A6
:101F080014086608B9080F096709C0091B0A790A85
:101F1800D80A3A0B9D0B030C6A0CD40C3F0DAD0D7F
:101F28001D0E8F0E030F790FF20F6C10E910681158
:101F3800E9116C12F2127A13041490141F15B015DB
:101F48004316D91671170B18A7184619E8198B1AD2
:101F5800321BDA1B851C331DE21D951E491F01200B
:101F6800BB2077213622F722BB2381244A25162657
:101F7800E426B52788285E29362A112BEF2BD02C8A
:101F8800B32D992E812F6D305A314B323F33353472
:101F98002E352936283729382D39333A3D3B493CE7
:101FA800593D6B3E803F9740B241D042F0431345C4
:101FB8003A4663478F48BE49F04A254C5D4D974ED7
:101FC800D54F16515A52A153EB5438568757DA5801
:101FD800315A8A5BE65C455EA75F0D617662E16314
:101FE8005065C2663768AF692B6BAA6C2B6EB06FF1
:101FF8003971C4725374E5757A771279AE7A4C7C6C
:10200800EF7D947F3D81E98298844B860188BA8967
:10201800768B368DFA8EC0908A9258942996FD97C1
:10202800D499B09B8E9D709F55A13EA32AA51AA74F
:102038000DA904ABFEACFBAEFCB001B309B515B7F6
:1020480024B937BB4DBD67BF84C1A5C3CAC5F2C794
:102058001ECA4DCC80CEB7D0F1D22FD571D7B6D904
:10206800FEDB4BDE9BE0EFE247E5A2E701EA63EC2B
:10207800CAEE34F1A2F313F688F802FB7EFDFFFFE7
:10208800A000A000A00000000000000040404000A8
:102098004000A0A000000000A0F0A0F0A00040E0D8
:1020A800C020E04080204080200040A040A0500098
:1020B8004040000000002040404040208040404018
:1020C8004080A040E040A0004040E04040000000C8
:1020D800000040800000E000000000000000400018
:1020E80020204080800040A0E0A0400040C0404048
:1020F800E00040A02040E000E0204020C000A0A078
:10210800E0202000E080C020C0006080C0A0400027
:10211800E0204080800060A040A0C00040A0602077
:10212800C000004000004000004000004080204007
:102138008040200000E000E0000080402040800057
:10214800C0204000400060A0A080600040A0E0A047
:10215800A000C0A0C0A0C00040A080A04000C0A0B7
:10216800A0A0C000E080C080E000E080C0808000C7
:102178006080A0A06000A0A0E0A0A000E0404040D7
:10218800E000202020A04000A0A0C0A0A0008080E7
:102198008080E000A0E0E0A0A00020A0E0A08000F7
:1021A80040A0A0A04000C0A0C080800040A0A0A087
:1021B8004020C0A0C0A0A00060804020C000E04037
:1021C80040404000A0A0A0A0E000A0A0A0E04000E7
:1021D800A0A0E0E0A000A0A040A0A000A0A04040D7
:1021E8004000E0204080E000604040406000808087
:1021F80040202000C0404040C00040A00000000037
:102208000000000000E04020000000000060A0A0E6
:10221800600080C0A0A0C0000060808060002060D6
:10222800A0A060000040A0C060002040E040400046
:102238000060A06020C080C0A0A0A0004000C040F6
:10224800E0002000202020C080A0C0A0A000C04046
:102258004040E00000A0E0A0A00000C0A0A0A000B6
:102268000040A0A0400000C0A0C080800060A0A0E6
:10227800602000A0C08080000060C020C00040E056
:102288004040200000A0A0A0600000A0A0A0400046
:1022980000A0A0E0A00000A04040A00000A0A06016
:1022A80020C000E02040E0002040C04040204040E6
:1022B8004040400080406040408050A00000000046
:1022C80000000000000040004040400040E080E086
:1022D800400020406040A000009060609000A04056
:1022E800E040400040400040400060C0A06020C086
:1022F800A000000000006090D0D0906060A0600056
:10230800E0000050A05000000000E02000000000A5
:10231800E000000060F0D0600000E0000000000075
:1023280040A04000000040E04000E000C04080C005
:102338000000C0408040800020400000000000A055
:10234800A0A0C08070D0D050500000004000000015
:1023580000000020400040C04040000040A0400075
:10236800E00000A050A000008080805070108080A5
:10237800B0102030C0408050B01040004080600055
:102388008040A0E0A0002040A0E0A000C040A0E065
:10239800A00060C0A0E0A000A040A0E0A0004040D5
:1023A800A0E0A00070A0F0A0B00040A080A04080F5
:1023B80080E0C080E00020E0C080E00060E0C080F5
:1023C800E000A0E0C080E00080E04040E00020E0C5
:1023D8004040E00040E04040E000A0404040E000D5
:1023E800E050D050E00050A0E0E0A0008040A0A065
:1023F80040002040A0A040004040A0A0400070E065
:10240800A0A04000A040A0A0400000A040A0000064
:1024180060A0E0A0C0008040A0A0E0002040A0A0F4
:10242800E0004000A0A0E000A000A0A0E000200084
:10243800A040400080C0A0C0800040A0C0A0E080B4
:10244800804060A06000204060A06000600060A044
:10245800600050A060A06000A00060A06000400084
:1024680060A060000070B0A070000040A0806040D4
:102478008040A0C060002040A0C06000C040A0C054
:102488006000A040A0C0600080404040E00020C044
:102498004040E00040A04040E000A000C040E00014
:1024A800A04060A0400050A0C0A0A000804040A074
:1024B8004000204040A04000400040A04000E00014
:1024C80040A04000A00040A040004000E0004000C4
:1024D8000060A0A0C0008040A0A060002040A0A094
:1024E80060004000A0A06000A000A0A06000204004
:1024F800A0E020C08080C0A0C080A000A0E020C0D4
:1025080000002000210022002300240025002600CE
:102518002700280029002A002B002C002D002E005F
:102528002F0030003100320033003400350036000F
:102538003700380039003A003B003C003D003E00BF
:102548003F0040004100420043004400450046006F
:102558004700480049004A004B004C004D004E001F
:102568004F005000510052005300540055005600CF
:102578005700580059005A005B005C005D005E007F
:102588005F0060006100620063006400650066002F
:102598006700680069006A006B006C006D006E00DF
:1025A8006F0070007100720073007400750076008F
:1025B8007700780079007A007B007C007D007E003F
:1025C800A000A100A200A300A400A500A600A700E7
:1025D800A800A900AA00AB00AC00AD00AE00AF0097
:1025E800B000B100B200B300B400B500B600B70047
:1025F800B800B900BA00BB00BC00BD00BE00BF00F7
:10260800C000C100C200C300C400C500C600C700A6
:10261800C800C900CA00CB00CC00CD00CE00CF0056
:10262800D000D100D200D300D400D500D600D70006
:10263800D800D900DA00DB00DC00DD00DE00DF00B6
:10264800E000E100E200E300E400E500E600E70066
:10265800E800E900EA00EB00EC00ED00EE00EF0016
:10266800F000F100F200F300F400F500F600F700C6
:10267800F800F900FA00FB00FC00FD00FE00FF0076
:10268800DB40A4A62EAF000000000000000180007F
:1026980000000000000000000380000000000000AF
:1026A80000000007C000000000000000000007C094
:1026B8000000000000000000000FC0000000000043
:1026C800000000001FE00000000000000000001FE4
:1026D800E00000000000000000003FE000000000F3
:1026E80000000000003FF0000000000000000000B3
:1026F8007FF0000000000000001FF87FF0000000DD
:10270800000000003FFE7FF0000000000000003FD6
:10271800FF7FF0000000000000001FFFFBE000004A
:1027280000000000000FFFF9FFC0000000000000DB
:102738000FFFF9FFF800000000000007FFF1FFFF9E
:1027480000000000000003FC73FFFF800000000091
:102758000001FE3FFFFF80000000000000FF1E0F89
:10276800FF000000000000007FFE1FFC00000000CA
:102778000000003FFFFFF8000000000000000FDF2E
:10278800FFE0000000000000001F19FFC00000006B
:10279800000000003F3CFF00000000000000007E39
:1027A8007CF800000000000000007FFE7C000000B4
:1027B8000000000000FFFFFC000000000000000017
:1027C800FFFFFE0000000000000000FFFFFE000009
:1027D800000000000001FFEFFE0000000000000004
:1027E80001FFCFFE0000000000000003FF07FE000D
:1027F80000000000000003FC07FE000000000000CD
:102808000003F003FE00000000000000018000FE4D
:10281800000000000000000000007E000000000032
:1028280000000000003E0000000000000000000062
:102838000C000000000000078000FC000003C0003E
:102848000000078001FC000003C0000000078001B1
:10285800FC000003C0000000078001E00000001E2B
:10286800000000078001E00000001E007FE3F79FE2
:10287800F9FDE7787BDFC0FFF7FFBFFDFDFF787B41
:10288800DFC0FFF7FFBFFDFDFF787BDFC0F0F787F4
:10289800BC3DE1FF787BDE00F0F787BC3DE1F078D6
:1028A8007BDE0000F787803DE1E0787BDE007FF784
:1028B800879FFDE1E0787BDE00FFF787BFFDE1E061
:1028C800787BDE00F0F787BC3DE1E0787BDE00F046
:1028D800F787BC3DE1E0787BDE00F0F787BC3DE19F
:1028E800E0787BDE00FFF7FFBFFDE1E07FFBDFC0A4
:1028F800FFF7FFBFFDE1E07FFBDFC07CF3F39F3D07
:10290800E1E03E7BCFC000000000000000000000B6
:1029180000FFFFFFFFFFFFFFFFFFFFC0FFFFFFFFFD
:10292800FD68DB111A31C0FFFFFFFFFD2B5AFB6A60
:10293800EFC0FFFFFFFFFD4B5B3B1A33C0FFFFFFFC
:10294800FFFD6B5BDB6AFDC000006000000000005B
:10295800000000000000000000E00000000000008F
:102968000000000000000001E0000000000000007E
:1029780000000000000001F000000000000000005E
:10298800000000000003F00000000000000000004C
:102998000000000007F00000000000000000000038
:1029A80000000007F8000000000000000000000020
:1029B80000000FF800000003C0007E000001E000E6
:1029C8007F0FF800000003C000FE000001E000FFD8
:1029D800EFF800000003C000FE000001E000FFFF68
:1029E800F800000003C000F00000000F007FFE7F29
:1029F800C0000003C000F00000000F003FFE7FF899
:102A08003FF1FBCFFCFEF3BC3DEFE01FFE7FFF7FF5
:102A1800FBFFDFFEFEFFBC3DEFE01FC6FFFF7FFBB5
:102A2800FFDFFEFEFFBC3DEFE00FE3C7FE787BC390
:102A3800DE1EF0FFBC3DEF0007FF87FC787BC3DE9E
:102A48001EF0F83C3DEF0001FFFFF0007BC3C01E05
:102A5800F0F03C3DEF0001F37FE03FFBC3CFFEF019
:102A6800F03C3DEF0003E33F807FFBC3DFFEF0F067
:102A78003C3DEF0007E73C00787BC3DE1EF0F03CEE
:102A88003DEF0007FFBE00787BC3DE1EF0F03C3D43
:102A9800EF0007FFFE00787BC3DE1EF0F03C3DEF41
:102AA800000FFFFE007FFBFFDFFEF0F03FFDEFE0D1
:102AB8000FFFFF007FFBFFDFFEF0F03FFDEFE00FB1
:102AC800F9FF003E79F9CF9EF0F01F3DE7E01FF1D6
:102AD800FF0000000000000000000000001F80FF51
:102AE800007FFFFFFFFFFFFFFFFFFFE01C007F00ED
:102AF8007FFFFFFFFEB46D888D18E000001F007F88
:102B0800FFFFFFFE95AD7DB577E000000F007FFF6A
:102B1800FFFFFEA5AD9D8D19E0000006007FFFFFB9
:102B2800FFFEB5ADEDB57EE0AED580A8D300408DF3
:102B38002000A1C8442E00604C2B006020007E00BD
:102B4800070000000000000002000100000001056D
:102B58000200FC00010003020400FC00020005055D
:102B68000600FC00060003060400FC00090003053B
:102B78000400FC000B0004050500FC000E00010227
:102B88000200FC000F0002050300FC001100020512
:102B98000300FC00130003030400FD0015000303F9
:102BA8000400FD00170002020300000018000301E2
:102BB8000400FE0019000101020000001A000305CC
:102BC8000400FC001C0003050400FC001E000205B4
:102BD8000300FC00200003050400FC00220003059C
:102BE8000400FC00240003050400FC002600030583
:102BF8000400FC00280003050400FC002A0003056B
:102C08000400FC002C0003050400FC002E00030552
:102C18000400FC00300001030200FD003100020442
:102C28000300FD00320002030300FD00330003032C
:102C38000400FD00350002030300FD003600030513
:102C48000400FC00380003050400FC003A000305FA
:102C58000400FC003C0003050400FC003E000305E2
:102C68000400FC00400003050400FC0042000305CA
:102C78000400FC00440003050400FC0046000305B2
:102C88000400FC00480003050400FC004A0001059C
:102C98000200FC004B0003050400FC004D00030586
:102CA8000400FC004F0003050400FC00510005056A
:102CB8000600FC00550004050500FC00580003054B
:102CC8000400FC005A0003050400FC005C00030635
:102CD8000400FC005F0003050400FC00610003051C
:102CE8000400FC00630003050400FC006500030504
:102CF8000400FC00670003050400FC0069000505EA
:102D08000600FC006D0003050400FC006F000305CD
:102D18000400FC00710003050400FC0073000205B8
:102D28000300FC00750003050400FC0077000205A1
:102D38000300FC00790003020400FC007A0004018F
:102D4800040001007B0002020300FC007C00030475
:102D58000400FD007E0003050400FC00800003035E
:102D68000400FE00820003050400FC008400030444
:102D78000400FD00860002050300FC00880003052E
:102D88000400FD008A0003050400FC008C00010516
:102D98000200FC008D0002060300FC008F00030502
:102DA8000400FC00910002050300FC0093000503E9
:102DB8000600FE00950003030400FE0097000303CD
:102DC8000400FE00990003040400FE009B000304B5
:102DD8000400FE009D0002030300FE009E000304A1
:102DE8000400FD00A00002050300FC00A20003038C
:102DF8000400FE00A40003030400FE00A60005036F
:102E08000600FE00A80003030400FE00AA00030455
:102E18000400FE00AC0003040400FD00AE0003053E
:102E28000400FC00B00001060200FC00B10003052C
:102E38000400FC00B30004020500FD00E8B457D507
:102E4800F5004E3E80A54A4A5A50C06A409580AA6D
:102E5800805D0060E080254856D47540C54EC51C8D
:102E68009792F31C5354E54855545594A04664E38F
:102E78008098C50456C657DAD75C7246D6DCF3CEBE
:102E8800F34872D4B7DAF824D4BB5A924E8EEB5872
:102E9800809DB99056D4D74856D440D75A711CE96A
:102EA80024B6D4B6A48C6B5500B55AB524E54EEAC1
:102EB800C09112D5C054F090C7F0935E718025DEA2
:102EC8005E306E80779C935AB8456092EAAA40D5E6
:102ED8006AD6805500D7407590E871E0BA40B58051
:102EE800B5008D54AA80ACE0E5706A26FCC8AC5ADF
:102EF8000080C0E0F0F8FCFE000103070F1F3F7FD1
:102F080009026200030100C032080B00020202013C
:102F18000009040000010202010005240010010557
:102F28002401010104240206052406000107058284
:102F38000310001009040100020A0000000705033D
:102F48000240000007058402400000090402000254
:102F5800FF6AFF00070581024000010705010240E2
:102F68000001000009026200030100C032080B00E2
:102F78000202020100090400000102020100052406
:102F8800001001052401010104240206052406009D
:102F9800010705820310000509040100020A000068
:102FA8000007050302000200070584020002000969
:102FB80004020002FF6AC700070581020002010738
:102FC80005010200020100001603550053004200EB
:102FD8002000530065007200690061006C00000069
:102FE80018035400650065006E00730079006400E2
:102FF800750069006E006F00040309040A060002E8
:10300800EF020140010000002200FF2170C00F40C4
:10301800C00000001200000013000000D0841F4010
:1030280001000000FF000000FF0000000000000099
:10303800000000001300000013000000CC841F40B3
:1030480001000000FF000000FF0000000000000079
:10305800000000001C0000003137010070C00F4064
:10306800000C00001100000011000000E0841F4067
:10307800020000002400000012000000E0841F404D
:10308800010000001000000011000000DC841F4057
:10309800020000002500000012000000DC841F4030
:1030A800010000001E000000E137010080C00F4051
:1030B800000000031900000010000000E8841F4011
:1030C80001000000FF000000FF00000000000000F9
:1030D800000000001800000010000000E4841F40F9
:1030E80001000000FF000000FF00000000000000D9
:0C30F800000000001F00000099380100DB
:1031040000000000000000000000000000000000BB
:1031140000000000000000000000000000000000AB
:103124000548064B1B1AD90F01EBA301491002D025
:10313400034B03B118477047C0560020C056002007
:103144000000000008B5054B1BB105490548AFF365
:103154000080BDE80840FFF7E3BF00BF00000000A7
:10316400C83502200070036010B5002100F58054BA
:1031740000F64C2C0A4694F8E4E102E0CAB2964503
:1031840020D302F5CB73013100EB8303D3F83C3B2E
:103194009C45F3D1B4F8844092B29CB141F25A01F7
:1031A4000023014404E001331FFA83FC644509D978
:1031B40031F802CF9445F6D100EB8300024B00F6C0
:1031C4000870036010BD00BFCDCC4C3F01EB410142
:1031D400037D89000531C9B2C17403B141747047DC
:1031E40001EB8101037D01EB81010531C9B28174D9
:1031F40003B10174704700BF01F5E043B2F5006FFD
:1032040010B493F82440A8BF4FF40062BCB90B7A01
:103214005BB12E4C4B68A41A03EBC4035DF8044B5A
:103224001A685B680260436070474B685DF8044B42
:1032340003EBC2031A685B68026043607047D98C71
:1032440007EE902AD3ED0D4AB8EEE74A07EE901A3E
:1032540007EE101A93ED0E6AB8EEE73AD3ED0B7A47
:10326400F8EE473AD3ED0C6A74EEA77A76EE266A46
:10327400B2FBF1F401FB142237EEE47A198D76EEF9
:10328400C66A92B25DF8044B05EE901A07EE902AD6
:10329400F8EE655AF8EEE77A34EE674A67EE277A75
:1032A40084EE035A87EEA37A65EE266AC6EEA57A03
:1032B40037EE247A83ED0F7A77EE867AC3ED107AAF
:1032C40080ED007AC0ED017A704700BFFF0700204F
:1032D400582A91F8F434A8BF582210B4BBB90B7A19
:1032E4005BB1344C4B68A41A03EBC4035DF8044B84
:1032F4001A685B680260436070474B685DF8044B72
:1033040003EBC2031A685B68026043607047B1F85C
:10331400F63407EE902A01F5A06CF8EEE73A07EED2
:10332400903A9CED006AF8EE676AB8EEE73AB2FBB1
:10333400F3F403FB142201F2045401F20C5392B28D
:1033440094ED005A01F2FC4407EE902A01F5A162C3
:1033540094ED007A01F5A261F8EEE77AD2ED005A15
:1033640035EE077A31F8184C35EE866A73EEE73A93
:1033740004EE904A37EE457A5DF8044B36EE656A02
:1033840083EE834A67EE277AF8EE644A87EEA67ADC
:1033940064EE066AC6EEA47A37EE057A83ED007A07
:1033A40077EEA57AC1ED007A80ED007AC0ED017A5E
:1033B400704700BF57000020582070472DE9F041A6
:1033C40091F8356084B00C460746002E4AD1DFF8E8
:1033D400A48035E0AB422A46684606F101063ED990
:1033E400216A0B689B689847D4ED0B7A9DED007AAF
:1033F4002A4602A8B4EEE77AF1EE10FA05D5216A5E
:103404000B689B689847DDED027A216A2A46684674
:10341400C4ED0B7A0B689B689847D4ED0C7A9DED4C
:10342400017A2A4602A8B4EEE77AF1EE10FA05D53D
:10343400216A0B689B689847DDED037AC4ED0C7A2A
:10344400206AB5B258230268D2694245C2D0904777
:1034540003462A466846AB4206F10106C0D801235A
:1034640084F83530E26A3846236B3A607B6004B0F6
:10347400BDE8F081B90200002DE9F04191F8346013
:1034840084B00C460746002E4AD1DFF8A48035E00C
:10349400AB422A46684606F101063ED9216A0B680A
:1034A4009B689847D4ED097A9DED007A2A4602A8D4
:1034B400B4EEE77AF1EE10FA05DD216A0B689B6839
:1034C4009847DDED027A216A2A466846C4ED097AF6
:1034D4000B689B689847D4ED0A7A9DED017A2A46D9
:1034E40002A8B4EEE77AF1EE10FA05DD216A0B6862
:1034F4009B689847DDED037AC4ED0A7A206AB5B279
:1035040058230268D2694245C2D0904703462A46EE
:103514006846AB4206F10106C0D8012384F8343072
:10352400626A3846A36A3A607B6004B0BDE8F08101
:10353400B902000030B50B6885B00D4604461B681F
:10354400684698472B6802A829465B6898479DED12
:10355400017ADDED035AF6EE006ADDED007A2046CD
:103564009DED026A37EE257A77EE867A27EE267A83
:1035740067EEA67A84ED017AC4ED007A05B030BD19
:1035840030B50B6887B00D460446DB68684698473B
:103594002B6803A829461B699847DDED016ADDED18
:1035A400044AB6EE006A9DED027A20469DED055A66
:1035B40076EEA46ADDED007ADDED035A37EE057A86
:1035C40066EE866A77EEA57A27EE067AC4ED016A7E
:1035D40067EE867A84ED027AC4ED007A07B030BDD6
:1035E400006A70474FF40060704700BF2DE9F04156
:1035F40091F8356084B00C460746002E4BD1DFF8B5
:10360400A88035E0AB422A46684606F101063FD958
:10361400216A0B689B689847D4ED0B7A9DED007A7C
:103624002A4602A8B4EEE77AF1EE10FA05D5216A2B
:103634000B689B689847DDED027A216A2A46684642
:10364400C4ED0B7A0B689B689847D4ED0C7A9DED1A
:10365400017A2A4602A8B4EEE77AF1EE10FA05D50B
:10366400216A0B689B689847DDED037AC4ED0C7AF8
:10367400206AB5B24FF400630268D2694245C1D0F2
:10368400904703462A466846AB4206F10106BFD876
:10369400012384F83530E26A3846236B3A607B6054
:1036A40004B0BDE8F08100BFE50400002DE9F0415D
:1036B40091F8346084B00C460746002E4BD1DFF8F5
:1036C400A88035E0AB422A46684606F101063FD998
:1036D400216A0B689B689847D4ED097A9DED007ABE
:1036E4002A4602A8B4EEE77AF1EE10FA05DD216A63
:1036F4000B689B689847DDED027A216A2A46684682
:10370400C4ED097A0B689B689847D4ED0A7A9DED5D
:10371400017A2A4602A8B4EEE77AF1EE10FA05DD42
:10372400216A0B689B689847DDED037AC4ED0A7A39
:10373400206AB5B24FF400630268D2694245C1D031
:10374400904703462A466846AB4206F10106BFD8B5
:10375400012384F83430626A3846A36A3A607B6095
:1037640004B0BDE8F08100BFE504000030B50B688B
:1037740085B00D4604461B68684698472B6802A826
:1037840029465B6898479DED017ADDED035AF6EE14
:10379400006ADDED007A20469DED026A37EE257A57
:1037A40077EE867A27EE267A67EEA67A84ED017A9A
:1037B400C4ED007A05B030BD30B50B6887B00D4656
:1037C4000446DB68684698472B6803A829461B69AA
:1037D4009847DDED016ADDED044AB6EE006A9DED21
:1037E400027A20469DED055A76EEA46ADDED007A54
:1037F400DDED035A37EE057A66EE866A77EEA57A32
:1038040027EE067AC4ED016A67EE867A84ED027AC1
:10381400C4ED007A07B030BD006A704791ED067AB6
:10382400F6EE006AD1ED045AD1ED057A91ED036A02
:1038340037EE257A77EE867A27EE267A67EEA67A31
:1038440080ED017AC0ED007A704700BF91ED067AF1
:1038540091ED046AD1ED057AD1ED036A37EE467A2B
:1038640077EEE67A80ED017AC0ED007A704700BF0A
:1038740000F2045300F2FC4291ED006A00F5A16CE1
:1038840093ED004A00F5A063D2ED006AB0F8F82485
:1038940036EE446A74EE266A9CED005AD3ED007A43
:1038A40004EE902A91ED017A75EE277ADFED233A42
:1038B40037EE457A76EEC46AB8EE643A77EEC57AA6
:1038C40000B5B0F8F6E427EE037A05EE90EAF8EED8
:1038D400652AF8EEE55A26EE226A86EE265AC7EEE7
:1038E400276A35EE237AF0EE477A76EEA36AE5EEA0
:1038F400A67AFCEEE77A17EE903A98B2431E562B5E
:1039040019D8B4EEE37AF1EE10FA14DDF4EEC75AE6
:10391400F1EE10FA0FDDF4EEE36AF1EE10FA0ADDCF
:10392400F8EEE44AF4EEE64AF1EE10FAD8BF4FF0AE
:10393400FF305DF804FB4FF0FF30FAE700000000B1
:1039440001EB410124310844704700BF2430704723
:1039540000F59670704700BFD0ED056A91ED007ACE
:10396400D1ED017AF4EEC76AF1EE10FA09DC90EDBC
:10397400067A0023B4EEE77AF1EE10FA13DC0020A5
:10398400704791ED027AD0ED036AF4EEC76A90EDC8
:10399400067AF1EE10FAB4EEE77A4CBF0123002365
:1039A400F1EE10FAEBDD90ED047A03F00100D1EDB5
:1039B400037AB4EEE77AF1EE10FA58BF00207047AC
:1039C40090ED037AD1ED007A90ED046AF4EEC77AB3
:1039D400D0ED056AD0ED065AF1EE10FA13DDF4EEDF
:1039E400E67AF1EE10FA0ED5D1ED017AF4EEC67A4C
:1039F400F1EE10FA07DDF4EEE57AF1EE10FA4CBFC1
:103A04000120002070470020704700BF00EB4101F7
:103A14004FF6FF7CB1F834021080B0EB0C0018BFF5
:103A24000120704700EB41014FF6FF7CB1F8E4023E
:103A34001080B0EB0C0018BF0120704700EB41016F
:103A44004FF6FF7CB1F894031080B0EB0C0018BF64
:103A54000120704700EB41014FF6FF7CB1F84404AC
:103A64001080B0EB0C0018BF012070472DE9F04125
:103A74004F0882B01646ADF8061030D001F00104AC
:103A840005468CBBDFF8C8802B681B6B43451BD1F4
:103A940005EB41014FF6FF72B1F8941391420ED039
:103AA400631C9BB29F4202D119E09F4217D905EBD8
:103AB40041010133B1F894139BB29142F5D1002036
:103AC400318002B0BDE8F0810DF1060228460134D0
:103AD4009847A8B3A4B2BDF80610A742D4D10120D8
:103AE400318002B0BDE8F0810024DFF868802B68E3
:103AF4005B6B434518D105EB41014FF6FF72B1F8FA
:103B040044149142DBD0631C9BB2BB4202D1E6E772
:103B14009F42E4D905EB41010133B1F844149BB24F
:103B24009142F5D10020CBE70DF1060228469847D3
:103B3400631C28B19CB2BDF80610A742D7D1CEE7CA
:103B4400BDF806100020318002B0BDE8F08100BF4E
:103B54003D090000550900002DE9F0414F0882B0ED
:103B64001646ADF8061030D001F0010405468CBBB2
:103B7400DFF8C8802B68DB6A43451BD105EB4101A4
:103B84004FF6FF72B1F8E41291420ED0631C9BB25F
:103B94009F4202D119E09F4217D905EB410101333D
:103BA400B1F8E4129BB29142F5D10020318002B009
:103BB400BDE8F0810DF10602284601349847A8B308
:103BC400A4B2BDF80610A742D4D10120318002B0BE
:103BD400BDE8F0810024DFF868802B689B6A4345C8
:103BE40018D105EB41014FF6FF72B1F8341291423E
:103BF400DBD0631C9BB2BB4202D1E6E79F42E4D90F
:103C040005EB41010133B1F834129BB29142F5D175
:103C14000020CBE70DF1060228469847631C28B123
:103C24009CB2BDF80610A742D7D1CEE7BDF8061066
:103C34000020318002B0BDE8F08100BF25090000FA
:103C44000D0900002DE9F0411F1E82B01646ADF8A3
:103C540006102EDD05460024DFF860802B685B6BC0
:103C640043451BD105EB41014FF6FF70B1F84414F5
:103C740081420ED004F1010C674502D119E0674579
:103C840017DD05EB41010CF1010CB1F8441481423C
:103C9400F5D10020318002B0BDE8F0810DF10602BB
:103CA400284698470134BDF806100028F2D0A742F0
:103CB400D4D10120318002B0BDE8F0815509000063
:103CC4002DE9F0411F1E82B01646ADF806102EDD18
:103CD40005460024DFF860802B689B6A43451BD1AE
:103CE40005EB41014FF6FF70B1F8341281420ED05A
:103CF40004F1010C674502D119E0674517DD05EBB6
:103D040041010CF1010CB1F834128142F5D10020CB
:103D1400318002B0BDE8F0810DF1060228469847D3
:103D24000134BDF806100028F2D0A742D4D10120F6
:103D3400318002B0BDE8F0810D0900002DE9F043A7
:103D4400002B83B083EAE377044690460A9EA7EBF0
:103D5400E377ADF8061000F0C68040F395800025A7
:103D6400DFF8A49123685B6B4B4542D104EB41011E
:103D74004FF6FF72B1F844149142ADF8061000F00A
:103D8400B4806B1C9F4203D1ADE09F4240F3A780F7
:103D940004EB41010133B1F844149142F5D1002000
:103DA400ADF8061086EAE677002EA7EBE6771BD07F
:103DB4002BDD0025524E23689B6AB3424DD104EBA0
:103DC40041014FF6FF72B1F8341291423FD06B1C9F
:103DD4009F4208D004EB41010133B1F834129142FF
:103DE40035D09F42F6DC0120A8F8001003B0BDE8EE
:103DF400F0830DF10602204601359847002876D05D
:103E0400AF42BDF80610ADD1CCE7EDD000253D4E54
:103E14002268D36AB3422CD104EB41014FF6FF72FE
:103E2400B1F8E412914212D06B1C9F42DBD004EB38
:103E340041010133B1F8E412914208D0BB42D2DA15
:103E440004EB41010133B1F8E4129142F6D10020B0
:103E5400A8F8001003B0BDE8F0830DF10602204677
:103E640001359847002846D0AF42BDF80610A2D1CC
:103E7400BAE70DF10602204601359847D8B3AF42A0
:103E8400BDF80610C4D1AFE72DD00025DFF87C9033
:103E940023681B6B4B4517D104EB41014FF6FF72AE
:103EA400B1F894139142ADF806101ED06B1C9F42DA
:103EB40002D118E09F4212DD04EB41010133B1F855
:103EC40094139142F6D16AE70DF1060220460135BA
:103ED400984760B1AF42BDF80610D9D162E701201E
:103EE400ADF806105EE701205CE700205AE7BDF854
:103EF4000610002056E7BDF80610002074E700BF46
:103F04000D09000025090000550900003D090000C5
:103F140091ED067AF6EE006AD1ED045AD1ED057AF8
:103F240091ED036A37EE257A77EE867A27EE267AC4
:103F340067EEA67A80ED017AC0ED007A704700BF83
:103F440091ED067A91ED046AD1ED057AD1ED036A1B
:103F540037EE467A77EEE67A80ED017AC0ED007AA4
:103F6400704700BF00F5E04091ED006A91ED017AE1
:103F740040F2FE72C38C90ED0D4A05EE903AD0EDFE
:103F84000B6A038D36EE446AF8EE652A90ED0E5AFC
:103F940074EE266A04EE903AD0ED0C7A37EE457A48
:103FA400B8EE643ADFED1F3A75EE277A76EEC46A0E
:103FB40026EE226A77EEC57A27EE037A86EE265A33
:103FC400C7EE276AF8EEE55A35EE237AF0EE477A23
:103FD40076EEA36AE5EEA67AFCEEE77A17EE903A5F
:103FE40098B2431E9BB2934218D8B4EEE37AF1EE32
:103FF40010FA13DDF4EEC75AF1EE10FA0EDDF4EE0A
:10400400E36AF1EE10FA09DDF8EEE44AF4EEE64A6A
:10401400F1EE10FAD8BF4FF0FF3070474FF0FF3089
:10402400704700BF00000000034641F62400184416
:10403400704700BFD0ED056A91ED007AD1ED017AA9
:10404400F4EEC76AF1EE10FA09DC90ED067A00236B
:10405400B4EEE77AF1EE10FA13DC0020704791ED2C
:10406400027AD0ED036AF4EEC76A90ED067AF1EEB7
:1040740010FAB4EEE77A4CBF01230023F1EE10FAF4
:10408400EBDD90ED047A03F00100D1ED037AB4EE98
:10409400E77AF1EE10FA58BF0020704790ED037AEA
:1040A400D1ED007A90ED046AF4EEC77AD0ED056A9A
:1040B400D0ED065AF1EE10FA13DDF4EEE67AF1EEE5
:1040C40010FA0ED5D1ED017AF4EEC67AF1EE10FABB
:1040D40007DDF4EEE57AF1EE10FA4CBF0120002082
:1040E40070470020704700BF41F610030B444FF6A1
:1040F400FF7100EB430080881080401A18BF012034
:10410400704700BF42F210030B444FF6FF7100EBFF
:10411400430080881080401A18BF0120704700BFF8
:1041240042F610030B444FF6FF7100EB4300808806
:104134001080401A18BF0120704700BF43F21003DB
:104144000B444FF6FF7100EB430080881080401A47
:1041540018BF0120704700BF2DE9F0414F0882B01D
:104164001646ADF8061034D001F001040546002CC3
:1041740034D1DFF8D4802B681B6B43451DD142F644
:1041840010024FF6FF70114405EB4101898881420A
:104194000ED0631C9BB29F4202D11AE09F4218D9F1
:1041A4001144013305EB41019BB289888142F5D169
:1041B4000020318002B0BDE8F0810DF106022846EE
:1041C40001349847002837D0A4B2BDF80610A7429E
:1041D400D1D10120318002B0BDE8F0810024DFF8A4
:1041E4006C802B685B6B43451AD143F210024FF687
:1041F400FF70114405EB410189888142D8D0631CCA
:104204009BB2BB4202D1E4E79F42E2D9114401339D
:1042140005EB41019BB289888142F5D10020C8E7B2
:104224000DF1060228469847631C28B19CB2BDF8DC
:104234000610A742D5D1CCE7BDF806100020318086
:1042440002B0BDE8F08100BF211000003D10000065
:104254002DE9F0414F0882B01646ADF8061034D06F
:1042640001F001040546002C34D1DFF8D4802B681A
:10427400DB6A43451DD142F210024FF6FF70114430
:1042840005EB4101898881420ED0631C9BB29F4299
:1042940002D11AE09F4218D91144013305EB4101C0
:1042A4009BB289888142F5D10020318002B0BDE8FB
:1042B400F0810DF10602284601349847002837D0D2
:1042C400A4B2BDF80610A742D1D10120318002B0BA
:1042D400BDE8F0810024DFF86C802B689B6A4345BD
:1042E4001AD141F610024FF6FF70114405EB41015B
:1042F40089888142D8D0631C9BB2BB4202D1E4E7D7
:104304009F42E2D91144013305EB41019BB28988F4
:104314008142F5D10020C8E70DF1060228469847EE
:10432400631C28B19CB2BDF80610A742D5D1CCE7D6
:10433400BDF806100020318002B0BDE8F08100BF56
:1043440005100000E90F00002DE9F0411E1E82B0A7
:104354001546ADF8061030DD04460027DFF864800A
:1043640023685B6B43451DD143F210034FF6FF7284
:10437400194404EB4101898891420ED007F1010CE4
:10438400664502D119E0664517DD19440CF1010CAC
:1043940004EB410189889142F5D10020298002B0C3
:1043A400BDE8F0810DF10602204698470137BDF8BB
:1043B40006100028F2D0BE42D2D10120298002B0DA
:1043C400BDE8F0813D1000002DE9F0411E1E82B0D1
:1043D4001546ADF8061030DD04460027DFF864808A
:1043E40023689B6A43451DD141F610034FF6FF72C3
:1043F400194404EB4101898891420ED007F1010C64
:10440400664502D119E0664517DD19440CF1010C2B
:1044140004EB410189889142F5D10020298002B042
:10442400BDE8F0810DF10602204698470137BDF83A
:1044340006100028F2D0BE42D2D10120298002B059
:10444400BDE8F081E90F00002DE9F043002B83B0B3
:1044540083EAE377044690460A9EA7EBE377ADF838
:10446400061000F0C98040F396800025DFF8A8917B
:1044740023685B6B4B4546D143F210024FF6FF7045
:10448400114404EB410189888142ADF8061000F023
:10449400B5806B1C9F4203D1AEE09F4240F3A880DD
:1044A4001144013304EB410189888142F5D1002094
:1044B400ADF8061086EAE677002EA7EBE6771DD066
:1044C4002DDD0025524E23689B6AB34245D141F647
:1044D40010024FF6FF70114404EB410189888142B8
:1044E40053D06B1C9F4208D01144013304EB4101AB
:1044F4008988814249D09F42F6DC0120A8F8001047
:1045040003B0BDE8F0830DF106022046013598475B
:10451400002875D0AF42BDF80610A9D1CAE7EDD086
:1045240000253C4E2268D36AB34222D142F21002E3
:104534004FF6FF70114404EB41018988814224D075
:104544006B1C9F42D9D01144013304EB410189888B
:1045540081421AD0BB42F6DBCFE70DF106022046BA
:104564000135984700284FD0AF42BDF80610AAD1B4
:10457400C4E70DF10602204601359847002843D0D0
:10458400AF42BDF80610CDD1B8E70020A8F800105E
:1045940003B0BDE8F0832FD00025DFF880902368B6
:1045A4001B6B4B4519D142F610024FF6FF701144B4
:1045B40004EB410189888142ADF806101ED06B1CC2
:1045C4009F4202D118E09F4212DD1144013304EBF3
:1045D400410189888142F6D169E70DF1060220463E
:1045E4000135984760B1AF42BDF80610D7D161E7F5
:1045F4000120ADF806105DE701205BE7002059E7D4
:10460400BDF80610002055E7BDF80610002075E738
:10461400E90F0000051000003D100000211000000B
:10462400D0F88C0D704700BF2C20704700F6043082
:10463400704700BF3620704704307047D0F8940D9F
:10464400704700BFD0F8900D704700BF90F8140B6E
:10465400704700BFD0F8080B704700BFD0F8040BB8
:10466400704700BFD0F8100B704700BFD0F80C0B98
:10467400704700BFD0F8B400704700BF02207047F5
:104684008430704704207047D0F8BC00704700BFE6
:10469400D0F8B800704700BF90F89400704700BF8E
:1046A400D0F88800704700BFD0F88400704700BF7E
:1046B400D0F89000704700BFD0F88C00704700BF5E
:1046C40090F85400704700BF806C7047406C70478E
:1046D400006D7047C06C7047014B01221A7070471F
:1046E40000B10120084A002301210263026A80F814
:1046F4003C30826180F83D1080F83E3010B4446A4A
:10470400C4615DF8044B7047281E0020014B012250
:104714005A70704700B10120014B00205B681847B4
:1047240000B1012030B54489C56904FB01F101EBF6
:1047340041012944C57DDDB9CCB104EB44040833FF
:104744000C4491F801E0033111F801CC063211F860
:10475400030C0EFA03FE0CFA03FCA14200FA03F068
:1047640022F804EC22F802CC22F8060CE9D130BD80
:10477400002CFCD004EB4404C56A0C4411F803EB90
:10478400063211F802CC0EFA03FE11F8010CA14214
:104794000CFA03FC35F81EE000FA03F035F81CC0EF
:1047A40035F8100022F806EC22F804CC22F8020CAA
:1047B400E4D130BD90F83E30C3B190F83D300021D3
:1047C40090F83C20DBB2D2B280F83D2080F83C3037
:1047D40090F83D2090F83C300832083350F82220FD
:1047E40050F8233080F83E10C0E90632C16A084A06
:1047F40090F828C0023902F5007032F8023F0CFB31
:1048040003F390424FEA232321F8023FF5D1704786
:10481400861E006017494FF452628B6802FB003019
:10482400D0F8102112F0010302D0087B0123834049
:10483400900705D591F80DC0012000FA0CF0034350
:10484400500705D591F80EC0012000FA0CF003437F
:10485400100705D591F80FC0012000FA0CF00343AE
:10486400D20603D5087C0122824013434A69C2F868
:104874001032704700B10120D74BD8491A68B3F8F9
:1048840004C052081868B2FBFCF252094008120333
:10489400B0FBFCF02DE9F043A1FB0241400B521A9E
:1048A40001EB520100EBD1209FEDC75B9FEDC86B7C
:1048B40080B21C681A6819685208490807EE102A61
:1048C400620804EE101AB8EEC77BB8EEC44B27EEAC
:1048D400057B24EE064BFCEEC77BB2FBFCF2A0EB9F
:1048E400523217EE904ABCEEC44BC2F3C42190B2CC
:1048F4000C4414EE102AA4B294420CD21A68520842
:1049040007EE102AB8EEC77B27EE067BBCEEC77B0A
:1049140017EE102A94B21A681968520807EE102A82
:104924004A08B8EEC77B04EE102AB8EEC44B27EE53
:10493400057B24EE064BFCEEC77B17EE901ABCEE0B
:10494400C44B01EB902114EE102A89B291420CD28F
:104954001A68520807EE102AB8EEC77B27EE067BCA
:10496400BCEEC77B17EE102A91B21A680C441D687E
:10497400520807EE102A6A08B8EEC77B04EE102A24
:10498400B8EEC44B27EE057B24EE064BFCEEC77B4A
:1049940017EE901ABCEEC44B01EB502114EE102A12
:1049A40089B291420CD21A68520807EE102AB8EE66
:1049B400C77B27EE067BBCEEC77B17EE102A91B2AD
:1049C4001A680C441D68520807EE102A6A08B8EEEB
:1049D400C77B04EE102AB8EEC44B27EE057B24EE09
:1049E400064BFCEEC77B17EE901ABCEEC44B01EBF2
:1049F400102114EE102A89B291420CD21A6852087E
:104A040007EE102AB8EEC77B27EE067BBCEEC77B09
:104A140017EE102A91B21A680C441D68520807EE6A
:104A2400102A6A08B8EEC77B04EE102AB8EEC44B0D
:104A340027EE057B24EE064BFCEEC77B17EE901A9F
:104A4400BCEEC44B01EBD01114EE102A89B2914292
:104A54000CD21A68520807EE102AB8EEC77B27EE6C
:104A6400067BBCEEC77B17EE102A91B21A680C4481
:104A74001D68520807EE102A6A08B8EEC77B04EED8
:104A8400102AB8EEC44B27EE057B24EE064BFCEE51
:104A9400C77B17EE901ABCEEC44B01EB901114EED9
:104AA400102A89B291420CD21A68520807EE102AD1
:104AB400B8EEC77B27EE067BBCEEC77B17EE102A49
:104AC40091B21A680C441D68520807EE102A6A084D
:104AD400B8EEC77B04EE102AB8EEC44B27EE057B74
:104AE40024EE064BFCEEC77B17EE901ABCEEC44BCB
:104AF40001EB501114EE102A89B291420CD21A68BB
:104B0400520807EE102AB8EEC77B27EE067BBCEEF0
:104B1400C77B17EE102A91B21A680C441D6852081C
:104B240007EE102A6A08B8EEC77B04EE102AB8EE26
:104B3400C44B27EE057B24EE064BFCEEC77B17EE39
:104B4400901ABCEEC44B01EB101114EE102A89B27A
:104B540091420CD21A68520807EE102AB8EEC77BAD
:104B640027EE067BBCEEC77B17EE102A91B21A68BB
:104B74000C441D68520807EE102A6A08B8EEC77B79
:104B840004EE102AB8EEC44B27EE057B24EE064B48
:104B9400FCEEC77B17EE901ABCEEC44B01EBD001C0
:104BA40014EE102A89B291421AD21A68520807EEFA
:104BB400102AB8EEC77B27EE067BBCEEC77B17EE48
:104BC400102A91B20CE000BF48AFBC9AF2D77A3EEB
:104BD400F9978B952411E23E384A00200101100018
:104BE4001A680C441D68520807EE102A6A08B8EEC9
:104BF400C77B04EE102AB8EEC44B27EE057B24EEE7
:104C0400064BFCEEC77B17EE901ABCEEC44B01EBCF
:104C1400900114EE102A89B291420CD21A685208FB
:104C240007EE102AB8EEC77B27EE067BBCEEC77BE7
:104C340017EE102A91B21A6821441D68520807EE33
:104C4400102A6A08B8EEC77B04EE102AB8EEC44BEB
:104C540027EE057B24EE064BFCEEC77B17EE902A6D
:104C6400BCEEC44B02EB500214EE104A92B2A242C4
:104C74000CD21A68520807EE102AB8EEC77B27EE4A
:104C8400067BBCEEC77B17EE102A92B21C680A445E
:104C94001D68610807EE101A6908B8EEC77B04EEB8
:104CA400101AB8EEC44B27EE057B24EE064BFCEE3F
:104CB400C77B17EE901ABCEEC44B014414EE104AA5
:104CC40089B2A14280F0818019681C68490807EE06
:104CD400101A6108B8EEC77BB1FBFCF127EE067B26
:104CE400BCEEC77B17EE104A12FA84F2B2EB111F26
:104CF4003FF6DFAD3E4A4FF0000C3E4C956902F1A1
:104D04001C0E9FED374B9FED383B1968CCF10B0817
:104D14001A680EEB8C0749081E68520840FA08F816
:104D240006EE101A07EE102A7208B8EEC66B05FBE1
:104D340008F105EE102AB8EEC77B84FB01924FEA16
:104D4400E17926EE046B0A44B8EEC55BC9EBE219BF
:104D540027EE047B25EE035BFCEEC66BFCEEC77B03
:104D640016EE901ABCEEC55B17EE902A41444A44F5
:104D740015EE109A89B292B2494501F1FF3819D261
:104D84001E68760807EE106AB8EEC77B27EE037B31
:104D9400BCEEC77B17EE106AB6B2711A013E11441D
:104DA4007E802EF82C100CF1010CBCF10C0FACD150
:104DB400BDE8F083A7F802802EF82C200CF1010C3A
:104DC400BCF10C0FA1D1BDE8F0831C680A44610852
:104DD400B1FBFCF1B2EB111F3FF66BAD8AE700BFEC
:104DE40048AFBC9AF2D77A3EF9978B952411E23EEC
:104DF40000B1012081808080294A2A49136810B4B7
:104E04005B08294CA4FB03C3DB0BDB01A1FB03C33D
:104E1400DB09013398420DD810684008A4FB004018
:104E2400C00BC001A1FB0010C00901305DF8044BA8
:104E3400908021E5136811685B081C4C490807EE53
:104E4400101A9FED156BB8EEC77B27EE067BBCEE00
:104E5400C77B17EE101AB3FBF1F3A4FB0313DB09B2
:104E6400013B9842E2D31068136840085B0807EEE0
:104E7400103AB8EEC77B27EE067BBCEEC77B17EE75
:104E8400103AB0FBF3F0A4FB00405DF8044BC009FA
:104E9400013880B29080EFE4F9978B952411E23EBB
:104EA400384A00200980000801800080ABAAAAAA21
:104EB400094B0020D3E9131210B4013292FBF1F430
:104EC40001FB1422D3E915140139C3E91421234643
:104ED4005DF8044B184700BF00B1012010B5224C07
:104EE400224A636E94F86010D177DA8ADB8B92B22F
:104EF4009BB29A4200D010BDD4E91B20636F0130ED
:104F0400013B90FBF2F102FB110063672067E3B9F8
:104F1400A26F04F180036FF00300D4F884101360CF
:104F2400938BD06023F020031B041B0C93838847CE
:104F340094F87C2001210E4B03EB521302F01F0264
:104F44009B0001FA02F21A6010BDA3684FF452618B
:104F5400E26D01FB0033136003F58A73A26F1360E3
:104F6400FFF758FCE4E700BF00B1012000800E40C9
:104F74008038003830B54589C46905FB01F101EB7F
:104F840041012144C47DD4B9C5B105EB45050D44A7
:104F940091F801E0033111F801CC033211F8030C4C
:104FA4000EFA03FE0CFA03FCA94200FA03F002F81D
:104FB40002EC02F801CC02F8030CE9D130BD002D5B
:104FC400FCD005EB4505C46A0D4491F801E00331BA
:104FD40011F801CC033211F8030C0EFA03FE0CFA9B
:104FE40003FCA94200FA03F034F81EE034F81CC0B4
:104FF40034F810004FEA1E2E4FEA1C2C4FEA102002
:1050040002F802EC02F801CC02F8030CDDD130BD49
:10501400406B704790F83E00704700BF054B084650
:10502400114693F8883003F0FF020BB115F074BDFC
:105034001046704700B1012000F5804C43F6C6735A
:10504400BCF8402003443B2A2DE9F04112D8002A41
:1050540000F08C85541E43F6C8751946A4B2054465
:1050640005EB440502E0A94200F0808531F8024FC7
:10507400042CF8D11D469E46002104E001318CB277
:10508400A24240F2B6813EF8024F042CF6D100F55C
:10509400405E03243B2A714481F88C4F40F2AC817A
:1050A400BCF84020002A00F09A851D469E46002147
:1050B40004E001318CB2A24240F279813EF8024F01
:1050C400032CF6D100F5405E00243B2A714481F89C
:1050D4008C4F40F26F81BCF84060002E00F07B855D
:1050E4001D461946002204E0013294B2A64240F261
:1050F400918131F8024F022CF6D100F5405E032174
:105104003B2E724482F88C1F40F28781BCF84050D9
:10511400002D00F058851E461946002204E0013295
:1051240094B2A54240F2548131F8024F012CF6D1D9
:1051340000F5405E03213B2D724482F88C1F40F23F
:105144004A81BCF84060002E00F04D851D4619468A
:10515400002204E0013294B2A64240F2178131F8F1
:10516400024F002CF6D100F5405E03213B2E724421
:1051740082F88C1F40F20D81BCF84040002C00F0F6
:1051840026851E461946002204E0013295B2AC423F
:1051940040F2518131F802EFBEF1150FF5D100F55F
:1051A400405E03213B2C724482F88C1F40F26C85D4
:1051B400BCF840601D461946002204E0013294B256
:1051C400B44280F0768131F802EFBEF1140FF5D1CC
:1051D40000F5405E03213B2E724482F88C1F40F29E
:1051E4000685BCF840501E461946002204E00132F0
:1051F40094B2A54240F29B8131F802EFBEF1190F3F
:10520400F5D100F5405E00213B2D724482F88C1FDD
:1052140040F2F784BCF840601D461946002204E0C1
:10522400013294B2B44280F0258131F802EFBEF12C
:10523400640FF5D100F5405E02213B2E724482F8E2
:105244008C1F40F21785BCF840501E4619460022B8
:1052540004E0013294B2A54240F2888131F802EFB1
:10526400BEF1690FF5D100F5405E02213B2D724479
:1052740082F88C1F40F2CF84BCF840601D4619466A
:10528400002204E0013294B2A64240F2318131F8A6
:1052940002EFBEF1660FF5D100F5405E02213B2E10
:1052A400724482F88C1F40F2DB84BCF840501E46E6
:1052B4001946002204E0013294B2AC4280F07581B8
:1052C40031F802EFBEF1670FF5D100F5405E02211F
:1052D4003B2D724482F88C1F40F2AE84BCF84060CF
:1052E4001D461946002204E0013294B2B44280F013
:1052F4007B8131F802EFBEF1680FF5D100F5405E15
:1053040002213B2E724482F88C1F40F29F84BCF829
:1053140040501E461946002204E0013294B2AC42C9
:1053240080F0818131F802EFBEF16A0FF5D100F50A
:10533400405E02213B2D724482F88C1F40F275843A
:10534400BCF84040002203E0013291B2A14209D2EC
:1053540033F8021F6B29F7D100F54053022113449F
:1053640083F88C1F00F5005292F8FD35012B08D804
:10537400B74902EB830401330144C4F8941582F85D
:10538400FD35012380F8A932BDE8F0813C2E3FF4BD
:10539400F3AEB04F0022074402E0A64240F250822E
:1053A40035F8021F0132152994B2F6D1E4E63C2AFD
:1053B4003FF491AEA84F0021074402E0B24240F20C
:1053C400EA8135F8024F0131022C8EB2F6D182E621
:1053D4003C2D3FF4B6AEA14F0022074402E0AC429C
:1053E40080F05982013236F8021F94B20029F6D1B6
:1053F400A7E63C2A3FF454AE994F0021074402E04B
:10540400B24240F2F38135F8024F0131032C8EB2DF
:10541400F6D145E63C2E3FF479AE924F0022074484
:1054240002E0A64240F25F8135F8021F01320129F1
:1054340094B2F6D16AE64BF6B4528B4F3C2C02443C
:1054440007440BD0002102E0744540F2518236F843
:10545400025F0131142D1FFA81FEF5D1BCF84060C2
:10546400002E7FF4A7AE44F28447012500F5405E88
:1054740017446CE24BF6B4527C4F3C2E0244074472
:105484000BD0002102E0764540F2B58235F8024F98
:105494000131692C1FFA81FEF5D1BCF84050002D72
:1054A4007FF4D3AE44F29437012600F5405E1744EE
:1054B400D3E24BF6B4526E4F3C2E024407440BD059
:1054C400002102E0B64580F03E8235F8024F0131FA
:1054D400192C1FFA81FEF5D1BCF84050002D7FF441
:1054E40082AE44F21447012600F5405E174459E2A7
:1054F4004BF6B4525F4F3C2E024407440BD00021BC
:1055040002E0B64580F0D68235F8024F0131672CAF
:105514001FFA81FEF5D1BCF84050002D7FF4C7AED0
:1055240044F2D437012600F5405E1744F4E24BF60A
:10553400B452514F3C2D024407440BD0002102E0E9
:10554400AE4580F02B8236F8024F0131642C1FFAED
:1055540081FEF5D1BCF84060002E7FF45DAE44F2CC
:105564002447012500F5405E174448E24BF6B45247
:10557400424F3C2D024407440BD0002102E0754504
:1055840040F2678236F8024F0131662C1FFA81FE21
:10559400F5D1BCF84060002E7FF470AE44F284373D
:1055A400012500F5405E174488E24BF6B452344FAF
:1055B4003C2D024407440BD0002102E0AE4580F0AC
:1055C400A78236F8024F0131682C1FFA81FEF5D10B
:1055D400BCF84060002E7FF483AE44F2F43701251A
:1055E40000F5405E1744ADE04BF6B452254F3C2E17
:1055F400024407440BD0002102E0B64580F09E80AF
:1056040035F8024F01316A2C1FFA81FEF5D1BCF83E
:105614004050002D7FF47DAE44F27437012400F530
:10562400405E174436E0184F3C2D074409D0002251
:1056340001E0AC422AD236F8021F01326B2994B23F
:10564400F7D1BCF84040002C7FF47CAE8AE600BF62
:1056540008020100F8010100C8000100A8000100CF
:10566400D8000100B8000100E8010100D8010100E0
:105674003802010038010100C8010100480101009D
:1056840088010100A8010100280101006C1C00F53B
:10569400405EA4B200EB85020026F7EE007A05EB2B
:1056A400450102F540520EEB45050EEB81014FF02A
:1056B4007C5E02F6AC5801F60C01C8F8006002F6F4
:1056C4009C68C8ED007AC2F8DC7A02F6CC3702F6A0
:1056D400BC423E6016606B22A5F8C82FC1F800E0FA
:1056E400ACF840402EE6751CADB200EB860200F526
:1056F400405E06EB4601002402F540520EEB4606DE
:105704000EEB8101F7EE007A02F6AC5E01F60C01B5
:10571400CEF8004002F69C6ECEED007AC2F8DC7A38
:1057240002F6CC3702F6BC423C6014600122A6F8B3
:10573400C82FDF4A0A60ACF84050ECE4751C00F551
:10574400405EADB200EB86020024F7EE007A06EB71
:10575400460102F540520EEB46060EEB81014FF076
:105764007C5E02F6AC5801F60C01C8F8004002F663
:105774009C68C8ED007AC2F8DC7A02F6CC3702F6EF
:10578400BC423C6014606A22A6F8C82FC1F800E04D
:10579400ACF84050BDE5561CB6B200EB820100F5F2
:1057A400405E02EB4204002501F540510EEB42023B
:1057B4000EEB8404F7EE007A01F6AC5E04F60C04FA
:1057C400CEF8005001F69C6ECEED007AC1F8DC7A7A
:1057D40001F6CC3701F6BC413D600D600221A2F810
:1057E400C81FB34A2260ACF8406079E400EB820140
:1057F4000025F7EE007A00F5405E01F5405102EB1A
:10580400420401F6AC560EEB84040EEB420E013258
:10581400356001F69C6604F60C0492B2C6ED007A7B
:1058240001F6CC36C1F8DC7A01F6BC4135600D6076
:105834000321AEF8C81F9E492160ACF8402034E42F
:10584400741CA4B200EB860200F5405E06EB460130
:10585400002502F540520EEB46060EEB8101F7EEF1
:10586400007A02F6AC5E01F60C01CEF8005002F6A6
:105874009C6ECEED007AC2F8DC7A02F6CC3702F6E2
:10588400BC423D6015601522A6F8C82F884A0A60FC
:10589400ACF8404075E46E1CB6B200EB850200F52E
:1058A400405E05EB450105F5F46502F54052002420
:1058B4000EEB8101F7EE007A0EEB450502F6AC5EC5
:1058C40001F60C01CEF8004002F69C6ECEED007A93
:1058D400C2F8DC7A02F6CC3702F6BC423C601460B3
:1058E4000022A5F88820724A0A60ACF840602DE4D2
:1058F400661CB6B200EB840200F5405E04EB440182
:10590400002502F540520EEB44040EEB8101F7EE44
:10591400007A02F6AC5E01F60C01CEF8005002F6F5
:105924009C6ECEED007AC2F8DC7A02F6CC3702F631
:10593400BC423D6015601422A4F8C82F5C4A0A607A
:10594400ACF8406036E4751C00F5405EADB200EB87
:105954008602F7EE007A06EB4601002402F5405277
:105964000EEB46060EEB810102F6AC5E01F60C016D
:10597400CEED007A02F69C6ECEF80040C2F8DC7AD6
:1059840002F6CC3702F6BC423C6014601922A6F839
:10599400C82F474A0A60ACF8405024E46E1C00F556
:1059A400405EB6B200EB85020024F7EE007A05EB08
:1059B400450102F540520EEB45050EEB81014FF017
:1059C4007C5E02F6AC5801F60C01C8F8004002F601
:1059D4009C68C8ED007AC2F8DC7A02F6CC3702F68D
:1059E400BC423C6014606422A5F8C82FC1F800E0F2
:1059F400ACF8406010E4751C00F5405EADB200EBFD
:105A040086020024F7EE007A06EB460102F54052C6
:105A14000EEB46060EEB81014FF07C5E02F6AC58AD
:105A240001F60C01C8F8004002F69C68C8ED007A43
:105A3400C2F8DC7A02F6CC3702F6BC423C60146051
:105A44006922A6F8C82FC1F800E0ACF84050FFF76F
:105A5400FCBB6E1C00F5405EB6B200EB8502002470
:105A6400F7EE007A05EB450102F540520EEB4505D1
:105A74000EEB81014FF07C5E02F6AC5801F60C018E
:105A8400C8F8004002F69C68C8ED007AC2F8DC7AD7
:105A940002F6CC3702F6BC423C6014606622A5F8DC
:105AA400C82FC1F800E0ACF84060FFF7E7BB00BFC7
:105AB4008988883D751C00F5405EADB200EB860216
:105AC4000024F7EE007A06EB460102F540520EEB95
:105AD40046060EEB81014FF07C5E02F6AC5801F6EF
:105AE4000C01C8F8004002F69C68C8ED007AC2F8C0
:105AF400DC7A02F6CC3702F6BC423C6014606722C2
:105B0400A6F8C82FC1F800E0ACF84050FFF7CFBBAF
:105B14006E1C00F5405EB6B200EB85020024F7EE81
:105B2400007A05EB450102F540520EEB45050EEBFC
:105B340081014FF07C5E02F6AC5801F60C01C8F806
:105B4400004002F69C68C8ED007AC2F8DC7A02F6DE
:105B5400CC3702F6BC423C6014606822A5F8C82F1A
:105B6400C1F800E0ACF84060FFF7BABB00EB82017B
:105B74000025494EF7EE007A01F5405100F5405EEC
:105B8400064402EB420401F6AC570EEB84043D607C
:105B940001F69C670EEB420E0132C7ED007A04F663
:105BA4000C04C1F8DC6A01F6CC3601F6BC4192B2B1
:105BB40035600D600421AEF8C81F38492160ACF887
:105BC4004020FFF757BA364F0126074465E6354FA4
:105BD400012607448EE6344F0125074485E5334FFB
:105BE40001260744D9E5324F012407442AE64BF63F
:105BF400B452304F02440744002E7FF461AC0125B7
:105C0400A5E64BF6B4522C4F02440744002D7FF412
:105C140095AC0126C6E64BF6B452284F024407441D
:105C2400002D7FF4AAAC012617E7254F0744002D69
:105C34007FF4FDAC01242DE54BF6B452214F024410
:105C44000744002D7FF4B8AC012665E74BF6B45247
:105C54001D4F02440744002E7FF4CDAC012571E5AD
:105C64004BF6B452194F02440744002E7FF447AC5C
:105C7400012523E74BF6B452154F02440744002E86
:105C84007FF4FFAB0125BAE64BF6B452054F02444C
:105C94000744FFF7D7BB00BFE80001008988883DAF
:105CA400A8000100E8010100B8000100C8000100DB
:105CB400F801010038020100C80101004801010097
:105CC4002801010088010100A80101003801010038
:105CD400D801010030B50B688DB00C4605461B6831
:105CE400684698476468F7EE007A9FED4F7AD4EDE2
:105CF400005A94ED015A75EEE77AF0EEE77AF4EE85
:105D0400C77AF1EE10FA72D5F0EEC57AD4ED024AF4
:105D1400F4EEC77AF1EE10FA6CD494ED034AD4EDA4
:105D2400057AD4ED042A25EE676A94ED063A67EE07
:105D3400A56AD4ED073A24EE677A67EEA47AA2EE58
:105D4400A56AE2EE856AA2EEA47AE2EE847AA3EE74
:105D5400646AE3EE046AA3EE257AE3EE457AA3EEE1
:105D6400C46AE3EEE46AA3EE857AE3EEA57A8DEDE8
:105D7400086ACDED096A8DED0A7ACDED0B7A94EDC2
:105D84000C5A02A894ED0B6A05AADDED016A08A974
:105D9400D4ED0D7A9DED007A66EE856ADFED235A27
:105DA40027EE067A67EEA57ACDED066A8DED057AC3
:105DB400CDED077A13F096F894ED095A2846D4ED00
:105DC4000A5A94ED086ADDED036A9DED047ADDED6F
:105DD400027A76EE856A37EE257A77EE867AC5ED15
:105DE400016A85ED027AC5ED007A0DB030BDD4EDBF
:105DF400024A92E7F0EEE47A94ED034AF4EEC77AAD
:105E0400F1EE10FA8BD5F0EEC47AF4EEC77AF1EE27
:105E140010FA84D563692169A2690993E369089139
:105E24000A920B93ABE700BF6F12833A00000000A5
:105E340030B50B688DB00C4605465B6868469847DC
:105E44006468F7EE007A9FED4F7AD4ED005A94ED32
:105E5400015A75EEE77AF0EEE77AF4EEC77AF1EEDE
:105E640010FA72D5F0EEC57AD4ED024AF4EEC77A90
:105E7400F1EE10FA6CD494ED034AD4ED057AD4ED26
:105E8400042A25EE676A94ED063A67EEA56AD4ED16
:105E9400073A24EE677A67EEA47AA2EEA56AE2EEE8
:105EA400856AA2EEA47AE2EE847AA3EE646AE3EE53
:105EB400046AA3EE257AE3EE457AA3EEC46AE3EE20
:105EC400E46AA3EE857AE3EEA57A8DED086ACDED5A
:105ED400096A8DED0A7ACDED0B7A94ED0C5A02A87D
:105EE40094ED0B6A05AADDED016A08A9D4ED0D7ADB
:105EF4009DED007A66EE856ADFED235A27EE067A79
:105F040067EEA57ACDED066A8DED057ACDED077ABB
:105F140012F0E8FF94ED095A2846D4ED0A5A94ED9C
:105F2400086ADDED036A9DED047ADDED027A76EE12
:105F3400856A37EE257A77EE867AC5ED016A85EDB6
:105F4400027AC5ED007A0DB030BDD4ED024A92E775
:105F5400F0EEE47A94ED034AF4EEC77AF1EE10FA27
:105F64008BD5F0EEC47AF4EEC77AF1EE10FA84D54C
:105F740063692169A2690993E36908910A920B9301
:105F8400ABE700BF6F12833A0000000030B50B6826
:105F94008DB00C4605461B68684698476468F7EE62
:105FA400007A9FED4F7AD4ED005A94ED015A75EEC4
:105FB400E77AF0EEE77AF4EEC77AF1EE10FA72D5EA
:105FC400F0EEC57AD4ED024AF4EEC77AF1EE10FA97
:105FD4006CD494ED034AD4ED057AD4ED042A25EE6D
:105FE400676A94ED063A67EEA56AD4ED073A24EEA3
:105FF400677A67EEA47AA2EEA56AE2EE856AA2EE5B
:10600400A47AE2EE847AA3EE646AE3EE046AA3EE71
:10601400257AE3EE457AA3EEC46AE3EEE46AA3EEDE
:10602400857AE3EEA57A8DED086ACDED096A8DEDEA
:106034000A7ACDED0B7A94ED0C5A02A894ED0B6A12
:1060440005AADDED016A08A9D4ED0D7A9DED007A6B
:1060540066EE856ADFED235A27EE067A67EEA57AA7
:10606400CDED066A8DED057ACDED077A12F03AFF93
:1060740094ED095A2846D4ED0A5A94ED086ADDEDE8
:10608400036A9DED047ADDED027A76EE856A37EED9
:10609400257A77EE867AC5ED016A85ED027AC5ED3B
:1060A400007A0DB030BDD4ED024A92E7F0EEE47A06
:1060B40094ED034AF4EEC77AF1EE10FA8BD5F0EEC4
:1060C400C47AF4EEC77AF1EE10FA84D563692169D3
:1060D400A2690993E36908910A920B93ABE700BFA5
:1060E4006F12833A0000000030B50B688DB00C4687
:1060F40005465B68684698476468F7EE007A9FED4A
:106104004F7AD4ED005A94ED015A75EEE77AF0EE29
:10611400E77AF4EEC77AF1EE10FA72D5F0EEC57AAA
:10612400D4ED024AF4EEC77AF1EE10FA6CD494ED91
:10613400034AD4ED057AD4ED042A25EE676A94ED7A
:10614400063A67EEA56AD4ED073A24EE677A67EE5D
:10615400A47AA2EEA56AE2EE856AA2EEA47AE2EE41
:10616400847AA3EE646AE3EE046AA3EE257AE3EE8E
:10617400457AA3EEC46AE3EEE46AA3EE857AE3EE1D
:10618400A57A8DED086ACDED096A8DED0A7ACDED1B
:106194000B7A94ED0C5A02A894ED0B6A05AADDED76
:1061A400016A08A9D4ED0D7A9DED007A66EE856A40
:1061B400DFED235A27EE067A67EEA57ACDED066A5F
:1061C4008DED057ACDED077A12F08CFE94ED095A27
:1061D4002846D4ED0A5A94ED086ADDED036A9DED74
:1061E400047ADDED027A76EE856A37EE257A77EE6B
:1061F400867AC5ED016A85ED027AC5ED007A0DB0A7
:1062040030BDD4ED024A92E7F0EEE47A94ED034A0D
:10621400F4EEC77AF1EE10FA8BD5F0EEC47AF4EE10
:10622400C77AF1EE10FA84D563692169A2690993EA
:10623400E36908910A920B93ABE700BF6F12833AAC
:1062440000000000934B0021934A034402442DE9CB
:10625400F04F2DED048BB0EE408A8BB0074643F827
:10626400101B9A42FBD18D4C94F88930002B40F0DE
:10627400118394F88D3007F5304294F88C1003EBB9
:10628400830392F8B00D03EB83030533DBB282F88A
:10629400AE3D002840F01C8294F88E3003EB43039B
:1062A4009B00053382F8AF3D97F8A832002B00F02D
:1062B4002182062940F0FE8207F58054784A41F68F
:1062C400105541F6145604F58053B7EE003A9FED8D
:1062D400754A3D44DFED743A3E4493F839E102F5E2
:1062E400007CC4F8342FBEF1000F40F0198213680B
:1062F400C6F82432043204369445F4D107F58043B9
:1063040007F54052B3F8406092F878E05EB343F684
:10631400C67100233944084605E001331FFA83FCA3
:10632400664540F2878530F802CFF445F5D103F293
:10633400D2234FF07E5002EB8303C3F8840092F81B
:106344007AC0002303E0013398B286420BD931F8B6
:10635400020F6045F7D103F2D2234FF07E5102EBD6
:106364008303C3F884100020D2F870E094F8E41199
:10637400024602E0C2B2914221D302F5CB7301304E
:1063840007EB8303D3F83C3B9D42F3D1B4F884C0BC
:1063940092B2BCF1000F12D041F25A0000233844EB
:1063A40003E001339EB2B44509D930F8026F964236
:1063B400F7D107EB830303F60873C3F800E000206A
:1063C40094F89068024602E0C2B296421CD304EBF1
:1063D40082030130D3F840389D42F5D1B4F83067D8
:1063E40092B28EB141F206700023384403E00133C7
:1063F4009DB2AE4208D930F8025F9542F7D1F2332C
:1064040004EB8303C3F8ECE13B68284A1B6993421D
:1064140040F02C85002007F64C25024602F5CB738C
:10642400013007EB8303D3F83C3B9D4200F0098520
:10643400C2B29142F2D207F5005A0025B0EE480AE2
:10644400384607F55046A8460CF016FC13E0D6F87B
:10645400700B03689B689847D6F86C3B44191A681C
:106464001846D368984728440C3501684268836805
:1064740021606260A360D6F8700B0368DB689847FC
:10648400804508F10108E2DB094DDFF828803D442E
:10649400B84414E0A80001004802010000B1012042
:1064A4009CB10120CDCCCC3D00000000690000006F
:1064B4009C0001003C0201001035A8454BD0D5EDED
:1064C400037AF5EEC07AF1EE10FAF5DD2B68D6F812
:1064D400709B002BF0DD0024D9F8003048469B68FF
:1064E40098476A68D9F80030834652F82420484611
:1064F4009B6802EB42020BEB820B984795ED036A13
:1065040004EB4401D5E9012352F8242003EB810371
:106514000134296802EB4202D3ED004A93ED015A9B
:106524008C4200EB8200D3ED025AD0ED006A90ED6C
:10653400017AD0ED027AE4EE866AA6EE057AE6EEFA
:10654400257ACBED006A8BED017ACBED027AC3DBC1
:106554001035A845B3D10AF20C63CD4A4DF60C3977
:1065640004209A634FF08142B9440025DA632AF08B
:10657400F9F90446C0F8009042F20C602146A8469E
:10658400384417F0F7FB20462AF0F4F9012342F2CD
:10659400F0608AF854364DF61C3A384412F014FF71
:1065A40007F51C50B0EE408A12F00EFF06F62C33AD
:1065B4000022BA4483ED008A83ED010A9A6076E0F2
:1065C400D6F8700B03689B68984706F65431284444
:1065D40006F63833D1ED006A4A4691ED017AD1EDE1
:1065E400027A5146D0ED015A90ED026A90ED005ABC
:1065F40075EEC75A36EE676AD3ED003A35EE665A41
:1066040093ED014AD3ED024A06A8A5EE847AE5EE9D
:10661400236AE6EE247AF0EE478AB0EE669AB0EE8C
:10662400678A12F053FD94ED017A6A46D4ED027A3A
:1066340006A9D4ED006A38EEC77A78EE677A03A823
:1066440079EE666A8DED017ACDED027ACDED006AC0
:1066540012F048FCD4ED006A06F62C3394ED017A6E
:10666400D4ED027A9DED039ADDED048A9DED058A51
:1066740039EE269AD6F8700B78EE878A38EE278A98
:10668400D3ED006A93ED017AD3ED027A39EE269ABE
:10669400026878EE878A38EE278A936898472844F8
:1066A4000C3580ED009AC0ED018A80ED028AD6F89F
:1066B400700B06F536640368DB689847804508F17B
:1066C4000108FFF67DAF0BB0BDEC048BBDE8F08F85
:1066D40082F8AC3D94F88E3003EB43039B00053302
:1066E400DBB282F8AF3D82F8AD3D97F8A832002BBB
:1066F4007FF4DFAD072900F2BF8301A353F821F033
:10670400373300008D380000E73C0000BB3C00003C
:10671400773C0000C33B0000B93100001939000088
:10672400336892ED006A93F82C10D3ED005A0929CE
:1067340033EE655A40F28A8093ED037A5869D3EDBB
:10674400024AF0EE476A83ED027A93ED047A74EE1E
:10675400A37A1861986977EEA67AC3ED014A586165
:10676400D86983ED037A9861186AD861586A186207
:10677400986A83ED0A6A5862032977EE877A27D0EC
:1067840093ED047A042977EE877A21D093ED057A84
:10679400052977EE877A1BD093ED067A062977EEE2
:1067A400877A15D093ED077A072977EE877A0FD089
:1067B40093ED087A082977EE877A09D093ED097A60
:1067C400092977EE877A03D093ED0A7A77EE877AF0
:1067D40007EE101AD3ED116AF8EEC74A87EEA47AD1
:1067E40027EE057AA6EE257A77EE667AC7EE846AF6
:1067F400F5EEC06AF1EE10FA01D5F0EE636AD3ED5E
:106804000F5A93ED0E6AE5EEC46AD3ED0D7A26EEC7
:10681400866AC3ED0C6AE6EE047AF5EEC07AC3ED3F
:106824000D7AF1EE10FA29D4F4EEC37AF1EE10FAEF
:1068340005DDF7EE007AC3ED0C3A83ED0D3A77EE01
:10684400277A83ED117AC6ED897A53E5481C03EB68
:106854008101C0B283F82C00012881ED016AD3EDD7
:10686400017A77EEA37A10D093ED027A022877EEBC
:10687400877A0AD0014693ED037A7DE7F0EE637AD6
:10688400C3ED0C3AC3ED0D3AD9E70146A0E700BFCA
:106894000000F0C007F53043052293F8B01D83F8DB
:1068A400AE2D002967D183F8AF2D97F8A832002BBD
:1068B4003FF4C1AD07F58043B3F8401041B343F64C
:1068C400C67200233A44104603E001339CB2A1424D
:1068D4000CD930F8024F022CF7D107EB830343F6AF
:1068E400483018444FF07E53C0F88430002303E04E
:1068F400013398B288420BD232F8020F1928F7D12B
:1069040007EB830343F6483200211A44C2F884108B
:1069140007F58054002107F6F81594F8E4010A46B7
:1069240003E0CAB29042FFF486AD02F5CB730131A5
:1069340007EB8303D3F83C3B9D42F2D1B4F8844087
:1069440092B2002C3FF477AD41F25A01002339444E
:1069540004E0013398B2A042BFF46DAD31F8020FE8
:106964009042F6D107EB8303C94A07F5005A03F6B0
:1069740008731A6061E540F2055183F8AF2DA3F85E
:10698400AC1D97F8A832002B94D154E507F5804349
:10699400B3F84000A8B143F6C67200233A4403E0BA
:1069A400013399B281420CD232F8021F0429F7D183
:1069B40007EB830343F648324FF07E511A44C2F882
:1069C400841007F58054002107F6A42094F8E451BC
:1069D4000A4603E0CAB2AA423FF62DAD02F5CB73D4
:1069E400013107EB8303D3F83C3B9842F2D1B4F86E
:1069F400844092B2002C3FF41EAD41F25A010023B0
:106A0400394404E0013398B2A042BFF414AD31F824
:106A1400020F9042F6D1A5E707F5005A42F290150D
:106A24009AF8BC333D445B0805F53A7004EB8303E4
:106A340093EDA80A974BCAF8B4330CF0A9F80AF2FC
:106A4400845383ED000A9AF8BC339AF874645B08A3
:106A5400272E04EB8303D3F8A08240F2DA8142F2BA
:106A6400C83442F2C4309C223C443844214629F0C4
:106A740067FE0AF58C633146DAEDF18AC3F80080CB
:106A840023460122F3EC017A0132F4EE687AD0B2A3
:106A9400F1EE10FA77FEA88A8142F3D8DAF8C043FF
:106AA40007EB840606F5005606F58C63D3ED007AF1
:106AB400F4EE687AF1EE10FA17D042F2644314F05F
:106AC400FF083B4408D042F2684118464FEA880266
:106AD400394429F035FE034603EB880306F58C663A
:106AE400002243F8042CC6ED008A002CDFED6A7AFC
:106AF4000DDD00231A46283201330AEB8202DBB291
:106B040092EDF17A9C421A4677EE877AF3DC07EE2F
:106B1400104A0AF5B163B6EE006A07F54052B8EEC2
:106B2400C77AC7EE876AC3ED006A0AF28453D3EDCD
:106B3400007A07F5804376EEE76AB3F84040E6EE64
:106B4400867ACAEDEE7A92F878C054B343F6C671E9
:106B540000233944084604E001339EB2A64280F083
:106B64006D8130F8026F6645F6D103F2D2234FF0FF
:106B74007E5002EB8303C3F8840092F87B60002309
:106B840003E0013398B2A0420BD231F8020FB042B5
:106B9400F7D103F2D2234FF07E5102EB8303C3F803
:106BA400841007F580540020D2F874E094F8E411BE
:106BB400024602E0C2B2914221D302F5CB73013006
:106BC40007EB8303D3F83C3B9D42F3D1B4F884C074
:106BD40092B2BCF1000F12D041F25A0000233844A3
:106BE40003E001339EB2B44509D930F8026F9642EE
:106BF400F7D107EB830303F60873C3F800E0002022
:106C040094F89068024602E0C2B2B2421CD804EB87
:106C140082030130D3F840389D42F5D1B4F830678F
:106C240092B28EB141F206700023384403E001337E
:106C34009DB2B54208D230F8025F9542F7D1F233E3
:106C440004EB8303C3F8ECE13B68144A5B699342A9
:106C540040F0A681002007F64C25024603E0C2B2AC
:106C64009142FFF4EAAB02F5CB73013007EB8303E7
:106C7400D3F83C3B9D42F2D1B4F8844092B2002C4C
:106C84003FF4DBAB41F25A01002339440DE000BF6D
:106C9400CDCC4C3F9CB301200000000069000000F3
:106CA400013398B284427FF6C8AB31F8020F9042A8
:106CB400F6D107EB8303BC4A03F608731A60FFF7A7
:106CC400BCBB07F58043B3F8400048B343F6C67233
:106CD40000233A44114603E001339CB2A0420CD98C
:106CE40031F8024F032CF7D107EB830343F6483105
:106CF40019444FF07E53C1F88430002303E001337C
:106D040099B288420CD932F8021F0029F7D107EB57
:106D1400830343F648324FF07E511A44C2F884107C
:106D240007F58054002107F6D42094F8E4510A466C
:106D340003E0CAB2AA423FF67EAB02F5CB7301313F
:106D440007EB8303D3F83C3B9842F2D1B4F8844078
:106D540092B2002C3FF46FAB41F25A010023394444
:106D640004E0013398B284427FF665AB31F8020F38
:106D74009042F6D1F6E507F58043B3F840000028C9
:106D84003FF459AB43F6C67200233A4404E001339E
:106D940099B28142BFF44FAB32F8021F1529F6D1E4
:106DA40007EB830343F648324FF07E5107F5005A50
:106DB4001A44C2F88410FFF740BB07F58043B3F8C8
:106DC400400000283FF437AB43F6C67200233A4430
:106DD40004E0013399B28142BFF42DAB32F8021FB3
:106DE4000029F6D1DCE707F58043B3F8400000281A
:106DF4003FF421AB43F6C67200233A4404E0013366
:106E040099B28142BFF417AB32F8021F0129F6D1BF
:106E1400C6E7721C0AEB8603D1B201298AF87414FE
:106E2400C3F8C483DAEDF18A3FF438AE42F2C834D1
:106E34003C4425E692F87AC0FFF783BA92F87B6067
:106E44009DE6B4F8844092B2002C3FF4F4AA41F2D7
:106E54005A010023394404E0013398B284427FF696
:106E6400EAAA31F8020F9042F6D17BE5384607F5DD
:106E7400005A9847FFF7E1BA4C4D07F5805441F6A4
:106E8400940141F69806B7EE004ADFED494A9FEDBA
:106E94004A5A39443E4494F8BBEC05F5007CC4F8E6
:106EA400B45ABEF1000F40F089802A68C6F8202247
:106EB40004350436AC45F4D107F5804307F5405258
:106EC400B3F8406092F878C00EB343F6C675002359
:106ED4003D44284630F802EFE64540F0368103F29F
:106EE400D2234FF07E5002EB8303C3F8840092F860
:106EF4007900002335F802CF844540F04F8103F236
:106F0400D2234FF07E5002EB8303C3F884000025A4
:106F1400D66E94F8E4012B4603F5CB72013507EBEA
:106F24008202D2F83C2B914240F00581B4F884C02F
:106F34009AB2BCF1000F0DD041F25A0500233D4432
:106F440035F802EF964540F0098107EB830303F619
:106F540008731E60002294F890C8134604EB83055E
:106F64000132D5F84058A94240F0EA80B4F83057CD
:106F74009AB26DB141F206710023394431F802CF5F
:106F8400944540F00481F23304EB8303C3F8EC61CD
:106F94003B68084ADB68934200F0E78007F5005A33
:106FA40038469847FFF749BACDCC4C3F9CB10120F5
:106FB400CDCCCC3D69000000000000003368D5ED65
:106FC400001A93F82C2093ED001A092A74EE413A22
:106FD40000F28780501C03EB8202C0B283F82C00BD
:106FE4000128C2ED011AD3ED017A77EE857A00F01B
:106FF400A08093ED027A022877EE877A00F09980D8
:10700400024693ED037A032A77EE877A27D093ED2D
:10701400047A042A77EE877A21D093ED057A052A3B
:1070240077EE877A1BD093ED067A062A77EE877A75
:1070340015D093ED077A072A77EE877A0FD093ED70
:10704400087A082A77EE877A09D093ED097A092A13
:1070540077EE877A03D093ED0A7A77EE877A07EE94
:10706400102AD3ED115A5FED2C2AB8EEC72A93EDFE
:107074000F3AD3ED0D6A93ED0E6A87EE827A67EECE
:10708400237AE1EE817A77EEE55A85EEA47AB4EEBE
:10709400627AF1EE10FA48BFB0EE457AA3EE647A54
:1070A40027EE066A83ED0C7AB0EE667AA6EE247AB1
:1070B400B4EEE27A83ED0D7AF1EE10FA32D4B4EE46
:1070C400C47AF1EE10FA05DDB7EE007A83ED0C5ABE
:1070D40083ED0D4AC3ED117A77EE877AC6ED887A8F
:1070E400E6E693ED037A586993ED026AF0EE476A97
:1070F40083ED027A93ED047A76EE057A1861986945
:1071040077EEA67A83ED016A5861D86983ED037A34
:107114009861186AD861586A1862986AC3ED0A1AA5
:10712400586270E7B0EE457A83ED0C5A83ED0D5A40
:10713400D0E7024693E7EBB283427FF6EDAE09E770
:10714400D3B263457FF60AAF22E701331FFA83FE09
:10715400B645FFF4BFAE92F87900CAE601331FFAD0
:1071640083FEE645FFF4ECAEF4E6002107F64C2579
:107174000B4603F5CB72013107EB8202D2F83C2BAC
:10718400954212D0CBB28342F3D9FFF754B90133FD
:107194001FFA83FCAC45FFF4F1AEF9E601331FFAA4
:1071A40083FCB445FFF4A6AEB1E6B4F884009AB209
:1071B40000283FF440A941F25A010023394431F830
:1071C400024F94423FF4CEAB01339CB28442F6D3D7
:1071D400FFF731B92DE9F04F00F5E04B82469BF8FB
:1071E40024302DED0E8B85B0002B40F025810093CB
:1071F400009ADFEDB2DA9FEDB2BA95B2002B40F0FF
:10720400D2809AF80830002B40F0FC80DAF8043081
:1072140003EBC203D3ED009A93ED019A4FF0FF36CE
:10722400B7EE00EAB0EE6DDA0024B0EE6DCA374670
:10723400F0EE6DCAB146F0EE6DBAB04648E09AF889
:107244000830002B40F0BE80DAF8043003EBC403AE
:1072540093ED00AAD3ED01AA79EECA8A39EE6A8ABF
:1072640028EE080AA8EEA80AB5EE400AF1EE10FAD4
:1072740000F1DD80F1EEC07AF0EEE88AF4EECE8A19
:10728400F1EE10FA0CD5F4EEC9AAF1EE10FA3DDDD8
:10729400F4EEEB7AF1EE10FA38D5F0EE67BAA046C8
:1072A400B0EEC88AB4EECE8AF1EE10FA0CD5B4EE84
:1072B400E9AAF1EE10FA37D5F4EECC7AF1EE10FA31
:1072C40032D5B0EE67CA27460134B4F5006F3CD01E
:1072D400A2B29542F8D09BF82430002BAFD09AF894
:1072E4000830002B78D1DAF80030514602A89B68A8
:1072F4009847DDED029AF0EE4BAA9DED039AB0EEAD
:107304004BAAF0EE698AB0EE498AA9E7F4EEC9AA5D
:10731400F1EE10FAC4D5F4EEEC7AF1EE10FABFD522
:10732400F0EE67CAA146BBE7B4EEE9AAF1EE10FAA3
:10733400CADDF4EECD7AF1EE10FAC5D52646013455
:10734400B0EE67DAB4F5006FC2D1B8F1FF3F05D0F3
:1073540043F22403009A534423F81280B9F1FF3F07
:1073640005D044F22403009A534423F812907A1C63
:1073740005D045F22403009A534423F81270731C79
:1073840035D046F22403009A534423F81260531C68
:10739400B3F5006F009330D0009A9BF8243095B277
:1073A400002B3FF42EAF9AF80830ABBBDAF800306C
:1073B4002A46514602A89B689847DDED029A9DED46
:1073C400039A2BE7C4EB447143F6F872DAF80430FD
:1073D40002EBC10213443BE740F2FF70DAF80030DD
:1073E4005146801A9B6882B202A8984781E7009BA5
:1073F4000133B3F5006F0093CED105B0BDEC0E8B15
:10740400BDE8F08FC2EB427043F6F872DAF804304C
:1074140002EBC0021344FDE640F2FF72DAF80030DA
:10742400514602A8521B9B6892B29847C5E721F0C7
:10743400B5FDF0EE407A1FE743F22403BBF82600C3
:1074440046F2220544F224095344C0EBC0365544A5
:10745400D144019345F22403760002460AEB03016A
:107464004FEA400BB6B2002340F2FE7840F2FF7EB2
:107474008A4600954245A2EB0B0406EB020C03F18D
:10748400FF37B3FBF0F102DC019D25F81320012C3A
:1074940000FB1131C8BF29F813C019B1012B01DD5C
:1074A4002AF81370734503F1010102F10102A4D01B
:1074B400009C0B4624F8021F0094DBE7FFFF7F7F4C
:1074C4000000000090F8F4342DE9F04F2DED0E8B00
:1074D40085B0002B40F01481019300F50D79019AD9
:1074E4008346DFED9DDA9FED9DBA1FFA82FA002BE9
:1074F40040F0C3809BF80830002B40F0E980DBF8B3
:10750400043003EBC203D3ED009A93ED019A4FF0DC
:10751400FF35B7EE00EAB0EE6DDA0024B0EE6DCAC6
:107524002E46F0EE6DCAA846F0EE6DBA2F4647E03F
:107534009BF80830002B40F0AF80DBF8043003EBFD
:10754400C40393ED00AAD3ED01AA79EECA8A39EEF9
:107554006A8A28EE080AA8EEA80AB5EE400AF1EEF7
:1075640010FA00F1C880F1EEC07AF0EEE88AF4EE89
:10757400CE8AF1EE10FA0CD5F4EEC9AAF1EE10FAA7
:107584003CDDF4EEEB7AF1EE10FA37D5F0EE67BAA3
:107594002746B0EEC88AB4EECE8AF1EE10FA0CD5C6
:1075A400B4EEE9AAF1EE10FA36D5F4EECC7AF1EEA7
:1075B40010FA31D5B0EE67CA26460134582C3BD0B8
:1075C400A2B29245F9D09BF8F434002BB0D09BF8CA
:1075D4000830002B69D1DBF80030594602A89B68BB
:1075E4009847DDED029AF0EE4BAA9DED039AB0EEBA
:1075F4004BAAF0EE698AB0EE498AAAE7F4EEC9AA6A
:10760400F1EE10FAC5D5F4EEEC7AF1EE10FAC0D52D
:10761400F0EE67CAA046BCE7B4EEE9AAF1EE10FAB0
:10762400CBDDF4EECD7AF1EE10FAC6D52546013461
:10763400B0EE67DA582CC3D1781C019B18BFA9F8A7
:107644000070B8F1FF3F03F1010318BFA9F8B0803F
:10765400711C019318BFA9F860616A1C2FD0582BC4
:10766400A9F8105209F102092DD0019A9BF8F434BB
:107674001FFA82FA002B3FF43DAF9BF8083083BB1E
:10768400DBF800305246594602A89B689847DDED66
:10769400029A9DED039A3AE7C4EB4472DBF8043096
:1076A400D20002F52E7213444BE7DBF80030C2F12E
:1076B4005702594602A89B6892B2984791E7582B03
:1076C40009F10209D1D105B0BDEC0E8BBDE8F08FF4
:1076D400C2EB4272DBF80430D20002F52E7213447E
:1076E40011E7CAF15702DBF80030594602A89B683B
:1076F40092B29847CBE721F051FCF0EE407A34E7A0
:10770400B0F8F64400F50D710023C4EBC4372246EB
:107714004FEA440E7F00BFB2562AA2EB0E0507EBD8
:10772400020603F1FF3CD8BF0A80012DB3FBF4F03D
:1077340004FB1030C8BFA1F8B06018B1012B01DD03
:10774400A1F860C1572B02F1010203F10103BAD081
:10775400A1F810320231DFE7FFFF7F7F0000000055
:10776400DFED8F7A2DE9F04F2DED028B60EE278A45
:1077740089B007EE903A984600910446B0EE680A44
:107784000592B8EEE78A22F027F8F0EE407AB0EEE0
:10779400680A68EE277AFDEEE77ACDED037A21F0E8
:1077A40017FF28EE000A0099B8F1000FADF81E107B
:1077B400FDEEC07ACDED047A40F3C2800023039A33
:1077C400DFF8E09100929B461F461A46CDED027AFF
:1077D4000193D51A002DB8BF6D429A422BD000F305
:1077E400B18028DA0026DFF8C0A12368DB6A53459C
:1077F40040F0978004EB41014FF6FF73B1F8E412B7
:107804009942ADF81E100CD00136B54202D112E0F7
:10781400B5420EDD04EB41010136B1F8E4129942A0
:10782400F6D10020059B198009B0BDEC028BBDE8A0
:10783400F08FADF81E100137B84500F08180009B31
:1078440093FBF8FAAAEB0B06002EB8BF7642DA4592
:107854004AD01FDC48DA0025DFF850B123681B6BDF
:107864005B4552D104EB41014FF6FF73B1F8941319
:107874009942ADF81E10D4D00135AE4202D133E0A6
:10788400AE423FDD04EB41010135B1F89413994256
:10789400F6D1C6E70025DFF818B123685B6B5B45BA
:1078A40017D104EB41014FF6FF73B1F84414994228
:1078B400ADF81E10B5D00135B54202D114E0AE4288
:1078C40020DD04EB41010135B1F844149942F6D1AD
:1078D400A7E70DF11E0220460135984700285BD02A
:1078E400B542BDF81E10D8D1DDE900230398D34674
:1078F400049D02440298009290FBF8F22844CDE9DA
:10790400012066E7ADF81E10EEE70DF11E022046D9
:107914000135984700283FD0AE42BDF81E109DD1D6
:10792400E2E70DF11E02204601369847A0B3B542A6
:10793400BDF81E107FF459AF0137B8457FF47FAF0F
:1079440001206FE7002623689B6A4B4519D104EB9D
:1079540041014FF6FF73B1F834129942ADF81E108D
:107964003FF45FAF0136AE4203D164E7AE42BFF6E7
:1079740060AF04EB41010136B1F834129942F5D1FC
:107984004FE70DF11E0220460136984720B1AE4262
:10799400BDF81E10D7D14EE7BDF81E10002041E7F8
:1079A40035FA8E3C0D090000250900003D09000050
:1079B40055090000DFED937A2DE9F04F2DED028B90
:1079C40060EE278A89B007EE903A98460091044603
:1079D400B0EE680A0592B8EEE78A21F0FDFEF0EEFB
:1079E400407AB0EE680A68EE277AFDEEE77ACDEDCC
:1079F400037A21F0EDFD28EE000A0099B8F1000F9A
:107A0400ADF81E10FDEEC07ACDED047A40F3C880C7
:107A14000023039ADFF8F09100929B461F461A4612
:107A2400CDED027A0193D51A002DB8BF6D429A426A
:107A34002DD000F3B7802ADA0026DFF8D0A123681E
:107A4400DB6A534540F09D8042F210034FF6FF720B
:107A5400194404EB410189889142ADF81E100CD001
:107A64000136B54202D112E0B5420EDD19440136A9
:107A740004EB410189889142F6D10020059B1980CD
:107A840009B0BDEC028BBDE8F08FADF81E100137D4
:107A9400B84500F08580009B93FBF8FAAAEB0B062F
:107AA400002EB8BF7642DA454ED021DC4CDA0025F0
:107AB400DFF85CB123681B6B5B4556D142F61003BB
:107AC4004FF6FF72194404EB410189889142ADF8E5
:107AD4001E10D2D00135AE4202D135E0AE4241DDB6
:107AE4001944013504EB410189889142F6D1C4E778
:107AF4000025DFF820B123685B6B5B4519D143F2A5
:107B040010034FF6FF72194404EB41018988914236
:107B1400ADF81E10B1D00135B54202D114E0AE4229
:107B240020DD1944013504EB410189889142F6D1E5
:107B3400A3E70DF11E0220460135984700285DD0C9
:107B4400B542BDF81E10D6D1DDE900230398D34613
:107B5400049D02440298009290FBF8F22844CDE977
:107B6400012060E7ADF81E10EEE70DF11E0220467D
:107B740001359847002841D0AE42BDF81E1099D176
:107B8400E2E70DF11E02204601369847B0B3B54234
:107B9400BDF81E107FF453AF0137B8457FF47BAFB7
:107BA40001206BE7002623689B6A4B451BD141F6F5
:107BB40010034FF6FF72194404EB41018988914286
:107BC400ADF81E103FF459AF0136AE4203D15EE763
:107BD400AE42BFF65AAF1944013604EB410189881D
:107BE4009142F5D149E70DF11E022046013698472E
:107BF40020B1AE42BDF81E10D5D148E7BDF81E1025
:107C040000203BE735FA8E3CE90F00000510000028
:107C1400211000003D1000002DE9F04FDFF8A4937F
:107C2400D9F84C10D9F8543099422DED028B85B017
:107C340000F01D81DFF890A309F6C82409F5D56882
:107C4400D9F85020002513444FF4327289F8A05615
:107C540093FBF1F001FB1033D9F8CC1A02FB03F2C9
:107C64009AF80630039102928A180192002B40F090
:107C7400CE81D9F89C76002F00F0AA81CA4D002647
:107C84009AF80730002B00F025813B68C7485A69F1
:107C94009AF80810824240F01B81B9755B68AB42C8
:107CA40040F01D8197F83E30BBB197F83D3097F80E
:107CB4003C20DBB2D2B287F83D2087F83C3097F8FD
:107CC4003D2097F83C300832083357F8222057F803
:107CD400233087F83E60C7E90632B54AF96A97F857
:107CE400280002F5007C023932F8023F00FB03F35E
:107CF40094454FEA232321F8023FF5D17F68002FF2
:107D0400BED1D9F8A436D9F89C56D90799F8A066FB
:107D14008AF807700DD4A74B002203F5846143F859
:107D2400042C43E903220C338B42F8D10123C9F814
:107D3400A4364FF484620021404622F0B7FB002DA4
:107D440000F05581B3B29C4F08EE103A2B68D3F87B
:107D540008B0BB4540F0B1806989EB6906FB01F2CC
:107D6400E87D02EB42021344002840F08580C9B14B
:107D740001EB4101914A03EB010C033313F802ECCC
:107D840013F8010C063213F8031C4FEA0E2E0002FE
:107D94009C454FEA012122F804EC22F8020C22F857
:107DA400061CEAD16D68002DD0D199F8A016D9F837
:107DB400C82A8348002E40F09980C2F1FF024FF098
:107DC400FF35DDE90273C2EB4212DE513346019EF8
:107DD400C6F8C45280FB0250D5170244C5EBE21525
:107DE400EDB20133019A754F02EB830CBE884FF05C
:107DF400000E788837F8062BB042034605FB00F0E6
:107E040038BF334605FB06F6934238BF134605FBDD
:107E140002F2BC4205FB03F34FEA234303F10103DF
:107E2400B6FBF3F6B0FBF3F0B2FBF3F263F01F031F
:107E34004FEA26264FEA202063F3070E4FEA222258
:107E440066F30F2E60F3174E62F31F6E4CF804EBCB
:107E5400CCD14B1CDBB289F8A036002B40F09680C5
:107E6400D9F85430D9F84C108B427FF4E9AE05B000
:107E7400BDEC028BBDE8F08F002993D001EB4101EA
:107E8400E86A4E4A194413F803CB063230F81CB0A2
:107E94008B4213F802CC30F81CE013F801CC30F814
:107EA4001CC022F806BC22F804EC22F802CCEAD169
:107EB4006D68002D7FF44AAF77E7284600234246D9
:107EC40018EE101AD8476D68002D7FF43FAF6CE7A9
:107ED400384690473B685B68AB423FF4E3AE3846B4
:107EE40098477F68002F7FF4CBAE0AE7C2F1FF0208
:107EF400B023C2EB421206FB03F380FB0250D517FA
:107F04000244C5EBE215F207EDB27FF56AAFB03378
:107F1400019A2A4F02EB830CBE884FF0000E78883A
:107F2400334637F8062B864205FB06F638BF034670
:107F340005FB00F0934238BF134605FB02F2BC4236
:107F440005FB03F34FEA234303F10103B6FBF3F606
:107F5400B0FBF3F0B2FBF3F263F01F034FEA262603
:107F64004FEA202063F3070E4FEA222266F30F2E16
:107F740060F3174E62F31F6E4CF804E9CCD14B1C2E
:107F8400DBB289F8A036002B3FF46AAFD9F854303D
:107F94000022D9F84C1089F8A0268B4229D001334D
:107FA400C9F8543060E700BFB51600006946010007
:107FB400861E0060B4B7012025160000A8B7012072
:107FC4008180808000B10120384A00208AF8067040
:107FD400D9F8A436002199F8A06613F001038AF8B1
:107FE400071033D04FF48462404622F05FFA3146E2
:107FF400DDE6D9F85020013292FBF3F103FB1122A4
:10800400C9F8502005B0BDEC028BBDE8F08FD9F85B
:108014009C76002FDAD00E4E3B681B69B3420BD11D
:10802400D7F80A303D72C7F812307F68002FF3D1B9
:1080340000238AF806301CE63846002198477F68FA
:10804400002FE9D100238AF8063012E61D4662E6C5
:10805400414601005A4B2DE9F04FDD6E5C6F2DED6A
:10806400028BAC4299B0149000F0A480544BD3F826
:10807400D83A129301231393129B002B00F0AE8382
:108084004F4A4FF45260136F91682344D2F8E02AA8
:1080940093FBF5F405FB143312F0010200FB031308
:1080A40007930DD1474B03F5407143F8042C43E982
:1080B40003220C339942F8D10123414AC2F8E03A31
:1080C4003F4BD3F8E42D12F001020ED103F6F45322
:1080D40003F5407143F8042C43E903220C3399421D
:1080E400F8D10123364AC2F8E43D4FF4407200212E
:1080F400354822F0DBF94FF440720021334822F076
:10810400D5F92F4BD3F8D05A002D00F00884129AD9
:10811400DFF8B4A093B23032DFF8B4B008EE103A0E
:10812400103390469BB208EE903A1CE028461C4659
:1081340015F0BCF94A463946284615F0B7F97EB918
:1081440004F5C07418EE101A28460AEB040215F060
:10815400ADF91E4B18EE901A28461A1915F0A6F917
:108164006D68002D36D01FFA88F7DFF8609000267E
:108174002968A7F1100206EB46038C6891B20AEB5A
:10818400C3125C454FEAC313D0D028460023A0474E
:108194002B684A4639469C68284600235C4500F013
:1081A400EB83203FA047002EDAD1BFB209F5C07996
:1081B4000126DDE719B0BDEC028BBDE8F08F00BFEE
:1081C40000B10120F0BB0120E4BB0120E8BE012086
:1081D4002516000019494FF45260D1E91C321344AA
:1081E400CA6E896893FBF2F402FB143300FB031399
:1081F4001793134B134A13F8101C13F80D0C0F911B
:1082040013F80F1C13F80C9C13F80B8C029113F841
:108214000E1CA2F5C27315920E93002305911693BA
:108224000890CDE910980E9BA3F5C0730493169B98
:1082340008330693159B039306E000BF00B10120A9
:10824400F8C10120E8BE012004990B88063131F8F9
:10825400042C31F8026C03F0100002F010040491B5
:10826400019602F400650F9902F4804B029E884047
:10827400B440B54044EA000802F0200403F02000B2
:10828400B440884044EA000C02F0400403F040008B
:10829400B440884044EA000E02F0800403F08000F9
:1082A400B440884044EA000702F4807403F4807008
:1082B400B4408840204302F40074099003F4007031
:1082C400B4408840044303F480600A9402F4806458
:1082D4008840B440044303F400608840284302F417
:1082E40080550B9003F48050B54002F4005688404A
:1082F40022F4FF422843029D22F07F02AE4003F4A1
:1083040000558D4046EA0509029E03F4804523F496
:10831400FF43B2400BFA06FB23F07F03019E8D401E
:10832400CDF830908B4006F0100A059906F020092C
:108334004BEA050B099D0AFA01FA09FA01F91343FC
:10834400039A48EA0A0A06F040084CEA090906F4C6
:10835400807C08FA01F812880CFA01FC4EEA08083D
:1083640006F0800E45EA0C0C0A9D0EFA01FE47EA5F
:108374000E0E06F400778F402F43354606F48066D0
:1083840005F400658E408D4026430B9C2543019CDB
:1083940004F480548C4020430C9C0990019800F410
:1083A4000050884001992043059C0A9001F48040C4
:1083B40021F4FF41A04021F07F014BEA0000A140DD
:1083C400089C019043EA010B02F01001039BA140B9
:1083D4005B884AEA010A02F020010998A14049EAAF
:1083E400010902F04001A14048EA010802F08001BD
:1083F400A1404EEA010E02F48071A1404CEA010C46
:1084040002F40071A1400F4302F48061A1400E43C5
:1084140002F40061A1400D4302F48051A1400843DD
:1084240002F400510B90A14020460A9C2143019C78
:108434000C9102F4804122F4FF42814022F07F0239
:108444002143109C824003984BEA020B063030F81B
:10845400022C039003F01000A0404AEA000003F04D
:10846400200A0AFA04FA49EA0A0A03F0400909FA56
:1084740004F948EA090903F0800808FA04F84EEA06
:10848400080803F4807E0EFA04FE4CEA0E0E03F490
:10849400007C0CFA04FC47EA0C07019703F480679C
:1084A400A7403E43099603F40066A64045EA060742
:1084B40003F480552646A5400B9C0A972C43354669
:1084C4000B9403F40054B4400C9E264303F48044FC
:1084D40023F4FF43AC400C9623F07F0341EA040CE1
:1084E4001199AB40019DCDF834C04BEA030B02F067
:1084F40010038B401843DDE90634C0F30F1024F851
:10850400130002F020030A988B404AEA030A02F09F
:1085140040038B40CAF34F1A49EA030902F080036F
:108524008B40C9F38F1948EA030C02F480738B4023
:10853400CCF3CF1C4EEA030702F4007302F4804E1E
:108544008B40C7F30F2745EA030602F48063099DB5
:108554008B40C6F34F261D4302F400638B40C5F3E2
:108564008F2540EA030402F480500B46C4F3CF2461
:10857400884002F4005122F4FF4201940EFA03FEF3
:108584000B9C994022F07F02204302FA03F3C0F3CC
:108594000F380C984BEA030301430D98C3F3CF3310
:1085A40040EA0E0EC1F34F31DDE90604CEF38F32FB
:1085B40004EB400EAEF818A1AEF83092AEF848C302
:1085C400019CAEF86074AEF87865AEF89056AEF8DB
:1085D400A847AEF8C088AEF8D819AEF8F02AAEF8BD
:1085E400083C431C049906930E9B99427FF42CAEDD
:1085F400169B159A403302F5C072802B1693159280
:1086040001F5C0720E927FF40EAEB649079B129A22
:10861400C3F81021179ACB8BA2F816318B8BA2F8D2
:1086240014314B8CA2F82E320B8CA2F82C32CB8C4A
:10863400A2F846338B8CA2F844334B8DA2F85E34F7
:108644000B8DA2F85C34CB8DA2F876358B8DA2F815
:1086540074354B8EA2F88E360B8EA2F88C36CB8EE8
:10866400A2F8A6378B8EA2F8A4374B8FA2F8BE3897
:108674000B8FA2F8BC38CB8FA2F8D6398B8FA2F817
:10868400D439B1F84230A2F8EE3AB1F84030A2F849
:10869400EC3AB1F84630A2F8063CB1F84430A2F8FE
:1086A400043CB1F84A30A2F81E3DB1F84830A2F8B3
:1086B4001C3D134622F01F0203F55263BFF34F8F94
:1086C4004FF0E021C1F8682F20329342FAD8BFF36B
:1086D4004F8FBFF36F8F834B5C6FDD6EAC4200F046
:1086E400D98001347F4B5C677E4AD2F8D83A013393
:1086F4000F2B129300F2C880C2F8D83A794B5B78FA
:10870400002B46D0784E794A33685B08A2FB0323DA
:10871400774ADB0BDB01A2FB03237289DB090133FC
:108724009A4200F2EF80734B4FF452666D4F53F848
:10873400080C13F8042C4FF48073396F9340B0F88D
:10874400882103F4706392B222EA0302A0F888211C
:10875400BA6806FB01224FF48A76B96F02EB060C65
:10876400FF6DC1F800C03A608A8B5E4F22F0800230
:10877400CE601204120C8A838A8B92B242F02002D9
:108784008A83B0F8882192B21343A0F88831002379
:108794007B70A5423FF40EAD139B0133DBB2062B75
:1087A40013937FF469AC149B002B40F0B3804E4EBE
:1087B4004E4A33685B08A2FB03234D4ADB0BDB0103
:1087C400A2FB03237289DB0901339A4200F2C680BB
:1087D400149B1393129B002B7FF452AC424E737B79
:1087E400002B40F09F803F4BD3F8D07A002F3DD030
:1087F400414D0024337B002B57D03B683F485A69D6
:10880400B17A82424FD1B9755B68AB4251D197F8C6
:108814003E30BBB197F83D3097F83C20DBB2D2B282
:1088240087F83D2087F83C3097F83D30083357F8F7
:108834002330FB6197F83C30083357F8233087F82E
:108844003E40BB612E4AF96A97F8280002F5007C85
:10885400023932F8023F00FB03F394454FEA232325
:1088640021F8023FF5D17F68002FC3D11D4B0024AE
:1088740093F8D43A347313BB1A4BD3F8D82A5C6FE9
:10888400DD6E1292FFF7FCBB0023164A1293C2F866
:10889400D83A33E719461B6F013393FBF4F204FB18
:1088A40012330B6720E7384690473B685B68AB425E
:1088B400ADD0384698477F68002F9BD1D6E7094A48
:1088C40092F8DC3A1546C3F1FF039361FBF7D4FF3A
:1088D400D5F8D82A85F8D44A12926C6FED6EFFF75A
:1088E400CFBB00BF00B10120384A002001800080C6
:1088F40009800008F8C10120B5160000694601008E
:10890400861E0060013A90B27081FCF775FA01236B
:10891400337308E70023CDE91333FFF7ADBB079B9F
:10892400179366E4194BD3F8D04A14B3129F184D29
:1089340023681B69AB420AD1D4F80A302772C4F801
:1089440012306468002CF3D1002373734BE7204684
:10895400002198476468002CEAD1F5E7013A90B207
:108964007081FCF749FA01233373149B1393FFF7C7
:1089740083BB129B737379E714F098FD002E7FF488
:10898400EFAB203F09F5C079BFB211E400B101207B
:10899400414601002DE9F04FAF4D89B0D5F8D04ADA
:1089A400002C01F0648323461A465B68002BFBD13C
:1089B400AA4B5360AA4F00264FF00109DFF8BC828E
:1089C40023681B68BB4241F0288384F83C60C4F8E8
:1089D400308084F83D9084F83E60D4E90823A26195
:1089E400E3616468002CEBD19E4C4FF000089E4B71
:1089F4009E4E6B6094F8B030B088EB669C4BC5E932
:108A04001C88C5F88430FCF7F7F90120FFF722FB36
:108A14009849994B4FF0380C4A68152042F40032BB
:108A24004A60C3F870C3C3F880014A6842F0010287
:108A34004A60C3F82CC3C3F83C014A6842F480621C
:108A44004A60C3F854C3C3F864014A6842F002029E
:108A54004A60C3F830C3C3F840014A6842F4006274
:108A64004A60C3F858C3C3F868014A6842F0040274
:108A74004A60C3F834C3C3F844014A6842F00802A8
:108A84004A6001F50041C3F838C3FF22C3F8480126
:108A9400D1F804E04EF0100EC1F804E0C3F814C29B
:108AA4005862D1F804E04EF0200EC1F804E0C3F897
:108AB40018C29862C3F87023C3F82C23C3F8542354
:108AC400C3F83023C3F85823C3F83423C3F8382336
:108AD400C3F81422C3F8182263691A7D072A01F027
:108AE400A4825A7D072A01F041879A7D072A01F062
:108AF400B687DA7D072A01F0B5871A7E072A02F0C5
:108B0400C0835A7E072A02F0CE839A7E072A02F097
:108B14001884DA7E072A01F089821A7F072A02F074
:108B240094845A7F072A02F003859A7F072A02F069
:108B34004585DA7F072A02F09B8593F82020072ACF
:108B440002F05E8693F82120072A01F03B87636ACE
:108B54001A7D072A01F07A825A7D072A01F07C8760
:108B64009A7D072A02F0F082DA7D072A02F09283C6
:108B74001A7E072A02F09A835A7E072A02F0E483B7
:108B84009A7E072A02F08584DA7E072A01F05F8242
:108B94001A7F072A02F0CF845A7F072A02F0118530
:108BA4009A7F072A02F06185DA7F072A02F02B8672
:108BB40093F82020072A01F0028793F82120072A3E
:108BC40002F0978663681A7D072A01F042875A7D6E
:108BD400072A02F0BC829A7D072A02F05583DA7DC7
:108BE400072A02F066831A7E072A02F0B0835A7EAF
:108BF400072A02F02D849A7E072A02F09F84DA7EE7
:108C0400072A1AD01A7F072A02F0D5845A7F072A26
:108C140002F028859A7F072A02F0EC85DA7F072A7A
:108C240002F0EB8593F82020072A02F0448693F89B
:108C34002120072A43F0FF810D221A44D3E90010B2
:108C44000B6803430B6092F822A0BAF1FF0F03F004
:108C5400F281DFF8108013E000B1012068C2012026
:108C6400E5150000F8C10120554F0000384A0020E6
:108C74000D1600000040004200801F40281E002006
:108C8400D8F800B04046C5F814B01EF0D3FDD8F8AB
:108C940004301A7D072A01F0E3845A7D072A03F081
:108CA40073819A7D072A03F06C81DA7D072A03F029
:108CB40077811A7E072A03F070815A7E072A03F00F
:108CC40069819A7E072A03F06281DA7E072A01F01D
:108CD400C8841A7F072A03F07F815A7F072A03F08A
:108CE40078819A7F072A03F07181DA7F072A03F0DB
:108CF4006A8193F82020072A03F05E8193F82120EB
:108D0400072A03F056811A7D0A2A01F09E845A7DAF
:108D14000A2A01F00B869A7D0A2A01F09886DA7DE8
:108D24000A2A02F017821A7E0A2A02F0B0825A7EB8
:108D34000A2A02F0B5829A7E0A2A02F00E83DA7EAB
:108D44000A2A02F05B831A7F0A2A02F00C845A7FF3
:108D54000A2A02F01D849A7F0A2A01F07784DA7FB6
:108D64000A2A02F0E88493F820200A2A02F05D859A
:108D740093F821200A2A02F0B9851A7D062A01F007
:108D840059845A7D062A01F0D5859A7D062A01F078
:108D94005C86DA7D062A02F0E0811A7E062A02F059
:108DA4005E825A7E062A02F078829A7E062A01F0B2
:108DB4004284DA7E062A02F039831A7F062A02F0F8
:108DC400C3835A7F062A02F0FF839A7F062A02F0A1
:108DD400AF84DA7F062A02F0A88493F82020062ABA
:108DE40002F01D8593F82120062A02F076851A7D6B
:108DF4000C2A01F014845A7D0C2A01F0B1859A7D65
:108E04000C2A01F02086DA7D0C2A01F033861A7EC2
:108E14000C2A02F0F0815A7E0C2A02F04D829A7ECE
:108E24000C2A02F09782DA7E0C2A02F035831A7F2C
:108E34000C2A02F059835A7F0C2A02F0F8839A7F95
:108E44000C2A02F00C84DA7F0C2A02F0058493F8D1
:108E540020200C2A01F0E48393F821200C2A02F04C
:108E640014851A7D092A01F026855A7D092A01F004
:108E740079859A7D092A01F0E485DA7D092A02F0D0
:108E840075811A7E092A02F0DE815A7E092A02F0CF
:108E94003D829A7E092A02F08482DA7E092A02F04F
:108EA400E3821A7F092A02F034835A7F092A02F0E6
:108EB400A3839A7F092A02F02084DA7F092A02F028
:108EC4003D8493F82020092A02F0B28493F82120EB
:108ED400092A02F0EA841A7D0B2A01F095835A7D4F
:108EE4000B2A01F03B859A7D0B2A01F0A885DA7DD7
:108EF4000B2A02F038811A7E0B2A02F0A1815A7ED5
:108F04000B2A02F0F7819A7E0B2A02F03E82DA7E67
:108F14000B2A02F097821A7F0B2A02F0D2825A7F20
:108F24000B2A02F06C839A7F0B2A02F0C283DA7F49
:108F34000B2A01F06A8393F820200B2A02F045845F
:108F440093F821200B2A02F08E841A7D0D2A01F059
:108F540050835A7D0D2A01F016859A7D0D2A01F061
:108F64006C85DA7D0D2A02F0FB801A7E0D2A02F050
:108F740082815A7E0D2A02F0B1819A7E0D2A02F076
:108F8400EF81DA7E0D2A02F03C821A7F0D2A02F06C
:108F9400A2825A7F0D2A02F04D839A7F0D2A02F095
:108FA4007383DA7F0D2A02F06C8393F820200D2A54
:108FB40002F0FC8393F821200D2A01F01B83052283
:108FC400D3E900100B6803430B60D8F80430CBF8E6
:108FD4000820197D0A2901F0FF82597D0A2901F030
:108FE400D484997D0A2901F02685D97D0A2902F0C5
:108FF400C080197E0A2902F03881597E0A2901F0BD
:10900400EC829A7E0A2A02F0C381DA7E0A2A02F0EE
:1090140031821A7F0A2A02F06D825A7F0A2A02F0EC
:10902400FA829A7F0A2A01F0D882DA7F0A2A02F0A9
:109034005E8393F820200A2A02F0C18393F821204A
:109044000A2A02F00D844FF0FF091A7D062A01F066
:10905400AF825A7D062A01F07F849A7D062A01F0A8
:10906400E884DA7D062A02F087801A7E062A02F056
:10907400FF805A7E062A02F03A819A7E062A01F07F
:109084009882DA7E062A02F0F2811A7F062A02F01A
:109094001F825A7F062A02F0C4829A7F062A02F0AF
:1090A4002383DA7F062A02F01C8393F82020062A01
:1090B40002F0C48393F82120062A02F00584FF21DC
:1090C4001A7D0C2A01F060825A7D0C2A01F0538427
:1090D4009A7D0C2A01F0AB84DA7D0C2A02F04F80D1
:1090E4001A7E0C2A02F0BE805A7E0C2A02F00581F8
:1090F4009A7E0C2A02F05E81DA7E0C2A02F08A81C2
:109104001A7F0C2A02F0FC815A7F0C2A02F07A8220
:109114009A7F0C2A02F0D382DA7F0C2A02F0CC82E6
:1091240093F820200C2A01F0308293F821200C2A95
:1091340002F0B583FF201A7D092A01F0C7835A7D06
:10914400092A01F001849A7D092A01F06E84DA7DEE
:10915400092A02F017801A7E092A02F07A805A7EC0
:10916400092A02F0D6809A7E092A02F01481DA7E56
:10917400092A02F076811A7F092A02F0C7815A7FF0
:10918400092A02F02D829A7F092A02F0C882DA7F26
:10919400092A02F0C78293F82020092A02F03C83AE
:1091A40093F82120092A02F09583FF211A7D0B2AC6
:1091B40001F0D6815A7D0B2A01F0DF839A7D0B2AB8
:1091C40001F03184DA7D0B2A01F0E2871A7E0B2A42
:1091D40002F03C805A7E0B2A02F09E809A7E0B2A73
:1091E40002F0DC80DA7E0B2A02F038811A7F0B2A27
:1091F40002F09B815A7F0B2A02F0F5819A7F0B2A99
:1092040002F07882DA7F0B2A01F0AB8193F82020F8
:109214000B2A02F0BF8293F821200B2A02F032833A
:10922400FF211A7D0D2A01F089815A7D0D2A01F052
:10923400A0839A7D0D2A01F0F483DA7D0D2A01F0D2
:10924400A4871A7E0D2A02F007805A7E0D2A02F0A6
:109254005A809A7E0D2A02F0A780DA7E0D2A02F047
:10926400FA801A7F0D2A02F05D815A7F0D2A02F0DE
:10927400B1819A7F0D2A02F02E82DA7F0D2A02F044
:10928400278293F820200D2A02F0AB8293F8212044
:109294000D2A01F05481FF2209F108039342B8BF5B
:1092A4001346DAB209F10F039342C1F20282524526
:1092B4002CBF00230123D14588BF43F00103002BB9
:1092C40001F0F781D8F80430197D062901F02881CE
:1092D400597D062901F05583997D062901F09F8364
:1092E400D97D062901F06087197E062901F0A2873D
:1092F400597E062902F01680997E062901F0118113
:10930400D97E062902F0BF80197F062902F0E68083
:10931400597F062902F09181997F062902F0BA81CA
:10932400D97F062902F0B38193F82010062902F0B0
:109334005E8293F82110062902F09B82FF21A1EBA3
:10934400090104F8101C197D092901F0D382597D03
:10935400092901F0FD82997D092901F05E83D97DF7
:10936400092901F01E87197E092901F06087597EB9
:10937400092901F0D487997E092902F00080D97E59
:10938400092902F07A80197F092902F0C580597FE2
:10939400092902F02E81997F092902F0B781D97F2A
:1093A400092902F0B08193F82010092902F04982BA
:1093B40093F82110092902F04D82FF21A1EB090144
:1093C40004F80F1C197D0A2901F09C80597D0A2993
:1093D40001F0D582997D0A2901F01D83D97D0A29DE
:1093E40001F0E886197E0A2901F01E87597E0A29B0
:1093F40001F08687997E0A2901F0D987D97E0A2946
:1094040002F00580197F0A2902F08980597F0A2910
:1094140002F0DD80997F0A2901F07580D97F0A293D
:1094240002F0778193F820100A2902F0F28193F870
:1094340021100A2902F03C82FF21A1EB090104F862
:109444000E1C197D0C2901F04F80597D0C2901F067
:109454007382997D0C2901F0DC82D97D0C2901F0FD
:10946400A686197E0C2901F0DC86597E0C2901F0B0
:109474006587997E0C2901F07F87D97E0C2902F03B
:109484000E80197F0C2902F00D80597F0C2902F0FF
:109494007980997F0C2902F05A81D97F0C2902F036
:1094A400598193F820100C2901F01F8093F82110A2
:1094B4000C2902F00382FF21A1EB090104F80D1C21
:1094C400197D0B2901F00280597D0B2901F042829C
:1094D400997D0B2901F09B82D97D0B2901F06D86C2
:1094E400197E0B2901F07886597E0B2901F0EA8652
:1094F400997E0B2901F07387D97E0B2901F07287BD
:10950400197F0B2902F03880597F0B2902F0438020
:10951400997F0B2902F0E280D97F0B2900F0D787CD
:1095240093F820100B2902F0478193F821100B299E
:1095340002F0B881FF21A1EB090104F80C1C197D8C
:109544000D2900F0B587597D0D2901F0FF81997D22
:109554000D2901F05A82D97D0D2901F03486197E36
:109564000D2901F03C86597E0D2901F0E186997E92
:109574000D2901F00787D97E0D2901F08187197F14
:109584000D2901F0B487597F0D2902F03E80997F9F
:109594000D2902F08280D97F0D2902F0B18093F861
:1095A40020100D2902F00E8193F821100D2900F0EE
:1095B4008087FF21A1EB090104F80B1C197D062902
:1095C40000F06887597D062901F0BC81997D062940
:1095D40001F01982D97D062901F0F885197E062942
:1095E40001F00086597E062901F09F86997E06299E
:1095F40000F05187D97E062901F04887197F062992
:1096040001F06F87597F062902F00E80997F0629A1
:1096140002F05880D97F062902F0578093F8201071
:10962400062902F0C68093F82110062902F027814A
:10963400FF21A1EB09012973197D092901F0688132
:10964400597D092901F07C81997D092901F0D9818D
:10965400D97D092901F0B485197E092901F0B9855C
:10966400597E092901F06786997E092901F08186CE
:10967400D97E092901F0C886197F092901F061877B
:10968400597F092901F0DC87997F092901F0F387C3
:10969400D97F092901F0F28793F82010092902F0F3
:1096A400A38093F82110092902F01181FF21A1EB75
:1096B40009016973197D0A2900F0DE86597D0A299A
:1096C40001F03C81997D0A2901F09981D97D0A290B
:1096D40001F06485197E0A2901F0AF85597E0A29B3
:1096E40001F00286997E0A2901F06A86D97E0A2948
:1096F40001F0A586197F0A2901F0E086597F0A291D
:1097040001F06B87997F0A2900F0B786D97F0A296F
:1097140002F0028093F820100A2902F03E8093F8A8
:1097240021100A2902F09980FF21A1EB0901A973F4
:10973400197D0C2900F09286597D0C2901F0F880DE
:10974400997D0C2901F05981D97D0C2901F02385DB
:10975400197E0C2901F09285597E0C2901F0C185EE
:10976400997E0C2901F02F86D97E0C2901F05886A8
:10977400197F0C2901F0C786597F0C2901F036871F
:10978400997F0C2901F09287D97F0C2901F08B87EE
:1097940093F820100C2900F0628693F821100C290C
:1097A40002F06A80FF21A1EB0901E973197D0B29FD
:1097B40000F04886597D0B2901F0D680997D0B294C
:1097C40001F01981D97D0B2901F05281197E0B29F1
:1097D40001F01985597E0B2901F07185997E0B29B9
:1097E40001F0FA85D97E0B2901F01786197F0B2920
:1097F40001F08386597F0B2901F0C786997F0B29D5
:1098040001F02187D97F0B2900F01D8693F82010E1
:109814000B2902F0198093F821100B2902F017800C
:10982400FF21A2EB0903A1EB09024FEA0929DA4956
:109834001B042A7409F4F859D84A03F4F8134FEABC
:109844000A2A49EA02024FF0010943F480730AF438
:10985400F85A4FF4826CCBF800314AEA0101CBF894
:1098640080204FF0020ACE4ACBF80431CBF8842092
:10987400CBF80831CBF88820CBF80C31CBF88C200E
:10988400CBF81031C74BCBF89020CBF8803440F69E
:109894000C73CBF80014CBF80035DBF8303043F010
:1098A4000803CBF83030C04BB3F8882144F8083CA7
:1098B40022F480621204120CA3F88821BB4AC2F875
:1098C4002490C2F82890326822FA09F207EE102A8E
:1098D40032689FEDAD5BB8EEC77B22FA09F29FEDCB
:1098E400AC4B27EE057BBCEEC76B07EE102A326843
:1098F400B8EEC77B22FA09F227EE057BFCEEC76BB4
:1099040007EE102AB3F88821B8EEC77B92B227EE8F
:10991400047B42F04002A3F8882116EE102AA3F833
:10992400C6C090B216EE902ABCEEC77B91B2A3F8E3
:10993400CE00A3F8D61017EE102A9D4892B2A3F8D1
:10994400DE20B3F8802104F804AC92B242F48062C1
:10995400A3F88021B3F8802192B242F04002A3F828
:109964008021B3F8882192B242F00402A3F888213E
:10997400B3F8E82092B242F40072A3F8E8204FF45E
:109984008873A4F8B2301DF0B5FE8A481DF0B2FE0B
:1099940089481DF0AFFE95F87C20AB6895F868E027
:1099A400864803F58A7195F860C0AB6F827612B26F
:1099B40080F81AE0DFF828E280F81AC00CF01F0CD7
:1099C4001960A3F804A04FF0040AC3F810E04FF4A0
:1099D4008A7EA3F81E9083F80790A3F8169083F864
:1099E400069077497748C3E902AE4FF6F87EA3F8AC
:1099F40014E04FF0100EC3F818E0002341F82230B1
:109A0400714B41F8223020F01F0384F8B4C000EBFE
:109A14000901BFF34F8F4FF0E022C2F8683F2033B3
:109A24009942FAD8BFF34F8FBFF36F8F00226B6E4A
:109A3400B0F1804F18609A80DA71C0F0268399687B
:109A4400002900F02283DA609A829A715F4A1A61CF
:109A540000229A61DA8B110400F10D860C22DA835C
:109A6400DA82A96F6FF00F0995F868308A8B1B02B0
:109A7400E86D92B2DFF86CB103F4F85322F4FC52AF
:109A840013436A6943F0200302F5007C8B834B493E
:109A9400B4F8B2300A6842F080020A60AA68D8F8C2
:109AA40004E04FF000080260C0F810C04FEA131C35
:109AB400C3F58C73C0F81890A0F81EC0C360A0F85A
:109AC40016C0838BDFF8F8C09BB243F0080383838E
:109AD400042383808382022395F86020C3718371F9
:109AE40002F1100A3A4B83609EF813300FFA82FE9B
:109AF40003F07F034CF82E804FF0010843F000433D
:109B04004CF82E30B0F81CC0324B1FFA8CFCDFF836
:109B1400D8E04CF0020CA0F81CC003EB521002F089
:109B24001F0C2D4B800008FA0CFC4BF82A30294BF3
:109B3400C0F800C0602002F80E0095F87C2002F8FE
:109B44000E9095F87C00DFF8A4E003EB501300F0CE
:109B54001F0200F1100C08FA02F29B004BF82CE0F3
:109B64001A6095F86830CB76C876286FFAF752FEFB
:109B740014F8043C54F808CC08FA03F31749BCF869
:109B840088011B0234E000BFF9978B952411E23E53
:109B940048AFBC9AF2D77A3E0100C30D020083009D
:109BA400020080000022000100803E4000801F402F
:109BB40078B1012064B101205CB1012000800E4025
:109BC40000C00E40ACC201206E0000801B800E401D
:109BD40010C0FF7F40380038DD1D00000180008088
:109BE400D6803E400054002000E400E01916000036
:109BF400B94A80B203F470630343ACF88831336824
:109C040023FA08F3A1FB0303DB0BDB01A2FB030331
:109C1400DB094344EF2B40F2CF83306820FA08F08D
:109C2400A1FB0010C00BC001A2FB0020C0094044EE
:109C3400012370813373FBF7DFF894F8AE30002B07
:109C4400FBD1012384F8AE3094F8AE30002BFBD165
:109C540094F8AC30B4F87A20002B00F09283B4F876
:109C64007C3003FB02F2D4E9241002EB420221F01F
:109C74000FFAD5F89C06002800F0928303461A4692
:109C84005B68002BFBD1954B53604FF000084FF0FD
:109C9400010ADFF8749203681B68BB4240F0ED814F
:109CA40080F83C80C0F8309080F83DA080F83E8079
:109CB400D0E908238261C36140680028EBD1884B56
:109CC40000270120AB6594F8B530C5E91477EB643F
:109CD400FDF7A2FF626994F8BC30117D994200F04F
:109CE400FA81517D994200F0F581917D994200F00D
:109CF4007F86D17D994200F0B886117E994201F0A9
:109D04007782517E994201F0E382917E994201F07B
:109D14005D83D17E994201F08683117F994201F0DF
:109D24008883517F994201F0C083917F994201F069
:109D34006F84D17F994201F0B38492F82010994244
:109D440001F0318592F82110994201F02985FF2212
:109D540084F8E420626A117D994200F01886517DEE
:109D6400994200F04386917D994200F08586D17D29
:109D7400994201F03A82117E994201F0A682517E05
:109D8400994201F02683917E994201F02E83D17E7F
:109D9400994201F0E583117F994201F0DE83517FFE
:109DA400994201F0FE83917F994201F05284D17F60
:109DB400994201F0138592F82010994201F00B8525
:109DC40092F82110994201F06385FF2284F8E4207F
:109DD4006268117D994200F0F885517D994200F046
:109DE4004D86917D994201F00982D17D994201F01D
:109DF4007282117E994201F0E082517E994201F013
:109E04001B83917E994201F05383D17E994201F0E4
:109E14005283117F994201F00184517F994201F0EC
:109E24009084917F994201F0F184D17F994201F0AD
:109E3400028592F82010994201F0438592F821108E
:109E4400994201F06285FF2384F8E4300023254918
:109E54002548C4F8E0301DF021FDD4F8E070384600
:109E64001DF0E8FC214BD4F8D0209A4203D194F899
:109E7400D530002B55D01D4BC4F8D030002384F8C6
:109E8400D53039681A4B994200F0F384194B186A9B
:109E94009A6A9B6AC0F3C140C2F34222C3F342638D
:109EA4000133154D02FB0333144A012818BF2A4617
:109EB400B2FBF3F2124B5208A3FB02031148824295
:109EC4004FEA535322D90130B2FBF3F2824298BFD6
:109ED40003F1FF331AE000BF0980000828C2012003
:109EE400194B000098440020484A0020404B4C0085
:109EF40000C01A4000C00F4000389C1C80204B1E3C
:109F04006BCA5F6B3F4B4C00281E0020012B94F85A
:109F1400E82038BF012302F5A07243F4706341F8CE
:109F2400223094F8D430012B11D0012384F8D4309A
:109F340094F8E9303A68E03302EB8303C4F8DC3088
:109F440094F8EB30A03302EB8302C4F8D820EFF38B
:109F5400108172B696F83C30012B00F09A83032BE3
:109F640000F097844D4B4FF0E022B362032386F850
:109F74003C30D2F8203D43F47F03C2F8203D484BE7
:109F8400CBF83C3001B962B6E022316C86F844204B
:109F9400C9B1444B44480B4406EB231383F84820CF
:109FA40096F8493096F8481096F84A208B4228BF14
:109FB4000B46934228BF134696F84B20934228BF82
:109FC400134680F87A3096F84C20384C3848394992
:109FD400B4FBF2F202EB4202D200013A1DF03AFF66
:109FE400336835495B08354AA1FB0303DB0BDB010E
:109FF400A2FB0303DB090133EF2B00F20D82F021F6
:10A004002F4A0B4601203372336C86F84C10F071E2
:10A0140003B11A6009B0BDE8F08F20469847646820
:10A02400002C7EF4CDACFEF7DFBC42461A44D3E9E3
:10A0340000100B6803430B6092F822A0BAF1FF0FE3
:10A044003EF485ADDFF88480FEF71ABE00221A4480
:10A05400D3E900100B6803430B6092F822A0BAF115
:10A06400FF0F3EF4AFADDFF86880FEF709BE154B75
:10A074001C46C5F8D03AFEF79DBC0190984701985C
:10A08400406800287FF407AE19E60022DA609A825D
:10A094009A7101229A600C4A1A61D9E4B11D000038
:10A0A400CD2D010000BFF7BF00E400E040420F00E7
:10A0B400784A0020ED9200000180008009800008A9
:10A0C4008F86010068C201201B800E4008C2012057
:10A0D40018C2012001271744D2E900100A6802437C
:10A0E4000A6097F82220FF2A84F8E4203FF432AE75
:10A0F400AD4F7A6894F8C030C4F8E070117D99428D
:10A1040000F0C484517D994201F07B80917D994295
:10A1140001F02981D17D994201F06A81117E994231
:10A1240001F02782517E994201F02082917E99426A
:10A1340001F02582D17E994201F00683117F994274
:10A1440001F07083517F994201F0CA83917F994253
:10A1540001F0C983D17F994201F0D48392F8201091
:10A16400994201F0DE8392F82110994201F0D683DE
:10A17400FF2194F8C43084F8E510107D984201F072
:10A184004387507D984201F04180907D984201F0D0
:10A19400ED80D07D984201F02E81107E984201F02E
:10A1A400D981507E984201F0D281907E984201F08C
:10A1B400F581D07E984201F04982107F984201F0E7
:10A1C4000783507F984201F05183907F984201F0B9
:10A1D4009383D07F984201F0928392F820009842B2
:10A1E40001F0998392F82100984201F09183FF23B2
:10A1F400994284F8E63040F0818263691A7DFF2A2F
:10A2040001F02E855A7DFF2A01F01A859A7DFF2AD6
:10A2140001F04985DA7DFF2A01F043851A7EFF2A81
:10A2240001F05F855A7EFF2A01F0B5859A7EFF2AE8
:10A2340001F0EC85DA7EFF2A01F0E6851A7FFF2A19
:10A2440001F0E6855A7FFF2A01F0F3859A7FFF2A01
:10A2540001F0ED85DA7FFF2A01F0E78593F82020ED
:10A26400FF2A01F03F8693F82120FF2A01F0388667
:10A27400FF2384F8E530636A1A7DFF2A01F0958490
:10A284005A7DFF2A01F019859A7DFF2A01F01B856A
:10A29400DA7DFF2A01F015851A7EFF2A01F0AA85CE
:10A2A4005A7EFF2A01F0A4859A7EFF2A01F0A68532
:10A2B400DA7EFF2A01F0A0851A7FFF2A01F0FD85CE
:10A2C4005A7FFF2A01F0F7859A7FFF2A01F0FB8568
:10A2D400DA7FFF2A01F0F58593F82020FF2A01F0A8
:10A2E400EE8593F82120FF2A01F02786FF2384F8C6
:10A2F400E53063681A7DFF2A01F011855A7DFF2A33
:10A3040001F00B859A7DFF2A01F0F784DA7DFF2A9C
:10A3140001F051851A7EFF2A01F023855A7EFF2A17
:10A3240001F01D859A7EFF2A01F01785DA7EFF2A47
:10A3340001F0E8851A7FFF2A01F0F7855A7FFF2A8A
:10A3440001F0F1859A7FFF2A01F0EB85DA7FFF2A7D
:10A3540001F0E58593F82020FF2A01F0EC8593F8BD
:10A364002120FF2A01F0E585FF2384F8E53000234E
:10A37400C4F8E0300D490E481DF090FAD4F8E070AE
:10A384006DE5B4F87C3003FB02F2D4E9240102EB5E
:10A39400420220F07DFED5F89C0600287FF46EACC6
:10A3A4000448C5F89C0670E408C20120D04400208B
:10A3B400484A002028C20120336832685B085208EA
:10A3C40007EE102ACA4A9FEDC86BB8EEC77B27EE8A
:10A3D400067BBCEEC77B17EE101AB3FBF1F3A2FBAE
:10A3E4000313DB09013BF02B00F250823068336821
:10A3F40040085B0807EE103AB8EEC77B27EE067BF1
:10A40400BCEEC77B17EE103AB0FBF3F0A2FB0020C2
:10A41400C009013880B20BE433685B08A1FB031365
:10A42400DB0BDB01A2FB0323DB090133DBB2012BD2
:10A43400194638BF0121B4FBF1F404EB4404E200F3
:10A44400013ADFE500211944D3E9000C036843EA2B
:10A454000C03036091F82210FFF7E3B900211944BB
:10A46400D3E9000C036843EA0C03036091F822105B
:10A47400D8F80430FFF797B900211944D3E9000C48
:10A48400036843EA0C03036091F82210D8F80430FF
:10A49400FFF74BB900211944D3E9000C036843EAE0
:10A4A4000C03036091F82210D8F80430FFF7C1B808
:10A4B40000211944D3E9000C036843EA0C03036048
:10A4C40091F82210D8F80430FFF774B80021194429
:10A4D400D3E9000C036843EA0C03036091F82210EB
:10A4E400D8F80430FFF727B800211944D3E9000C49
:10A4F400036843EA0C03036091F82210D8F804308F
:10A50400FEF7DABF00211944D3E9000C036843EADB
:10A514000C03036091F82210D8F80430FEF78DBFC5
:10A5240000211944D3E9000C036843EA0C030360D7
:10A5340091F82210D8F80430FEF701BF00221A4423
:10A54400D3E9000C036843EA0C03036092F8222069
:10A55400914528BF91468A4238BF0A46FEF79CBE01
:10A5640000221A44D3E9000C036843EA0C03036095
:10A5740092F82230994528BF9946994238BF194626
:10A58400D8F80430FEF74DBE00221A44D3E9000C7B
:10A59400036843EA0C03036092F82200D8F80430FD
:10A5A400814528BF8146884238BF0846FEF7C3BDAF
:10A5B40000221A44D3E900100B6803430B6092F89D
:10A5C4002220D8F804304A45114638BF49469145FF
:10A5D40028BF9146FEF774BD00221A44D3E9001047
:10A5E4000B6803430B6092F82290D8F80430FEF70E
:10A5F4002CBD00221A443F4B92F83020C3F8482166
:10A60400D8F80430FEF7DBBC00221A44394B92F828
:10A614003020C3F84421D8F80430FEF796BC002259
:10A624001A44344B92F83020C3F84021D8F804304F
:10A63400FEF717BC00221A442E4B92F83020C3F8C0
:10A644006421D8F80430FEF7D2BB00221A44294B07
:10A6540092F83020C3F83C21D8F80430FEF78DBBC3
:10A664000022134493F83020224BC3F88021D8F8F9
:10A674000430FEF748BBDA8B02F47E4242F00C024F
:10A68400DA83DA8A02F47E4242F00C02DA82FFF7BD
:10A69400E8B996F83D30002B3FF464ACD6E90D23BD
:10A6A400002B00F085815A61002A00F084819361B7
:10A6B40058E495F888302BB12A210F48019210F004
:10A6C4002BFA019A40F60D23ADF81C3095F888302A
:10A6D4002BB1022107A8019210F01EFA019AD5F8B5
:10A6E40014B0FEF7EFBD00BFF9978B952411E23E3D
:10A6F400ABAAAAAA00801F406C44002063691A7D9B
:10A70400FF2A01F023815A7DFF2A01F03A829A7DC3
:10A71400FF2A01F08182DA7DFF2A01F07B821A7E12
:10A72400FF2A01F006835A7EFF2A01F000839A7EF5
:10A73400FF2A01F0C082DA7EFF2A01F051831A7FDA
:10A74400FF2A01F051835A7FFF2A01F04B839A7F3D
:10A75400FF2A01F04B83DA7FFF2A01F0738393F819
:10A764002020FF2A01F0728393F82120FF2A01F0B0
:10A774006B83FF2384F8E630636A1A7DFF2A01F0B5
:10A7840047825A7DFF2A01F041829A7DFF2A01F017
:10A794002E82DA7DFF2A01F092821A7EFF2A01F0CE
:10A7A400CC825A7EFF2A01F0C6829A7EFF2A01F0EB
:10A7B400F082DA7EFF2A01F0EA821A7FFF2A01F092
:10A7C400E4825A7FFF2A01F0DE829A7FFF2A01F099
:10A7D4008D83DA7FFF2A01F0878393F82020FF2AF4
:10A7E40001F0678393F82120FF2A01F06083FF239F
:10A7F40084F8E63063681A7DFF2A01F0F6815A7DF9
:10A80400FF2A01F0E2819A7DFF2A01F05282DA7D6B
:10A81400FF2A01F04C821A7EFF2A01F046825A7EFA
:10A82400FF2A01F0DB829A7EFF2A01F0C282DA7EDF
:10A83400FF2A01F0BC821A7FFF2A01F0B6825A7FF8
:10A84400FF2A01F01D839A7FFF2A01F02E83DA7F0D
:10A85400FF2A01F0288393F82020FF2A01F02183A6
:10A8640093F82120FF2A01F07083FF2384F8E63057
:10A874007DE5A3F53023186B1A6B1B6BC0F3C11075
:10A88400C2F30232C3F34223FFF70ABBF020FFF7FF
:10A89400CFB996F83D30002B3FF464ABD6E90D23D5
:10A8A400002B00F081865A61002A7FF400AFC4F8BF
:10A8B4000C31FFF757BB0022134493F83020704B40
:10A8C400C3F86821D8F80430FEF705BB00221A4407
:10A8D400D3E9001C0B6843EA0C030B6092F82210C6
:10A8E400D8F80430894528BF8946814238BF0146DB
:10A8F400FEF75CBC00211944D3E9000C036843EA69
:10A904000C03036091F82210D8F80430FEF756BD0A
:10A9140000211944D3E9000C036843EA0C030360E3
:10A9240091F82210D8F80430FEF7C1BE01228DE65A
:10A93400012194E501227EE60121D6E501219CE571
:10A944000121E6E70121A6E50122C0E70121B0E5E6
:10A954000121D0E70121BAE501222AE6012254E6C9
:10A9640001225DE60122A7E701216CE50122FFF740
:10A974005DBB0122E3E5012207E60122F1E50121A5
:10A98400C1E50121CDE5012234E6012225E60021BD
:10A994001144D2E9000702683A43026091F8222088
:10A9A400FF2A84F8E4203FF413AA364FFFF7A1BB33
:10A9B400C4F8002178E6C4F80431FFF7D3BA0C22B6
:10A9C400FFF745BB0D22FFF731BB00211144D2E94B
:10A9D400000203681343036091F82230FF2B84F8CC
:10A9E400E4303FF433AA284FFFF783BB0121CFE7BC
:10A9F4000227FFF770BB022125E502212FE5022182
:10AA04003BE5022185E7022145E5022151E50221CA
:10AA14005DE5022169E5022175E502216BE702216A
:10AA24007FE502228BE502229BE502224FE7022208
:10AA3400ABE50222BDE50222CFE50222DAE50222DD
:10AA4400E3E5022238E70222EAE50222F3E50222E4
:10AA5400FCE50022FEF7F1B80122FFF7F8BA022262
:10AA6400FFF7E4BA0322FFF7E1BA0327FFF733BB8A
:10AA74000321E8E40322D3E5022189E70121A5E7C4
:10AA840000801F4018C20120F8C101200021114498
:10AA9400D2E900020368134303607A6891F8221034
:10AAA40094F8C43084F8E510107D98427FF469ABC3
:10AAB40000231344FF29D2E9000C026842EA0C0285
:10AAC400026093F8223084F8E6303FF496ABFF2B13
:10AAD4003FF414AED4F8C8104A1C40F0B6803A686B
:10AAE4000123FE2002929E4602220390012B387B12
:10AAF4000CBF4FF0040C4FF0030C10EA0E0300F0EF
:10AB0400EE800123104200F0EB8001335200DBB2EF
:10AB1400D2B29C45F6DCFF2384F8E8307A7B12F04D
:10AB24000100019200F0D88012F0020C00F0D582EE
:10AB340012F0040E00F0FE8212F0080F02F0080872
:10AB440040F0BB824FF0080C03204CEA02027A73F7
:10AB540012F0010A84F8E900D7F80480019208EBA6
:10AB6400000C9CF8109000F0C58012F0020C40F02C
:10AB74004F83B9F1FF0F01F05282D44698F811E0E7
:10AB8400CE4541F0A881019A12F0040E00F0C6806F
:10AB940000220492019A02F0080808F0FF0AB8F1B2
:10ABA400000F0CD1B9F1FF0F00F0BE86D7F8048076
:10ABB40098F81380C84540F0B7864FF0000ABCF1FE
:10ABC400000F00F0BD80049A002A00F06486BEF1F4
:10ABD400000F01F07A81BAF1000F01F008824FF002
:10ABE400FF0C634584F8EBC001F007823B7BFF2830
:10ABF400039A02EA03023A7384F8E8C00AD07B7B22
:10AC0400BCF1FF0F23F001037B7303D07B7B23F0A4
:10AC140001037B73FF2384F8E93084F8EB3095F863
:10AC240088301BB1312130480FF076FF40F60D22F9
:10AC340095F88830ADF81C201BB1022107A80FF04D
:10AC44006BFFD4F8E070FFF70AB97B68C9B21A7DCC
:10AC54008A4201F024805A7D8A4201F003809A7D61
:10AC64008A4201F07680DA7D8A4201F070801A7E91
:10AC74008A4201F06A805A7E8A4201F07E809A7E7E
:10AC84008A4201F07E80DA7E8A4201F078801A7F5F
:10AC94008A4201F035815A7F8A4201F02F819A7FDE
:10ACA4008A4201F02981DA7F8A4201F0238193F8F4
:10ACB40020208A4201F01C8193F821208A4201F06D
:10ACC4003681FF2384F8E730084909481CF0E6FD83
:10ACD400D4F8E070FFF7C3B84FF0010C35E77246C3
:10ACE4001043387318E700BF4C4500200C45002082
:10ACF400484A0020B9F1FF0F01F0928098F810C083
:10AD0400CC4541F08D8012F0020C3FF437AF12F0C5
:10AD1400040E40F01382F246E646D44698F812A098
:10AD2400CA4541F08880019ACDF810E012F0080A73
:10AD340000F0ED814FF0000EBCF1000F7FF443AF43
:10AD44004FF0010E019A4EEA020E87F80DE0FF2B38
:10AD540084F8EBC000F0DD81FF2800F0E4810125D8
:10AD640084F8EA5040B10246013A6D0012F0FF0245
:10AD7400EDB2F9D184F8EA50012584F8EC50BCF125
:10AD8400000F08D06246013A6D0012F0FF02EDB2E6
:10AD9400F9D184F8EC50029D00B294F8E6200FFA41
:10ADA4008CFC05EB800E94F8E4001202DFF840936B
:10ADB4000002013102F4F8584FEA036205EB8C0CEF
:10ADC40000F4F85005EB830302F0E06294F8E550D8
:10ADD40040EA020042EA08024FEA0525DFF814833C
:10ADE40042F0010240EA080805F4F8554FF000006B
:10ADF40045EA0909CEF80001CEF88080CCF80001BC
:10AE0400CCF8802040F60172C3F80025C3F8009402
:10AE140000F0858194F8E720B149120202F4F85257
:10AE24001143B04AC3F880244FF6FF72C3F80425D7
:10AE34004FF48852C3F88424C3F80414029B0121FC
:10AE440094F8BC2099607B68187D904200F054818E
:10AE5400587D904200F05181997D914200F07287B3
:10AE6400D97D914200F06B87197E914200F0AD8745
:10AE7400597E914200F0A687997E914200F09F8707
:10AE8400D97E914200F0FE87197F914200F0ED8750
:10AE9400597F914200F0E687997F914200F0DF8765
:10AEA400D97F914200F0D88793F82010914201F0A5
:10AEB400498093F82110914201F041808A4994F825
:10AEC400C020187D904200F0A986587D904200F081
:10AED4004287987D904200F00087D87D904200F030
:10AEE400FA86187E904200F08D87587E904200F0DA
:10AEF4008787987E904200F05687D87E904200F073
:10AF0400CA87187F904200F0CA87587F904200F0A9
:10AF1400C487987F904200F09D87D87F904200F0CC
:10AF2400978793F82000904201F0258093F8210040
:10AF3400904201F01E8094F8C420187D904200F0E5
:10AF44002A86587D904200F0C086987D904200F099
:10AF5400C086D87D904200F0BA86187E904200F0F8
:10AF64003B87587E904200F03587987E904200F0EF
:10AF74002F87D87E904200F06387187F904200F0BC
:10AF84007D87587F904200F07787987F904200F049
:10AF94007187D87F904200F06B8793F8200090422D
:10AFA40000F0ED8793F82100904200F0E687D4F892
:10AFB400BC30B82201EB03139B691A60D4F8C0308B
:10AFC40001EB03139B691A604EF2B802D4F8C43043
:10AFD40001EB03139B691A60D4F8C8305A1C3BD0A8
:10AFE4007A68DBB2107D984200F0C187507D9842A8
:10AFF40000F0BB87907D984200F0B587D07D9842E1
:10B0040000F0AF87107E984200F0A187507E9842EE
:10B0140000F0C987907E984200F0C987D07E98429C
:10B0240000F0C387107F984200F0DF87507F98427A
:10B0340000F0D987907F984200F0D387D07F984260
:10B0440000F0CD8792F82000984200F0BA8792F879
:10B054002100984200F0B387BB681968002900F00A
:10B064007C83224A914214D05868191D002800F0AC
:10B07400768390420DD0986803F10801002800F00F
:10B084006E83904205D0D86803F10C01002800F0CB
:10B094006683012384F8D43094F8E9303A68E033C5
:10B0A40002EB8303C4F8DC3094F8EB30A03302EBFA
:10B0B4008302C4F8D820FEF7D2BECDF810C04FF0FA
:10B0C400FF0C84F8E9C0BEF1000F00F0DE86FF2219
:10B0D40091460592844605985FE54FF0020C34E5ED
:10B0E4008300030022220001281E0020B0C2012098
:10B0F4000100C301020083000021194491F83000CB
:10B10400F14901EB0212536918607B68D7E6D64611
:10B114004EE5FF2884F8E8307FF471AD76E5EB4A1C
:10B12400C3F880248AE63B7B039A1A403A7384F876
:10B13400E8006BE54FF0040C022006E5CDE904C0FD
:10B1440002F008085046C5E70222FEF780BF01223C
:10B15400FDF773BD0322FFF779BA0322FFF76BBA39
:10B164000322FFF747BA0322FFF74FBA0322FFF780
:10B17400A3BB0322FFF731BA0322FFF71ABA032253
:10B18400FFF703BA0322FFF7A2BB0322FFF7D7B9E5
:10B194000322FFF7E6B90321FFF761B90321FFF7A3
:10B1A4006CB90321FFF7A7BB0321FFF7BAB9032149
:10B1B400FFF79BB90321FFF7A6B90321FFF787B96E
:10B1C4000321FFF7A6BB0321FFF773B90321FFF7A0
:10B1D40062B90421FFF79DBB0421FFF778B904216C
:10B1E400FFF767B90421FFF756B90321FFF7D0BB76
:10B1F4000427FEF770BF0422FFF712BA0221FFF7FB
:10B20400E5BB012143E40421FFF71DB9012350E408
:10B2140012F0040E92D1B9F1FF0F00F00C86D6465D
:10B2240079E50421FFF761B90421FFF76CB9042122
:10B23400FFF761BB0421FFF774B90421FFF71DB9BF
:10B244000422FFF7E2B90422FFF736BB0422FFF71A
:10B2540088B90422FFF73BBB0422FFF770B904222C
:10B26400FFF7E9B90422FFF790B90422FFF7B5B953
:10B274000422FFF79EB90422FFF7BCB90421FFF7AB
:10B28400EEB80422FEF7D2BE0222FDF7D6BC042299
:10B29400FFF7DCB90322FEF7DABE0522FFF7CBB9CC
:10B2A4000522FFF7D3B90522FEF7C0BE0422FEF73C
:10B2B400CEBE0322FDF7C1BC0522FFF7B1B90521BB
:10B2C400FFF7C1B80521FFF702B90421FFF760BBFE
:10B2D4000527FEF700BF0321FFF778BB0522FFF720
:10B2E40089B90521FFF7BBB80521FFF7C6B80522C8
:10B2F400FFF75FB90522FFF788B90522FFF745B9C3
:10B304000521FFF700B90522FFF719B90522FFF758
:10B31400D3BA0522FFF7DBBA0522FFF722B90521CC
:10B32400FFF7E9BA0521FFF7FCB80521FFF7B3B829
:10B334000521FFF7BEB80521FFF7EBBA0521FFF79A
:10B34400D4B80622FEF772BE0522FEF780BE0422A0
:10B35400FDF773BC0622FFF763B90622FFF776B93F
:10B364000622FFF747B90221FFF791BB0223FFF73B
:10B37400A0BB0621FFF7CDBA0621FFF7B6B8062118
:10B38400FFF7B9BA0621FFF794B80622FFF73DB9D3
:10B394000622FFF722B90622FFF799BA0622FFF721
:10B3A400E0B80622FFF788BA0622FFF7C8B80621DC
:10B3B400FFF7A9B80622FFF7E8B80421FFF706BB98
:10B3C4000621FFF75AB80621FFF749B80627FEF70A
:10B3D40082BE0521FFF7DCBA0621FFF734B8062147
:10B3E400FFF775B80721FFF772B80621FFF7D0BA47
:10B3F4000321FFF74CBB0323FFF75BBB0722FFF7D7
:10B4040025B90722FFF7F6B80721FFF782BA07210B
:10B41400FFF779B80722FFF7B8B80721FFF713B889
:10B424000721FFF71CB80727FEF755BE0722FFF7D1
:10B4340002B90827FEF74FBE0521FFF7C7BA072157
:10B44400FFF71BB80722FFF7E0B80822FEF7EEBDAE
:10B454000522FDF7F2BB0722FFF771B80722FFF7B9
:10B4640080B80722FFF733BA0722FFF725BA07226D
:10B47400FFF79FB80722FFF7B0B80721FFF73BBAE1
:10B484000721FFF716B80721FFF74BB80721FFF78D
:10B4940002B80622FEF7DBBD0722FFF7C1B8072179
:10B4A400FFF723B80821FFF720B80927FEF713BEDA
:10B4B4000621FFF78BBA0721FFF788BA0821FEF7A8
:10B4C400DCBF0822FFF7A1B8281E002000220001DB
:10B4D4000822FFF76EB80822FFF78CB80821FFF79F
:10B4E40020B80821FEF7D7BF0822FFF799B8082132
:10B4F400FEF7DFBF0822FFF770B80821FEF7A3BFED
:10B504000822FFF742B80821FEF7A9BF0822FFF777
:10B51400DEB90822FFF7D0B90821FFF7ECB90821FA
:10B52400FEF7F1BF0822FFF70AB80822FFF719B89F
:10B534000922FEF77BBD0822FEF789BD0622FDF72E
:10B544007CBB0821FFF7E5B90822FFF774B805238F
:10B55400FFF7AFBA0423FFF7ACBA0821FFF718BA14
:10B564000721FFF715BA0822FFF770B80521FFF786
:10B574008EBA0421FFF78BBA0821FEF7A8BF062173
:10B58400FFF785BA0921FEF7B0BF0921FEF75BBFBB
:10B594000922FFF75BB80921FEF799BF0623FFF7DD
:10B5A40088BA0921FFF7F4B9C4F80821002A7FF406
:10B5B4007EA8FFF77CB90822FDF73FBB0A22FEF7FD
:10B5C40035BD0922FEF743BD0922FFF734B809212E
:10B5D400FEF799BF0922FEF7B2BF0921FEF74DBF5E
:10B5E4000922FFF774B90922FEF7BBBF0921FEF750
:10B5F40036BF0921FFF77FB90922FFF75DB9092298
:10B60400FFF703B80922FEF7C0BF0921FEF751BFB7
:10B614000A27FEF760BD0922FEF7DFBF0821FFF706
:10B62400D5B90922FEF7C5BF0921FEF734BF0922A7
:10B63400FEF7F6BF0922FEF7DDBF0921FEF771BF51
:10B644000921FFF766B90A21FEF7FDBE0723FFF7BC
:10B6540030BA0A21FFF79CB90B22FEF7E1BF0A2298
:10B66400FEF7DEBF0922FDF7E8BA0A22FEF7EFBCB7
:10B674000B22FEF7DBBC0A21FFF74BB90B21FFF7C6
:10B6840048B90B22FEF7B6BF0A22FEF7B3BF0B215F
:10B69400FEF747BF0A21FEF744BF0A21FEF709BFA0
:10B6A4000B27FEF718BD0B21FEF7D9BE0A21FEF7C2
:10B6B400D6BE0A22FEF7A9BF0B22FEF766BF0A22F6
:10B6C400FEF763BF0A21FEF7E6BE0B21FEF7E3BED9
:10B6D4000B22FEF734BF0A22FEF731BF0A21FEF720
:10B6E400F6BE0B22FEF765BF0A22FEF762BF0B22ED
:10B6F400FEF773BF0A22FEF734BF0A22FFF7DCB855
:10B704000B21FEF7D6BE0B21FFF7F5B80A21FFF790
:10B71400F2B80B21FEF7F7BE0B21FEF7AEBE0A22EC
:10B72400FFF7D5B80B22FFF7D2B80B22FEF783BF81
:10B734000A22FEF780BF0B22FEF788BF0B22FFF719
:10B74400BBB80921FFF742B90721FFF7A0B90A21C5
:10B75400FEF7CBBE0B21FEF7C8BE1946794ABB7B68
:10B764000A60002B7FF495AC7A68137AD2681033A0
:10B774004BF823207B680121734A1B7A02EB531296
:10B7840003F01F03920001FA03F31360B973D4F8B2
:10B79400E0707EE40C22FEF7E4BE0C21FEF76DBEE1
:10B7A4000D27FEF798BC0C27FEF795BC0C22FEF77C
:10B7B40021BF0C21FEF76FBE0C21FEF788BE0C22C0
:10B7C400FEF70BBF0C21FEF774BE0C22FEF71DBF63
:10B7D4000823FFF76EB90C21FFF7DAB80B21FFF746
:10B7E400D7B80C22FEF7ABBE0C21FFF792B80C21A0
:10B7F400FEF797BE0A22FDF720BA0B22FDF71DBA09
:10B804000C22FEF713BC0B22FEF721BC0A21FFF722
:10B81400DDB80C21FEF777BE0C22FFF758B80C22D6
:10B82400FEF709BF0821FFF732B90C22FEF70EBF5D
:10B834000C22FFF741B80B21FFF7C8B80C22FEF722
:10B84400B8BE0C21FFF757B80C21FEF7FCBD0D2143
:10B85400FEF7F9BD0D21FFF74EB80D21FEF70DBE21
:10B864000D22FEF7BABE0D22FEF7CFBE0923FFF765
:10B8740020B90D21FEF755BE0D21FEF7F0BD0D21B7
:10B88400FEF709BE0D22FEF76CBE0D22FEF7C8BE00
:10B894000D21FFF77DB84FF0020EFFF753BA0D22CA
:10B8A400FEF773BE0D21FEF712BE0D22FFF704B89A
:10B8B4000D21FEF728BE0C22FDF7BFB90D21FEF7BE
:10B8C40014BE0C21FFF782B80D22FEF772BE0D21C3
:10B8D400FFF71FB80D22FEF7FABF0D22FEF7ABBE2D
:10B8E4000921FFF7D4B80A21FFF7D1B80D22FEF7DA
:10B8F400ADBE0D22FEF7ABBB0A23FFF7DAB80B236C
:10B90400FFF7D7B80B21FFF7C2B80D21FFF75EB8D8
:10B914000D23FFF7CEB80C23FFF7CBB80D21FFF7AB
:10B92400B6B80C21FFF7B3B886464FF0080C0320D5
:10B93400019A4CEA020C87F80DC084467046FFF762
:10B9440006BA00BFB0C201204038003800221A44B1
:10B95400D3E900100B6803430B6092F82230FF2BED
:10B9640084F8E6303EF408AFB24F7B6894F8BC200C
:10B97400C4F8E070197D914200F0B380597D914282
:10B9840000F0E980997D914200F0E380D97D9142F5
:10B9940000F0E980197E914200F0E380597E9142E3
:10B9A40000F0F780997E914200F0F180D97E9142B7
:10B9B40000F09F81197F914200F09981597F914253
:10B9C40000F09981997F914200F0E781D97F9142FB
:10B9D40000F0E78193F82010914200F0E08193F8A1
:10B9E4002110914200F0C581FF2194F8C02084F811
:10B9F400E410187D90427FD0587D904200F0A780DB
:10BA0400987D904200F0A180D87D904200F0B380F0
:10BA1400187E904200F0AD80587E904200F0AF80D6
:10BA2400987E904200F0A980D87E904200F07D81FB
:10BA3400187F904200F07781587F904200F0718126
:10BA4400987F904200F0B981D87F904200F08F81B6
:10BA540093F82000904200F0888193F821009042EE
:10BA640000F081814FF0FF0C94F8C42084F8E5C005
:10BA7400187D904200F04882587D90426FD0987DA6
:10BA840090426AD0D87D904271D0187E90426CD09A
:10BA9400587E904279D0987E904274D0D87E90425D
:10BAA40000F02381187F904200F01D81587F90425E
:10BAB40000F01581987F904200F0AC81D87F9042CD
:10BAC40000F0AC8193F82000904200F0A58193F837
:10BAD4002100904200F04F81FF2384F8E630FEF706
:10BAE40049BC00221A44D3E900100B6803430B60DD
:10BAF4007B6892F8221078E700221A44D3E9000CFC
:10BB0400036843EA0C0303607B6892F822C094F84C
:10BB1400C42084F8E5C0187D9042ADD100221A44B7
:10BB2400FF2918BFBCF1FF0FD3E9000E036843EAF5
:10BB34000E03036092F8223084F8E6303EF41AAC27
:10BB4400FF2B7EF4C7AFFEF715BC0222D5E7012216
:10BB5400D3E70222C6E70122C4E70222DFE701227B
:10BB6400DDE70422BEE70322BCE70422D7E7032271
:10BB7400D5E70422C1E70322BFE70622BDE7052279
:10BB8400BBE70122E3E60622C9E70522C7E706224E
:10BB9400A8E70522A6E70020034401EB021293F86C
:10BBA400300053691860FFF702BA00221A44D3E93F
:10BBB40000100B6803430B6092F82230FF2B84F8CB
:10BBC400E5303EF496AB1C4FCFE601221A44D3E98C
:10BBD40000100B6803430B6092F82230FF2B84F8AB
:10BBE400E6303EF4C4AB154FBFE60022EEE7022276
:10BBF4001A44D3E900100B6803430B6092F8223017
:10BC0400FF2B84F8E630DED1FEF7F4BD0122EFE726
:10BC14000022EDE703229AE6022298E60020184467
:10BC240001EB021290F83000536918607B68FFF74B
:10BC340082B900BF08C2012018C20120F8C1012046
:10BC440001221A44D3E900100B6803430B6092F8F5
:10BC54002230FF2B84F8E5307FF486AEFEF70BBB71
:10BC64000022EEE701221A44D3E900100B680343D3
:10BC74000B6092F82230FF2B84F8E7303FF424A8BD
:10BC84003B68D4F8C81002934B1C00F0CD81FC2310
:10BC940006224FF0030E03930223FEF727BF002270
:10BCA400E1E70322CDE70222CBE704228EE7032259
:10BCB4008CE702228AE7062249E6012276E703227C
:10BCC40096E7032272E7022270E7012064E703206B
:10BCD40062E7022060E70320A1E702209FE7092230
:10BCE4001DE70422ADE7082219E7072217E7082217
:10BCF400F8E60722F6E60922F4E602221A44D3E91A
:10BD040000100B6803430B6092F82230FF2B84F879
:10BD1400E5307FF468AFFEF72ABB0122EEE700228C
:10BD2400ECE70922E9E60822E7E60722E5E6052230
:10BD34000DE604220BE605225AE7042258E7032104
:10BD4400FFF7DBB90221FFF7D8B904228BE70322FE
:10BD540089E7022287E7012061E70622CEE7052270
:10BD6400CCE70422CAE70D22C7E60C22C5E60B2263
:10BD7400C3E60D22B6E60D22D1E6052273E70722BB
:10BD840071E706226FE7092232E7082230E707222B
:10BD94002EE706222CE7052253E70A22A2E60C220C
:10BDA400A0E60B229EE6062039E708220EE70722CA
:10BDB4000CE706220AE70322A0E70A229DE60621F1
:10BDC400FFF79BB90521FFF798B90421FFF795B94F
:10BDD4000620E1E60520DFE60420DDE60522F5E69F
:10BDE4000722B4E50922B2E50822B0E50A22AEE54D
:10BDF4000522DBE60422D9E60722D7E60622D5E6A9
:10BE040005200CE704200AE707221AE7062218E7B0
:10BE1400082216E70A2282E60C2280E60B227EE63E
:10BE240086464FF0010C504682E50B2209E70A22B0
:10BE340007E7092205E786464FF0040C022077E560
:10BE44000720A9E60B2282E50D2280E50C227EE57F
:10BE54000B20E4E60A20E2E60B21FFF74EB90A21A3
:10BE6400FFF74BB90921FFF748B90821FFF745B996
:10BE74000B2091E60A208FE609208DE608208BE648
:10BE84000922A3E60721FFF738B94FF0FF0E4FF060
:10BE9400040C02204CE50720C1E60920BFE6082077
:10BEA400BDE60C2292E60B2290E60A228EE60D22D3
:10BEB4009EE60C229CE6092278E6082276E60C220D
:10BEC40074E60B2272E60A2270E64FF0020C4FF081
:10BED400040EFEF737BF86464FF0020C012027E51B
:10BEE4000D22AEE60C22ACE60B2281E60A227FE6A6
:10BEF4000C22B8E60B22B6E60A22B4E60922B2E620
:10BF04000822B0E60722F9E6D3E900100A680243E2
:10BF14000A6093F8223084F8E630FEF72BBA0B223D
:10BF2400ECE60A22EAE60922E8E60822E6E60D2221
:10BF340099E60D22E2E60C22E0E60D2236E60D211A
:10BF4400FFF7DBB80C21FFF7D8B80D223EE604203A
:10BF540001EB031113184A6993F830301360FFF7AB
:10BF64007BB80320F4E70220F2E70120F0E7002089
:10BF7400EEE70D2053E60C2051E60D200CE60C20D4
:10BF84000AE60222FEF76DBB0122FEF76ABB062217
:10BF9400FEF767BB0522FEF764BB0422FEF761BB14
:10BFA4000322FEF75EBB0520D2E70720D0E7062078
:10BFB400CEE70D22FEF755BB0C22FEF752BB0D2037
:10BFC400C6E70C20C4E70B22FEF74BBB0A22FEF7A0
:10BFD40048BB0922FEF745BB0822FEF742BB0B20F3
:10BFE400B6E70A20B4E70920B2E70820B0E74FF02B
:10BFF400030C4FF0080EFEF7A5BEFF2884F8E830C6
:10C004007EF404AEFEF706BED2E900100B680343CB
:10C014000B6092F8223084F8E630FEF7EEB88646DC
:10C024004FF0020C504683E40123FE2002229E4678
:10C034000390FEF75BBD00231B68FFDE437D2DE903
:10C04400F04F044687B0DFF800B3002B00F02881DE
:10C05400237D002B00F04881227C637CB749C3F127
:10C06400FF0300274FF01F09C1F8C83A4FF03F08FB
:10C07400E36881F8DC2A01221B6881F8D42A186855
:10C0840003689B699847E36805461B68586803681A
:10C094009B699847E36802901B68986803689B69EA
:10C0A40098470390002429E0BBF87A000CFB003386
:10C0B400DBF8880003EB4303C654034483F801A070
:10C0C4009A70C4F13F00814215DDBBF884104346E9
:10C0D400884510DA9BF87810002944D1BBF87A100F
:10C0E40001FB0303DBF8881003EB4303CE540B443A
:10C0F40083F801A09A700134402C6BD039192B6855
:10C10400284689B21B69019198472B680246019918
:10C114001B692846167898472B68024601992846D9
:10C124001B6992F801A09847BBF8821023468278D5
:10C134008C42C6DABBF88400CC468145C1DA9BF850
:10C1440078000028B0D002281AD00128BBF87A0061
:10C154003AD0BBF87CC04B460CF1FF3CACEB040C72
:10C164000FFA8CFCA2E7022918D0012924D0BBF8CD
:10C174007C30BBF87A10013B1B1A40461BB2AFE778
:10C18400BBF87A00BBF87CC0431E0CF1FF3C1B1BC0
:10C19400ACEB090C1BB20FFA8CFC87E7BBF87A10E6
:10C1A400BBF87C3001F1FF3C013BACEB0000A3EB9E
:10C1B400080300B21BB293E7BBF87A100346481E8B
:10C1C400A0EB080000B28BE7431EA446A3EB0903CF
:10C1D4001BB26BE708F1FF38403709F1FF39B8F1BA
:10C1E4001F0FBFB27FF45EAF9BF8AE3003F0FF05C4
:10C1F400002BF9D10123DDE902678BF8AE30ACB234
:10C204003368304621461B69984733680246214605
:10C214001B69304692F800809847336802462146ED
:10C2240030461B6992F8019098473B682146827812
:10C2340038461B698DF814808DF815908DF81620FA
:10C2440098473B68024621461B69384692F800909D
:10C2540098473B680246214638461B6992F801809C
:10C264009847034605A928B28DF810909B780135AC
:10C274008DF811808DF812301AF0A8F904F15800E5
:10C2840004A900B21AF0A2F9582DB8D19BF86E3067
:10C29400002BFBD101238BF86E3007B0BDE8F08F83
:10C2A40001210BF58872417552E8003FDBF8143127
:10C2B400DBF8180142E80015002DF5D1204A526838
:10C2C4004FF47A71121A01FB03F3DBF81C11A2FB81
:10C2D4000121B1F57A7F94BF5B1803F57A73A360EB
:10C2E400237D002B7FF4B8AE164A012552E8003FA7
:10C2F400DBF81431DBF8180142E800510029F5D1CC
:10C304000F494968091ADBF81C01A1FB00104FF41E
:10C314007A7101FB03F3884294BF1B185B18D4E9BC
:10C3240001100144994211D8237D002B7FF494AE6F
:10C33400A27CE37C2575227463748FE600B101202E
:10C34400001000E008C30120F8C10120012152E8D7
:10C35400003FDBF81431DBF8180142E80015002D2A
:10C36400F5D121494968091A4FF47A7000FB03F3A7
:10C37400DBF81C01A1FB0010A1685B1AA17CB0F5DD
:10C384007A7F94BF1B1803F57A73012001FB03F332
:10C394006168B3FBF1F3237452E8003FDBF8143116
:10C3A400DBF8181142E80005002DF5D10E4A526859
:10C3B400521A4FF47A71E07C01FB03F3A1685B1A13
:10C3C400DBF81C11A2FB01216268B1F57A7F94BFEE
:10C3D4005B1803F57A7300FB03F3B3FBF2F3DBB2F0
:10C3E400227C63743AE600BF001000E02DE9F041BE
:10C3F400B24CB34B94F8ED601F6DD3F8CC5A26B110
:10C40400022E40F0A280BDE8F081082024F0AAFAB0
:10C4140080461BF06FF90820C4F8F48024F0A2FAD7
:10C4240080461BF067F9D4F8E00004F11003C4F867
:10C43400F880984209D004F12003984200F0658105
:10C44400A04214BF4FF0FF36022698F804204FF0A4
:10C45400000C9C4B9A76D4F8D810D8F80030B1F17F
:10C46400804F1960A3F804C083F807C080F00881E6
:10C4740001219960998B89B241F0080199830021C7
:10C48400D96094F8EBC0BCF1030F00F20981416854
:10C49400614491F810C00CF07F0C4CF0004C11B2C8
:10C4A400DFF82CE24FF000084EF821804EF821C04E
:10C4B400854901EB52118900002E00F0D08002F072
:10C4C4001F0C01261032DFF828E206FA0CF6DFF81A
:10C4D40018C24CF822E07D4A0E60C4F824219A8BDD
:10C4E400D4F8DC1092B2774EB1F1804F42F00202E0
:10C4F4009A83D4F8F4301A79B2764FF000061B68A8
:10C5040019619E829E7101D3996809B901219960CC
:10C51400998B89B241F0080199830021996194F8BB
:10C52400E930032B00F2BF8041680B44197C01F011
:10C534007F0141F0004113B20020654A42F8230014
:10C5440042F82310012384F8ED30EFF3108272B621
:10C55400604B93F83D1051B193F83C10012900F061
:10C564009480032900F0A180002183F83D1002B9D2
:10C5740062B6D4F8F4604FF432700021336800FBE3
:10C584000757C4F8F0109971002F54D0524DD97147
:10C59400D960AF424FF001011F60D8839980D882DF
:10C5A40099600FD927F01F033A18BFF34F8F4FF04C
:10C5B400E021C1F8683F20339A42FAD8BFF34F8F85
:10C5C400BFF36F8FD4F8F810002244480B68B0F121
:10C5D400804FDA7118619A829A7129D39A683AB3B2
:10C5E4000A680020D18B98610B0403D44FF4327392
:10C5F400D383D3823A4BC4F8FC300EF0E5F9D4F877
:10C60400E01094F8EA20096894F8EC30D4F8F800C3
:10C6140013430A6B13432B4A0B630221D4F8F430FF
:10C624000079D0761B7984F8ED10D376BDE8F081DB
:10C6340001229A60D4E72B499F80B1F1804FDF71CA
:10C6440019602AD39A6842B332680020D18BD8602B
:10C654000904B7D44FF43273D383D382B2E702F020
:10C664001F0E012602F1100C1F4A06FA0EF6DFF81F
:10C6740084E042F82CE0154A0E60C4F820212EE72D
:10C68400996800297FF4F6AEF2E6D3E90D0100299A
:10C6940038D0486198B3816166E701229A60D3E794
:10C6A400DFF848C0FBE6114945E7D3E90D0119B3AA
:10C6B40048610028EFD1C4F80C1155E7F8C10120F6
:10C6C40000B1012000800E4040380038B0C2012083
:10C6D40000C00E40384A0020FFFF1F2024C3012061
:10C6E400584A0020C4C20120005400207F0000806A
:10C6F4007D47010071460100C4F80801D9E7C4F878
:10C70400041131E7C4F80001C4E701269DE600BF27
:10C71400F8B5244B42F2901442F2903500F50052E1
:10C7240003F120010646044405440360C2F8901155
:10C7340054F8040F08B124F01DF9AC42F8D141F6C5
:10C74400105441F6107506F58057174B34443544A0
:10C75400C7F8103D54F8040F08B124F00BF9AC42AB
:10C76400F8D141F6940441F69425104B34443544F1
:10C77400C7F8943854F8040F08B124F0FBF8AC421D
:10C78400F8D1D6F8240A08B124F0F4F8D6F8280A27
:10C7940008B124F0EFF8306908B124F0EBF8304622
:10C7A400F8BD00BFC0200020F42000200821002094
:10C7B4001C4A836A02605BB3016990F8302001313E
:10C7C40027D0FF2A03D0FC22197B0A401A7390F861
:10C7D4003120FF2A03D05A7B22F001025A7390F8C9
:10C7E4003320FF2A03D05A7B22F001025A739B683C
:10C7F4001A68904212D05A68191D90420DD09A6856
:10C8040003F10801904208D0DA680C33904205D055
:10C814007047FF2ADBD0FE22D6E70B4600221A60BF
:10C82400704700BF1C210020B7EE007AD0ED157AC6
:10C8340006490022064B77EEC77A8164826343641B
:10C84400C0ED157AC0ED0D7A704700BF0000B44208
:10C854000000C04270B5B0F8BC5F3B2D11D88DB15B
:10C8640005F1FF3C00F644741FFA8CFC04EB4C0405
:10C8740000F6427C01E0A44504D03CF802EF964562
:10C88400F9D170BD07EE903AF7EE006A00EB85032C
:10C8940005F1010EF8EEE77A05EB450403F6285698
:10C8A4004FF0000C00EB840486EEA77A86ED000AB4
:10C8B40003F6186604F5F16400EB4505C6ED000ABD
:10C8C400C3F8581A03F6483103F63843C1F800C0D8
:10C8D400C3F800C0A5F8442F84ED007AA0F8BCEF9B
:10C8E40070BD00BF10B4B0F8BC4F94B100F64272F2
:10C8F400002304E001331FFA83FC644509D932F8AC
:10C9040002CF8C45F6D103F2D22300EB830080EDF5
:10C91400000A5DF8044B704710B5B0F8BC4F7CB109
:10C9240000F6427C002304E001331FFA83FE7445C1
:10C9340006D93CF802EF8E45F6D1184480F8082F4A
:10C9440010BD00BF70B5B0F84455132D11D88DB18A
:10C9540005F1FF3C00F21C541FFA8CFC04EB4C0460
:10C9640000F21A5C01E0A44504D03CF802EF9645BD
:10C97400F9D170BD07EE903AF7EE006A00EB85033B
:10C984004FF0000CF8EEE77A05EB450403F58D66ED
:10C9940005F1010E00EB840486EEA77A86ED000A09
:10C9A40003F5976600EB450503F58363C6ED000ABE
:10C9B40043F8A01C43F850CCC3F800C0A5F81C25CC
:10C9C40084EDA27AA0F844E570BD00BF10B4B0F8BD
:10C9D400444584B100F21A52002304E001331FFAE3
:10C9E40083FC644507D932F802CF8C45F6D100EBBD
:10C9F400830080EDF20A5DF8044B704790F86C20D8
:10CA0400092A00F28280D0ED187A034690ED177A55
:10CA1400F4EEE07A70B5F1EE10FA77D593ED1A7A68
:10CA2400002A7DD0B4EEC07AF1EE10FA7DD4D3EDB5
:10CA3400036AB4EEE60AF1EE10FA00F1F880012A76
:10CA44004DD0D3ED056AB4EEE60AF1EE10FA00F12A
:10CA54008380022A43D0D3ED076AB4EEE60AF1EEEE
:10CA640010FA00F1E780032A39D0D3ED096AB4EE55
:10CA7400E60AF1EE10FA00F1E080042A2FD0D3ED9B
:10CA84000B6AB4EEE60AF1EE10FA00F1D980052A39
:10CA940025D0D3ED0D6AB4EEE60AF1EE10FA00F1FA
:10CAA400D280062A1BD0D3ED0F6AB4EEE60AF1EE6B
:10CAB40010FA00F1CB80072A11D0D3ED116AB4EE3D
:10CAC400E60AF1EE10FA00F1C480092A07D1D3ED89
:10CAD400136AB4EEE60AF1EE10FA00F19E80D3ED8B
:10CAE400197A0132F4EE407A83F86C20F1EE10FAF0
:10CAF400B4EEC70A70FE277AC3ED197AF1EE10FA84
:10CB040030FE070A83ED1A0A70BD7047B4EEE07A6E
:10CB1400F1EE10FA77FE207A93ED1A7A002A81D189
:10CB240083ED030AC3ED047AD9E703EBC2010132B2
:10CB340081ED030AC1ED047AD3ED197A83F86C20F0
:10CB4400B4EE670A83ED1A0AF1EE10FA48BFF0EE6C
:10CB5400407AC3ED197A70BD4FF0010C03EBCC0E93
:10CB64000CF101055FFA8CF47146AA420EF1140E21
:10CB740001F10C0103C98EE8030047D9A61C03EB9D
:10CB8400CC05F6B21C359EE80300B24285E80300EA
:10CB94003CD9E61C03EBCC0EF6B20EF1240EB242E5
:10CBA4008EE8030032D9261D03EBCC05F6B22C35F2
:10CBB400B24285E8030029D9661D03EBCC0EF6B218
:10CBC4000EF1340EB2428EE803001FD9A61D03EB0A
:10CBD400CC05F6B23C35B24285E8030016D9E61D11
:10CBE40003EBCC0EF6B20EF1440EB2428EE8030013
:10CBF4000CD9083403EBCC05E4B24C35A24285E8E9
:10CC0400030003D903F1540484E8030003EBCC0CC0
:10CC14008CED030ACCED047A61E703F14C0103F1D6
:10CC240054044FF0080C03C984E80300EEE74FF006
:10CC3400000C93E74FF0020C90E74FF0030C8DE7E4
:10CC44004FF0040C8AE74FF0050C87E74FF0060C11
:10CC540084E703F1440103F14C04082A03C984E87E
:10CC6400030008D903F154054FF0070C94E80300BE
:10CC7400C5E90001CAE74FF0070CC7E710B59FEDFF
:10CC8400246A041DF0EE460A2046B0EE460AFFF779
:10CC9400B5FE2046B0EE060AFFF7B0FE2046B0EE21
:10CCA400080AF7EE000AFFF7A9FEF0EE460A20464E
:10CCB400B0EE0A0AFFF7A2FE20469FED160AFFF720
:10CCC4009DFE2046B2EE040AF7EE000AFFF796FE38
:10CCD400F0EE460A20469FED100AFFF78FFE20462D
:10CCE4009FED0E0AFFF78AFE2046B2EE060AF7EE23
:10CCF400000AFFF783FE20469FED090AF0EE460A7C
:10CD0400FFF77CFE2046B2EE0E0ABDE8104075E641
:10CD14000000000000001C410000244100002C41E0
:10CD24000000344110B4B0F8BC4FB4B100F6427204
:10CD3400002304E001331FFA83FC64450DD932F863
:10CD440002CF8C45F6D1B1EE400A00EB4312F1EE6E
:10CD5400600A82ED040AC2ED080A5DF8044B7047CC
:10CD640010B4B0F8BC4FACB100F64272002304E03A
:10CD740001331FFA83FC64450CD932F802CF8C4589
:10CD8400F6D103F296235DF8044B50F8233093ED6B
:10CD9400000A70479FED020A5DF8044B704700BF1C
:10CDA4000000000010B4B0F8BC4FACB100F6427201
:10CDB400002304E001331FFA83FC64450CD932F8E4
:10CDC40002CF8C45F6D103F286335DF8044B00EBB9
:10CDD400830090ED000A70479FED020A5DF8044B52
:10CDE400704700BF00000000B0F8BC3F73B1013BC6
:10CDF40000F6582100F654209BB201EB8301043065
:10CE0400D0F8D022036888421A60F8D1704700BF76
:10CE14002DE9F04FDFEDAB7A80462DED048B89B020
:10CE240091F8B870DDF858A0CDED057ACDED067A0D
:10CE3400CDED077A002F00F0F7830E4691469B460E
:10CE44009FEDA18ADFEDA18A00249FEDA19A06EB54
:10CE54008405D5ED1A7AF4EEC87AF1EE10FA1DDDE8
:10CE640033191B790C2B19D8DFE813F098035503F9
:10CE74001003CD028A024002EA0195013401C50083
:10CE8400840050000D00A9695B464A4604A80D6859
:10CE9400CDF800A02D68A84796F8B870394601343B
:10CEA4008C42D4DBDDED057A9FED887AF4EEC77A07
:10CEB400F1EE10FA40F3AD839DED067AFF27DDED28
:10CEC400077ADFED826AB4EEE67AF1EE10FA40F307
:10CED4009983FF229FED7D7AF4EEC77AF1EE10FA82
:10CEE40007DCF5EEC07AF1EE10FA40F184830023FA
:10CEF40000E0FF23404688F8007088F8012088F895
:10CF0400023009B0BDEC048BBDE8F08FA9695B4623
:10CF14004A4604A80F68CDF800A03F68B8479DF8BA
:10CF240010309DF81120802B9DF81210B4D9802A5E
:10CF3400B2D98029B0D906EE901A07EE903A07EEDE
:10CF4400102A95ED1A6AF8EE677A96F8B840B8EEAA
:10CF5400477AF8EE666A274667EE867A214627EE18
:10CF6400067A66EE866ACDED057A8DED067ACDED0C
:10CF7400076A94E7A9695B464A4604A80F68CDF896
:10CF840000A03F68B847F7EE007A95ED1A6ADDED28
:10CF9400055A77EEC67ADDED066A9DED077A9DF8AF
:10CFA400103067EEA66A96F8B87027EE877A67EEB7
:10CFB400A57A05EE903A9DF811303946F8EE655A97
:10CFC400E5EE867A05EE903A9DF81230F8EE655A51
:10CFD400CDED057AF0EE667A06EE903AE5EE867AC5
:10CFE400F8EE666ACDED067AF0EE477AE6EE867ADA
:10CFF400CDED077A53E7A9695B464A4604A80F6852
:10D00400CDF800A03F68B847F7EE007AD5ED1A6A6C
:10D01400B0EE004A9DED055AF0EE681A77EEE67A16
:10D02400DDED065A9DED076A25EE052A9DF81030C0
:10D0340065EEA52A65EEA73A96F8B87066EE274A1B
:10D0440025EE277A07EE903A9DF8113026EE063A3F
:10D05400F8EEE77A3946E7EEC41A67EE857A77EE9A
:10D06400A77AE1EE827AA7EEA67A07EE903A9DF8C7
:10D074001230F8EEE77A8DED057AB0EE687AA7EE15
:10D08400C47A67EEA57A77EEA77AE7EE227AB0EE55
:10D09400637AA7EEA67A07EE903AF8EEE77A8DED7A
:10D0A400067AB0EE687AA7EEC47A67EE867A77EEEF
:10D0B400A77AE7EE037AB0EE647AA7EEA67A8DED4E
:10D0C400077AECE600000000CDCCCC3C00007F43A6
:10D0D40000000043A9695B464A4604A80F68CDF8DE
:10D0E40000A03F68B847DDED057A9DF81010F4EE16
:10D0F400C97A9DF8112007EE101A9DF81230F1EE4E
:10D1040010FAB8EEC77A00F1988278EEE76A38EE42
:10D11400C77AB0EE685A76EEA66AA6EEC75ADDED77
:10D12400066A07EE102AF4EEC96AB8EEC77AF1EE81
:10D1340010FA40F1928236EEA64A24EE074A9DED9B
:10D14400077A06EE103AB4EEC97AB8EEC66AF1EE82
:10D1540010FA40F1778277EE074A64EE864AB7EE1A
:10D16400006AD5ED1A5A96F8B87036EE656A3946F3
:10D1740066EE866A27EE067A67EE867AE5EE846ABC
:10D18400A5EEA47AE5EE857ACDED066A8DED077AF3
:10D19400CDED057A83E6A9695B464A4604A80F6883
:10D1A400CDF800A03F68B847B7EE006AD5ED1A5A2B
:10D1B400B0EE684ADDED056A36EE656A9DED067AE5
:10D1C400DDED077A78EEE63A9DF8103078EEC74A3E
:10D1D40038EEE75A96F8B87027EE067A67EE867A44
:10D1E400394666EE866A06EE103A9DF81130B8EEBE
:10D1F400C66A38EEC66AA3EEC64AB0EE686AE4EEC2
:10D20400256ACDED056A06EE903A9DF81230F8EEE7
:10D21400E66A78EEE66AA4EEE66AF0EE686AA6EEDE
:10D22400257A8DED067A07EE103AB8EEC77A38EE15
:10D23400C77AE5EE476AE6EEA57ACDED077A2EE6E3
:10D24400A9695B464A4604A80F68CDF800A03F6868
:10D25400B8479DF810309DED054AF7EE007A07EEC9
:10D26400103AD5ED1A6ADDED064AB8EE477ADDEDDF
:10D27400075A77EEE67A9DF81130B4EE447A27EE39
:10D28400A45A27EEA56AF1EE10FA67EE847A48BF35
:10D29400B0EE447AE6EE877AB0EE457ACDED057AC3
:10D2A40007EE903A9DF81230F8EE677AF4EE647A5D
:10D2B400F1EE10FA48BFF0EE647AA6EEA77A07EE14
:10D2C400903AF8EE677AF4EE657A8DED067AF1EE2F
:10D2D40010FA48BFF0EE657AB0EE467A96F8B87068
:10D2E4003946A6EEA77A8DED077AD8E5A9695B469B
:10D2F4004A4604A80F68CDF800A03F68B8479DF8D7
:10D304001030F7EE007A9DED054A07EE103AD5EDA0
:10D314001A6ADDED064AB8EE477ADDED075A77EE74
:10D32400E67A9DF81130B4EE447A27EEA45A27EE3B
:10D33400A56AF1EE10FA67EE847A34FE077AE6EE17
:10D34400877AB0EE457ACDED057A07EE903A9DF8EE
:10D354001230F8EE677AF4EE647AF1EE10FA74FEA5
:10D36400A77AA6EEA77A07EE903AF8EE677AF4EE7B
:10D37400657A8DED067AF1EE10FA75FEA77AABE7C1
:10D38400A9695B464A4604A80F68CDF800A03F6827
:10D39400B8479DF810309DED054AF7EE007A05EE8A
:10D3A400903A95ED1A7A9DF81130F8EEE55ADDEDD4
:10D3B400064A77EEC77A9DED075A96F8B870C4EE20
:10D3C400253A394624EE276A67EEA46A67EE857A21
:10D3D400A3EE876A8DED056A06EE103A9DF81230C9
:10D3E400B8EEC66AC4EE865AE7EE256ACDED066A43
:10D3F40006EE903AF8EEE66A85EE266AE7EE067ADD
:10D40400CDED077A4BE5A9695B464A4604A80F6847
:10D41400CDF800A03F68B8479DF81030F7EE007AC9
:10D42400D5ED1A6A07EE103A9DED054A9DF81130C4
:10D4340077EEE67ADDED064AB8EEC77A9DED075A37
:10D4440096F8B87064EE275A27EE047A394627EE28
:10D45400A46A67EE857AE7EE265A07EE103A9DF83D
:10D464001230B8EEC77A27EE247ACDED055AA6EE2F
:10D47400876A07EE103AB8EEC77A27EE057A8DED83
:10D48400066AE6EE877ACDED077A08E5A9695B4678
:10D494004A4604A80F68CDF800A03F68B8479DF835
:10D4A4001030F7EE007AD5ED1A6A04EE103ADDED8D
:10D4B400055A9DF8113077EEE67A9DED066AB8EECE
:10D4C400C44A9DED077A96F8B87065EEA74A75EEE2
:10D4D400C45A394627EE865A67EE877AE5EEA64A9D
:10D4E40005EE903A9DF81230F8EEE55A36EE656A8C
:10D4F400F0EE455ACDED054AE6EE865A06EE103AB0
:10D50400B8EEC66A37EE467ACDED065AE6EE877A6D
:10D51400CDED077AC3E4A9695B464A4604A80F68BF
:10D52400CDF800A03F68B8479DF81030F7EE007AB8
:10D53400D5ED1A6A07EE103A9DED054A9DF81130B3
:10D5440077EEE67ADDED064AB8EEC77A9DED075A26
:10D5540096F8B87064EE275A37EE047A394627EE07
:10D56400A46A67EE857AE7EE265A07EE103A9DF82C
:10D574001230B8EEC77A37EE247ACDED055AA6EE0E
:10D58400876A07EE103AB8EEC77A37EE057A8DED62
:10D59400066AE6EE877ACDED077A80E4A9695B46F0
:10D5A4004A4604A80F68CDF800A03F68B8479DF824
:10D5B400103095ED1A7A07EE903A9DF8113096F8EE
:10D5C400B870F8EE677A394667EE877ACDED057A5A
:10D5D40007EE903A9DF81230F8EE677A67EE877A94
:10D5E400CDED067A07EE903AF8EE677A67EE877A21
:10D5F400CDED077A53E4FCEEE77ACDED037A9DF89E
:10D604000C3077E4B5EEC07AF1EE10FA0ED50022B4
:10D6140060E4F5EEC07AF1EE10FA29D59DED067AB4
:10D624000027DDED077A4CE4B0EE677ABCEEC77AEA
:10D634008DED037A9DF80C204CE437EEA75A25EEC5
:10D64400075A6CE578EEC75A38EEC66AF0EE684AB7
:10D6540075EEA55AE5EEC64A81E538EEE66A38EE7F
:10D66400C77AB0EE684A36EE066AA6EE474A66E521
:10D67400FCEEE77A9DED067ACDED037ADDED077ACF
:10D684009DF80C701DE400BF30B583B0044601F270
:10D694004C51069D0095FFF7BBFB204603B030BDFF
:10D6A40010B4B0F84445B4B100F21A52002304E0B7
:10D6B40001331FFA83FC64450DD932F802CF8C453F
:10D6C400F6D1B1EE400A00EB4312F1EE600A82EDAE
:10D6D400040AC2ED080A5DF8044B704710B4B0F8B0
:10D6E4004445A4B100F21A52002304E001331FFAA6
:10D6F40083FC64450BD932F802CF8C45F6D1DE3376
:10D704005DF8044B50F8233093ED000A70479FED09
:10D71400020A5DF8044B70470000000010B4B0F832
:10D724004445ACB100F21A52002304E001331FFA5D
:10D7340083FC64450CD932F802CF8C45F6D103F54D
:10D7440097735DF8044B00EB830090ED000A70477B
:10D754009FED020A5DF8044B704700BF0000000013
:10D7640010B5B0F844457CB100F21A5C002304E023
:10D7740001331FFA83FE744506D93CF802EF8E4547
:10D78400F6D1184480F8082510BD00BFB0F8443520
:10D7940073B1013B00F55E7100F55D709BB201EB66
:10D7A40083010430D0F8F020036888421A60F8D16D
:10D7B400704700BFD2ED006A92ED017A91ED024A02
:10D7C400D1ED037A24EE264AD1ED093A67EE877A41
:10D7D400D1ED076A2DE9F04134EE277A8EB037EEA9
:10D7E400237A27EE267A77EE045AFDEEE56AB8EE40
:10D7F400E66AF4EEC65AF1EE10FA06D516EE903A41
:10D80400013B06EE903AB8EEE66A77EE276ABDEE83
:10D81400C66AFDEEE65A16EE104AB8EEE56AF4EE74
:10D82400C66AF1EE10FA06D515EE903A013B05EE04
:10D83400903AB8EEE56A33EE877AFDEEC66ABDEE3D
:10D84400C76A16EE905AF8EEC66AB4EEE67AF1EEBE
:10D8540010FA06D516EE103A013B06EE103AF8EE31
:10D86400C66ABDEEE67A631906EE904A91ED086A3F
:10D8740017EE10CAB8EEC75AF8EEE65A06EE905AFA
:10D884006344F8EEE66A07EE103AB8EEC77AE7EEBC
:10D89400465AE7EE466AA7EE465A34EE654A77EEF4
:10D8A400E67A73EEC53AB4EEE74AF1EE10FAF4EE16
:10D8B400E37A1FDBF1EE10FAC0F20081B7EE005AF2
:10D8C4004FF0000E0127F0EE632AF0EE630AF046F3
:10D8D40034EE450A764637EEC53A3B46F0EE676AC3
:10D8E4003A4633EEC55AF0EE435AF0EE404AB0EEF3
:10D8F400402A1EE0F1EE10FA40F1BE80F7EE004A35
:10D904004FF0010E0023B0EE442AF0EE676A77462A
:10D9140073EEE40AF04637EEE43A1E46B0EE440AEB
:10D924001A4674EE644AB0EE605AF0EE435AF0EED2
:10D93400602A9FEDBF7A5FFA8CFC8844EDB2A4EEB6
:10D94400447A8E44E0440E44E6440F4498F8B88286
:10D954002E44E4B20A4446449EF8B882A7EEE77A1D
:10D9640007EB050E96F8B8622244C6440B443244D1
:10D974008C449EF8B86223440D440C44A3EEE37A2D
:10D98400334492F8B864B0EE001A93F8B824F0EE79
:10D99400081A9CF8B93236EE000AA6EE012A2B4486
:10D9A400A6EE013AB5EEC07A93F8B932E6EE012A52
:10D9B400E6EE214AF1EE10FA2344E6EE215AA6EEF1
:10D9C400215A93F8B93476EE266A76EE200A40F1AD
:10D9D400DB809FED986ADFED967AE0EE407AE6EE22
:10D9E400E67AE0EEE07AF5EEC07AF1EE10FA40F174
:10D9F400B480DFED906ADFED8E7AE2EE427AE3EEF8
:10DA0400437AE2EEE27AF5EEC07AF1EE10FA40F1F2
:10DA14008D809FED887ADFED867AE4EEE47AE5EE98
:10DA2400E57AE5EE457AF5EEC07AF1EE10FA66D5C0
:10DA3400DFED807A76EE266A9FED7F6A49680022E0
:10DA44000BAD039036EE877A0C6808AB246877EE4A
:10DA5400277A06920792089267EE867A09920A92CA
:10DA64000B920C920D9205AA0095CDED057AA04774
:10DA740003980EB0BDE8F081B4EEE34AF1EE10FA7B
:10DA840040F1B980F7EE004A4FF0010E0023B0EEEA
:10DA9400442AF0EE630A774677EEE46A764673EE3C
:10DAA400E42A9846B0EE440A1A4674EE644AB0EE8C
:10DAB400625AF0EE665AB0EE663A3AE7B4EEE34ADA
:10DAC400F7EE005AB0EE673AF1EE10FA7BDB34EE73
:10DAD400650A4FF0010E73EEE52A0027F0EE630AA3
:10DAE4007346F0EE676A724677EEE55AB846B0EED2
:10DAF400625A3E46F0EE404AB0EE402A19E703EB84
:10DB0400430367EEA77A01EB830367EEA77A93EDED
:10DB14000B3AD3ED0A3A65EE835A93ED0C4AE4EEE0
:10DB2400A35AE5EE045A67EEA57A83E702EB4202B4
:10DB340067EEA77A01EB820267EEA77AD2ED0B3A81
:10DB440092ED0A4A23EE233A92ED0C7AA2EE043ABD
:10DB5400A2EE873A27EE837A5DE706EB460467EE8A
:10DB6400A77A01EB840467EEA77AD4ED0B3A94ED1F
:10DB74000A4A66EEA36A94ED0C7AE0EE046AE0EEDB
:10DB8400876A67EEA66A36E79CF8B87227EE077ACA
:10DB94003D4427EE077A95F8B8522C4494F8B844DB
:10DBA40004EB440401EB840494ED0B1AD4ED0A1A3B
:10DBB40067EE817A94ED0C6AE4EE217AE3EE867ADC
:10DBC40027EE276A07E773EEE50A4FF0010E34EEFD
:10DBD400652A0027F0EE676A7346B0EE440AF04601
:10DBE40077EEE55A3E46B0EE605A3A46F0EE424AC7
:10DBF400F0EE602A9DE6B7EE005A4FF0000E0127C2
:10DC0400F0EE632AF0EE630AF04677EEC56A7246D8
:10DC140034EE452A3B46B0EE440A3E4633EEC55A3E
:10DC2400F0EE665AF0EE424AB0EE663A81E600BF84
:10DC34009A99193F0000000000000042D2ED006AEA
:10DC440092ED017A91ED024AD1ED037A24EE264A4F
:10DC5400D1ED093A67EE877AD1ED076A2DE9F041F3
:10DC640034EE277A8EB037EE237A27EE267A77EED3
:10DC7400045AFDEEE56AB8EEE66AF4EEC65AF1EE31
:10DC840010FA06D516EE903A013B06EE903AB8EE3D
:10DC9400E66A77EE276ABDEEC66AFDEEE65A16EE30
:10DCA400104AB8EEE56AF4EEC66AF1EE10FA06D54B
:10DCB40015EE903A013B05EE903AB8EEE56A33EE84
:10DCC400877AFDEEC66ABDEEC76A16EE905AF8EE84
:10DCD400C66AB4EEE67AF1EE10FA06D516EE103AFC
:10DCE400013B06EE103AF8EEC66ABDEEE67A631919
:10DCF40006EE904A91ED086A17EE10CAB8EEC75ABC
:10DD0400F8EEE65A06EE905A6344F8EEE66A07EE39
:10DD1400103AB8EEC77AE7EE465AE7EE466AA7EE3F
:10DD2400465A34EE654A77EEE67A73EEC53AB4EEB7
:10DD3400E74AF1EE10FAF4EEE37A1FDBF1EE10FAA3
:10DD4400C0F20081B7EE005A4FF0000E0127F0EE4A
:10DD5400632AF0EE630AF04634EE450A764637EE5F
:10DD6400C53A3B46F0EE676A3A4633EEC55AF0EEE2
:10DD7400435AF0EE404AB0EE402A1EE0F1EE10FAAB
:10DD840040F1BE80F7EE004A4FF0010E0023B0EEE2
:10DD9400442AF0EE676A774673EEE40AF04637EEFB
:10DDA400E43A1E46B0EE440A1A4674EE644AB0EEF3
:10DDB400605AF0EE435AF0EE602A9FEDBF7A5FFAA4
:10DDC4008CFC8844EDB2A4EE447A8E44E0440E44C4
:10DDD400E6440F4498F8B8822E44E4B20A44464418
:10DDE4009EF8B882A7EEE77A07EB050E96F8B862BC
:10DDF4002244C6440B4432448C449EF8B862234403
:10DE04000D440C44A3EEE37A334492F8B864B0EEC4
:10DE1400001A93F8B824F0EE081A9CF8B93236EEDA
:10DE2400000AA6EE012A2B44A6EE013AB5EEC07A0A
:10DE340093F8B932E6EE012AE6EE214AF1EE10FA41
:10DE44002344E6EE215AA6EE215A93F8B93476EE2D
:10DE5400266A76EE200A40F1DB809FED986ADFEDBA
:10DE6400967AE0EE407AE6EEE67AE0EEE07AF5EED7
:10DE7400C07AF1EE10FA40F1B480DFED906ADFED84
:10DE84008E7AE2EE427AE3EE437AE2EEE27AF5EE5D
:10DE9400C07AF1EE10FA40F18D809FED887ADFEDC3
:10DEA400867AE4EEE47AE5EEE57AE5EE457AF5EE97
:10DEB400C07AF1EE10FA66D5DFED807A76EE266A46
:10DEC4009FED7F6A496800220BAD039036EE877A96
:10DED4000C6808AB246877EE277A069207920892BA
:10DEE40067EE867A09920A920B920C920D9205AA19
:10DEF4000095CDED057AA04703980EB0BDE8F081FA
:10DF0400B4EEE34AF1EE10FA40F1B980F7EE004ABC
:10DF14004FF0010E0023B0EE442AF0EE630A774678
:10DF240077EEE46A764673EEE42A9846B0EE440A45
:10DF34001A4674EE644AB0EE625AF0EE665AB0EED7
:10DF4400663A3AE7B4EEE34AF7EE005AB0EE673ABF
:10DF5400F1EE10FA7BDB34EE650A4FF0010E73EE3E
:10DF6400E52A0027F0EE630A7346F0EE676A72460C
:10DF740077EEE55AB846B0EE625A3E46F0EE404AB5
:10DF8400B0EE402A19E703EB430367EEA77A01EBEF
:10DF9400830367EEA77A93ED0B3AD3ED0A3A65EE65
:10DFA400835A93ED0C4AE4EEA35AE5EE045A67EE65
:10DFB400A57A83E702EB420267EEA77A01EB8202BD
:10DFC40067EEA77AD2ED0B3A92ED0A4A23EE233A92
:10DFD40092ED0C7AA2EE043AA2EE873A27EE837A07
:10DFE4005DE706EB460467EEA77A01EB840467EE6F
:10DFF400A77AD4ED0B3A94ED0A4A66EEA36A94ED3F
:10E004000C7AE0EE046AE0EE876A67EEA66A36E709
:10E014009CF8B87227EE077A3D4427EE077A95F804
:10E02400B8522C4494F8B84404EB440401EB84043F
:10E0340094ED0B1AD4ED0A1A67EE817A94ED0C6A0A
:10E04400E4EE217AE3EE867A27EE276A07E773EE99
:10E05400E50A4FF0010E34EE652A0027F0EE676AF8
:10E064007346B0EE440AF04677EEE55A3E46B0EE0B
:10E07400605A3A46F0EE424AF0EE602A9DE6B7EE68
:10E08400005A4FF0000E0127F0EE632AF0EE630A07
:10E09400F04677EEC56A724634EE452A3B46B0EE4A
:10E0A400440A3E4633EEC55AF0EE665AF0EE424A52
:10E0B400B0EE663A81E600BF9A99193F000000006D
:10E0C40000000042806E7047012070474430704762
:10E0D40003207047006F7047C06E70472DE9F0430E
:10E0E4000646D0F8E0000C4603682DED028B1B6851
:10E0F40083B0984723682046DB699847002800F0DE
:10E10400918007460025DFED548A9FED548ADFF89D
:10E11400508124E0F5EEC07AF1EE10FA00F1878028
:10E12400D6ED3F5AB3EE096AD6ED3D6AFCEEE77AC6
:10E1340037EE657A76EEE56A17EE903A27EE067AC0
:10E144009BB2C7EE267A77EE887AF4EEC67AF1EEC1
:10E1540010FA72DD3F2B7DD90135AF4262D01FFA30
:10E1640085F92368214668464A469B689847236890
:10E17400494620461B699847037842781343EBD0FD
:10E18400D6ED3E7ADDED006A96ED3C6A76EEE76AFE
:10E194009DED017A36EE676A66EEA86AC6EE867A67
:10E1A40077EE887AF4EEE87AF1EE10FAB2DD202206
:10E1B400CF213A23D6ED3F7AB3EE096AD6ED3D6A14
:10E1C40037EE677A76EEE76A27EE067AC7EE267AA6
:10E1D40077EE887AF4EEC67AF1EE10FA1ADCF5EEF0
:10E1E400C07AF1EE10FA26D40121FCEEE77A17EE9C
:10E1F400902A92B21F2A8CBF002101F0010100294C
:10E20400AAD0D843DB0803EBC20100F007030122C4
:10E214009A40D2B218F8013001351A43AF4208F8D7
:10E2240001209CD103B0BDEC028BBDE8F0838022B9
:10E23400C8210023BEE70022E3E7F5EEC07A3F2BB6
:10E244008CBF00210121F1EE10FACED50022002965
:10E2540082D0D6E71922D4E700006842000000000B
:10E26400C056002090F84420042A00F25A81D0EDD0
:10E274000E6A034690ED0D6AF5EEC06A70B5F1EED4
:10E2840010FA40F14F81B0EE667A002A00F0558111
:10E29400D3ED107ADFEDCC5AF4EEE57AF1EE10FA14
:10E2A40000F1C881D3ED035AF5EEC05AF1EE10FA2D
:10E2B40000F37B82012A1BD0D3ED055AF5EEC05A38
:10E2C400F1EE10FA00F31F82022A11D0D3ED075A9F
:10E2D400F5EEC05AF1EE10FA00F3B282042A07D127
:10E2E400D3ED095AF5EEC05AF1EE10FA00F33E826E
:10E2F40093ED0F7A0132B5EEC07AD2B283F844209E
:10E30400F1EE10FAF5EEC07AC8BF9FEDAF7AF1EEE8
:10E3140010FA01D5DFEDAC7A052A83ED0F7AC3ED4F
:10E32400107A00F0FD80F7EE005AF4EEE56AF1EEA3
:10E3340010FA00F10981B4EEE56AB6EE005AF1EE86
:10E3440010FAF4EEC57A76FE255AF1EE10FA00F1D1
:10E354000581D3ED034AF4EEC54AF1EE10FA00F359
:10E364002782012A1BD0D3ED054AF4EEC54AF1EE0B
:10E3740010FA00F39481022A11D0D3ED074AF4EE87
:10E38400C54AF1EE10FA00F37F82042A07D1D3EDD7
:10E39400094AF4EEC54AF1EE10FA00F3F181F6EE03
:10E3A400005A02F1010C5FFA8CFCB4EE657A83F832
:10E3B40044C0F1EE10FAF4EE657A35FE877AF1EE98
:10E3C40010FA48BFF0EE657ABCF1050F83ED0F7AC1
:10E3D400C3ED107A00F0A480F5EEC06AF1EE10FAF5
:10E3E40000F1D380B5EEC06A9FED775AF7EE005A7C
:10E3F400F1EE10FAF4EEE57A36FE055AF1EE10FA73
:10E4040000F1CD80D3ED034AF4EEE54AF1EE10FAC3
:10E4140000F3C081D3ED054AF4EEE54AF1EE10FABB
:10E4240000F3D680BCF1020F12D0D3ED074AF4EE0C
:10E43400E54AF1EE10FA00F3F181BCF1040F07D1C3
:10E44400D3ED094AF4EEE54AF1EE10FA00F32E8218
:10E45400F7EE005A0CF1010C5FFA8CF2B4EE657A17
:10E4640083F84420F1EE10FAF4EE657A35FE877AEB
:10E47400F1EE10FA48BFF0EE657A052A83ED0F7AC3
:10E48400C3ED107A4CD0F5EEC06AF1EE10FA07D461
:10E49400B5EEC06ADFED4C6AF1EE10FA76FE266A3C
:10E4A4009FED4A6AF4EEC67AF1EE10FA00F1D880D4
:10E4B400D3ED035AF4EEC65AF1EE10FA00F37B8161
:10E4C400D3ED055AF4EEC65AF1EE10FA00F3A38127
:10E4D400D3ED075AF4EEC65AF1EE10FA00F3C281F6
:10E4E400042A07D1D3ED095AF4EEC65AF1EE10FA14
:10E4F40000F3E5819FED356A0132B4EE467A83F884
:10E504004420F1EE10FAF4EE467A36FE077AF1EE84
:10E5140010FA48BFF0EE467A83ED0F7AC3ED107A15
:10E5240070BD7047B5EEC06A9FED277AF1EE10FA20
:10E5340036FE077A002A7FF4ABAE0021D3ED107AC1
:10E5440083ED047AD960D3E6B6EE005AF0EE665A4B
:10E55400F4EEC57AF1EE10FA7FF5FBAEB4EEC57AAF
:10E5640002F1010C03EBC2025FFA8CFCF1EE10FA2B
:10E5740082ED035AC2ED045A83F844C040F3868006
:10E58400B0EE457AF0EE457A1EE7F7EE005AB0EEAB
:10E59400665AF4EEE57AF1EE10FA7FF533AFB4EE95
:10E5A400E57A0CF1010203EBCC0CD2B2F1EE10FAD5
:10E5B400CCED035A8CED045A83F844206CDDB0EEA4
:10E5C400657AF0EE657A58E700000000002474498B
:10E5D40003F1140103F11C02BCF1020F03C982E828
:10E5E400030040F2768102220125964603EBC20124
:10E5F40003EBC2040C31143403C984E803000EF1A4
:10E60400010161450ED203EBC2020EF1020E1C326F
:10E61400F44594E8030082E8030003D903F12C04D1
:10E62400C4E9000103EBC5054FF07E5285ED045AA1
:10E63400EA600DE703EBC2010132C1ED035AD2B225
:10E6440081ED047A93ED0F7A83F84420B5EEC07A15
:10E65400F1EE10FA17DDB0EE657AF0EE657A5BE65E
:10E66400B4EEC67A03EBC201013281ED036AF1EE26
:10E6740010FAC1ED046A83F844200ADDB0EE467A4C
:10E68400F0EE467A48E7F0EE657A45E6F0EE457A34
:10E694009AE6F0EE467A3FE7F0EE657AEDE64FF063
:10E6A400010C03EBCC0E0CF101055FFA8CF47146FE
:10E6B400AA420EF1140E01F10C0103C98EE8030005
:10E6C40018D9A61C03EBCC05F6B21C359EE8030052
:10E6D400B24285E803000DD9033403EBCC0EE4B257
:10E6E4000EF1240EA2428EE8030003D903F12C0498
:10E6F40084E8030003EBCC0C4FF07C51CCED045ABE
:10E70400CCF80C104BE64FF0010C03EBCC0E0CF1E3
:10E7140001055FFA8CF47146AA420EF1140E01F160
:10E724000C0103C98EE8030018D9A61C03EBCC0521
:10E73400F6B21C359EE80300B24285E803000DD909
:10E74400033403EBCC0EE4B20EF1240EA2428EE8A5
:10E75400030003D903F12C0484E8030003EBCC0C7D
:10E7640000218CED047ACCF80C10C1E503F12401EE
:10E7740003F12C044FF0030C03C984E80300EDE714
:10E7840003F1240103F12C044FF0030C03C984E8C2
:10E794000300AFE703F10C0103F11402002503C9E0
:10E7A40082E803000122964620E74FF0000CACE714
:10E7B4004FF0000C75E74FF0000E03EBCE0C0EF19A
:10E7C400020603EBCE04614696420CF1140C04F1EC
:10E7D4001C0401F10C015FFA8EF503C98CE80300F7
:10E7E40084E803000FD20335EEB203EBCE05964264
:10E7F40005F1240594E8030085E8030003D203F13E
:10E804002C0484E8030003EBCE0E3849CEED046AF1
:10E81400CEF80C106EE64FF0010ECEE703F11C01AA
:10E8240003F12402BCF1030F03C982E8030058D9A1
:10E8340003F12C04022592E80300C4E90001F1E687
:10E8440003F11C0103F12404032A03C984E803002F
:10E8540041D903F12C054FF0020C94E80300C5E9FB
:10E8640000017BE703F11C0103F12404032A03C91B
:10E8740084E8030037D903F12C054FF0020E94E825
:10E884000300C5E90001BEE703F11C0103F1240400
:10E89400032A03C984E8030020D903F12C054FF0AF
:10E8A400020C94E80300C5E9000123E703F1240105
:10E8B40003F12C02032503C982E80300B2E603F145
:10E8C400240103F12C044FF0030E03C984E8030070
:10E8D40099E70125A6E64FF0020C3FE74FF0020C42
:10E8E40008E702259EE64FF0020E8CE700247449E7
:10E8F400F8B52DED028B90F83050F0EE408A0446C6
:10E90400092D00F2A5806A1C00EB8503D5B2012D08
:10E9140080F8305083ED010AD0ED017A00F0AB802D
:10E9240090ED028AB4EEE78AF1EE10FA01D4B0EE6B
:10E93400678A022D52D0D4ED037AB4EE678AF1EEE1
:10E9440010FA37FE888A032D48D0D4ED047AF4EE09
:10E95400487AF1EE10FA48BFB0EE678A042D3DD034
:10E96400D4ED057AB4EE678AF1EE10FA37FE888AA0
:10E97400052D33D0D4ED067AF4EE487AF1EE10FA90
:10E9840048BFB0EE678A062D28D0D4ED077AB4EEDE
:10E99400678AF1EE10FA37FE888A072D1ED0D4ED6F
:10E9A400087AF4EE487AF1EE10FA48BFB0EE678ABE
:10E9B400082D13D0D4ED097AF4EE487AF1EE10FA6A
:10E9C40048BFB0EE678A092D08D0D4ED0A7AF4EE78
:10E9D400487AF1EE10FA48BFB0EE678A256804EB76
:10E9E4008506D6ED0A7AF4EE487AF1EE10FA02D1F1
:10E9F40094F8313093B915F0FF0704F12C0306D0D5
:10EA04001846BA0004F1300121F09AFE034603EBE4
:10EA14008703002243F8042C86ED0A8A002D2DDD9D
:10EA24000023DFED187A1A46013304EB8202DBB2CD
:10EA340092ED0B7A9D4277EE877A1A46F4DC07EE64
:10EA4400105AB8EEC70ABDEC028B87EE800AF8BDF7
:10EA540000F108012422043021F072FED4ED017A81
:10EA640094ED028AC4ED0A8AF4EEC87AF1EE10FA43
:10EA74003FF761AF5BE7B0EE678AAFE7DFED017A9E
:10EA8400DDE700BF000000007C30704730B583B084
:10EA940004467C31069D0095FEF78CFE204603B0AB
:10EAA40030BD00BF183070475430704730B583B064
:10EAB40004465431069D0095FFF7C0F8204603B084
:10EAC40030BD00BF28307047B1F804C08A79A0F87F
:10EAD40000C08270704700BF10B5044604302DEDAD
:10EAE400028BB0EE408A0AF06FFCF7EE007A84EDF8
:10EAF400130A9FED077A0022064B37EEC80AA26379
:10EB0400E36320EE070ABDEC028B84ED140A10BD0A
:10EB14000000B4430000964238B5044614302DED8D
:10EB2400048B0AF051FC04F12400F0EE408A0AF050
:10EB34004BFC04F13400B0EE408A0AF045FCDFEDF2
:10EB4400157ADFED156A04F23475B0EE679A9FED1D
:10EB5400136A95ED007A201DA8EEA69AF0EE678A56
:10EB6400E0EE267A37EE067AE8EE268A85ED007A1C
:10EB7400B0EE678A0AF028FC84ED219AC4ED228A5B
:10EB840084ED238A84ED1B0A2B68BDEC048BC4F846
:10EB9400A03038BD4260E53B0AD7A33B0AD7233BEC
:10EBA4002DE9F843B0F8BC3F2DED088B002B00F0A5
:10EBB400E280013B00F65C2700F6582400F5F1657D
:10EBC4009BB200F6077806469FED6DBADFED6DAA9D
:10EBD40007EB83079FED6CAA0FE0002B00F0B580D4
:10EBE400236883ED008AD4F8D03204340C352036FF
:10EBF400A742C4F8EC3000F0BE8094ED3C6AF6EE17
:10EC0400006AD5ED017AD5ED005A36EE677A65EEE5
:10EC1400A66AB0EEC77AF4EEC76AF1EE10FA15DC14
:10EC240095ED027A77EE876AB4EEE66AF1EE10FAB1
:10EC34004DDD77EEA57AB7EE007AF4EEC77AF1EE01
:10EC440010FA58BFF0EE477AC5ED017AD4EDB48AD4
:10EC540094EDF09AC4ED787A77EEE87A79EE689AD2
:10EC640018F8013F012B87EEA98A38EE0B8A41D0B0
:10EC7400032BB2D1D6ED037A236836EE677AB0EE71
:10EC8400C77AB4EEEA7AF1EE10FA1DD4D6ED026A30
:10EC9400B5EE005A96ED047AD6ED085A27EE877A37
:10ECA40066EEA55A86ED057A37EE257AC6ED065A44
:10ECB40037EE067AE7EE056A86ED077AE6EE857AA0
:10ECC400C6ED026AC6ED037AC3ED007A8BE737EE30
:10ECD400C77AB4EEC76AF1EE10FAB7D577EEE57AE3
:10ECE400F5EEC07AF1EE10FAD8BFDFED257AC5ED66
:10ECF400017AABE7F2EE047AD4F80090B7EE000A9A
:10ED0400A8EE270A1AF01AF9F3EE007AB0EE409A48
:10ED140069EE889A28EE270A1AF05AFCF0EE006A87
:10ED2400F8EE007AB5EE007AE8EE267A67EEA77A76
:10ED340067EE807A67EE877AA7EE879AC9EE897ABA
:10ED440077EEA87AC9ED007A4DE728EE0A0A1AF0A0
:10ED540043FDF7EE007AB6EE007A236837EEC00A78
:10ED640020EE070A77EEC07A29EE009AA8EEA79A59
:10ED740083ED009A37E7BDEC088BBDE8F88300BF4C
:10ED8400000000000AD7233CDB0F49402DE9F8437B
:10ED9400B0F844352DED088B002B00F0E180013BE9
:10EDA40000F55F77804600F55E749BB29FED6EBA06
:10EDB40000F20756054607EB8307DFED6CAA9FEDCB
:10EDC4006CAA0FE0002B00F0B580236883ED008A65
:10EDD400D4F8F030043408F10C082035A742E36479
:10EDE40000F0BE8094ED146AF6EE006AD8EDA37AC2
:10EDF400D8EDA25A36EE677A65EEA66AB0EEC77A07
:10EE0400F4EEC76AF1EE10FA15DC98EDA47A77EE09
:10EE1400876AB4EEE66AF1EE10FA4DDD77EEA57A74
:10EE2400B7EE007AF4EEC77AF1EE10FA58BFF0EEBE
:10EE3400477AC8EDA37AD4ED3C8A94ED509AC4ED98
:10EE4400287A77EEE87A79EE689A16F8013F012B72
:10EE540087EEA98A38EE0B8A41D0032BB2D1D5EDC7
:10EE6400037A236836EE677AB0EEC77AB4EEEA7AAC
:10EE7400F1EE10FA1DD4D5ED026AB5EE005A95ED07
:10EE8400047AD5ED085A27EE877A66EEA55A85ED01
:10EE9400057A37EE257AC5ED065A37EE067AE7EE9F
:10EEA400056A85ED077AE6EE857AC5ED026AC5ED59
:10EEB400037AC3ED007A8BE737EEC77AB4EEC76AFC
:10EEC400F1EE10FAB7D577EEE57AF5EEC07AF1EE09
:10EED40010FAD8BFDFED247AC8EDA37AABE7F2EEDF
:10EEE400047AD4F80090B7EE000AA8EE270A1AF0C4
:10EEF40025F8F3EE007AB0EE409A69EE889A28EE8F
:10EF0400270A1AF065FBF0EE006AF8EE007AB5EE17
:10EF1400007AE8EE267A67EEA77A67EE807A67EEE3
:10EF2400877AA7EE879AC9EE897A77EEA87AC9ED2F
:10EF3400007A4DE728EE0A0A1AF04EFCF7EE007A42
:10EF4400B6EE007A236837EEC00A20EE070A77EEA1
:10EF5400C07A29EE009AA8EEA79A83ED009A37E7C3
:10EF6400BDEC088BBDE8F883000000000AD7233C01
:10EF7400DB0F49402DE9F041B0F8BC7F2DED088B43
:10EF8400C7B3013F00F60873F2EE04AA064600F682
:10EF9400582400F607759FED39BA13FA87F79FEDE9
:10EFA40038AA0AE0002B52D02368C3ED007AAF429E
:10EFB40004F1040406F120061CD0D4EDB48A94EDC7
:10EFC400F09AD4ED787A79EE689A15F8013F37EE25
:10EFD400E87A012B87EE298A38EE0B8A0ED0032BB0
:10EFE400E0D1F268AF42236806F1200604F104047C
:10EFF4001A60E2D1BDEC088BBDE8F081B7EE000ADF
:10F00400D4F80080A8EE2A0A19F098FFF3EE007AEB
:10F01400B0EE409A69EE889A28EE270A1AF0D8FAD8
:10F02400F0EE006AF8EE007AB5EE007AE8EE267AA1
:10F0340067EEA77A67EE807A67EE877AA7EE879AFB
:10F04400C9EE897A77EEA87AC8ED007AAFE728EEA0
:10F054000A0A1AF0C1FBF7EE007AB6EE007A2368CA
:10F0640037EEC00A20EE070A77EEC07A29EE009A3E
:10F07400A8EEA79A83ED009A99E700BF000000006C
:10F08400DB0F49402DE9F041B0F844752DED088BB4
:10F09400C7B3013F00F5A163F2EE04AA064600F5EA
:10F0A4005E7400F207559FED39BA13FA87F79FEDA6
:10F0B40038AA0AE0002B52D02368C3ED007AAF428D
:10F0C40004F1040406F120061CD0D4ED3C8A94ED2E
:10F0D400509AD4ED287A79EE689A15F8013F37EE04
:10F0E400E87A012B87EE298A38EE0B8A0ED0032B9F
:10F0F400E0D1F268AF42236806F1200604F104046B
:10F104001A60E2D1BDEC088BBDE8F081B7EE000ACD
:10F11400D4F80080A8EE2A0A19F010FFF3EE007A62
:10F12400B0EE409A69EE889A28EE270A1AF050FA4F
:10F13400F0EE006AF8EE007AB5EE007AE8EE267A90
:10F1440067EEA77A67EE807A67EE877AA7EE879AEA
:10F15400C9EE897A77EEA87AC8ED007AAFE728EE8F
:10F164000A0A1AF039FBF7EE007AB6EE007A236841
:10F1740037EEC00A20EE070A77EEC07A29EE009A2D
:10F18400A8EEA79A83ED009A99E700BF000000005B
:10F19400DB0F4940D1ED857A9FED8D7AF0EEE76A79
:10F1A400F0B5F4EEC76A0C460546F1EE10FA2DED03
:10F1B400088B8FB040F1DF80D2ED007AD1ED836A05
:10F1C40092ED018A91ED847A77EEE67A38EE478AF9
:10F1D40094ED817AF1EE476AF4EEE76AF1EE10FA03
:10F1E40004DCB4EEE77AF1EE10FA07D500232B80A5
:10F1F400AB7028460FB0BDEC088BF0BDD4ED828A0D
:10F20400B1EE689AB4EEC89AF1EE10FAEEDCF4EEC0
:10F21400C88AF1EE10FAE9D494F82C3237EE275A62
:10F22400F6EE00AADFED6B9A5A1E05EE903A37EE21
:10F23400074A9FED690A06EE102AF8EE655AD4F8DB
:10F244002472B8EEC66A94EDFDBAC7EE254A94ED71
:10F25400FEAAB0EE467A3AEE4BAA96EE2A7A65EE0C
:10F26400075A85EE847A37EE067ABCEEC77A8DEDBE
:10F27400037A9DF80C309A1C06EE103A9E0007EEB5
:10F28400102AF8EEC65AB0EE666AB8EEC77AA4EE53
:10F29400A56AE4EE876A77EEC67A76EEC66A87EEEA
:10F2A400A67A37EE297A27EE000A1AF095FABB19E6
:10F2B400F6EE085A93ED027AB7EE006AD3ED007ABF
:10F2C40037EE4B7A77EECB7A36EE400A67EE256A54
:10F2D40027EEA57A20EE2A0AC6EE8A7AC7EE0A6AD3
:10F2E40076EE405A77EEA97A67EE807A36EEA97AFE
:10F2F400E7EE257A28EEA77A27EE2A7AB4EEC87AC2
:10F30400F1EE10FA7FF772AFDFED316AA9EE267ADB
:10F31400B4EEC87AF1EE10FA7FF568AFB1EE488A20
:10F32400D4F8F01377EE867A0BAB0A6804A888EE5B
:10F33400287A166805AA009308ABCDED069ACDEDA0
:10F34400079ACDED089ACDED099ACDED0A9ACDED47
:10F354000B9ACDED0C9ACDED0D9A37EE067A77EE39
:10F36400C77ACDED057AB04704F5067204A928469C
:10F3740009F092FF3DE79FED197AD1ED839A67EE8C
:10F38400878A91ED84AA92ED009A92ED018AB0EEFB
:10F39400680A1AF021FAF0EE407A38EE4A8AB0EEA2
:10F3A400680AF0EE678A1AF013F939EE699A60EE8A
:10F3B400487A28EE287AE9EE287AA9EE007A79EEDE
:10F3C400A77A3AEE078A77EEE97A38EE4A8AFFE6B8
:10F3D400CDCCCC3D00000000DB0F494035FA8E3C1B
:10F3E400D1ED857A9FED9C7AF0EEE76AF0B5F4EE04
:10F3F400C76A0C460646F1EE10FA2DED068B8FB067
:10F4040040F1FC80D2ED007AD1ED836A92ED018A5D
:10F4140091ED847A77EEE67A38EE478AD4ED816A04
:10F42400B1EE667AB4EEE77AF1EE10FA05DDF4EEA9
:10F43400E76AF1EE10FA00F1AC80D4ED828AB1EE05
:10F44400686AB4EEC86AF1EE10FA05DDF4EEC88A13
:10F45400F1EE10FA00F19D8094F8243476EEA75A68
:10F464009FED7E5A36EEA64A06EE103A94F827240B
:10F47400B8EE466A75EE463AC6EE864A65EEA35A7B
:10F48400C5EE846A76EE866AFCEEE66ACDED036A22
:10F494009DF80C30591C06EE103A06EE901AF8EE60
:10F4A400C65AB0EE476AF8EEE66AA4EEA56AA4EE80
:10F4B400A67A77EEC67A37EE467A87EE870ADFEDCC
:10F4C400687A30EE050A002A6BD120EE270A9D00E7
:10F4D4001AF082F9B7EE007AF6EE007AD4F82072C8
:10F4E40037EE400A7B1993ED016A60EE277AD3ED7B
:10F4F400006A94F8253437EE677A67EE867AE6EE8A
:10F50400877AB0EE087A67EE877A002B69D0B0EE7E
:10F51400C88ADFED526AB7EE006A76EEE86A38EE22
:10F52400688AB1EE488A88EE267A37EE067A94F82D
:10F5340026341BB1F7EE006A36EEC77AB4EEE77AEA
:10F54400F1EE10FA25D8F7EE006AD4F87814002307
:10F5540004A80A6876EEE77A156805AA069377EE9A
:10F56400C77A0793089309930A930B930C930D930B
:10F574000BABCDED057A009308ABA847304604F5F4
:10F58400067204A909F088FE30460FB0BDEC068B64
:10F59400F0BD002330463380B3700FB0BDEC068B52
:10F5A400F0BD20EE270A04EB83051AF015F9B7EE37
:10F5B400007AF6EE007A95ED8A6AD5ED896A37EE1F
:10F5C400400A94F8253460EE277A37EE677A67EEBE
:10F5D400867AE6EE877AB0EE087A67EE877A002BB1
:10F5E40095D138EE888A78EEA88AF7EE006AB1EEF3
:10F5F400488A88EE287A37EE267A98E79FED197ABA
:10F60400D1ED839A67EE878A91ED84AA92ED009AF0
:10F6140092ED018AB0EE680A1AF0DEF8F0EE407A54
:10F6240038EE4A8AB0EE680AF0EE678A19F0D0FF25
:10F6340039EE699A60EE487A28EE287AE9EE287A5B
:10F64400A9EE007A79EEA77A3AEE078A77EEE97A9C
:10F6540038EE4A8AE2E600BFCDCCCC3D0000000083
:10F66400DB0F494035FA8E3C10B5044621F082F98F
:10F67400204610BD10B5044621F07CF9204610BD8B
:10F6840010B5044621F076F9204610BD10B50446A5
:10F6940021F070F9204610BD10B5044621F06AF936
:10F6A400204610BD10B5044621F064F9204610BD73
:10F6B40010B5044621F05EF9204610BD10B504468D
:10F6C40021F058F9204610BD10B5044621F052F936
:10F6D400204610BD10B5044621F04CF9204610BD5B
:10F6E40070B5094B0646044600F50075036054F8EE
:10F6F400040F08B121F03EF9AC42F8D1304621F0B4
:10F7040039F9304670BD00BFF420002010B504461E
:10F7140021F030F9204610BD10B5044621F02AF935
:10F72400204610BD70B5094B0646044600F5007529
:10F73400036054F8040F08B121F01CF9AC42F8D16D
:10F74400304621F017F9304670BD00BFE02000209C
:10F7540010B50446C06A08B121F00CF9206B08B159
:10F7640021F008F9204621F005F9204610BD00BF1C
:10F7740070B5094B0646044600F50075036054F85D
:10F78400040F08B121F0F6F8AC42F8D1304621F06C
:10F79400F1F8304670BD00BF0821002010B50446C2
:10F7A400406808B121F0E6F8A06808B121F0E2F859
:10F7B400204621F0DFF8204610BD00BF70B5244C70
:10F7C400244A94F800381268272B3AD822491801A1
:10F7D40001EB03130958DB688968194231D094F8A6
:10F7E4000138CBB1D4F804380025B4F81A18D31A68
:10F7F40084F801588B4212DD94F80868174B3046A0
:10F80400C4F80428995D01360AF080FFF6B20C2E84
:10F814001BD984F8085870BDC4F8042870BD322B75
:10F82400F9DD94F808180D48C4F804280C44435C26
:10F8340094F80C280133DBB29A424354EBD8455474
:10F8440070BD012384F8013870BD84F8086870BD68
:10F85400C05600200CC30120381E00208CB10120AA
:10F864002DE9F04F83468068BC4C8DB003680025B9
:10F874001B689847D4F83038B94A05211D61A4F8AB
:10F884001C189A640122B7495A6299624FF43031C4
:10F89400D9624FF00111986C186504F502601D627D
:10F8A40099651A6121F080F821F07AF821F080F846
:10F8B400722240F2011304F5026084F8C528A4F80A
:10F8C4004F3917F0FBF9002800F02482D4F83038BF
:10F8D40000260522A2491E61A4F87A29012299640E
:10F8E400A0495A6299624FF4303184F87859D96248
:10F8F4004FF00111986C18651E629B4899651A6156
:10F9040021F052F821F04CF821F052F8722240F222
:10F914000113954884F8C528A4F84F3917F0CEF997
:10F92400002800F0BC8130464FF40062002184F8C6
:10F934008009002689481AF0B9FDD4F83038884A7D
:10F944001E6188499A6401225A6299624FF43031E7
:10F95400D9624FF00111986C18651E62824899654E
:10F964001A6121F021F821F01BF821F021F8782206
:10F9740040F201137C4884F8C528A4F84F3917F0E5
:10F984009DF90546002800F045820BF5804585F871
:10F994003061764A0BF500531268C5F8442193F898
:10F9A4001037272B0ED8724A190102EB0313515852
:10F9B400D8684A6802434A6038219A685B681160D3
:10F9C40015221A606B499BF8BC326B4A272B84F8CA
:10F9D400F0390A60694A4A600FD8654A1801382725
:10F9E4001525105802EB03134268DE6822EA06026A
:10F9F40042609A685B6817601D606148614E426CA2
:10FA0400436C456C324003F0030305F0E0052A43E0
:10FA14000025134343F44673436400F58040A4F87F
:10FA2400F259426C436C3240466C03F0030384F891
:10FA3400FC5906F0E006A4F8FE593243524E134333
:10FA440040F6B73243F4467343644FF4FA534F48D5
:10FA54000B8110234E49A4F8F83918F0FBF94D4BEB
:10FA64009BF8BE024C4A039084F8000A18469A6038
:10FA74009A624FF03F4240F8406F5E663E4E9A6392
:10FA84009A6103F1480284F801589E6603F5DE7317
:10FA9400424DC4F85C3AD5F8DC319BF8BD12936250
:10FAA400D5F8D8312729466053624FF0C803A4F82B
:10FAB400BC3B11D80A012E4BDFF8E8C01527985833
:10FAC40003EB01134268DE6822EA060242609A6888
:10FAD4005B68C2F800C01F604FF4FA73002795F802
:10FAE400E0814FF6FF7EDFF8C090F8B284F800188A
:10FAF400A4F81A38B8F1000F2CD0C246BB0800F0A5
:10FB040003064FF0FF0C05EB4303B3F8E411244B59
:10FB1400490003EB970201EB02311303B1EB023FFF
:10FB240009D91A8802335FFA82FB5E4508BF4FEA9F
:10FB3400122C9942F5D801300C2F09F801CBC6B22A
:10FB440071D00137B8F1000F51D1D046F8B2B8F1F5
:10FB5400000FD2D1DFF854C02AE000BFC056002005
:10FB64003B372819B80B0505E05E00200CC30120C3
:10FB7400381E0020884A0020000048420000F0425D
:10FB840000400C4000FCFFFF00004345944A002065
:10FB940031ED0000C4600020000080BFB867002081
:10FBA400F001060038F001008CB101209A690020B0
:10FBB400B6490CF11E0A0A46002601F5805103E0FD
:10FBC4008B421FFA8BF607D2134606F1010B33F86A
:10FBD400022B72451A46F3D12CF8026FD445EAD1B0
:10FBE4004FF001034FF0010A85F8E03186E7721EF9
:10FBF400A74BDFF8C0E21A44B30806F0030C0EEB7F
:10FC0400960005EB43030103B3F8E4315B0003EB17
:10FC14000033B3EB003F01F23F81FF27013602F8C6
:10FC2400017F0D2EE8D19B4BB5F8EA0103EB4000B0
:10FC3400984240F29880FF261A880233D1B20229F2
:10FC440008BF160A9842F7D1FF2E00F08C80039962
:10FC540040F20A2290480A2384F80C184FF00A3123
:10FC6400A4F80E2845F6BF52C4F81008C4F81418B6
:10FC74008A488B4984F80D3884F8183818F0EAF863
:10FC8400884A002195F8493211702BB9864A01231C
:10FC9400C5F80C2285F849320DB0BDE8F08FD4F8D0
:10FCA4007C0908B120F066FE1020804F20F05AFE37
:10FCB400522300260546037020234760C360C4F81E
:10FCC4007C090672384620F06FFE2B7838465B00BC
:10FCD40084F8C53801232B7240F20115A4F84F595A
:10FCE40016F0ECFF00287FF41EAED4F87C390B909C
:10FCF4000593062306908DF8260005A8ADF8245038
:10FD0400ADF822300BF030FEA0F1C200B0FA80F062
:10FD1400400909E6D4F8600908B120F02BFE102050
:10FD2400624F20F01FFE392306464760037000230C
:10FD3400C4F86009012503722023C360384620F00B
:10FD440033FE337835723846AB4084F8C53840F218
:10FD54000113A4F84F3916F0B1FF0646002800F04D
:10FD6400F3840025B2E50026494F4FF003094FF014
:10FD74000508314630463E700AF0C8FC87F8019009
:10FD84000127494638460AF0C1FC414B414602204E
:10FD940083F802800AF0BAFC3D4B48463946DF70CE
:10FDA4000AF0B4FC3A4B4146042083F804800AF07C
:10FDB400ADFC374B404639465F710AF0A7FC344B23
:10FDC400394606209F710AF0A1FC314B07211F46DA
:10FDD400D97108460AF09AFC314608203E720AF0AE
:10FDE40095FC314609207E720AF090FC31460A20C7
:10FDF400BE720AF08BFC31460B20FE720AF086FCC0
:10FE040031460C203E730AF081FC31460E200AF084
:10FE14007DFC1CE7D4F8B009B4F98E29002800F061
:10FE2400EF85D31D48BF02F10E03B4F98C29DB1012
:10FE340003FB02F200211AF039FBB4F98E39B4F94C
:10FE44008C19202B40F3C181A3F14006B1F1520279
:10FE54004FF0000836B248BFA1F15102002E4FEA1C
:10FE64006202B8BF013693B276100393002310499F
:10FE74001FFA86FE039A9E4201EB0807B4BF4FF0B7
:10FE8400000A4FF0010A50461FE000BF00001F6047
:10FE94008CB1012000301F600A02020A9C4A002033
:10FEA400BDC6000089B10120106A0020E05E002078
:10FEB40088260060F00106006D00EDB229060DD41D
:10FEC40001330132522B92B245D013F0070F19B20D
:10FED400F2D107EBE1010D7A2906F1D511B200291F
:10FEE400EEDBB4F990C98C45EADD0028E8D0B4F91A
:10FEF40092C9B445E4DD94F89EC9BCF1020F00F048
:10FF0400AE85BCF1030F00F09B85BCF1010F00F03E
:10FF14008C85B4F98CA9F146B446BCF1000F03F109
:10FF2400010302F10102B8BF0CF1070C522B92B28B
:10FF34004FEAEC0C1CFB0A1109F0070C4FF0010905
:10FF440009FA0CFCD4F8B09919F801A04CEA0A0C8F
:10FF540009F801C0B9D108F10B080EF10106B8F592
:10FF6400307F36B282D10223D4F8AC5984F8B53943
:10FF7400002D00F0C5813C23284684F8B43920F0D4
:10FF840013FD94F9BB39002B80F20483D4F8DC19F7
:10FF940000229E482B6981421A6100F2AC869C497A
:10FFA400012299645A624FF430329A499962DA62B2
:10FFB400996C002219654FF001111A6201229965AA
:10FFC4001A61954816F00CFFB4F88E19934801395C
:10FFD400C9B20BF04BFA924816F002FF94F9B53906
:10FFE4008E48012B0CBF102114210BF03FFA8D48D1
:0CFFF40016F0F6FED4F88C398B4A8F21F1
:02000004600199
:10000000934284F8E4190CD002F50012934200F0F8
:100010006986874A934200F0E086864A934200F060
:10002000D18602257E48DA210BF022FA29467C4847
:100030000BF01EFA81217A480BF01AFA94F8E419B1
:1000400077480BF015FAD92175480BF011FA94F99D
:10005000B5397348012B0CBF2221F1210BF008FAAE
:10006000D4F8AC09002800F0408540F2011294F861
:10007000B439714E5B00A0F82F21026880F8A530DA
:100080001368B34240F08886B0F830312BB10223B8
:1000900080F82F31002380F8A630DFF8A8A10125D1
:1000A0004FF002090AF10607A84617E00135ADB284
:1000B00003681AF8011C1B68B34240F01F81B0F8B6
:1000C00030313BB190F82F31882B2DD9C0F8048006
:1000D000D4F8AC090AF1010ABA4531D0882DE5D12E
:1000E00016F0EEFD94F8B439D4F8AC095B00026860
:1000F00080F8A53040F20113A0F82F311368B34205
:1001000040F0EC84B0F83031002B00F0168300236F
:1001100080F82F91022580F8A63013681AF8011C88
:10012000B34240F0EB802B460AF1010AC2180133BA
:10013000BA4580F82F31D4F8AC0982F8A510CDD19A
:1001400016F0BEFDD4F8AC39002B00F0FB85D4F8D6
:10015000E01900222E481B6981421A6100F2E385F2
:100160002C49012299645A624FF430322A4999622B
:10017000DA62986C012200211865104619624FF06E
:10018000011199651A610BF58045D4F8A43985F8F9
:100190003001002B00F0C085B4F98E290021274BD7
:1001A000D4F8B009C4F8A439D31D48BF02F10E0336
:1001B000B4F98C29DB1003FB02F21AF079F9012162
:1001C00017480BF045FA16F071FFFFF7E4BBB1F1E9
:1001D00073024FF0000848BFA1F17202B3F120068C
:1001E0004FEA620248BFA3F11F0693B27610039351
:1001F000002313491FFA86FE039A9E4201EB08076B
:10020000B4BF4FF0000A4FF0010A504625E000BF8E
:100210007F1A06003B372819B80B0505302B006004
:1002200044600020342B0060382B006080002000E8
:100230006000100040002000053701003C2B0060EA
:1002400088260060892600606D00EDB229060ED474
:1002500001330132732B92B246D013F0070F19B25B
:10026000F2D107EBE10191F8C8522906F0D511B29D
:100270000029EDDBB4F990C98C45E9DD0028E7D011
:10028000B4F992C9B445E3DD94F89EC9BCF1020FFC
:1002900000F01284BCF1030F00F0FF83BCF1010FEA
:1002A00000F0F183B4F98CA9F146B446BCF1000F1B
:1002B00003F1010302F10102B8BF0CF1070C732B2B
:1002C00092B24FEAEC0C1CFB0A1109F0070C4FF03C
:1002D000010909FA0CFCD4F8B09919F801A04CEA0C
:1002E0000A0C09F801C0B8D108F10F080EF1010697
:1002F000B8F5F07F36B27FF47BAF36E69847D4F896
:10030000AC09E7E694F9B919CBB2272B00F2728554
:100310001801B34A4FF0380C1527155802EB031398
:100320006868DE683043686098685B68C0F800C041
:100330001F6094F9BA59EBB2272B0ED8180102EBC3
:1003400003131658D3E9027C70685B6840EA0C001E
:100350007060382038601520186002EB0113090125
:10036000DB68C4F8D43953582901C4F8C43902EB06
:1003700005135158DB68C4F8C819C4F8D83908689F
:1003800003430B60D4F8A839002B00F0438559686B
:10039000B827DFF85882DFF864E2924ED1E900C056
:1003A000DCF8005025EA0000CCF80000D8F818006E
:1003B00000EA0E0E4EEA0606C8F818601E7C01EB35
:1003C000060801EB860698F8100002EB0010806822
:1003D00007605D7C01EB050E01EB85059EF82000B2
:1003E00002EB001080680760987C01EB000901EBCC
:1003F000800099F830A0039002EB0A1ADAF808A0FE
:10040000CAF800704868DCF800700743CCF8007048
:10041000776998F8106002EB0616766837606E6AA6
:100420009EF8205002EB05156D682E6099F830504B
:1004300002EB051252680398406B1060CA6B99F882
:1004400038001060CA6998F818001060CA6A9EF8EF
:10045000281011600222186802610F228265DA7C7E
:10046000002A3AD072B6D97CCE0708D54FF0E020EA
:100470005D69D0F880212A409A62C0F880218D07FA
:1004800008D54FF0E0209D69D0F884212A40DA6237
:10049000C0F88421480708D54FF0E020DD69D0F886
:1004A00088212A401A63C0F888210A0708D54FF02E
:1004B000E0201D6AD0F88C212A405A63C0F88C21B4
:1004C000CF0608D54FF0E021586AD1F890210240BC
:1004D0009A63C1F8902162B61868434D9A68AA429F
:1004E00000F09584414A9D6092694149C2F3011729
:1004F000C2F382623F4E51F827100132B1FBF2F194
:10050000B14240F281843C4AA2FB0162120DB1FB70
:10051000F2F1A94288BF0132B2F5817F80F0718487
:10052000022A40F27184023A5508290441EA052161
:100530000A43DA600021016103214162026407225B
:10054000026601220261DA7C12B3D60704D5986AEA
:100550004FF0E021C1F80001950704D5D86A4FF0AB
:10056000E021C1F80401500704D5186B4FF0E021D9
:10057000C1F80801110704D5586B4FF0E021C1F80C
:100580000C01D70604D59A6B4FF0E023C3F8102175
:1005900094F9BB39002B4EDB272B15DC1901104ACF
:1005A000152502EB03135258D868516801433820CF
:1005B00051609968086058680560DB6850681842A7
:1005C00000F0E783C2F8843001200AF047FA94F87B
:1005D000BB39272B1CD81901014A02EB03130FE08A
:1005E000381E00201000000800093D0000C00F4028
:1005F00064220020FF083D0083DE1B43CFFFFFE3A2
:100600005258D9685068084200F0BF83C2F8881079
:100610000A200AF023FA94F8BB39272B0BD81901CA
:10062000474A02EB03135258D9685068084200F059
:10063000A883C2F88410D4F8AC59002D7FF4A8AC7C
:10064000D4F8A839002B6FD0D97CD4F8E829D4F895
:10065000EC59002939D072B6D87CC60708D54FF0BE
:10066000E0275E69D7F8801131409962C7F88011A0
:10067000810708D54FF0E0279E69D7F884113140F3
:10068000D962C7F88411470708D54FF0E027DE6923
:10069000D7F8881131401963C7F88811060708D5C3
:1006A0004FF0E0271E6AD7F88C1131405963C7F824
:1006B0008C11C10608D54FF0E0205E6AD0F8901189
:1006C00031409963C0F8901162B69968914200F088
:1006D0008F831C499A6089691B48C1F30116C1F3D5
:1006E000826150F826600131B6FBF1F0002A40F03B
:1006F0003E838E420ED301460131B1F5817F80F0F9
:100700007E83022940F2798302394808020242EAD4
:1007100000420A43DA601B68002119610321596213
:100720001A6401221D661A61D4F8C829D4F8D819B0
:10073000136823EA0103136045E40225CAE400BFFD
:10074000381E002000C00F406422002092232A4659
:10075000D4F860098DF8143005AB0095194615F0F2
:1007600073FF9DF81470AB2F7FF4FDAAFC232A467B
:1007700005A9D4F860098DF8143081238DF8103064
:1007800004AB17F0AFF894F86D3905A9D4F86009F7
:1007900065F30103C3F3011284F86D3903F00C0310
:1007A00043EA82132A4643F001038DF814308F2365
:1007B0008DF8103004AB17F095F894F875392A4687
:1007C00005A966F30003D4F860098DF8107080273E
:1007D00084F8753903F006038DF8143004AB17F074
:1007E00081F894F869392A4605A966F38613D4F886
:1007F00060098DF8107084F8693903F03F038DF8B3
:10080000143004AB17F06EF8B4F8680904AB2A464C
:10081000C0F34031C0F3803CC4F8646949018DF8ED
:10082000107041EA8C11C0F3002C41EA0C01C0F3B6
:10083000003C41EA0C11C0F3C02C41EACC0120F489
:100840009F6CC0F340202CF0070C41EA4001D4F823
:100850006009A4F868C98DF8141005A917F042F8CA
:1008600094F869392A4605A966F34103D4F860096A
:100870008DF8107084F8693903F07D038DF8143019
:1008800004AB17F02FF894F869392A4605A966F3E6
:100890000413D4F860098DF8107084F8693903F0F6
:1008A0006F038DF8143004AB17F01CF894F8693915
:1008B0002A4605A966F34513D4F860098DF810702F
:1008C00084F8693903F05F038DF8143004AB17F036
:1008D00009F8E72332463146D4F860098DF8143020
:1008E00005AB16F0FFFF94F869392A4605A966F3AF
:1008F0000003D4F860098DF8107084F8693903F0AA
:100900007E038DF8143004AB16F0ECFF0A200AF0D9
:10091000A5F894F869392A4605A943F00103D4F8EB
:1009200060098DF8107084F8693903F07E0343F094
:1009300001038DF8143004AB16F0D4FF0A200AF03E
:100940008DF894F874392A4605A966F30103D4F8A2
:1009500060098DF8146084F87439AA238DF810307A
:1009600004AB16F0BFFF94F871392A4605A965F368
:100970008713D4F8600984F8713903F03F0343F01A
:1009800040038DF81430A2238DF8103004AB16F01C
:10099000A9FF94F87239022205A9D4F8600962F31C
:1009A00046132A4684F8723903F01F0343F04003CC
:1009B0008DF81430A3238DF8103004AB16F092FF9D
:1009C00032232A4605A98DF81430A023D4F86009F3
:1009D0008DF8103004AB16F085FFC92204AB05A9D1
:1009E00084F873298DF81420A622D4F860098DF8B4
:1009F00010202A46C4F8646984F8686916F072FF0A
:100A0000FEF766BFD31D48BF02F10E03B4F98C296F
:100A1000DB1003FB02F2104603921FF0A5FF039ABE
:100A2000C4F8B00900287FF407AAFFF7ACBBB4F9FB
:100A30008CA98C4691460AF1FF31A1EB0E0109B257
:100A4000FFF76DBAB4F88EC93146B4F98CA90CF130
:100A5000FF3CACEB020C1FFA8CF90FFA8CFCFFF791
:100A60005EBAB4F98CA9B4F88EC90AF1FF310CF161
:100A7000FF3C891AACEB0E0C09B21FFA8CF90FFA85
:100A80008CFCFFF74CBAB4F98CA98C4691460AF15C
:100A9000FF31A1EB0E0109B208E4B4F88EC931466A
:100AA000B4F98CA90CF1FF3CACEB020C1FFA8CF9E9
:100AB0000FFA8CFCFFF7FABBB4F98CA9B4F88EC915
:100AC0000AF1FF310CF1FF3C891AACEB0E0C09B2B4
:100AD0001FFA8CF90FFA8CFCFFF7E8BB0021022506
:100AE0009847D4F8AC09FFF7E3BAD4F8C429D4F88E
:100AF000D4091368AB4D23EA0003D4F8A81905F113
:100B0000060E1360D4F8BC29D4F8C03915F8017B5F
:100B100000293FD0D1F800C0CCF86470DCF85C004C
:100B200010F4F81FFAD0DCF874007545EED1D4F853
:100B3000C829D4F8D80913680343136039B3CB7CB0
:100B40002BB3DE0704D5886A4FF0E022C2F800011B
:100B50009D0704D5C86A4FF0E022C2F80401580787
:100B600004D5086B4FF0E022C2F808011A0704D53B
:100B7000486B4FF0E022C2F80C01DB0607D58A6B08
:100B80004FF0E0230120C3F81021FFF7FCBA012049
:100B9000FFF7F9BA106817F0800FD4F8CC690CBFD2
:100BA000B043304317F0400F10601868D4F8D06994
:100BB00040EA060018601868D4F8D06920EA0600F8
:100BC00018601068D4F8CC690CBFB043304317F0FC
:100BD000200F10601868D4F8D06940EA0600186049
:100BE0001868D4F8D06920EA060018601068D4F8B4
:100BF000CC690CBFB043304317F0100F1060186879
:100C0000D4F8D06940EA060018601868D4F8D069B2
:100C100020EA060018601068D4F8CC690CBFB04315
:100C2000304317F0080F1060D4F8D069186840EA14
:100C3000060018601868D4F8D06920EA0600186029
:100C40001068D4F8CC690CBFB043304317F0040FE0
:100C500010601868D4F8D06940EA06001860186877
:100C6000D4F8D06920EA060018601068D4F8CC697E
:100C70000CBFB043304317F0020F10601868D4F86F
:100C8000D06940EA060018601868D4F8D06920EAF4
:100C9000060018601068D4F8CC690CBFB04330432C
:100CA00017F0010F10601868D4F8D06940EA060008
:100CB00018601868D4F8D06920EA06001860106837
:100CC000D4F8CC7914BF3843B84310601868D4F80E
:100CD000D079384318601868D4F8D07920EA070032
:100CE000186022E794F9B5391225012B0CBF9F2318
:100CF000CF2384F8E439FFF795B92B4881422DD8EA
:100D00002A499964A1F121615A62A1F60C41284A4D
:100D10009962DA62FFF74EB9B4F896390633A4F84F
:100D20009639FFF739BA204881420ED81F49996495
:100D3000A1F121615A62A1F60C411D4A9962DA6261
:100D4000FFF717BAD4F8A819F1E61A4999645A625C
:100D50001949174A9962DA62FFF70BBA1549996483
:100D60005A621549124A9962DA62FFF723B9904232
:100D700043D3B0FBF2F1B0FBF1F090427FF6BDAC93
:100D8000BAE49B680D4A1A6055E49B680C4A1A60E5
:100D90003EE40A4B0B6017E400219847D4F8AC09F5
:100DA000FFF77BB9882600603F420F001C1A120C27
:100DB000007F05000A0907046009010138F00100FD
:100DC0003830010094F9B5391225012B0CBF1023DE
:100DD000CF2384F8E439FFF725B994F9B539022512
:100DE000012B0CBF1023AF2384F8E439FFF71AB9A5
:100DF000DA6890E4314AFFF79CBA00228AE4304A6C
:100E000088E42F4AFFF795BB0022FFF792BBDA6810
:100E1000FFF790BB94F9B719CBB2272B0DD8180167
:100E200002EB031310585D68D3E9026743683B4344
:100E300043603823336015232B6094F9B859EBB223
:100E4000272B0ED8180102EB03131658D3E9027CA6
:100E500070685B6840EA0C007060382038601520CC
:100E6000186002EB01130901DB68C4F8CC39535850
:100E70002901C4F8BC3902EB05135258D968C4F8EB
:100E8000C029C4F8D019136823EA0103136094F948
:100E9000BB39002BFFF648ACFFF77EBB1FFA8CFC7A
:100EA000FF270846B1F8008002310078604508BF8E
:100EB0004FEA18279942F4D3FEF7B2BE381E00203D
:100EC000FF7F7F00D1ED0C6A92ED000AF5EE406ADB
:100ED000D2ED017A92ED027AF1EE10FA30B52DEDF5
:100EE000028B91B00C4605468DED020ACDED037ADA
:100EF0008DED047A40F0BA80D4ED075AD4ED086A3B
:100F000030EE650A94ED0B8A94ED0E6A77EEE67A80
:100F1000DFED6A6AA6EE080A94F8343077EEA67A16
:100F200037EE267ACDED037A8DED047A8DED020A47
:100F30005BB167EEA77AE0EE007AF4EE667AF1EE46
:100F400010FA00F1B680B1EEE70AF0EE480A18F0A8
:100F50000FFBF1EE087AB0EEC00A9FED587A20EE52
:100F6000270AC0EE087A77EE877ABBFE677ABCEE76
:100F7000C77A8DED017A9DF80430042B13D8002137
:100F80005A1C2980D2B2A97094F8351099B103EB9C
:100F90004303284623449A889B792A80AB7011B07A
:100FA000BDEC028B30BD002100222980A97094F88D
:100FB00035100029EBD1591C07EE103A02EB420222
:100FC000DFED3E3A05EE101AB8EE477A224403EB05
:100FD0004303B8EEC55A284677EEC77A1C44137906
:100FE000F7EE005A35EE475A06EE903A537987EEFF
:100FF000856A07EE103A9379227907EE903A637981
:1010000004EE102A04EE903AA379F8EEE66AB8EE00
:10101000C77A05EE103AF8EEE77AB8EEC44AF8EE71
:10102000E44AB8EEC55A36EE236A75EEC65A66EE45
:10103000866A27EE067A67EE867AE4EE256AA5EEE2
:10104000A47AE5EE857AFCEEE66ABCEEC77AFCEEA1
:10105000E77A16EE901A17EE102A17EE903A2970DA
:101060006A70AB7011B0BDEC028B30BD144A002326
:1010700009A905A809930A93B2F85C32CDED0B6A71
:10108000ADF83030D2F860320D93D2F864320E935E
:10109000D2F868320F930CF0C7FD02AA05A909A87F
:1010A00007F022FF9DED090ADDED0A7A9DED0B7A2E
:1010B00022E7B0EE670A17F073FF46E70000000072
:1010C000B867002030B583B004461831069D0095FE
:1010D000FFF7F8FE204603B030BD00BFD1ED096A2E
:1010E00092ED000AF5EE406AD2ED017A92ED027AB5
:1010F000F1EE10FA30B52DED028B91B00C4605469D
:101100008DED020ACDED037A8DED047A50D1D4ED48
:10111000045AD4ED056A30EE650A94ED088A94ED20
:101120000B6A77EEE67ADFED646AA6EE080A94F8B9
:10113000283077EEA67A37EE267ACDED037A8DED5C
:10114000047A8DED020A5BB167EEA77AE0EE007AD1
:10115000F4EE667AF1EE10FA00F1A980B1EEE70A3A
:10116000F0EE480A18F004FAB0EEC00A9FED526A99
:10117000002330EE000A2B80AB7094F82920C0EEDB
:10118000087A77EE867ABBFE677ABCEEC77A8DED79
:10119000017A9DF8043072B303EB430328462344DD
:1011A0009A889B792A80AB7011B0BDEC028B30BD60
:1011B000424A002309A905A809930A93B2F85C32B0
:1011C000CDED0B6AADF83030D2F860320D93D2F825
:1011D00064320E93D2F868320F930CF025FD02AA08
:1011E00005A909A807F080FE9DED090ADDED0A7A40
:1011F0009DED0B7A8BE75A1C06EE903AB7EE005A3B
:10120000284607EE102AF8EE666AB3FA83F203EB7B
:101210004303B8EEC77A77EEE67A5209234437EEF5
:10122000667A02EB4202197914445A79C7EE875A5A
:101230009B7904EE102A227904EE903A637906EE47
:10124000902A03EE901A07EE103AA379F8EEE66AB8
:1012500007EE903AB8EEC77AF8EEE33AF8EEE77A9E
:10126000B8EEC44AF8EEE44A35EE866A75EE465AA0
:1012700066EE866A27EE067A67EE867AE3EEA56A60
:10128000A5EE847AE5EEA47AFCEEE66ABCEEC77AB7
:10129000FCEEE77A16EE901A17EE102A17EE903A47
:1012A00029706A70AB7011B0BDEC028B30BDB0EE2E
:1012B000670A17F075FE53E700000000B8670020CA
:1012C000D1ED0A6A92ED000AF5EE406AD2ED017A9C
:1012D00092ED027AF1EE10FA30B52DED028B91B05D
:1012E0000C4605468DED020ACDED037A8DED047AAC
:1012F00040F0BA80D4ED055AD4ED066A30EE650AA6
:1013000094ED098A94ED0C6A77EEE67ADFED6A6A6D
:10131000A6EE080A94F82C3077EEA67A37EE267AF5
:10132000CDED037A8DED047A8DED020A5BB167EEA7
:10133000A77AE0EE007AF4EE667AF1EE10FA00F1A8
:10134000B680B1EEE70AF0EE480A18F011F9F1EEB6
:10135000007AB0EEC00A9FED587A20EE270AC0EE60
:10136000087A77EE877ABBFE677ABCEEC77A8DED96
:10137000017A9DF80430022B13D800215A1C2980D1
:10138000D2B2A97094F82D1099B103EB430328460B
:1013900023449A889B792A80AB7011B0BDEC028BF4
:1013A00030BD002100222980A97094F82D10002959
:1013B000EBD1591C07EE103A02EB4202DFED3E3A48
:1013C00005EE101AB8EE477A224403EB4303B8EE59
:1013D000C55A284677EEC77A1C441379F7EE005AAF
:1013E00035EE475A06EE903A537987EE856A07EE56
:1013F000103A9379227907EE903A637904EE102A35
:1014000004EE903AA379F8EEE66AB8EEC77A05EEF4
:10141000103AF8EEE77AB8EEC44AF8EEE44AB8EECD
:10142000C55A36EE236A75EEC65A66EE866A27EE10
:10143000067A67EE867AE4EE256AA5EEA47AE5EEF2
:10144000857AFCEEE66ABCEEC77AFCEEE77A16EE29
:10145000901A17EE102A17EE903A29706A70AB7046
:1014600011B0BDEC028B30BD144A002309A905A8B8
:1014700009930A93B2F85C32CDED0B6AADF83030C7
:10148000D2F860320D93D2F864320E93D2F86832FB
:101490000F930CF0C9FB02AA05A909A807F024FDC7
:1014A0009DED090ADDED0A7A9DED0B7A22E7B0EE9B
:1014B000670A17F075FD46E700000000B8670020D6
:1014C0002DE9F0470C46916805469A46D4ED0D7A11
:1014D00092ED007AD2ED016A2DED028B9FEDA78A85
:1014E00090B0F4EE487A0491F1EE10FA04D094F83A
:1014F0007221002A00F0CA80FDEEE77AA0499FED34
:10150000A16ADFEDA15A17EE902A81FB0201D017E4
:101510001144C0EB21214FF4B47000FB112207EEFF
:10152000902AF8EEE77A37EEC66AB0EEC66AB4EEF5
:10153000E56AF1EE10FA40F1E580B1EE477AD4EDBC
:10154000097ABBEE046ADFED915A76EEE77A94ED04
:101550000A5AD4ED073A37EE457A94ED084A67EE19
:10156000A55ACDED027ADFED8A4AB3EE045A67EE52
:10157000066A8DED037AC5EEA37A86EE847A77EE5D
:10158000A47AFBFE677AFDEEE77A37EE057A17EE6E
:10159000902AFBFE477AFDEEE77AB2F5C36F17EEAD
:1015A000901A68D2132966D87A4FC817B4F8708198
:1015B00087FB01EC784E4FEA4809C0EBAC00366877
:1015C00087FB02C74FEAE27E844600EB8000CEEB49
:1015D000A70EA1EB4000B6FBF9F109FB11669C21B7
:1015E00001FB0C4C40F201214645F44494BF002617
:1015F00001269CF8387021FA00FC1CF0010F19D06C
:101600005A2F38D9002E36D0216953461A980A68C5
:10161000009005A8146802AAA047604B284609AAB2
:1016200005A9099307F03AFE284610B0BDEC028BDD
:10163000BDE8F0870EEB8E0EA2EB4E02C2F109025E
:10164000D2B2D140CB07DBD4A7F12F01C9B24F29C9
:101650007FD8534B03EB810189690144013A5A2F2A
:1016600011F8011C41FA02F202F0010279D9002EB0
:1016700071D0002AC8D0B4F81720637E2A80AB70DE
:10168000284610B0BDEC028BBDE8F087454A05A89E
:10169000D4ED0C5AB2F85C1294ED0B6A76EEE56A62
:1016A000ADF83010D2F8601237EE467ACDED036A0D
:1016B0000D91D2F86412D2F868220E9109A98DED2D
:1016C000027ACDED0B7A0F928DED098A8DED0A8AA3
:1016D0000CF0AAFA05A909A802AA07F005FC9DEDDD
:1016E0000B6ADDED097A36EE086A9DED0A7AD4EDD3
:1016F0000B6AD4ED0C5A77EEA66A8DED046A37EECC
:10170000257A1CE79FED286A37EEC66AB0EEC66AF6
:10171000B4EEE56AF1EE10FA06D5F1EE477AB1EED5
:10172000667AF0EE676A0AE79FED206A77EEC67A7E
:10173000F0EEE77AF4EEE57AF1EE10FA02D5F1EE8A
:10174000666AFCE6F0EE667AF0EE476AB0EE677A1B
:10175000F5E6174981E75A2F03D9002A7FF454AFE1
:1017600089E7002A87D0216953461A9C02AA086893
:10177000009404682846A04782E700BF00000000EC
:10178000B7600BB60000B442000034420000C3C48E
:101790000000C344676666660CC301200000344342
:1017A00064220020B8670020000034430000874313
:1017B000742200202DE9F04F104C87B0064600211E
:1017C000B4F98E29D4F8B009D31DDFF834B048BF7E
:1017D00002F10E03B4F98C29DB1003FB02F218F0BE
:1017E00067FE0020019602461FFA80F900230FFAD7
:1017F00080F800F0070A0BEB001C0BE0C05600203D
:10180000642200205200D2B212F0800F0FD10133B7
:10181000802B39D019B213F007069FB20D46F1D1D3
:101820000CEBE10292F8582112F0800FEFD0B4F9DE
:1018300090E98E45EBDDB4F992194145E7DD94F866
:101840009E19022900F0B682032900F0A88201291E
:10185000B4F98CE900F09D821F4656464546002D9E
:1018600003F10103B8BF0735802B4FEAE50515FBEF
:101870000E714FF00105D4F8B07905FA06F67D5CDB
:1018800045EA06057D54C5D101304028ACD1019E02
:10189000002140F20112BF4F96F8DC30C4F89819CD
:1018A000A4F89C29002B00F094823A78D6F8D8301E
:1018B0001AB9B94A127803EB820302AD19682846B7
:1018C00016F0AEFA2B4600220D2103200BF0DCFEB1
:1018D00002981FF051F83B78002B40F09282AE4BFB
:1018E0005B7802334FF0000856F823A0CDF8108043
:1018F00050468DF81480CDE9028819F083FC8146AA
:1019000058B101301FF030F838B1514680F80080EE
:101910000290CDE9039918F055FE2B4601220D21C6
:1019200022200BF0B1FE02981FF026F83B78002B26
:1019300040F06B82984BDB7902334FF0000856F889
:1019400023A0CDF8108050468DF81480CDE9028890
:1019500019F058FC814658B101301FF005F838B134
:10196000514680F800800290CDE9039918F02AFED4
:101970002B4607220D2142200BF086FE02981EF016
:10198000FBFF3B78002B40F03E82834BDB7820331B
:101990004FF0000856F823A0CDF8108050468DF87F
:1019A0001480CDE9028819F02DFC814658B1013030
:1019B0001EF0DAFF38B1514680F800800290CDE980
:1019C000039918F0FFFD2B4603220D2162200BF036
:1019D0005BFE02981EF0D0FF3B78002B40F0258282
:1019E0006D4BDB7A0C334FF0000856F823A0CDF88E
:1019F000108050468DF81480CDE9028819F002FC61
:101A0000814658B101301EF0AFFF38B1514680F821
:101A100000800290CDE9039918F0D4FD2B460B22EB
:101A20001C2103200BF030FE02981EF0A5FF3B782E
:101A3000002B40F0F881584B9B7802334FF00008A0
:101A400056F823A0CDF8108050468DF81480CDE9CB
:101A5000028819F0D7FB814658B101301EF084FF8F
:101A600038B1514680F800800290CDE9039918F012
:101A7000A9FD2B4602221C2122200BF005FE029814
:101A80001EF07AFF3B78002B40F0CB81424B1B7A53
:101A900016334FF0000856F823A0CDF810805046BA
:101AA0008DF81480CDE9028819F0ACFB814658B15D
:101AB00001301EF059FF38B1514680F80080029085
:101AC000CDE9039918F07EFD2B4608221C21422007
:101AD0000BF0DAFD02981EF04FFF3B78002B40F030
:101AE0009E812D4B5B7920334FF0000856F823A0E0
:101AF000CDF8108050468DF81480CDE9028819F099
:101B000081FB814658B101301EF02EFF38B151469D
:101B100080F800800290CDE9039918F053FD2B4620
:101B200005221C2162200BF0AFFD02981EF024FF5D
:101B30003B78002B40F07181174B5B7A22334FF0DA
:101B4000000856F823A0CDF8108050468DF8148078
:101B5000CDE9028819F056FB814658B101301EF0DC
:101B600003FF38B1514680F800800290CDE9039917
:101B700018F028FD2B4609222D2103200BF084FDAF
:101B800002981EF0F9FE3B78002B40F04481024B96
:101B90001B7903E089B101208CB1012002334FF0A1
:101BA000000856F823A0CDF8108050468DF8148018
:101BB000CDE9028819F026FB814658B101301EF0AC
:101BC000D3FE38B1514680F800800290CDE90399E8
:101BD00018F0F8FC2B4604222D2122200BF054FD96
:101BE00002981EF0C9FE3B78002B40F01281904B0A
:101BF0009B7A22334FF0000856F823A0CDF81080CE
:101C000050468DF81480CDE9028819F0FBFA814620
:101C100058B101301EF0A8FE38B1514680F800805E
:101C20000290CDE9039918F0CDFC2B460A223C2105
:101C300003200BF029FD02981EF09EFE3B78002B3E
:101C400040F0E5807A4B1B7B0233002756F8238057
:101C5000049740468DF81470CDE9027719F0D2FA56
:101C6000064650B101301EF07FFE30B1414607708C
:101C70000290CDE9036618F0A5FC2B463C210C220E
:101C800022200BF001FD02981EF076FE4FF0000CB2
:101C900023254FF0010E6146AFB24222002304EB30
:101CA0000C0608E04900C9B208060CD40133013221
:101CB000402B92B23BD013F0070F18B2F2D1C010F4
:101CC000315C0806F2D510B2B4F990898045EDDD9B
:101CD000B4F99289A845E9DD94F89E89B8F1020F1C
:101CE00046D0B8F1030F35D0B8F1010F29D0B4F9BF
:101CF0008CA9B946A846B8F1000F09F0070903F10D
:101D0000010302F10102B8BF08F107080EFA09F950
:101D1000402B92B24FEAE80818FB0A00D4F8B0A9A9
:101D20001AF8008028EA09080AF80080C3D17D1C4F
:101D30000CF1080CABB22DB2432BADD107B0BDE80E
:101D4000F08FB4F98CA9804691460AF1FF30C01B90
:101D500000B2D0E7B4F88E892846B4F98CA908F10E
:101D6000FF38A8EB02081FFA88F90FFA88F8C2E7D3
:101D7000B4F98CA9B4F88E890AF1FF3008F1FF3864
:101D8000801AA8EB070800B21FFA88F90FFA88F842
:101D9000B1E70EF1FF37A7EB09073FB25FE5B4F8F3
:101DA0008E69B4F98CE9013EF61B074635B206F0A0
:101DB000070654E5B4F98CE9B4F88E690EF1FF31E9
:101DC000013ECF1BA6EB09063FB235B206F007066F
:101DD00045E53A780AB9164B1B782C3302AD56F814
:101DE0002310284616F01CF82B46032000220D2154
:101DF0000BF04AFC02981EF0BFFD3B78002B3FF42D
:101E00006EAD00236DE50023C1E5002394E50023BA
:101E10001AE70023EDE60023C0E600238EE6002348
:101E200061E6002334E6002307E60023DAE500BF7D
:101E30008CB101202DE9F0414A4C4B4D94F8F079DA
:101E40001C2F52D895F86C32002B38D1474B3B44AD
:101E500093F85835FF2B48D01E0649D4444E3360C2
:101E6000336AD80704D408F0B1FD336AD907FAD52C
:101E70003F4BD3ED097AF8EEE77AB4F8F2293D4802
:101E8000531C911C05EB820289B2C2ED9C7A9BB275
:101E9000B4F8FE29B1F5007F05EB8303A4F8F2192D
:101EA00000EB820002F10102A4F8FE294FF00002CB
:101EB000C0ED007AC3F870222CD2BDE8F0812C4E20
:101EC000DFF8B88001E008F081FDB36C1B06FAD49E
:101ED000D8F8483013F08003F5D185F86C32234BE5
:101EE0003B4493F85835FF2BB6D1DFED237AC4E796
:101EF000224E03F07F033360336ADA0704D408F01C
:101F000065FD336ADB07FAD51C4BD3ED097AF8EE91
:101F1000E77AB2E71A4EF168F1B11A4B00201A4A7B
:101F20000B44F0601B1105EB8305C5F8880A886037
:101F30000120C860FF201549D0545378107883429F
:101F400028BF03469078D278834228BF0346934245
:101F500028BF134681F87A30012384F8FC39BDE8A4
:101F6000F08100BFC0560020B86700206422002026
:101F700000400C409CB301200000000000800C4099
:101F8000884A002000BFF7BF804A002000E400E03C
:101F9000D1ED857A9FEDBA7AF0EEE76AF0B5F4EE0E
:101FA000C76A0C460546F1EE10FA2DED068B8FB090
:101FB00040F1D280D2ED008A91ED837A92ED018AD0
:101FC000D1ED847A78EEC78A38EE678AD4ED819AAB
:101FD000B1EE699AB4EEE89AF1EE10FA05DDF4EE8E
:101FE000E89AF1EE10FA00F1968094ED82AAF1EEF3
:101FF0004A7AF4EEC87AF1EE10FA05DDB4EEC8AA1A
:10200000F1EE10FA00F18780F0EE680AB0EE480AAF
:1020100017F0ACFA9FED9B7A28EE088AC0EE077A9B
:10202000A8EEA88AB5EE408AF1EE10FA67EE8A8A29
:1020300000F11F81F1EEC8AA94F828349FED926A4E
:1020400007EE903A94F829249FED900AF8EE677A0B
:1020500079EEA86A39EEA95A36EE677AC9EEA75A20
:1020600066EE876A86EE857A77EE277AFCEEE77A67
:10207000CDED037A9DF80C30591C07EE103A07EEAF
:10208000901AF8EEC76AB0EE497AF8EEE77AA5EE54
:10209000A67AA5EEA79A78EEC78A39EE479AC8EED7
:1020A000897A77EE867A002A3DD127EE800A9E0053
:1020B00017F094FBF7EE007AB6EE006AD4F82472BB
:1020C00037EEC00ABB19D3ED016A20EE060A93ED84
:1020D000007A77EEC07A20EE260AA7EE270AF1EE04
:1020E0006A7A94F82A34F7EE006A87EE8A7A37EE35
:1020F000267A002B5BD1B1EE006ADFED657A002312
:10210000E0EE067A76EEE77A77EEC77AF5EEC07AF9
:10211000F1EE10FA7BD4002328462B80AB700FB071
:10212000BDEC068BF0BD27EE800A04EB830617F0AA
:1021300055FBF7EE007AB6EE006AD6ED8B6A96EDA7
:102140008A7A37EEC00A20EE060A77EEC07A20EED1
:10215000260AA7EE270AC2E79FED4E7AD1ED84AAA0
:1021600027EE878AD2ED018A91ED83AAD2ED009AFB
:1021700078EEEA8AB0EE480A17F030FBB0EE409AEB
:10218000B0EE480A79EECA9A17F024FA28EE898A46
:1021900060EE688AA9EE808AE9EE898A3AEE888A3A
:1021A0007AEE288A38EE6A8A78EECA8A0EE7DFED80
:1021B0003A7AF1EE045A94ED876A60EE277A36EEA9
:1021C000656A77EEAA5AF4EEC65AF1EE10FAA2DD6D
:1021D0007AEEE77AB4EEE76AF1EE10FA9BDD9FED56
:1021E0002F6ADFED2F7AE0EE46AAF4EEE7AAF1EED1
:1021F00010FA2FDCDFED2B7AF4EEE7AAF1EE10FAFD
:1022000089D576EEC06AD4F87C14002303E076EE1C
:10221000C06AD4F87C1476EEC76A0A68166806931A
:1022200007930893CDED056A099305AA0A9304A8BC
:102230000B930C930D930BAB009308ABB047284660
:1022400004F5067204A907F029F828460FB0BDEC82
:10225000068BF0BD30EE260AD4F87C1400230A6801
:1022600030EE470A16680693079308938DED050A2A
:10227000DAE7B0EE480A16F093FEF0EE40AADBE68D
:10228000CDCCCC3DDB0FC94000000000DB0F494046
:102290009A99193E35FA8E3C0000164300004842D8
:1022A000000096420000FA42D1ED0A7AF5EE407A3B
:1022B00070B5F1EE10FA96680C4605462DED048BCC
:1022C000D2ED008A8EB092ED018ACDED008A8DEDBF
:1022D000018A029646D128EE080AA8EEA80AB5EEB1
:1022E000400AF1EE10FA6FD4B1EEC09AF0EE680A2F
:1022F000B0EE480A17F03AF9F0EE407AD4ED086AE9
:10230000B7EEC90A9FED357A67EEA67AD4ED098A51
:102310009FED301B87EE878A16F064FE237B2846EC
:10232000626807EE903AB7EEC00BF8EEE77AB0EECF
:10233000487AA8EE807AFBFE476A37EE667A67EE47
:10234000877AFBFE677AFDEEE77A17EE903A03EBA9
:102350004303D118D25A8B782A80AB700EB0BDECF3
:10236000048B70BD1E4A002307A903A80793089396
:10237000B2F85C32CDED097AADF82830D2F860328F
:102380000B93D2F864320C93D2F868320D930BF0B1
:102390004BFC94ED057A03A9D4ED047A07A838EE36
:1023A000478A6A4678EEE78A02968DED018ACDED7E
:1023B000008A06F099FDDDED078A9DED088ACDEDD6
:1023C000008A8DED018A86E716F0EAFDB0EE409AAC
:1023D0008CE700BF000000403333D33FDB0F4940A0
:1023E000B867002030B583B004462831069D0095BB
:1023F000FFF75AFF204603B030BD00BF70B504465A
:1024000004302DED068BB0EE408A96B006F0DEFF6C
:10241000DFEDDF7ADFEDDF5AB6EE009A68EE277A5D
:10242000DFEDDD6AF2EE084A04F20C76B0EE496A9E
:10243000DFEDDAAA77EEA77A96ED007A9FEDD85A0B
:10244000A0EE246ADFEDD79A67EEA57A37EE2A7AF6
:10245000E0EE059AC7EEA68A86ED007A84ED116A51
:1024600068EE898AB0EE680A17F0B4F8B0EE408AD8
:10247000B0EE680A17F0B2F9256B28EE098AB7EEBC
:10248000009A2B78F0EE408A06EE903A6B7830EEA8
:10249000499A07EE103AAB78B0EEC8AAB0EEC99AE6
:1024A00007EE903AF8EE666AB8EE477AB4EEEA9A2A
:1024B000F8EE677AF1EE10FA05D5B4EEEAAAF1EE7D
:1024C00010FA00F18C8128EE086A0023CDED036A32
:1024D0008DED047AB0EE460A0293CDED057AA8EEB2
:1024E000A80A30EE060A30EE060AB5EE400AF1EE12
:1024F00010FA00F1E482B1EEC07A02AA06A912A88D
:10250000F7EE006AC6EE877A28EE277A68EEA77A99
:10251000F1EE476A8DED077ACDED067A8DED087AFA
:102520008DED097ACDED0A7ACDED0B6ACDED0C6A11
:10253000CDED0D6A06F0CCFD0AAA12A90EA806F090
:10254000C7FDDDED0F6A9FED986A9DED107AF4EE00
:10255000C66ADDED117AF1EE10FA40F32781FF2112
:10256000DFED916AB4EEE67AF1EE10FA00F32C8119
:10257000B5EEC07AF1EE10FA40F1828200229FEDB2
:102580008A7AF4EEC77AF1EE10FA00F32681F5EEBE
:10259000C07AF1EE10FA00F17A82FCEEE77ACDED26
:1025A000017A9DF8043084F8241084F8252084F8FA
:1025B00026309FED7A6AEB78B4EEC69A06EE903A32
:1025C0002B7907EE103A6B79F1EE10FA07EE903A9C
:1025D000F8EE666AB8EE477AF8EE677A40F1D18194
:1025E000B4EEC6AAF1EE10FA40F1CB81FCEEE66A39
:1025F000CDED016A9DF80410DFED6B6AB4EEE67A6A
:10260000F1EE10FA00F31782B5EEC07AF1EE10FA8F
:1026100040F13F8200229FED647AF4EEC77AF1EE3A
:1026200010FA00F31182F5EEC07AF1EE10FA00F123
:102630001382FCEEE77ACDED017A9DF8043084F840
:10264000271084F8282084F829309FED546AAB794C
:10265000B4EEC69A06EE903AEB7907EE103A2B7A72
:10266000F1EE10FA07EE903AF8EE666AB8EE477AA5
:10267000F8EE677A40F12081B4EEC6AAF1EE10FAC6
:1026800040F11A81FCEEE66ACDED016A9DF8041076
:10269000DFED456AB4EEE67AF1EE10FA00F36681FA
:1026A000B5EEC07AF1EE10FA40F1E18100229FED23
:1026B0003E7AF4EEC77AF1EE10FA00F36081F5EE9F
:1026C000C07AF1EE10FA00F1D981FCEEE77ACDED97
:1026D000017A9DF8043084F82A1084F82B2084F8BD
:1026E0002C309FED2E6A6B7AB4EEC69A06EE903AC5
:1026F000AB7A07EE103AEB7AF1EE10FA07EE903A69
:10270000F8EE666AB8EE477AF8EE677A6ED5B4EE00
:10271000C6AAF1EE10FA69D5FCEEE66ACDED016AC3
:102720009DF80410DFED206AB4EEE67AF1EE10FABF
:1027300000F3B780B5EEC07AF1EE10FA40F1908167
:1027400000229FED197AF4EEC77AF1EE10FA00F349
:10275000B180F5EEC07AF1EE10FA00F17F81FCEE67
:10276000E77ACDED017A9DF8043084F82D1084F8D5
:102770002E2084F82F30C4ED179AC4ED189AC4EDBA
:10278000199A3368A36716B0BDEC068B70BD00BF05
:102790000000B443DB0F4940000034436F12833A1A
:1027A0006F12833B0AD7A33B00007F43F5EEC06A5C
:1027B000F1EE10FA13D55FED046A0021B4EEE67A6B
:1027C000F1EE10FA7FF7D4AE1FED097AFF22F4EE96
:1027D000C77AF1EE10FA7FF7DAAEFF23E3E6FCEEFC
:1027E000E66ACDED016A9DF80410B9E628EE086AA4
:1027F0000023CDED036A8DED047AB0EE460A029314
:10280000CDED057AA8EEA80A36EE000A30EE060AEB
:10281000B5EE400AF1EE10FA00F14281B1EEC07A55
:1028200002AA06A912A8F7EE006AC6EE877A28EE79
:10283000278A68EEA78AF1EE487A8DED078ACDEDFA
:10284000068A8DED088ACDED0B7ACDED0C7ACDEDB3
:102850000D7A8DED098ACDED0A8A06F039FC0AAAB7
:1028600012A90EA806F034FCDDED0F6A1FED326AE6
:102870009DED107AF4EEC66ADDED117AF1EE10FAF4
:1028800000F3E880F5EEC06AF1EE10FA7FF544AF90
:102890005FED3B6A0021B4EEE67AF1EE10FA7FF7C5
:1028A00049AF1FED3F7AFF22F4EEC77AF1EE10FA3E
:1028B0007FF74FAFFF2358E728EE086A0023CDEDDE
:1028C000036A8DED047AB0EE460A0293CDED057AE7
:1028D000A8EEA80A36EE000A30EE060AB5EE400A67
:1028E000F1EE10FA00F1E180B1EEC07A02AA06A979
:1028F00012A8F7EE006AC6EE877A28EE277A68EE0D
:10290000A77AF1EE476A8DED077ACDED067A8DED67
:10291000087A8DED097ACDED0A7ACDED0B6ACDED11
:102920000C6ACDED0D6A06F0D3FB0AAA12A90EA817
:1029300006F0CEFBDDED0F6A1FED656A9DED107AA6
:10294000F4EEC66ADDED117AF1EE10FA7EDCF5EEFA
:10295000C06AF1EE10FA7FF595AE5FED6D6A002169
:10296000B4EEE67AF1EE10FA7FF79AAE1FED727AC6
:10297000FF22F4EEC77AF1EE10FA7FF7A0AEFF2344
:10298000A9E628EE086A0023CDED036A8DED047AEE
:10299000B0EE460A0293CDED057AA8EEA80A36EE0F
:1029A000000A30EE060AB5EE400AF1EE10FA00F128
:1029B0008180B1EEC07A02AA06A912A8F7EE006AD9
:1029C000C6EE877A28EE277A68EEA77AF1EE476A94
:1029D0008DED077ACDED067A8DED087A8DED097AC9
:1029E000CDED0A7ACDED0B6ACDED0C6ACDED0D6A19
:1029F00006F06EFB0AAA12A90EA806F069FBDDED2F
:102A00000F6A1FED976A9DED107AF4EEC66ADDED50
:102A1000117AF1EE10FA1BDCF5EEC06AF1EE10FA55
:102A20007FF5E4AD5FEDA06A0021B4EEE67AF1EE49
:102A300010FA7FF7E9AD1FEDA47AFF22F4EEC77A12
:102A4000F1EE10FA7FF7EFADFF23F8E5FF211FE667
:102A5000FF21D1E5FF2165E60023F0E5002384E6B0
:102A6000BCEEC77A8DED017A9DF8042069E6BCEED4
:102A7000C77A8DED017A9DF8042018E600232AE636
:102A8000BCEEC77A8DED017A9DF8042077E500232E
:102A900089E5BCEEC77A8DED017A9DF80420BAE590
:102AA00016F07EFAB0EE407ABAE616F079FAB0EE99
:102AB000407A1BE716F074FAB0EE407A7BE716F026
:102AC0006FFAB0EE407A18E5704700BF704700BF5C
:102AD000704700BF704700BF704700BF026812B365
:102AE000114B124913441B1110B401EB8301002454
:102AF000C1F8884A01219460FF24D1600C4A0D4935
:102B0000D45413785478A34228BF23469478D278BB
:102B1000A34228BF2346934228BF134681F87A3048
:102B20005DF8044B7047704700BFF7BFB8670020DF
:102B3000804A002000E400E0704700BF704700BFFB
:102B4000704700BF70B5074B0646044600F5007598
:102B5000036054F8040F08B11DF00EFFAC42F8D129
:102B6000304670BDF4200020704700BF704700BFA2
:102B700070B5074B0646044600F50075036054F82F
:102B8000040F08B11DF0F8FEAC42F8D1304670BD1C
:102B9000E0200020F8B52DED028B90F8B460F0EE47
:102BA000408A0446272E0ED8721C00EB8603D0B252
:102BB000012884F8B40083ED010A94ED018A1DD048
:102BC00004F108050BE000F108059C2204302946B9
:102BD0001DF0B8FD94ED018A3046C4ED288A2946DF
:102BE0000123F1EC017A0133F4EE487ADAB2F1EE26
:102BF00010FA48BFB0EE678A8242F2D3256804EB30
:102C00008506D6ED287AF4EE487AF1EE10FA02D174
:102C100094F8B53093B915F0FF0704F1A40306D07A
:102C20001846BA0004F1A8011DF08CFD034603EB21
:102C30008703002243F8042C86ED288A002D17DD37
:102C40000023DFED0D7A1A46013304EB8202DBB27A
:102C500092ED297A9D4277EE877A1A46F4DC07EEE8
:102C6000105AB8EEC70ABDEC028B87EE800AF8BD99
:102C7000DFED017AF3E700BF000000002DE9F04F1F
:102C8000C04B00F5405504461B68EA6FB5F880104C
:102C90009A1A2DED0C8B8A4295B0F0EE408A04957D
:102CA000C0F0A482049AD367B74B1B78002B00F0C6
:102CB000A982B64BF3EE096ADFEDB57A93ED007A9F
:102CC000A3F64423DFEDB35AE7EE276A0393B24B32
:102CD0009FEDB27AD3ED019A76EEE97AF0EEE77ADB
:102CE000F4EEC77AF1EE10FA1FD493ED006AF5EE18
:102CF000007A93ED027A93ED065A29EE877A26EE52
:102D0000055A83ED037A37EE057A83ED045A37EEE0
:102D1000267AF0EE466A83ED057AE7EE276AE6EE5C
:102D2000A79AC3ED006AC3ED019A9D4B9FED9B7A74
:102D300093ED019A75EEC97AF0EEE77AF4EEC77A70
:102D4000F1EE10FA1DD4D3ED006AF5EE007A93EDA2
:102D5000027A93ED066A29EE077A26EE866A83EDFB
:102D6000037A37EE067A83ED046A37EE257AE7EECA
:102D7000276A83ED057AA6EEA79AC3ED006A83ED74
:102D8000019A884DB0EE680A9FED878A05F52A639F
:102D90008648874E83ED009AFFF730FB28EE888A3D
:102DA00096ED070A38EE088A28EE000A16F012FCA3
:102DB000F0EE40AA96ED080A28EE000A16F00AFC8A
:102DC000B0EE40AA96ED090A7A4E28EE000A16F0F7
:102DD00001FCB1EE006A9FED787AF0EE085AF0EE51
:102DE000697A05F6A423AAEE067A05F6AC2260EE0F
:102DF000066AD5F8B41ADAEE867A93ED016AD5F848
:102E0000BC8AC6ED0D6A0591A9EE257AD3ED005A6C
:102E10006A4B77EEA57A1360F362694B37EE067A58
:102E2000C5ED767AC6ED097A536085ED777A86ED41
:102E30000A7A3363B8F1000F00F0068208F101004E
:102E40001DF092FD0746002800F0FE81059917F05D
:102E5000B9FB5FFA88F19C2941F2F78138461DF0F1
:102E60008BFDD5F8CC3A0B2B40F2F781D5F8C86A28
:102E70000C22544BC5F8D02A07CB1B783060716008
:102E8000B2603373404B1B78002B41F0DB814E4F17
:102E900079780DA80AF04CFB0F9A0D994B4814F065
:102EA00081FF0D981DF068FD374B1B78002B41F01A
:102EB000C681454FB9780DA80AF03AFB0F9A0D99D3
:102EC000424814F06FFF0D981DF056FD2E4B1B78F5
:102ED000002B41F0DF813C4F3D49FA783D4B002A01
:102EE00018BF19460C22394814F05CFF264B1B789A
:102EF000002B41F0CC81344F39790DA80AF018FB32
:102F00000F9A0D99314814F04DFF0D981DF034FDC6
:102F10001D4B1B78002B41F0C0812B4F2C497A7937
:102F20002C4B002A18BF19460C22284814F03AFFEF
:102F3000154B1B78002B41F06A81234F2549BA7944
:102F4000234B002A08BF19460C22204814F02AFF00
:102F50000D4B1B78002B41F066811B4FF9790DA8B2
:102F60000AF0E6FA0F9A0D99184814F01BFF0D9815
:102F70001DF002FD044B1B78002B41F05181124FD4
:102F8000397A29E00CC3012089B1012004610020B5
:102F9000C54E6C3F0000C842C46000200AD7233CE5
:102FA000E4600020B8670020DB0F49408062002009
:102FB000884A00200C610020000020420000C84226
:102FC00000004842A04500208CB101208072002002
:102FD00080450020904500200DA80AF0A9FA0F9A1C
:102FE0000D99AE4814F0DEFE0D981DF0C5FCAC4BFB
:102FF0001B78002B41F01181AA4F797A0DA80AF0B5
:1030000097FA0F9A0D99A54814F0CCFE0D981DF073
:10301000B3FCA34B1B78002B41F0FC80A14FB97A85
:103020000DA80AF085FA0F9A0D999C4814F0BAFE83
:103030000D981DF0A1FC9A4B1B78002B41F0F980F4
:10304000984FF97A0DA80AF073FA0F9A0D999348E0
:1030500014F0A8FE0D981DF08FFC914B1B78002BEF
:1030600041F0E4808F4F397B0DA80AF061FA0D9989
:103070000F9A8A4814F096FE0D981DF07DFCD5F845
:10308000C81AD5F8D07A0591002F01F0D580781CA8
:103090001DF06AFC0646002801F0CE80059917F065
:1030A00091FAF8B29C2841F28F8030461DF064FC02
:1030B0007B4B1E78002E41F052807A4F3B7895F87A
:1030C000D82A9A4201F0478085F8D83A764B9FED8E
:1030D000776A93ED007ADFED767AB8EE477AC7EE3D
:1030E000066A77EEE67AC5ED957A6F4BDFED6F6A8B
:1030F00093ED007A95ED908AB8EE477AD5ED910A76
:1031000070EEC80A87EE260A30EE270A16F030FA6B
:1031100038EE000A95F8483285ED940A23B195F807
:103120004A22002A40F0D687002E40F0BC875D4F2F
:10313000FB7A013BDBB2032B01F212875D4A02EB03
:103140008303D3F87435B7EE007AD5ED967AF4EEB2
:10315000C77AF1EE10FA40F3978083ED017A3B7B5A
:1031600003EB830303EB8303DBB204F5005696F80D
:1031700010A786F81137BAF1270F00F2E7804E4901
:1031800011F82A2001EB8A09012A00F09D80022A09
:1031900040F0DC8099F80120C2F30110032801F00F
:1031A0003487464901EB803102F0030001EB401CFB
:1031B0004FEA401EBCF80670BCF81020B8B2C0F14F
:1031C000011010FA82F2571E07FB03F3B7EB132F1F
:1031D0004FEA132041F21487131AC3F101039BB283
:1031E000714480B2ACF806300882A8E0012007F0F4
:1031F00035FC2D4BEA6F1B68B5F880109A1A8A428D
:10320000F4D34FE52E4AB2EE0A5A9FED2E6AB7EE7E
:10321000007A92F80838F3EE096ADFED255A002BA0
:1032200003F10103039207EE903A46FE255A02F697
:103230004423F8EEE77A87EE856A77EE467A93EDD7
:10324000007AE7EE876A42E5002738461DF094FBD6
:10325000D5F8CC3A0B2B3FF609AE0D21D5F8C80AAC
:103260001DF092FB0646002801F02A800C23C5F8C9
:10327000C80AC5F8CC3AD5F8D03A002B7FF4F8AD9F
:103280000370D5F8C86AF3E5F5EEC07A0022F1EED6
:1032900010FA41F1BD865A6061E700BF80720020DC
:1032A00089B101208CB101200CC3012000007A44B7
:1032B00000000000642200205421002000C01D40B6
:1032C000C05600200000C84299F80100C0F3011167
:1032D000032901F01D86984A02EB813200F00300B9
:1032E000012199F802C0814000EB400002EB401E32
:1032F0001FFA81F8BEF80E104FEA0810B2F8887174
:1033000089B2BFB201FB033380B21B0A07438B4271
:10331000A2F8887128BF0B46BCF1010F01F013869B
:10332000BCF1020F01F00486BCF1000F01F0F3853F
:10333000B2F888319BB248EA0308A2F888817F4B33
:1033400099F8032003EB0A135B681A6042F2F060FD
:10335000204406F03BF804F51C5084EDAD0A06F05D
:1033600035F8774B84EDAE0A1B78002B40F08B814B
:10337000744F7B79002B00F09A80039B724A93F87C
:103380007839D2F80080002B41F001860CAB0DEEAD
:10339000103A6D4B1B68A3EB0803642B01F2EF8519
:1033A000B5F8DA3AB5F8E01A08EE103A664B1A6842
:1033B000D5F8DC3AD31A8B4281F0D585634B93ED77
:1033C000000A039BB8EEC88AB3F81C2893F880392A
:1033D00007EE902A5C4AF8EEE77A1268059277EEDB
:1033E000807AB4EEE78AF1EE10FACCBF0122002217
:1033F00084F8A82203B395F81C3B002B01F00F863C
:103400000223039801221DEE101A00930823D0F81E
:103410007C098DF830300DAB13F016F9002801F05F
:10342000FB85BDF834304FF6FF72934201F0F4850E
:10343000C3F30A03A5F81E3B434B059A1B689B1A6E
:10344000642B01F29B86B5F81E3BB5F8241B08EEF1
:10345000103A3D4B1A68D5F8203BD31A8B4281F0C5
:103460006D863B4B93ED000A039BB8EEC88A44F28D
:103470004408B3F87A39A04407EE903A304BF8EE9E
:10348000E77A1B7877EE807AB4EEE78AF1EE10FAED
:10349000CCBF0122002284F8A822002B40F0F98042
:1034A000FB7A013BDBB2032B0CD92A4B0FE00CABB0
:1034B00044F244080DEE103AFB7AA044013BDBB223
:1034C000032BF2D8244A02EB8303D3F8743504F5B6
:1034D000804BCBF824311C4BBBF82C111A68DBF85D
:1034E0002831D31A8B4280F0E380C4F818801B493E
:1034F0003B79FA7801FB03F31949053B81FB030192
:10350000DB17C3EBA10303F57A7307EE903A41F2A0
:103510006403F8EEE77A3344C3ED007A002A40D022
:10352000104BBBF8407093ED0A7A97B343F6C6721E
:10353000002322441EE000BF00C03D40381E002092
:1035400089B101208CB101200CC301209C720020A4
:10355000E072002050720020642200204AFCFFFF2D
:1035600067666666884A0020CDCC4C3D013399B22F
:10357000B9420ED232F8021F6B29F7D1F6EE007A6B
:1035800003F2D223049A67EE277A02EB8303C3ED9A
:10359000217A5FED0B7AB4EEE77AF1EE10FA00F3E0
:1035A0000387039B93F8FC39002B40F0F7826A4BAA
:1035B00003981A68D0F8F439B0F8F819D31A8B4286
:1035C000C0F0EC82C0F8F429DFED647AB1EE007A45
:1035D000634B04F5805568EEA77A197805F69403D5
:1035E00027EE877A83ED867A002940F058855D4B77
:1035F0009B79002B13BF0122002201230023F0EE50
:10360000005AD4EDAD6AF2EE043A9FED577AB3EE6C
:10361000096A85F8B92C76EEA56A85F8BA3CF6EE0B
:10362000004A05F55163B2EE004A05F61472A6EEA3
:10363000A37AA6EEA56A37EEA75A67EE847A27EE3C
:10364000247A83ED876A82ED007A82ED017AC3EDF8
:10365000867A83ED855AC6EDEA7A002940F08285A4
:10366000404F3B7A013B0A2B00F29380DFE813F0D6
:10367000A00B750B4A0B1F0BE30AB80A8D0A620AEE
:10368000370A0C0A570044F244080CABA0440DEE74
:10369000103A314B04F5804B1A68344BBBF82C11AF
:1036A000CBF82431DBF82831D31A8B42C0F0838564
:1036B0009BF83031CBF8282143B39BF83131002BF4
:1036C00041F0A183DBF84421234B02F6C4111B68AF
:1036D000994201F2A58341F2883313441E4A1268CD
:1036E000934201F20A8601238BF831311A4B1F688D
:1036F00013F0DCFC184B1B68DB1BFA2B01F28883F0
:103700004FF4006200211A4816F0D2FE144BC4F8A0
:1037100018801B78002B40F05085124FE7E60021FF
:1037200004F6F82C95F8E4010B4602E0CBB298427F
:103730002FD303F5CB72013104EB8202D2F83C2B7C
:103740009445F3D1B5F8841098B211B341F25A02FE
:103750000023224413E000BF0CC301200000B44347
:1037600089B101208CB10120000048425072002034
:10377000C056002001331FFA83FC614509D932F895
:1037800002CF8445F6D104EB8303D04A03F60873D5
:103790001A607B7A4FF0FF094FF000080DAA03EB87
:1037A000C3031DEE101A0BA8ADF830909B008DF8E6
:1037B000328007EE903AF8EEE77ACDED0D7A05F01B
:1037C0006DFDBB7AADF8309003EBC3038DF832800A
:1037D0009B0007EE903AF8EEE77A0DAA1DEE101A5C
:1037E0000AA8CDED0D7A05F059FDB94B9DF82C20B6
:1037F00006F5B269D3ED007A9DF82A30F8EE677AC3
:103800009FEDB47A84F8093B84F8153B002387EEDA
:10381000870A62F307039DF82D2062F30F239DF8BA
:103820002E2062F317439DF8282062F31F63C4F82B
:1038300004330B9BA4F8043B1B0C84F8063B84F870
:10384000123BBDF82830A4F8073BBDF82930A4F896
:103850000833B4F8043B99ED198AD9ED1A0AD9ED69
:103860001E7AA4F8103B70EEC80AB4F8073B30EE9D
:10387000270AA4F8133BB4F80433A4F8103394F8DF
:10388000063384F81233B4F80733A4F8133394F8EA
:10389000093384F8153315F06BFE38EE000A89ED14
:1038A0001D0A96F8FC7527B196F8FE35002B40F0FE
:1038B000328143F2840004F6F4172044FBF772F9D6
:1038C00004F5357005F082FD04F53970B0EE408ADC
:1038D00005F07CFD04F53D70B0EE409A05F076FDF4
:1038E000DFED7D6ADFED7D7A04F5317097ED007ACA
:1038F000F0EE679A9FED7A6AB0EE67AAE9EE267A53
:10390000E0EE269AA8EE26AAB0EE678A77EE067A4F
:10391000C7ED007A05F05AFD84EDD1AA84EDCB0AFB
:1039200004F6FC1084EDD28AC4EDD39A3B6804F609
:103930004C27C4F8603305F049FDF7EE006ADFED6F
:10394000697A04F5226304F52361002036EEE87AF3
:10395000DFF8B8C104F5286227EE277AD7ED157A8B
:1039600083ED090A77EEE67A83ED0A7A04F664239A
:103970000860C1F804C05C49C7ED157A196350604E
:1039800004F53460C2ED007A584ADA62FBF700FAB7
:1039900095F8E41181B195F84001012304EB83020D
:1039A0005F1C834202F58052FBB203D2D2F844710D
:1039B000C2F8F0709942F1D241F2EC102044FBF7CA
:1039C000E7F995F8901891B195F8EC07012204EB0E
:1039D0008203571C904203F58053FAB205D903F5D0
:1039E000FE6703F29C733F681F608A42EFD9404B29
:1039F0001B78002B40F0DC833E4BDB7904EE903AE1
:103A0000F8EEE44A3C4BB3EE046A9FED3C7AB6EE26
:103A1000004AD3ED006AF1EE003AD4EDAB7A05F638
:103A20001C75C6EE872A9FED363ADFED366AD4ED77
:103A3000AD5A94EDAE5A94EDAC7A87EE862A049B8B
:103A4000E7EEC47AB7EE006A65EEA35A25EE235A74
:103A5000DFED2D3AE2EE836AA7EE045AE2EE247A15
:103A600036EEC66A85ED015AB0EEC66AE7EE845AB4
:103A7000B4EEE36AF1EE10FAC5ED005AD3ED1A5A2E
:103A8000A7EE657A40F1878306F23C6206F2346362
:103A9000F6EE006A06F22C66C2ED007A82ED017A3B
:103AA000D3ED005A93ED016A77EEA57A37EE067AE8
:103AB00067EEA67A27EE267AC6ED007A86ED017AC1
:103AC00015B0BDEC0C8BBDE8F08F00BFCDCC4C3FEA
:103AD0000CC3012000007A440AD7A33B4260E53BB7
:103AE0000AD7233B0000B4430000B4420000C042A8
:103AF00089B101208CB10120587200200000C84219
:103B00009A99193FCDCCCC3E6F12833A0000964271
:103B1000000000001F467B1EDBB203F1010809EB29
:103B2000C802D2ED017AF4EEC07AF1EE10FAF1D8C3
:103B30003FB230EE670A96F8903504EBC7075FEDA9
:103B40000C6A012B07F5005707F29C5292ED007AA0
:103B500077EE677A80EE277A37EE267A00F00484D3
:103B6000022B40F0F28306F5B26303EBC803D3EDFA
:103B7000027A06F5B263C3ED1C7A96F8FD35002B88
:103B80003FF497AED6F89425012BC2ED007A3FF4AE
:103B900090AED6F89835C3ED007A8AE6E04F002261
:103BA000012107F1040CB846384613461FE008EB24
:103BB000C30E5CF8049CDEF800A04CF804ACCEF810
:103BC0000090DEF804904368C0F80490CEF804300A
:103BD000CB0111F0020F02F1010201F10101DBB290
:103BE00000F108000CF1080C18BF43F0400312F07C
:103BF000040F18BF43F0200312F0080F18BF43F062
:103C0000100312F0100F18BF43F0080312F0200F3A
:103C100018BF43F0040312F0400F18BF43F0020333
:103C20005FEAD21E18BF43F001039A42BFDBB1F531
:103C3000807FCDD1BFEE008A9FEDBA4A9FEDBAAA30
:103C40004FF0010BDFEDB99A05940123B1EE444A20
:103C5000F7EE004ABE4603FA0BFC0823B0EE4A5AC0
:103C60004FF000084FEA6C0903FA0BF44FEAC90A57
:103C70000AEB0E030EF104017246404693ED016A11
:103C80006044D3ED005A25EE467A51ED016A65EEA7
:103C9000857AFF28A4EEA57AE4EE867A76EEC76AE6
:103CA000C3ED006AD2ED016A76EEE76AC3ED016A00
:103CB000234451ED016A36EE877A01ED017A214401
:103CC00092ED017A77EE277AC2ED017A2244D5DDB2
:103CD00008F1010865EE447A25EE085A0EF1080E47
:103CE000C145E4EE887AA4EE845A02D0F0EE674A29
:103CF000BEE70BF1010BBBF1090F16D0012303FA4C
:103D00000BF35B1007EE903AF8EEE77A89EEA79A8C
:103D1000B0EE490A15F062FDB0EE408AB0EE490AF5
:103D200015F058FCB0EE404A8FE7059C07F5006996
:103D3000DFF81C8297ED010AD7ED007A20EE000A29
:103D4000A7EEA70AB5EE400AF1EE10FA01F16D8474
:103D5000F1EEC07A08374F45E8EC017AEAD1744BAE
:103D6000F7EE009A9FED709A4FF0010AD3ED007ABA
:103D70004FF00009D3ED01AAB0EE49AA6D4BB1EEA8
:103D800067BA6D4A7AEEE7AADFED6CBA9B46DFF8B8
:103D9000C4811746CDE90546DFED637A5FFA89F6FF
:103DA000674901221FFA89F41FFA8AFC93B2013293
:103DB0009C4205D89C4503D391ED007A77EE877A33
:103DC000802A01F10401F1D1AAEB0902013207EEC8
:103DD000102AB8EEC70A87EE800A15F0B1F898F8F5
:103DE000504018ED01CAA8F10402132CB3EE047A76
:103DF000F0EE4B7A79EECCCAE0EE077A87EEAA8A2B
:103E000038EE0A8AB0EEC88A00F2A68002EB84027D
:103E10000134E4B288F8504082ED018ADFED427A45
:103E2000414600220132B1EC017AD3B277EE877AB3
:103E3000A342F7D307EE104AF8EEC76A87EEA67AD8
:103E400067EE2C7AE8EE0C7A78EE677A77EEA77A4E
:103E5000F4EEE97AF1EE10FA59DDF7EE007A06EBAE
:103E6000C602C8ED157AEBEC017A06EB420303EBD0
:103E7000C303C3F3850242EA8313DBB2152B74D963
:103E800009F101090AF1010A043708F15C08B9F1E6
:103E90007F0F81D1F2EE047A9FED2A7ADDE90546A3
:103EA00069EE277A67EEA77AF4EEC77AF1EE10FA98
:103EB00040F3F280F1EE046AB7EE007A67EEA67A7C
:103EC000F4EE477AF1EE10FA77FE277A184B4FF4AA
:103ED0000062002112481D46C3ED0A7A16F0E8FA86
:103EE000194B2A8905F10C000399B3FBF2F303EB9C
:103EF0004303DA000023013A81F8FC39A1F8F239D2
:103F0000A1F8FE39114913F0A7FFFFF75DBBF5EEED
:103F1000C07AF1EE10FAA2D5F0EE4A7A9FE700BF20
:103F2000286A00202EBDBBB300000000DB0F494013
:103F3000884A00209CB101209CB3012000008039F8
:103F40001C730020CDCC4C3E40420F0031ED0000F0
:103F5000187300208C7800204C2208F104014046A0
:103F60001CF0F0FB88ED138A58E797ED008ACC4CE3
:103F700028EE2B8A95F88C3F94ED3A7AD4ED006ABE
:103F8000092B38EE477A39EEE66AB0EEC77A66D981
:103F90002269D4ED035AE260626994ED025A22610B
:103FA000A26975EE0A7A84ED015A6261E26977EEE0
:103FB000A57AC4ED025AA261226AE261626A2262B3
:103FC000A26A84ED0A7A6262D4ED035A032B77EE7B
:103FD000A57A27D0D4ED045A042B77EEA57A21D008
:103FE000D4ED055A052B77EEA57A1BD0D4ED065AF1
:103FF000062B77EEA57A15D0D4ED075A072B77EE6E
:10400000A57A0FD0D4ED085A082B77EEA57A09D0FF
:10401000D4ED095A092B77EEA57A03D0D4ED0A5ACC
:1040200077EEA57A05EE903A9E48F8EEE55A87EECF
:10403000A59A29EE069AA7EE269AB0EE490AFEF74F
:10404000A9FD39EE409A84ED3A8AB4EEE99AF1EE90
:1040500010FA19DDB7EE009A84ED3B9A10E75A1C6E
:1040600004EB830383ED017AD3B2D4ED017A012B03
:1040700085F88C3F77EE8A7AD4D0D4ED025A022BA1
:1040800077EEA57AA0D1CDE7B5EEC09AF1EE10FAA1
:10409000E2D5B0EE4A9ADFE7DFED877A16E70B4606
:1040A0000022FFF7ACBAB7EE007AD5ED967AF4EEBF
:1040B000C77AF1EE10FA00F33D81F5EEC07A0023E5
:1040C000F1EE10FA00F13C81774BC3ED017A002349
:1040D000FFF74BB85A1ED2B2571C05EBC701D1ED02
:1040E000827AB4EEE70AF1EE10FA0CDA511E1346AA
:1040F000CAB2571C05EBC701D1ED827AF4EEC07A43
:10410000F1EE10FAF2D8013330EE670ADFED6A6A99
:1041100005EBC30895F8083298ED827A012B77EE0B
:10412000677A80EE277A37EE267A00F0E880022B55
:1041300040F0D48005EBC707D7ED837A95F8493274
:10414000C5ED937A002B3EF4EFAFD5F80C32C3EDFA
:10415000007AFEF7E9BFD5ED957AFEF7C6BF0023DA
:10416000FEF7ADBF9FED548A4FF0FF0800270DAA60
:104170001DEE101A0BA88DED0D8AADF830808DF86C
:10418000327005F08BF8F0EE487AADF830808DF89B
:104190003270FFF722BBB0EEE66AB4EEE36AF1EEEE
:1041A00010FA00F1A68067EEA67A27EE267A6BE475
:1041B000DFED414A26E4C4F8188041F264033B4A2B
:1041C00033441A60FFF7EDB900283EF46EAF0022C9
:1041D0003749134696469F420ED916F803C001335D
:1041E000834201F801CFF6D1002A3EF45EAF0023EE
:1041F00085F8C43AFEF759BF0133012201F801EFF7
:104200008342E8D1002385F8C43AFEF74EBF29491E
:10421000FEF79ABE0021FEF703BF0021FEF7EEBEB7
:104220000021FEF7D9BE0021FEF799BE0021FEF75E
:104230001BBF0021FEF706BF0026FEF736BF002198
:10424000FEF739BE0021FEF724BE00293EF406AE7B
:10425000002237361346944698450DD9F85C013351
:104260008B4206F8010FF7D1002A3EF4F7AD002388
:1042700085F8C43AFEF7F2BD0133012206F801CFFA
:104280008B42E9D1002385F8C43AFEF7E7BD00214F
:10429000FEF733BE0749FEF725BE0649FEF744BECA
:1042A00018770020487700205072002000007A44E0
:1042B000DF6100208045002000000000DB0F494046
:1042C000D5F8C80A18B11CF057FBC5F8C86A002316
:1042D000C5F8CC3AC5F8D03AFEF7D4BD05EBC70710
:1042E000D8ED836AD7ED837A76EEE76AE7EE267A31
:1042F00024E71FED0F7AF0EE477AFFF7C5BB1FEDFD
:10430000110A05EBC70727EE000A15F067FAB7EEAA
:10431000007AF6EE007A98ED836AD7ED836A37EE7D
:10432000400A60EE277A37EE677A67EE867AE6EE25
:10433000877A03E7D94B83ED017A0023FEF715BF97
:10434000D64A53600023FEF710BF06F5B26307F5A7
:10435000B46703EBC803D7ED006AD3ED027A76EEBB
:10436000E76AE7EE267A04E49FEDCD0A07F5B46725
:1043700027EE000A15F032FAB7EE007AF6EE007A70
:1043800006F5B263D7ED006A37EE400A03EBC803C7
:1043900060EE277A37EE677A67EEA67AD3ED026A87
:1043A000E6EE877AFFF7E5BBBE4B06F6AC5242F667
:1043B0005C6EB7EE006A1B894FF0000CD2ED005A1C
:1043C000A64408EE103AB84B36EE656ADFEDB76AE0
:1043D000B8EE488A93ED015A96F8D81DF14688E068
:1043E0007B2800F3E280D3ED007AD3ED011A37EE9B
:1043F000A61A13ED012AD3ED022A13ED023A77EE45
:10440000817AD3ED033A13ED034AD3ED044A77EEF4
:10441000A17A13ED047A77EE827A77EEA27A77EEBC
:10442000837A77EEA37A77EE847A77EEA47A77EEC2
:10443000877A092940F296801069D2ED034AD0604C
:10444000506992ED024A1061906934EE267A82ED4D
:10445000014A5061D06937EE247AC2ED024A906178
:10446000106AD061506A1062906AC2ED0A7A506296
:10447000D2ED034A032937EE247A27D0D2ED044A3D
:10448000042937EE247A21D0D2ED054A052937EEEA
:10449000247A1BD0D2ED064A062937EE247A15D0AD
:1044A000D2ED074A072937EE247A0FD0D2ED084A19
:1044B000082937EE247A09D0D2ED094A092937EEC6
:1044C000247A03D0D2ED0A4A37EE247A04EE901A09
:1044D0000CF1010C0433B8EEE44ABCF1800FC7EED6
:1044E000044A24EE867AA7EEA57A09ED017A00F057
:1044F0009580BCF1040F0FFA8CF0E9EC016A3FF6ED
:104500006FAF93ED007A77EE267ABCF1000F3FD0C3
:104510000CF1FF3077EE877A93ED017A002877EE81
:10452000877A03DD13ED017A77EE877AACF102002A
:1045300093ED027A002877EE877A03DD13ED027A95
:1045400077EE877A93ED037ABCF1040F77EE877AE2
:1045500001D177EE857A93ED047A092977EE877A8F
:104560003FF66AAF481C02EB8101C0B286F8D80D55
:104570000128C1ED017A92ED017A37EE267A46D014
:10458000D2ED024A022837EE247A40D001466FE786
:1045900093ED014AD3ED024A77EE847A93ED037AE4
:1045A00077EEA47A77EE877AD5E793ED007ABCF1BF
:1045B0007F0F53ED014A77EE267A77EE877A77EE12
:1045C000A47A26D0D3ED014A0CF1020013ED027A51
:1045D00077EEA47A7F2877EE877A03D893ED027A74
:1045E00077EE877A0CF1030013ED037A7F2877EEDC
:1045F000877A03D893ED037A77EE877A0CF104007B
:1046000013ED047A7F2877EE877AA4D911E7014663
:104610005CE713ED027A77EE877AE3E742F2147AE9
:10462000DFED227A42F2AC7342F6AC32A24442F69B
:10463000AC11B0EE677A23440AF5E96022442144C4
:104640000AF5D96A0590A3EC017A83ED7F7AA2EC92
:10465000017AD2EDAB6AF4EEE76AF1EE10FA58BFD8
:10466000F0EE667A9942EED106F5F46393ED01AA75
:10467000B4EEE7AAF1EE10FA00F1888550468022E8
:10468000002115F015FF002142F6DB5A8846A244AE
:104690000A460B460846894617E000BF50720020C4
:1046A000DB0F4940884A00209CB101200000000037
:1046B0000000003C002474495FFA8EF009F1010902
:1046C0005FFA89F9B9F1800F18D01AF801CF00F11B
:1046D000010EBCF1000FEFD18342A9EB000E80F078
:1046E000CA8109F101091A46414603465FFA89F970
:1046F00060465FFA8EF8B9F1800FE6D1072A40F2E2
:10470000C582072B40F2C282414540F2C182C3F309
:104710004703434407EE903AC2F347030B44B8EE15
:10472000E77A07EE903AF8EEE77AF6EE006A1FEDC8
:10473000206AD6F8941706F2147227EE067A06F568
:10474000F16068EE266A069167EE867AD6F89817C9
:10475000D6F88497002327EE267A02F6481C67EEE7
:10476000A67A059106F5835102F5156290E8010CD1
:104770008CED007AC1ED007AC9F80030036006982C
:10478000CAF80030CBF80030036005980360D6F813
:104790009C070360DCED009AD2ED007A91ED008A6F
:1047A000F4EEE79A0790F1EE10FA05DCF4EEC87A21
:1047B000F1EE10FA40F1DD80D6F84C3793ED010AA6
:1047C000D3ED007A38EE400A79EEE77A20EE000A5F
:1047D000A7EEA70AB5EE400AF1EE10FA00F11F8726
:1047E000B1EEC09A5FED4D7AD6F8503793ED010ADD
:1047F000B4EEE79A38EE400AF1EE10FA20EE000A25
:1048000058BFB0EE679AD3ED007A79EEE77AA7EE5B
:10481000A70AB5EE400AF1EE10FA00F1FA86F1EEC1
:10482000C07AF4EEC97AF1EE10FA00F1EC864FF09E
:104830000008D6F8543793ED010AD3ED007A38EE2C
:10484000400A79EEE77A20EE000AA7EEA70AB5EE55
:10485000400AF1EE10FA00F1D086F1EEC07AF4EEE3
:10486000C97AF1EE10FA03D5B0EE679A4FF002085C
:10487000D6F8583793ED010AD3ED007A38EE400AA6
:1048800079EEE77A20EE000AA7EEA70AB5EE400A15
:10489000F1EE10FA00F1AB86F1EEC07AF4EEC97ACF
:1048A000F1EE10FA03D5B0EE679A4FF00308D6F890
:1048B0005C3793ED010AD3ED007A38EE400A79EEC9
:1048C000E77A20EE000AA7EEA70AB5EE400AF1EE5D
:1048D00010FA00F18686F1EEC07AF4EEC97AF1EEB4
:1048E00010FA03D5B0EE679A4FF00408D6F8603797
:1048F00093ED010AD3ED007A38EE400A79EEE77ABB
:1049000020EE000AA7EEA70AB5EE400AF1EE10FA73
:1049100000F15B86F1EEC07AF4EEC97AF1EE10FA9E
:1049200003D5B0EE679A4FF00508D6F86437D3ED9B
:10493000017A93ED007A78EE677A39EEC77A67EEFE
:10494000A77AE7EE077AF5EE407AF1EE10FA00F179
:104950004286B1EEE70A4FF07E52B4EE490AF1EE1C
:1049600010FA48BF4FF0060806EB8808D8F88437DD
:104970001A60D9F80000002F3EF413AE43F6C67358
:1049800000222344194604E001321FFA82FCBC4590
:104990000BD231F802CFBCF1640FF5D102F2D22272
:1049A000049901EB8202C2F884001946002203E058
:1049B000013290B2B8420CD231F8020F6928F7D117
:1049C00002F2D22205990498096800EB8202C2F82B
:1049D00084101946002203E0013290B2B8420CD292
:1049E00031F8020F6628F7D102F2D2220498DAF8E1
:1049F000001000EB8202C2F884101946002203E086
:104A0000013290B287420CD931F8020F6728F7D1F2
:104A100002F2D2220498DBF8001000EB8202C2F806
:104A200084101946002203E0013290B287420CD96B
:104A300031F8020F6828F7D102F2D22206990498C1
:104A4000096800EB8202C2F88410079A11680022FC
:104A500004E0013290B287427EF6A3AD33F8020F34
:104A60006A28F6D102F2D223049A02EB8303C3F838
:104A70008410FEF796BD9042A9EB000E84BF02465B
:104A80005FFA8EF1604619E6002104F64C2C95F889
:104A9000E4010B4603E0CBB283423EF67AAE03F567
:104AA000CB72013104EB8202D2F83C2B9445F2D157
:104AB000B5F8841098B200293EF46BAE41F25A0268
:104AC0000023224405E001331FFA83FC8C45BEF429
:104AD00060AE32F802CF8445F5D1FEF754BE002116
:104AE00004F5307C95F8E4010B4603E0CBB2984224
:104AF000FEF44FAE03F5CB72013104EB8202D2F823
:104B00003C2B9445F2D1B5F8841098B200293EF4BC
:104B100040AE41F25A020023224405E001331FFA5D
:104B200083FC61457EF635AE32F802CF8445F5D17F
:104B3000FEF729BE002104F6F81C95F8E4010B46A7
:104B400003E0CBB29842FEF424AE03F5CB72013100
:104B500004EB8202D2F83C2B9445F2D1B5F88410D4
:104B600098B200293EF415AE41F25A0200232244C5
:104B700005E001331FFA83FC61457EF60AAE32F888
:104B800002CF8445F5D1FEF7FEBD002104F6D42CFA
:104B900095F8E4010B4603E0CBB29842FEF4F9AD80
:104BA00003F5CB72013104EB8202D2F83C2B944521
:104BB000F2D1B5F8841098B200293EF4EAAD41F282
:104BC0005A020023224405E001331FFA83FC6145A9
:104BD0007EF6DFAD32F802CF8445F5D1FEF7D3BDC6
:104BE000002104F6A42C95F8E4010B4603E0CBB2B7
:104BF0009842FEF4CEAD03F5CB72013104EB820294
:104C0000D2F83C2B9445F2D1B5F8841098B2002923
:104C10003EF4BFAD41F25A020023224405E00133C5
:104C20001FFA83FC61457EF6B4AD32F802CF8445AD
:104C3000F5D1FEF7A8BD002104F6EC2C95F8E401AF
:104C40000B4603E0CBB29842FEF4A3AD03F5CB7262
:104C5000013104EB8202D2F83C2B9445F2D1B5F835
:104C6000841098B200293EF494AD41F25A02002318
:104C7000224405E001331FFA83FC61457EF689ADCD
:104C800032F802CF8445F5D1FEF77DBD1A46414684
:104C9000C2F34702C3F347030A44434407EE902A92
:104CA000B8EEE77A07EE903AF8EEE77A3DE50021B4
:104CB00004F6C82C95F8E4010B4603E0CBB2984209
:104CC000FEF467AD03F5CB72013104EB8202D2F83A
:104CD0003C2B9445F2D1B5F8841098B200293EF4EB
:104CE00058AD41F25A020023224405E001331FFA75
:104CF00083FC61457EF64DAD32F802CF8445F5D197
:104D0000FEF741BD002104F6BC2C95F8E4010B46EA
:104D100003E0CBB283423EF63CAD03F5CB720131EA
:104D200004EB8202D2F83C2B9445F2D1B5F8841002
:104D300098B200293EF42DAD41F25A0200232244DC
:104D400005E001331FFA83FC61457EF622AD32F89F
:104D500002CF8445F5D1FEF716BD002104F52B6C7A
:104D600095F8E4010B4603E0CBB29842FEF411AD96
:104D700003F5CB72013104EB8202D2F83C2B94454F
:104D8000F2D1B5F8841098B200293EF402AD41F298
:104D90005A020023224405E001331FFA83FC6145D7
:104DA0007EF6F7AC32F802CF8445F5D1FEF7EBBCC6
:104DB000002104F52E6C95F8E4010B4603E0CBB21C
:104DC0009842FEF4E6AC03F5CB72013104EB8202AB
:104DD000D2F83C2B9445F2D1B5F8841098B2002952
:104DE0003EF4D7AC41F25A020023224405E00133DD
:104DF0001FFA83FC61457EF6CCAC32F802CF8445C5
:104E0000F5D1FEF7C0BC4046FCF7D4FCFEF76EBC03
:104E10000A2005F023FECF481BF0C8FDFEF770BC4A
:104E2000039B4FF00009039F0021B3F98E29CA4666
:104E3000D7F8B009D31D48BF02F10E03B7F98C298A
:104E4000DB1003FB02F215F033FB3846CDE90846D0
:104E5000C14B1FFA89F60FFA89F4002703EB0913F7
:104E6000069309F00703079309E04FEA4A0A5FFA3D
:104E70008AFA1AF0800F12D10137802F3FD0BBB2CF
:104E80000FFA87FC059317F007036246EDD10699E8
:104E900001EBEC0E9EF884A51AF0800FECD0B0F96F
:104EA00090E9E645E8DDB0F992C9A445E4DD90F863
:104EB0009EC9BCF1020F00F01182BCF1030F00F09B
:104EC0000182BCF1010FB0F98CC900F0F6813946BE
:104ED000079B2246002A07F10107B8BF0732802F3F
:104EE0004FEAE20212FB0C124FF0010101FA03FC3F
:104EF000D0F8B0198B5C43EA0C038B54BFD109F195
:104F00000109B9F1400FA3D1DDE90846FEF7EEBB78
:104F1000924AFEF7E3B9CB1A9BB2AEF80A30B2F868
:104F200080319BB248EA0303A2F88031FEF700BA51
:104F30009BB2AEF81E30B2F880319BB21843A2F893
:104F40008001FEF7F5B99BB2AEF81630B2F88031A9
:104F50009BB243EA08239BB2A2F88031FEF7E8B97E
:104F60007F4BFEF7F0B8B8EE480A7E48C5F8DC2A59
:104F7000F9F7C0FC7C4B83ED000AFEF722BA0A2049
:104F800005F06CFD73481BF011FDFEF709BA95F8AA
:104F9000D93AA3B10CAB0DEE103A9C230122039831
:104FA0008DF834300DAB00921946D0F8600911F03D
:104FB0004BFB9DF83430A5F8DA3AFEF7EAB90398CE
:104FC00080220CA990F869398DF830200DEE101A66
:104FD00043F00403C3F3000280F8693903F07A0355
:104FE000D0F860091343012243F004038DF83430F4
:104FF0000B460DA912F076FC012385F8D93ACCE7CF
:10500000901E4FF6FF73FEF7EBB85849FEF7CCB889
:10501000C3ED017AFEF7A3B80023FEF70BBA139392
:105020000DA80E93ADF842308DF84630039BD3F8AF
:105030007C390D9340F20113ADF8443006F096FC34
:105040009DF84490B9F1040F73D840F00103139315
:10505000B9F1000F1ED09DF84620002A00F0D7803D
:1050600009F15002B9F1010F4FEA13216A4402F825
:105070000A3C0FD0B9F1020F02F80B1C4FEA1341A2
:1050800008D0B9F1040F4FEA136302F80C1C01D1E8
:105090008DF84730BDF84220DDF834A0D3B2ADF82A
:1050A0003020120ABAF1000F00F09A809DF845B046
:1050B000DAF80C3009EB0B029A423AD89AF8003031
:1050C000DAF804205B0082F8A53040F20113A2F860
:1050D0002F31BBF1000F25D0DAF80480244AD8F82C
:1050E00000305B68934240F05482B8F8303103B32B
:1050F00098F82F31C3F18902934540F2488201218B
:10510000C8F8041008F1A5001DEE101A0692184404
:1051100015F0C0FF98F82F31069A134488F82F3104
:10512000934506D14A46504601230DF1470106F04A
:10513000C9FC012385F81C3BFEF762B9B8EE480AAA
:105140000C48C5F8202BF9F7D5FB0B4B83ED000A73
:10515000FEF78AB9E05E00206422002000803E4015
:1051600050720020A07200209C72002000801E401F
:10517000A95D0100E4720020E07200200A2005F021
:105180006DFCA4481BF012FCFEF75DB996F8A087F1
:10519000DFEDA27AB8F1000F00F0428108F1FF3292
:1051A00042F66063D2B2234403EB82037246B2EC50
:1051B000017A934277EE877AF9D107EE108AF8EEFA
:1051C000476A9FED967AC7EEA69AFEEC017A734580
:1051D00077EEE97AA7EEA77AF7D187EE260A23E1E0
:1051E0000E98002847D09DF84010032931D049BBC4
:1051F00003F07F038DF830309DF845304A460DF1BD
:10520000470100931DEE103A12F0B2FC91E7B9F19C
:10521000010F4FEA13228DF847303FF43BAFB9F14D
:10522000020F8DF848204FEA13423FF433AFB9F133
:10523000040F4FEA13638DF849207FF42BAF8DF8EC
:105240004A3027E702292FD163F07F038DF83030F1
:10525000D2E78DF8313022F001030DF147014A46C3
:105260008DF830309DF84530013300931DEE103A33
:1052700012F07EFC5DE70F9B002B3FF45AAF197CC8
:105280009DF8452000293FF454AFD3F80C80B8F1C5
:10529000000F3FF44EAF58691DEE101A0DF1470391
:1052A000CDF80090C04744E70129A5D103F07F0362
:1052B00043F040038DF830309EE70CF1FF31891B3D
:1052C00009B207E6B0F88E394946059A013BB0F9B4
:1052D0008CC99B1A1AB203F00703FBE5B0F98CC91D
:1052E000B0F88E390CF1FF320599013B511A9B1B26
:1052F00009B21AB203F00703ECE5039B4FF0000973
:10530000039F0021B3F98E29CA46D7F8B009D31DEF
:1053100048BF02F10E03B7F98C29DB1003FB02F240
:1053200015F0C6F83846CDE908463B4B1FFA89F61A
:105330000FFA89F4002703EB0913069309F007031A
:10534000079309E04FEA4A0A5FFA8AFA1AF0800FD7
:1053500012D10137802F37D0BBB20FFA87FC0593EB
:1053600017F007036246EDD1069901EBEC0E9EF8AB
:1053700084A91AF0800FECD0B0F990E9E645E8DD99
:10538000B0F992C9A445E4DD90F89EC9BCF1020FC2
:1053900031D0BCF1030F22D0BCF1010FB0F98CC9A0
:1053A00018D03946079B2246002AB8BF0732D210D0
:1053B00012FB0C12012101FA03FCD0F8B0198B5C2E
:1053C00043EA0C038B54C4E709F10109B9F1400F1A
:1053D000ABD199E50CF1FF31891B09B2E4E7B0F8D4
:1053E0008E394946059A013BB0F98CC99B1A1AB20D
:1053F00003F00703D8E7B0F98CC9B0F88E390CF187
:10540000FF320599013B511A9B1B09B21AB203F0F6
:105410000703C9E7E05E00206422002000000000CE
:10542000C7EEA79AB0EE690AB5EE400AF1EE10FA9F
:1054300000F1A880B1EEC09A04EB8803C8F1800B9C
:105440000FFA88F203F50053C34503F6A81103F6DB
:10545000A833C1ED009A83ED009A7FF614A9C8F134
:10546000010342F66060F0EE497A3946DBB25FED47
:1054700015AA0719069304EB8202059B2AEE277AE8
:1054800003EB880302F50059D3ED007A09F6A8135F
:1054900093ED006A77EEC66AF0EEE66AF4EEC76A4C
:1054A000F1EE10FA48DDF4EEC67AF1EE10FA02DD04
:1054B00001230AF8083006F5F463B7EE007AD3ED5D
:1054C000026A09F5F56337EE667A93ED006A27EE16
:1054D000067AA7EEA67AF0EE477A09F2AC73C3ED2E
:1054E000007A069B08EB0300C0B2B8F1000F27D08A
:1054F00000F6973208F1FF331FED387A50FA83F344
:1055000004EB820207EB83031046F0EC017A83423E
:1055100037EE277AF9D107EE908AF8EE676A5FEDE9
:10552000417A87EE266AB2EC017A934237EE467AE8
:10553000E7EE077AF7D107E000230AF80830CCE756
:10554000F0EE6A6A5FED4B7A87EEA60AB5EE400A86
:10555000F1EE10FA24D408F1010809F6AC1309F6AB
:10556000AC395FFA88F8C3ED009A89ED009AC3451B
:1055700028D906EB88030FFA88F203F6A433D3ED9B
:10558000017A78E713F00CFDB0EE409A54E75A46E2
:10559000B8E55A4640461DEE101A98470246BFE548
:1055A00008F10108079113F0FBFC09F6AC135FFA50
:1055B00088F809F6AC39C3ED009AC345079989ED1F
:1055C000009AD6D80F46FFF75EB813F0E9FCF0EE6C
:1055D000407AFFF7A1B9B0EE670A13F0E1FCFFF7DC
:1055E000BAB913F0DDFCF0EE407AFFF776B913F0AC
:1055F000D7FCF0EE407AFFF751B913F0D1FCF0EE92
:10560000407AFFF72CB9B0EE679A4FF00108FFF728
:1056100010B913F0C5FCF0EE407AFFF702B913F0B1
:10562000BFFCB0EE409AFFF7DDB8083713F0B8FCC6
:10563000A8EC010A4F457EF47DABFEF790BB00BF9E
:1056400010B50446C06A08B11BF096F9206B08B18A
:105650001BF092F9204610BD10B50446406808B111
:105660001BF08AF9A06808B11BF086F9204610BD2E
:1056700070B5074B0646044600F50075036054F804
:10568000040F08B11BF078F9AC42F8D1304670BD78
:1056900008210020704700BFB2EE0A7AD0ED007AF0
:1056A000084B416867EE877A03F6442203F64C23E1
:1056B000C0ED007A51604168C2ED007AC3ED077A0F
:1056C00019627047C056002091ED007AD0ED007A43
:1056D000D1ED016AF4EEC77A90ED016A90ED035ABC
:1056E000F1EE10FAB4EEE66AD0ED026A58BFF0EEC1
:1056F000477AF1EE10FA54BF0B1D031D93ED007AAB
:10570000C0ED007A91ED006A80ED017AF4EEC66A90
:10571000D1ED015AF1EE10FAB4EEE55A76FE866A42
:10572000B6EE006AF1EE10FA76EEA77ACCBF00F181
:105730000C01043167EE867AD1ED005AC0ED026AA1
:1057400035EE877AC0ED035AC0ED047A27EE067A6B
:1057500080ED057A704700BF0B682DE9F04F0D46CC
:1057600083B05B6982460846002498472B688146CF
:1057700028469B69984706462B682846DB69984768
:10578000A04240F201819AF80830B7EE007ADAEDD3
:10579000016A00225B08ADF8062007EE903AF8EEA9
:1057A000E77A77EEC77AA6EEA77AFDEEC77A17EE0C
:1057B00090BACBF100035B4525DA824B4FEA4B01EF
:1057C0001B68002B00F0C5807F4A82FB0320DA179C
:1057D0001844C2EB20427D4800FB12337C4800FB9A
:1057E00002F244F2A71000FB0322002A80F2E580B7
:1057F0006FF000431344734A1360B3FBF1F201FBF3
:105800001233A3EB0B03BBF1010F59DD6D4A0BF112
:10581000FF301268002A00F09A806B4981FB021762
:10582000D1171744C1EB2741684F07FB1122684F7E
:1058300007FB01F144F2A71707FB0211002980F2D0
:10584000BE806FF000470F445E4A1760B7FBF0F26E
:1058500000FB1277013729680DF106022846D1F8BE
:1058600040802146C047BBF10003B8BF0133B7EB0E
:10587000630F27DB00286ED04FF000084346B84680
:105880001F46BDF8063004EB44022846611C03EBBA
:10589000430306EB020C39F803E04B4426F802E020
:1058A0009B788CF8023007B18CB22B680137DB692A
:1058B0009847A04201D9B845E3D10134A4B25BE7CF
:1058C0000127C8E7C0B9B8468346074604EB44033E
:1058D0002846611CF21882F802B026F803B007B11E
:1058E0008CB22B680137DB6998478442E5D2B84512
:1058F000ECD10134A4B23FE74FF000083B464746E5
:105900009846BDF8063004EB4402284604F1010C29
:1059100003EB430306EB020E09EB030191F802B01F
:1059200006F802B019F803308EF801304B788EF883
:1059300002300FB11FFA8CF42B680137DB699847EE
:10594000A042BAD94745DCD10134A4B214E7214FB3
:105950007AE7204B4FE7B8468346074604EB4403FB
:105960002846611CF21882F802B026F803B007B18D
:105970008CB22B680137DB69984784429DD2B845C9
:10598000ECD10134A4B2F7E6002404E0F05A29F87F
:1059900003008B7893702B682846DB699847A3B285
:1059A00001341A4603EB4303904206EB030109EB73
:1059B0000302EBD803B0BDE8F08F13461BE70F4698
:1059C00042E700BFA0A600205F0B4E831DF301003D
:1059D000ECF4FFFF42CE0C1F2DE9F04F0B688B4615
:1059E0002DED028B89B05B69B7EE008A0590084601
:1059F0009847DBF80030814658469B69984700235A
:105A000004900293BDF808105846DBF8003001916D
:105A1000DB6998470199884240F28880059BB0EE87
:105A2000487A4FF000001A7AD3ED016A5208BDF8A7
:105A30000830ADF81E0007EE902A03EB4302ADF8E4
:105A40001C00F8EEE77A09EB020319F8026093F8FC
:105A500002A077EEC87A03925A78A6EEA77A01924E
:105A6000FCEEC77A17EE903A1FFA83F8B8F1000FF0
:105A70003CD00F460124DBF800300DF11E025846E1
:105A800001341B6B9847DBF80030394607AA5F6B7F
:105A900005465846B847BDF81E10E2B2BDF81C7066
:105AA00001EB410C1446FDB1F0B107EB470009EBE7
:105AB0000C0E19F80C3009EB000C19F80000019DD0
:105AC00003449EF8010033449EB29EF802309CF8D5
:105AD00001E07044054428469CF802502B4480B2F3
:105AE000534401901FFA83FA4245C4D902984FEA01
:105AF00048080130B6FBF8F60290FF2E0198A8BFC7
:105B0000FF26B0FBF8F5BAFBF8FAFF2DDDE903122A
:105B1000A8BFFF25BAF1FF0F02EB01035654A8BF3F
:105B20004FF0FF0A9D7083F801A06BE70024049DED
:105B300004E0E85A29F803008B789370DBF8003012
:105B40005846DB699847A3B201341A4603EB430376
:105B5000904205EB030109EB0302EAD809B0BDEC62
:105B6000028BBDE8F08F00BF0B68084670B55B691B
:105B70000E4600259847044613E0237803F164029B
:105B800003B1D3B26278237002F1640302B1DAB2D6
:105B9000A378627003F1640203B1D3B2033404F852
:105BA000013C33683046DB699847A84205F101059E
:105BB000E3D870BD704700BF2DE9F04F0B688B46EE
:105BC0002DED028B89B05B69B7EE008A059008461F
:105BD0009847DBF80030814658469B699847002378
:105BE00004900293BDF808105846DBF8003001918C
:105BF000DB6998470199884240F28880059BB0EEA6
:105C0000487A4FF000001A7AD3ED016A5208BDF8C5
:105C10000830ADF81E0007EE902A03EB4302ADF802
:105C20001C00F8EEE77A09EB020319F8026093F81A
:105C300002A077EEC87A03925A78A6EEA77A01926C
:105C4000FCEEC77A17EE903A1FFA83F8B8F1000F0E
:105C50003CD00F460124DBF800300DF11E025846FF
:105C600001349B6A9847DBF80030394607AADF6A9F
:105C700005465846B847BDF81E10E2B2BDF81C7084
:105C800001EB410C1446FDB1F0B107EB470009EB05
:105C90000C0E19F80C3009EB000C19F80000019DEE
:105CA00003449EF8010033449EB29EF802309CF8F3
:105CB00001E07044054428469CF802502B4480B211
:105CC000534401901FFA83FA4245C4D902984FEA1F
:105CD00048080130B6FBF8F60290FF2E0198A8BFE5
:105CE000FF26B0FBF8F5BAFBF8FAFF2DDDE9031249
:105CF000A8BFFF25BAF1FF0F02EB01035654A8BF5E
:105D00004FF0FF0A9D7083F801A06BE70024049D0B
:105D100004E0E85A29F803008B789370DBF8003030
:105D20005846DB699847A3B201341A4603EB430394
:105D3000904205EB030109EB0302EAD809B0BDEC80
:105D4000028BBDE8F08F00BFEFF3108272B6437F85
:105D50005BB9017F012930B40BD0032913D0012393
:105D6000437702B962B630BC70470AB962B6704771
:105D70007047124C2168B1B1114943610B6808604A
:105D800083615861EBE70F4D0F492C688CB143617B
:105D90000B68836158614FF0E0234FF08054086036
:105DA000C3F8044DDBE7064B20601860C0E905111D
:105DB000D5E7C0E905442860EDE700BFF8C201203F
:105DC000FCC2012000C3012004C3012090F81CC0C4
:105DD00003464160BCF1020FC26001D183681847DD
:105DE000EFF3108172B6427F5AB930B4007F0128B8
:105DF0000BD0032813D001225A7701B962B630BC08
:105E0000704709B962B670477047124C2068D0B12C
:105E100011485A61026803609A615361EBE70F4DC4
:105E20000F482C685CB15A6102689A6153614FF067
:105E3000E0224FF080540360C2F8044DDBE7C3E971
:105E400005442B60F3E7044A23601360C3E90500AF
:105E5000D1E700BFF8C20120FCC2012000C301202D
:105E600004C3012070B5EFF3108172B60E4C2368A5
:105E7000BBB10E4E002508E062B69A68597790478C
:105E8000EFF3108172B623685BB15A69226032B1B8
:105E9000956118460029EFD09A685D77EFE7326088
:105EA000F7E701B962B670BD00C3012004C3012049
:105EB0000449054A4968054B1960136801331360AA
:105EC000704700BF001000E00CC3012010C3012088
:105ED0006249634A49682DE9F843624B624D196093
:105EE00013686C680133136024B34FF000095F4FEF
:105EF0004FF002082368DBB9A66806B1F360206999
:105F000084F8149003686E601B68BB426AD1037FFB
:105F1000C0F80490022BC46033D1836898476E6840
:105F20006268002A32D12EB134462368002BE3D0B8
:105F3000013B2360EFF3108372B60022AE68AA60C3
:105F400003B962B6DEB100276C684FF0020CBE46A2
:105F50003046B668002C40D0D0F8009021688945C2
:105F600025D2A1EB09010127C0E9024EE0602160C2
:105F7000044680F814C0002EEAD107B16C60BDE879
:105F8000F883FFF7E1FE6268002ACCD02260002E81
:105F900051D03068824239D2801A6C60C4E90269FB
:105FA0003060F460264684F814803446BDE723460A
:105FB00006E00260D3F80080424518D3414691467E
:105FC00098469B68A9EB0102002BF2D18360026026
:105FD000C0F80C80C8F80800CBE7C0E902440127EC
:105FE0000446C6E72246002198476E6898E7DA68BB
:105FF000A1EB09018360C2604144D860C26890602F
:10600000196080F814C0002EA2D1B6E7334606E02E
:106010002160D3F800C0614512D360460A469C4611
:106020009B68111A002BF3D1A3602160C4F80CC047
:10603000CCF80840B7E7C4E902666C602646B2E7D0
:10604000801ADA68A360E2606044DC60E268946011
:10605000186084F8148034464CE700BF001000E05C
:106060000CC3012010C30120A0A60020C92C0100F0
:1060700010B5134C236813B1124AD168E1B96368B3
:1060800013B1104AD16999B9A36813B10D4AD16A05
:1060900051B9E3683BB10B4AD16B21B10121BDE895
:1060A0001040D163184710BD0121D1629847F0E735
:1060B0000121D1619847E7E70121D1609847DEE7E8
:1060C000407200200041084000207047704700BF28
:1060D000F8B50C4671B182B106468F1800253368B9
:1060E000304614F8011B1B689847BC420544F6D1A2
:1060F0002846F8BD0D462846F8BD1546F8E700BF0E
:10610000854B864A86492DE9F0435E6988428CBFFB
:106110004FF012084FF00E089C69D768D3F8801032
:1061200007F01F0941F0C001C145C3F8801007D234
:1061300068F30407D7601368002BFCDA07F01F0927
:1061400016F0007324D1774A1169774A8A4300F028
:10615000DB8084F4805231464FF4805511F0605F4B
:1061600004D026F060561E436B4B5E6112F4405F14
:1061700007D024F44054684A2C439461936C190767
:10618000FCD446F00076644A5661936C9B06FCD4BE
:106190004FF0010C0146654C634603FB011203F10D
:1061A000010E0CF10105A24218D8BEF1080F4FF004
:1061B000010340F08B80BCF1040F00F28D80421887
:1061C000A24200F29B8005FB00F1AC4603F1010EF8
:1061D00003FB01120CF10105A242E6D90CF1FF34D8
:1061E00053491144534A91427BD9534D6C22534831
:1061F0004C49B0FBFEF0D1F800E0B0FBFCF0DFF85A
:1062000068C10EEA0C0CAC4508D042F400524FF4C1
:1062100080550D600A600A68002AFCDA3E4A11695E
:1062200001F00701994203D01361936CDD03FCD4A4
:1062300086EA8423A40213F4E05F09D026F4E05632
:1062400004F4E054344A26435661936C9907FCD415
:106250003B493C4A014491423AD83B4BC909A3FB14
:106260000131090B4B1E1B0286EA030212F4407F28
:1062700006D026F4407603F44073274A3343536133
:10628000254A536923F000735361936C9B06FCD439
:106290002E4BC845A3FB00234FF0FF324FEA934338
:1062A000B0FBF1F1B2FBF3F3294A1060294A116007
:1062B000294A136008D227F01F07184A47EA08073F
:1062C000D7601368002BFCDABDE8F083734664E7FF
:1062D0004FF440730421C7E715490CF1FF3407233D
:1062E00011441E4A1E48A2FB01211E4D0A0D362AEA
:1062F00038BF362202FB00F0154379E764460023DD
:10630000AC464FF0010E6BE71D4686F0C0512246A9
:106310004FF0C05322E700BF00C00F40000008400C
:1063200000A4781F00800D4040300080FFB19F2600
:10633000808D5B00FF7EF64D6C20008000643F4D39
:106340007FD1F0087F17B42C9F10E50083DE1B433C
:10635000B44A0020384A002014C30120819F5E16F1
:10636000001BB700002000807F30018000234FF425
:1063700070410F224FF4604CA0F88C114FF48061F3
:10638000A0F88E21A0F89031B0F8882192B242F0A6
:10639000F002A0F8882148F2B822A0F804C0C18019
:1063A0004384038643804381C2814382C382438303
:1063B000C383A0F864C0A0F86610A0F88230A0F8EB
:1063C0009030A0F86230A0F86A30A0F86E20A0F8F3
:1063D0007230A0F87630A0F87A30A0F87E30A0F8BD
:1063E000C4C0A0F8C610A0F8E230A0F8F030A0F8C1
:1063F000C230A0F8CA30A0F8CE20A0F8D230A0F861
:10640000D630A0F8DA30A0F8DE30A0F824C1A0F829
:106410002611A0F84231A0F85031A0F82231A0F89E
:106420002A31A0F82E21A0F83231A0F83631A0F898
:106430003A31A0F83E31B0F888319BB243F00F03F7
:10644000A0F88831B0F888319BB243F47063A0F8AB
:106450008831704730BFFDE7836BF0B41BB15368E0
:1064600043F40043536072B6446B3CB31A4B226052
:10647000D3F8B0410C421DD1184E776804E074681F
:10648000E41BB4F5166F0BD2D3F8404144F48044BA
:10649000C3F84041D3F8B851D3F840416404EED575
:1064A0000D4007D10C4CC0E90225D4F8B0310B43A4
:1064B000C4F8B031426362B6F0BC7047064DC0E923
:1064C0000224D5F8B0310B43C5F8B0310263426302
:1064D00062B6F0BC704700BF00002E40001000E024
:1064E0000B4A117B507BCBB281420DD0013309495D
:1064F000092B28BF002313441B7C02EB430201EB52
:106500004323928B985C70474FF0FF30704700BF79
:10651000A0A6002080202020284B1B78002B4BD0E9
:1065200070B5274CA18D01B970BD94F82F0004F10E
:10653000400C244B01260CEB4012C1F5006103EB2B
:10654000C02384F82E6040010D0419444CF800600B
:1065500003F5805045F080059360D06003F500504E
:106560005560106103F54050506103F58040906123
:106570000020D061BFF34F8F4FF0E020C0F8703F94
:1065800020339942FAD8BFF34F8FBFF36F8F4FF488
:1065900080110D48FFF760FF94F82F300133DBB214
:1065A000032B88BF002384F82F300023A385BFF37B
:1065B0004F8F84F82E3070BD704700BF88B1012026
:1065C000A0A6002080002020400200202DE9F84FE6
:1065D000324D2B7B6A7B93425BD0DEB205F1E00843
:1065E000DFF8C0A04FF0E0244FF40037DFED2C7A45
:1065F0000136082E4FD85FFA86F9AB19D5F8C0C01E
:10660000B5F8E01101201B7C05EB43024FEA431E65
:10661000B2F8C4B0928BABEB020B08EB4312ACEBBD
:106620000B0CC5F8C0C04FEA014CC4F88C714CF09B
:10663000800C48F80E00D3610AEB4323C2F804C073
:1066400003F5805C93601944C2F80CC003F5005C4C
:10665000C2F810C003F5405CC2F814C003F5804CCA
:10666000C2F818C0BFF34F8FC4F85C3F2033994283
:10667000FAD8BFF34F8FBFF36F8F082117EE900A40
:10668000FFF7EAFEC4F80C7185F80C906B7B9E4214
:10669000AED1BDE8F88F0026B146AEE7A0A6002037
:1066A0008001002080202020184B012193F82F200A
:1066B00083F82E10B2B1586C8A4280F08000C0F38B
:1066C000C0104FEAC0200ED1D3F88410090658BF7D
:1066D00000F50060032A0DD1BFF34F8F002283F82D
:1066E0002E2070471046596E090658BF00F500600D
:1066F000022AE9D1D3F8A420120658BF00F50060A1
:10670000BFF34F8F002283F82E207047A0A60020F1
:10671000F8B5274C94F82E30002B47D103F0FF0535
:10672000244B1B78002B41D0A18D00293ED094F83A
:106730002F0004F1400C204B01270CEB4012C1F557
:10674000006103EBC02340010E0419444CF80070B3
:1067500003F5805046F08006D561D06003F5005007
:106760005660106103F540509360506103F580401E
:106770009061BFF34F8F4FF0E020C0F8703F20339F
:106780009942FAD8BFF34F8FBFF36F8F4FF4801148
:106790000A48FFF761FE94F82F300133DBB2032B78
:1067A00088BF002384F82F300023A385F8BD00BFE5
:1067B000A0A6002088B101208000202040020020F7
:1067C00090F8A32090F8A200101A704790F8A23019
:1067D00090F8A3209A4205D95A1C034480F8A220BD
:1067E000987E70474FF0FF30704700BF90F8A2309E
:1067F00090F8A3209A4202D91844807E70474FF047
:10680000FF307047704700BF0346B0F8300178B1E1
:1068100093F82F21882A03D9012200205A6070475B
:1068200002F1010C01201A4483F82FC182F8A5104F
:10683000704700BF70B52A4C2369D3F8145115F482
:10684000706201D0C3F81421AE070BD5D3F87011D4
:1068500008043ED500220120A4F8A220224484F896
:10686000A3009176EA0710D594F83061F6B194F858
:106870002E6194F82F21B24227D9711C264496F834
:10688000A52084F82E11C3F86021AB050DD594F82E
:10689000A30018B1D4F83C3103B198470023A4F801
:1068A000A230A4F82E3184F8303170BDD4F83821EC
:1068B0000AB190472369002284F82E21012284F82E
:1068C000302194F82F21B242D7D80022C3F860219A
:1068D000DBE794F8A320872AC4D8501CC0B2BDE7D8
:1068E000E05E002070B52C4CD4F8F431D3F814518C
:1068F00015F4706201D0C3F81421AE070CD5D3F89B
:106900007011080440D500220120A4F886222244F8
:1069100084F8870282F8FE11EA0710D594F8146310
:10692000F6B194F8126394F81323B24228D9711C7B
:10693000264496F8892284F81213C3F86021AB0527
:106940000DD594F8870218B1D4F8203303B19847D5
:106950000023A4F88632A4F8123384F8143370BDEF
:10696000D4F81C2312B19047D4F8F431002284F8F3
:106970001223012284F8142394F81323B242D6D8A8
:106980000022C3F86021DAE794F88722872AC3D867
:10699000501CC0B2BBE700BFA0A6002070B52C4CB5
:1069A000D4F83433D3F8145115F4706201D0C3F81D
:1069B0001421AE070CD5D3F87011080440D500227D
:1069C0000120A4F8C623224484F8C70382F83E13AA
:1069D000EA0710D594F85464F6B194F8526494F828
:1069E0005324B24228D9711C264496F8C92384F84E
:1069F0005214C3F86021AB050DD594F8C70318B144
:106A0000D4F8603403B198470023A4F8C633A4F83F
:106A1000523484F8543470BDD4F85C2412B19047D9
:106A2000D4F83433002284F85224012284F8542408
:106A300094F85324B242D6D80022C3F86021DAE792
:106A400094F8C723872AC3D8501CC0B2BBE700BF45
:106A5000A0A6002030B40468BDF808500295A46BCD
:106A6000A44630BC604700BF30B40468BDF808508D
:106A70000295E46BA44630BC604700BFD0F800C06C
:106A80002DE9F04F90461F461F4A83B0DCF81430C2
:106A900005460C46BDF930909342BDF834A029D18B
:106AA0002744A7421EDDDFF864B00AE00134CDF8C8
:106AB00000A0DCF8386024B2B047D5F800C0BC4272
:106AC00010DADCF820604B46424621465E452846F7
:106AD000ECD00134CDF800A0B047D5F800C024B206
:106AE000BC42EEDBDCF82C30074A934206D103B0FF
:106AF000BDE8F08F9847D5F800C0D1E7284603B02D
:106B0000BDE8F04F184700BF0137010051390100BF
:106B1000D0F800C02DE9F04FDCF8406083B0DFF81A
:106B200098E0BDF930907645BDF834A032D190465A
:106B30001F46204A0546DCF814300C46934235D1F6
:106B40002744BC421EDADFF874B00AE00134CDF805
:106B500000A0DCF8386024B2B047D5F800C0BC42D1
:106B600010DADCF820604B46424621465E45284656
:106B7000ECD00134CDF800A0B047D5F800C024B265
:106B8000BC42EEDBDCF82C300A4A934209D103B058
:106B9000BDE8F08FB446CDE90C9A03B0BDE8F04FE4
:106BA0006047284603B0BDE8F04F18479847D5F82E
:106BB00000C0C5E7013701007939010051390100F2
:106BC0002DE9F0411C460B46016884B0114E054684
:106BD0004F69BDF82880B74210D1013CCDF8048040
:106BE0002846144424B200948C6A1946A0472B68A6
:106BF000DB6AB34209D104B0BDE8F081CDE90232CD
:106C0000B8472968DDE90232E7E7284604B0BDE865
:106C1000F0411847013701002DE9F043056885B0C0
:106C2000124E04466F699946BDF83080B74210D1C4
:106C300009F1FF33CDF80480009220460B44AD6A81
:106C40001BB2A8472368DB6AB34209D105B0BDE88F
:106C5000F083CDE90212B8472568DDE90212E7E7C3
:106C6000204605B0BDE8F043184700BF01370100DA
:106C7000D0F800C0274B2DE9F04FDCF8404083B03E
:106C80000F46B0F90C909C42B0F90E802FD1DCF881
:106C900014300546DFF880B05B4537D1B9F1000FFD
:106CA0001EDD0024DFF874A0214609E001340097BE
:106CB000DCF83860B047D5F800C021B289450FDD57
:106CC000DCF820604346002228465645EED00134C9
:106CD00000220097B047D5F800C021B28945EFDC0B
:106CE000DCF82C305B450CD103B0BDE8F08F0022FE
:106CF00001914B46CDF800801146A04703B0BDE896
:106D0000F08F284603B0BDE8F04F18479847D5F8F4
:106D100000C0C3E779390100013701005139010092
:106D20002DE9F043994287B00546BDF93840BDF8DA
:106D30003C6022D0A24212D00768DFF88480D7F8E6
:106D40001490C14533D12846CDE90046BC6AA0471E
:106D50002B68DB6A434525D107B0BDE8F083994233
:106D60001CDC0E9601332C6828465B1AE46B1BB2C0
:106D7000A44607B0BDE8F0436047A24202DD1346D7
:106D800022461C460E96631C2C6828469B1AA46B50
:106D90001BB2A44607B0BDE8F04360470846194659
:106DA0000346DEE7284607B0BDE8F0431847CDE9C3
:106DB00004230391C8472F680399DDE90423C2E740
:106DC000013701002DE9F04F1D4603681646DFF834
:106DD000BC905A6985B004464A45BDF93880BDF873
:106DE0003C7043D1D3F824B03246DFF8A4A020464B
:106DF0000097D345039108BFD3F83CB02B46D84742
:106E0000236808F1FF320399D3F824B03244009785
:106E1000D34512B234D1D3F83CA0204603912B467F
:106E2000D047039923683246DFF868A02046D3F89C
:106E300020B0013D0097D345039108BFD3F838B087
:106E40004346D8470399226843460D44204629B259
:106E5000156A0097554508BF956B3246A8472368C9
:106E6000DB6A4B4507D105B0BDE8F08F0391904731
:106E700023680399B6E7204605B0BDE8F04F1847F0
:106E800003912B462046D8470399CBE701370100F1
:106E9000653901005139010001F003038376CB0706
:106EA00005D40289B0F90A308281C38170474289D2
:106EB000B0F908308281C381704700BF704700BFBE
:106EC00000B590F81AC0BCF1020F0CD0BCF1030F52
:106ED00060D0BCF1010F54D0012B13D0022B3AD05B
:106EE00023B35DF804FBB0F808C0012BACEB010C38
:106EF0004189A1EB02020CF1FF3102F1FF3209B22C
:106F000012B2EBD1002A1346B0F808E002F0070CE9
:106F1000B8BFD31DC06A0122DB1002FA0CF213FBCA
:106F20000E13C15C0A43C2545DF804FB002A1346E9
:106F3000B0F808E002F0070CB8BFD31DC06ADB1040
:106F400013FB0E130121C25C01FA0CF122EA0102CB
:106F5000C2545DF804FB002A1346B0F808C0B8BF5D
:106F6000D31DC06A02F00702DB1013FB0C130121D2
:106F700010F803C001FA02F282EA0C02C2545DF872
:106F800004FBB0F808C0ACEB020C0A460CF1FF3170
:106F900009B2A1E7B0F80AC0ACEB010C11460CF144
:106FA000FF3212B298E700BF70B504680C4E256935
:106FB000B54209D100298E4605DBB0F90C508D424F
:106FC00001DD002A04DA70BDAC46BDE870406047C0
:106FD000B0F90E509542F6DDBDE8704070E700BF95
:106FE000414001002DE9F04F85B0A3EB01091F4698
:106FF0000D46BDF938C01646BDF83C30ACEB020872
:10700000B8F1000FB8BFC8F10008B9F1000FB8BF60
:10701000C9F10009C84540F381803C468E460A46C6
:107020003546394676466746CA46A446BD420ADD1D
:10703000521A34462946664682EAE27A3D46A4461A
:107040000F46AAEBE27A7A1B1FFA8AFABB4614B201
:1070500092B2002C00924FF6FF72B8BF0134B445D3
:10706000C8BF0122641001921DE08F423BD1176915
:10707000324A974237D1002E05DBB0F90C20B242DC
:1070800001DD29044DD5A4EB0A0214B292B2002C02
:1070900005DA01990E4400990A4436B214B201355A
:1070A0002DB2AB4527DB0268C84525499769DCDC72
:1070B0008F4223D11769214A974227D1002DE2DB65
:1070C000B0F90C20AA42DEDD3204DCD4B0F90E2087
:1070D000B242D8DD3246294603930290FFF7F0FE14
:1070E000DDE90203CFE703932A4602903146B84711
:1070F000DDE90203C7E705B0BDE8F08F0393324630
:1071000002902946B847DDE90203BCE70393324603
:1071100002902946B847DDE90203B4E76146C2465A
:1071200084E7B0F90E20AA42ADDD2A46314603932A
:107130000290FFF7C5FEDDE90203A4E7414001002C
:10714000A53E0100002905DBB0F90CC08C4501DD2E
:10715000002A00DA7047B0F90EC09445FADD10B489
:1071600090F81AC0BCF1020F0DD0BCF1030F58D03B
:10717000BCF1010F4CD0012B38D0022B24D07BB1B5
:107180005DF8044B7047B0F808C00CF1FF3CACEB65
:10719000010C41898A1A0FFA8CF1013A12B2EAE71E
:1071A000002A1346B0F808C0B8BFD31DC46A02F065
:1071B00007020120DB1000FA02F213FB0C13E15C62
:1071C00021EA0202E254DBE7002A13460489B8BF31
:1071D000D31DC06A02F00702DB1013FB0413012168
:1071E000C45C01FA02F26240C254C9E7002A1346A5
:1071F000B0F808C002F00704B8BFD31DC06A01226E
:10720000DB10A24013FB0C13C15C0A43C254B7E766
:10721000B0F808C0ACEB020C0A460CF1FF3109B221
:10722000A9E7B0F80AC00CF1FF3CACEB010C114629
:107230000FFA8CF29FE700BF002930B5BDF80C4073
:1072400002DA0B4400211BB2B0F908C05D188E466B
:10725000654502DDACEB01010BB2002B0FDDD11057
:1072600002F00702C06A1CFB01EC012101FA02F2E4
:107270008C426044D2B271D0022C3AD004B130BDFD
:107280009BB2D2435D1ED2B2A9B22DB2022921D93E
:1072900021464FEA930C041D62F307010CF1FF3CF9
:1072A00062F30F211FFA8CFC62F3174104EB8C048C
:1072B000844662F31F61DCF800E00EEA010E4CF830
:1072C00004EBA445F7D123F003016D1A8B42084467
:1072D0002DB2D4D0037813400370002DCFD0437863
:1072E000012D03EA02034370C9D083781A408270EB
:1072F00030BD9BB25D1EA9B22DB202291FD9002458
:10730000990800F1040E62F30704013962F30F24B7
:1073100089B262F317440EEB810E014662F31F64DB
:10732000D1F800C08CEA040C41F804CB7145F7D1C8
:1073300023F003016D1A8B4208442DB29FD00378CD
:1073400053400370002D9AD04378012D83EA020345
:10735000437094D083785340837030BD9BB25D1EE0
:10736000A9B22DB2022920D90024990800F1040EF7
:1073700062F30704013962F30F2489B262F3174400
:107380000EEB810E014662F31F64D1F800C04CEA97
:10739000040C41F804CB8E45F7D123F003016D1A9C
:1073A0008B4208442DB23FF46AAF03781343037055
:1073B000002D3FF464AF4378012D43EA020343708C
:1073C0003FF45DAF83781343837030BD90F81AC0EB
:1073D000BCF1020F2DE9F041BDF8184024D0BCF1FA
:1073E000030F1CD0BCF1010F09D0002A15DBB0F946
:1073F0000AC0944511DD0694BDE8F0411CE7B0F8E1
:1074000008C0ACEB020C0CF1FF3C0FFA8CF2002A26
:1074100003DBB0F908C0944513DCBDE8F081CD185A
:107420004189491B09B2F2E7B0F80AC0CD180189B9
:10743000ACEB020C491B0CF1FF3C09B20FFA8CF2C9
:10744000D3E7002902DA19440BB200218E46B0F9C5
:107450000A509E44AE4501DD6D1A2BB2002BDCDDD7
:10746000C1F3C405C66A11F00701DBB21CFB052598
:1074700006EB050225D0C1F1080EDFF808815FFA9E
:107480008EFE734518F80E7044D2AEEB03084FF031
:10749000FF0C012C4CFA08FC07EA0C0752D0022C16
:1074A0003CD0002CB9D116F805C02CEA070C734566
:1074B00006F805C0B0F90850AFD308392A440B4488
:1074C000DBB2072B16D9022C41D0B4F1000C1946BF
:1074D00018BF4FF0010CCCF1000C5FFA8CFC08399E
:1074E00082F800C0B0F90850C9B22A440729F6D87A
:1074F00003F00703002B90D02249012C0B441B7A88
:107500003BD0022C35D0002C87D1117821EA03031F
:10751000137082E7012C15D0022C04D116F805C097
:1075200087EA0C0CC3E7002CBDD0083962440B4439
:10753000DBB2072BC9D8002B3FF46FAF984498F803
:107540000830DEE716F805C047EA0C0CAFE719462D
:1075500014780839E443C9B214700729B0F9084017
:107560002244F5D813F007033FF457AF05490B4405
:107570001B7A11784B4013704FE711780B4313704F
:107580004BE700BFF82E00602DE9F04190F81AE0BB
:107590009446BDF81840BEF1020F00F08F80BEF196
:1075A000030F00F08680BEF1010F70D000296CDB64
:1075B000B0F908E08E4568DDBCF1000F04DA9C44A8
:1075C0000FFA8CF34FF0000C6246B0F90A501A44DF
:1075D000AA4202DDA5EB0C052BB2002B55DDCCF346
:1075E000C402C66A1CF0070CDBB21EFB021106EBDC
:1075F000010224D0CCF10805DFF84481EDB2AB42A2
:1076000018F8057065D2A5EB03084FF0FF0E012CAA
:107610004EFA08FE07EA0E0773D0022C5DD0A4BB19
:1076200016F801E02EEA070EAB4206F801E0B0F9C9
:1076300008102AD3ACF1080C0A446344DBB2072BD0
:1076400016D9022C62D0B4F1000C194618BF4FF0C5
:10765000010CCCF1000C5FFA8CFC083982F800C0F8
:10766000B0F90850C9B22A440729F6D803F0070335
:107670005BB13349012C0B441B7A5CD0022C56D0F1
:107680001CB9117821EA03031370BDE8F0819C4412
:107690000289A2EB0C020FFA82FC0029F5DBB0F99B
:1076A0000A208A42F1DD0A4606946146BDE8F041AF
:1076B000C2E54289521A013A11B2EEE702899C44AE
:1076C000521A013A11B24289A2EB0C020FFA82FC63
:1076D0006CE7012C15D0022C04D116F801E087EAE2
:1076E0000E0EA1E7002C9BD0ACF1080C7244634451
:1076F000DBB2072BA7D8002BC7D0984498F80830E6
:10770000BCE716F801E047EA0E0E8DE7194614783B
:107710000839E443C9B214700729B0F9084022447B
:10772000F5D813F00703B0D005490B441B7A117844
:107730004B401370A9E711780B431370A5E700BF06
:10774000F82E006011F0FD0F017204D1D0F80A305C
:10775000C0F81230704700238189428961F30F031A
:1077600062F31F43C0F81230704700BF8175704745
:10777000002070473E4B3F4A1B6830B41D6C29798E
:10778000D177DC6B2079107711779A6B52B1B2F513
:10779000004F23D3384C1444364A9C63D176D076BC
:1077A00030BC70479C6A032593F8321093F834007C
:1077B00024680843216B21EA0001586C216383F897
:1077C000355003682D491B688B421DD1037F4260F1
:1077D000022BC2601BD1836830BC18472468B4F800
:1077E0001EC01CF4004F15D12D681FFA82FCA4F8AE
:1077F0001EC0A4F816C0EC8B240434D4A5F81EC017
:10780000A5F816C00024C7E7114630BC184730BCA5
:10781000FEF79ABAB2F5007F1ED21FFA82FCE28B05
:107820002D6802F47E424CEA0202E283E28A02F40C
:107830007E424CEA0202E282EA8B1204DED5EA8B37
:1078400002F47E424CEA0202EA83EA8A02F47E42B1
:107850004CEA0202EA82D5E72D68EC8B2404D1D4ED
:107860001FFA82FCCAE7B2F5007FE8D3CAE700BF7F
:1078700018C3012000800E400180FFFFC92C0100C9
:107880003E4B3F4A5B6830B41D6C2979D177DC6B85
:107890002079107711779A6B52B1B2F5004F23D34C
:1078A000384C1444364A9C63D176D07630BC70474D
:1078B0009C6A032593F8321093F834002468084337
:1078C000216B21EA0001586C216383F8355003686D
:1078D0002D491B688B421DD1037F4260022BC26081
:1078E0001BD1836830BC18472468B4F81EC01CF450
:1078F000004F15D12D681FFA82FCA4F81EC0A4F811
:1079000016C0EC8B240434D4A5F81EC0A5F816C00C
:107910000024C7E7114630BC184730BCFEF714BA44
:10792000B2F5007F1ED21FFA82FCE28B2D6802F4B2
:107930007E424CEA0202E283E28A02F47E424CEA90
:107940000202E282EA8B1204DED5EA8B02F47E4266
:107950004CEA0202EA83EA8A02F47E424CEA02021C
:10796000EA82D5E72D68EC8B2404D1D41FFA82FC7F
:10797000CAE7B2F5007FE8D3CAE700BF18C3012009
:1079800000800E400180FFFFC92C010010B51C4C87
:10799000D4F8640420B103681A4A1B6893421AD1D0
:1079A000D4F8680420B10368164A1B68934217D1C3
:1079B000D4F86C0420B10368124A1B68934214D1B6
:1079C000D4F8700420B103680E4A1B68934211D1A9
:1079D000BFF34F8F10BD0C4998470028E0D010BD71
:1079E000094998470028E3D010BD07499847002867
:1079F000E6D010BD044998470028E9D010BD00BF6B
:107A0000A0A600206D46010008C2012010B51C4C44
:107A1000D4F8740420B103681A4A1B6893421AD13F
:107A2000D4F8780420B10368164A1B68934217D132
:107A3000D4F87C0420B10368124A1B68934214D125
:107A4000D4F8800420B103680E4A1B68934211D118
:107A5000BFF34F8F10BD0C4998470028E0D010BDF0
:107A6000094998470028E3D010BD074998470028E6
:107A7000E6D010BD044998470028E9D010BD00BFEA
:107A8000A0A600206D46010018C2012010B51C4CB4
:107A9000D4F8840420B103681A4A1B6893421AD1AF
:107AA000D4F8880420B10368164A1B68934217D1A2
:107AB000D4F88C0420B10368124A1B68934214D195
:107AC000D4F8900420B103680E4A1B68934211D188
:107AD000BFF34F8F10BD0C4998470028E0D010BD70
:107AE000094998470028E3D010BD07499847002866
:107AF000E6D010BD044998470028E9D010BD00BF6A
:107B0000A0A600206D460100F8C101204A4B4B4958
:107B100030B5D3F8DC44D3F8D8542079C877D3F8FB
:107B2000D42495F804C081F81CC008775AB1B2F586
:107B3000004F26D342491144404AC3F8D414D076AA
:107B400082F81BC030BDD3F894140F2440F20130EA
:107B50008C650324CA6108614FF47C504861D3F8F6
:107B6000E00483F8D144036836491B688B422BD16B
:107B7000037F4260022BC2602AD18368BDE8304097
:107B800018472D68E98B090414D492B2EA8321685E
:107B9000EC8BA4B2EC82CC8B240405D5CC8BC2F345
:107BA000080204F47E442243CA83CA8B92B2CA827A
:107BB0000021C1E7E98BC2F3080E92B201F47E41C5
:107BC00041EA0E01E983E2E71146BDE8304018477B
:107BD000EFF3108272B6437F33B9017F012917D0CA
:107BE000032905D001234377002AABD162B630BD0B
:107BF000154D16492C68DCB143610B6883615861EF
:107C00004FF0E0234FF080540860C3F8044DE9E7DB
:107C10000F4C216831B10F4943610B6808608361E3
:107C20005861DFE70B4B20601860C0E90511D9E708
:107C3000C0E905442860E3E7A0A6002000800E40CC
:107C40000180FFFFC92C010000C3012004C30120F3
:107C5000F8C20120FCC201204A4B4B4930B5D3F891
:107C60002C45D3F828552079C877D3F8242595F8E2
:107C700004C081F81CC008775AB1B2F5004F26D372
:107C800042491144404AC3F82415D07682F81BC0FB
:107C900030BDD3F8E4140F2440F201308C65032486
:107CA000CA6108614FF47C504861D3F8300583F80D
:107CB0002145036836491B688B422BD1037F426004
:107CC000022BC2602AD18368BDE8304018472D6876
:107CD000E98B090414D492B2EA832168EC8BA4B234
:107CE000EC82CC8B240405D5CC8BC2F3080204F4BF
:107CF0007E442243CA83CA8B92B2CA820021C1E762
:107D0000E98BC2F3080E92B201F47E4141EA0E0102
:107D1000E983E2E71146BDE830401847EFF31082EF
:107D200072B6437F33B9017F012917D0032905D0EB
:107D300001234377002AABD162B630BD154D1649F9
:107D40002C68DCB143610B68836158614FF0E0231C
:107D50004FF080540860C3F8044DE9E70F4C2168E8
:107D600031B10F4943610B68086083615861DFE7F7
:107D70000B4B20601860C0E90511D9E7C0E9054444
:107D80002860E3E7A0A6002000800E400180FFFFEE
:107D9000C92C010000C3012004C30120F8C2012046
:107DA000FCC201200B682DE9F0430C465B6980465C
:107DB000084600252DED068B8BB09FED5A9A98470B
:107DC0002368074620469B69984723680646214654
:107DD0001B6806A89847DFED548AADF816500CE0F2
:107DE000BDF8163002EB420203EB4303B118F85A18
:107DF0003B44B0529B788B700135236820461FFAB4
:107E000085F9DB69984703464A4621464B4508A851
:107E100061D923689B689847D8ED036ADDED097A3C
:107E20009DED087A77EEA67AD8ED025A9DED076AA5
:107E300037EE257ADDED066A77EEC67A37EE667A9A
:107E400027EEA70A77EEA87A77EE090AA7EE070AC7
:107E5000B5EE400AF1EE10FA57D4F1EEC09AB0EE4A
:107E6000670A11F083FBB7EE006AF6EE006A98ED40
:107E7000047AF1EE007A86EE298AB0EE40AA28EE66
:107E8000268A28EE078A28EE278A11F0A7FCF0EE52
:107E9000409AB0EE4A0A11F09DFB60EE087A69EE56
:107EA000889AD4F800C00DF116024946FDEEE77A33
:107EB0002046BDEEE97ACDED007A17EE103ADCF8F7
:107EC0004890C847AAB200288AD102EB4203F218B0
:107ED000F052907090E7002503E0F05AF8528B784A
:107EE000937023682046DB699847ABB201351A4688
:107EF00003EB4303904206EB030107EB0302ECD8CC
:107F00000BB0BDEC068BBDE8F083CDED037ACDED73
:107F1000020A11F045F8DDED037AF0EE409ADDED4E
:107F2000020A9CE700000000000048422DE9F04FE3
:107F3000AF4C85B0D4F84431DF070193C4F8443125
:107F400052D5D4F8AC31002B49D0DFF8A8A2DFF825
:107F5000C4B20AF26C5202F580520292C4F8AC31FB
:107F6000DBE90A20D4F8403143F40053C4F840312F
:107F7000D4F840319D04F5D5D4F8403123F40053B2
:107F8000C4F840314FF00113C4F8B431D4F8B471DF
:107F900017F00117FAD193B2CAF83475B3F5086F28
:107FA00000F06F8300F25E8140F20235AB4200F0D8
:107FB000388300F20F81822B00F0DE82B3F5817FDF
:107FC00040F0C18010F0780F83B200F0DD834FF0F5
:107FD0000113C4F8C031D4F8AC31002BBED1844BAE
:107FE000D3F8BC51002D47D1019B5E0615D5804AC0
:107FF000D2F8AC31C2F8AC31D2F8BC31C2F8BC31E5
:10800000D2F8B031002BFBD14FF0FF307949C2F8E4
:10801000B401D2F88421C1F86435019BDC0104D598
:10802000744BD3F8683503B19847019B580709D5BD
:108030006F4BD3F8843113F4007319D06D4B0122C8
:1080400083F860256A4BD3F8482111060DD5019AB3
:1080500012060AD5674991F8C12532B1013AD2B268
:1080600081F8C125002A00F0908405B0BDE8F08FAA
:10807000604A82F86035E5E7DFF878A1C3F8BC51C3
:10808000DAF83425154240F0AB83DAF8643515EAA6
:108090000309A9D05FEA194728D0DFF878B14FF07B
:1080A000010897FAA7F5B5FA85F50BEBC51ADAF8CA
:1080B00070600AF1400AAEB13246002404E0126852
:1080C0000134012A00F0E183536813F08003F6D0F5
:1080D000CAF8302034B13046DAF83830366898477C
:1080E000013CF8D108FA05F5AF43DAD11FFA89F55A
:1080F000002D3FF479AFDFF81CB14FF0010895FA7D
:10810000A5F6B6FA86F60BEBC619D9F83070AFB102
:108110003A46002404E012680134012A00F0B883D2
:10812000536813F08003F6D0C9F8302034B13846D4
:10813000D9F838303F689847013CF8D108FA06F67C
:10814000B543DCD150E7802B7FF441AF2A4B0122AD
:10815000AAF86C75CAF88835029BCAF88025CAF857
:108160008C35264A264BCAF88425CAF8903503F583
:10817000805203F50053CBF84C70CAF89425CAF826
:108180009835204BCBF84830D4F8B03143F48033E5
:10819000C4F8B031D4F8B031002BFBD1CAF848355F
:1081A000CBF80C300123CAF840358023CAF8443597
:1081B000154BCBF808304FF00113C4F8BC31D4F89C
:1081C000B03143F00103C4F8B031D4F8B031002B22
:1081D000FBD100E7B3F5A06F00F08881A3F5D06371
:1081E000012B3FF6F4AE87B2160C0849084B18E095
:1081F00000002E40A0A600200CAC00208000020051
:108200000CCC002020AC0020E0AB0020B84A0020BD
:108210001C3100200000002019690C3300293FF4B4
:10822000D6AE1A88B242F7D15A88BA42F4D1320A8D
:10823000032A00F00B831F89000C874228BF0746E2
:10824000B6F5007F40F00783B94B3A469AF860557F
:1082500003F16401B748002D08BF1946B54D12F06F
:1082600019FF38E342F22125AB4268D010D942F21F
:1082700021318B426DD04FF6C0018B427FF4A7AE07
:1082800010F47F4F87B27FF4A2AE47F46E47ABE79E
:10829000B3F5106F7AD042F22105AB427FF497AE6E
:1082A000030C072B7FF493AEA34BCBF80C70CAF8EA
:1082B000883543E902200122CAF880259F4ACAF87E
:1082C000842503F58052CAF88C2503F50052CAF8BC
:1082D000902503F54052CAF8942503F58042303BBF
:1082E000CAF89825CBF80830D4F8B03143F0010330
:1082F000C4F8B031D4F8B031002BFBD1CAF84835FE
:10830000CBF84C300123CAF8403548F28003CAF854
:1083100044358B4BCBF848304FF00113C4F8BC31D7
:10832000D4F8B03143F48033C4F8B0314FF4803323
:10833000CAF83435D4F8B031002BFBD14BE680B20B
:1083400038B9804BC2F307421B68CAF8A0358AF8D7
:10835000A4250023CAF84835CBF84C300123CAF8CD
:1083600040358023CAF84435754BCBF848304FF080
:108370000113C4F8BC31D4F8B03143F48033C4F8ED
:10838000B031D4F8B031002BFBD124E6C2F3074260
:108390006D4B6E4E39461A7080226D4BA6F18400EB
:1083A000B946C4F8C8316B4BC4F8CC316A4BC4F839
:1083B000D0319AF86035002B15BF4FF40075402579
:1083C0004FF000734FF4800314BF4FF008584FF084
:1083D00001580393AAF8E051AAF8625512F068F820
:1083E00039464FF4807206F11C008AF82F70AAF803
:1083F0002C7012F05DF839463760F7603C2246F881
:10840000A87C46F89C7C55488AF80D708AF80C7058
:10841000CAF8C070C6E9017746E9297712F048F832
:1084200001224F4B3946CBF848213C224D481C369F
:10843000CBF8403112F03CF8DAF8643501223946C5
:10844000494843F00803CBF888213C22CBF88081CF
:10845000CAF864354FF0E027444BDFF81881CBF8B9
:10846000B83112F025F8039B2A464546CBF8403236
:108470000123CBF848324FF40033C7F88C31012385
:10848000B56033601304C6F81C902A4443F080039F
:10849000736005F58053F36005F50053336105F50E
:1084A0004053736105F58043B361BFF34F8F2B4693
:1084B000C7F85C3F20339A42FAD8BFF34F8FBFF31F
:1084C0006F8F082109F1010932462948FDF7C4FFE1
:1084D0004FF40033894505F5007506F12006C7F80D
:1084E0000C3100F01481BAF8E021C4E70123CAF886
:1084F0004875CBF84C70CAF840358023CAF844352B
:108500000F4BCBF848304FF00113C4F8BC31D4F80E
:10851000B03143F48033C4F8B031D4F8B031002B1B
:10852000FBD1130C5B0643F08073C4F8543152E561
:10853000082F00600000202050AC002080000700C1
:10854000E0AB00200CC3012088B1012064A700200B
:108550000200CC00C80002000200C8004401002054
:10856000000010208401002044020020FD5A010078
:10857000800100208020202083B210F078007FF45A
:1085800026ADC54903F07F0251F822201906AAF84A
:108590006C0500F17381D70700F17381BF4B012295
:1085A000CAF88835029BCAF88025CAF88C35BC4ABF
:1085B000BC4BCAF88425CAF8903503F5805203F500
:1085C0000053CAF89425CAF89835B74BCBF8483011
:1085D0000023CBF84C30D4F8B03143F48033C4F8E6
:1085E000B031D4F8B031002BFBD1CAF84835CBF804
:1085F0000C300123CAF840358023CAF84435AB4B10
:10860000CBF808304FF00113C4F8BC31D4F8B031C6
:1086100043F00103C4F8B031D4F8B031002BFBD1E2
:10862000D9E410F0780F83B27FF4D1AC03F07F026D
:10863000994913F0800F51F8223014BF43F480336E
:1086400043F0010341F822300023CAF84835CBF843
:108650004C300123CAF840358023CAF84435934B87
:10866000CBF848304FF00113C4F8BC31D4F8B03126
:1086700043F48033C4F8B031D4F8B031002BFBD1CF
:10868000A9E48B4A854B1278CAF888358AF86C259C
:108690000122029BCAF88025CAF88C35854A814B95
:1086A000CAF88425CAF8903503F5805203F50053C3
:1086B000CBF84C70CAF89425CAF898357A4BCBF8A9
:1086C0004830D4F8B03143F48033C4F8B031D4F832
:1086D000B031002BFBD1CAF84835CBF80C30012360
:1086E000CAF840358023CAF84435704BCBF80830BF
:1086F0004FF00113C4F8BC31D4F8B03143F001039A
:10870000C4F8B031D4F8B031002BFBD163E46A4B2C
:10871000002580266948CAF868354A23C4F8845081
:108720002946C4F880303246D4F8483143F080738B
:10873000C4F8483111F0BCFE614BCAF84465CBF86F
:10874000A03003F13C43CAF8485503F56C23CBF83D
:108750004C5003F56F73CBF8E0300123CAF8403575
:10876000524BCBF848304FF00113C4F8BC31D4F869
:10877000B03143F48033C4F8B031CAF83455D4F87A
:10878000B031002BFBD126E403F07F02424913F005
:10879000800F51F8223014BF23F4803323F00103FB
:1087A00041F822300023CAF84835CBF84C30012379
:1087B000CAF840358023CAF844353C4BCBF84830E2
:1087C0004FF00113C4F8BC31D4F8B03143F4803316
:1087D000C4F8B031D4F8B031002BFBD1FFF7FBBBAC
:1087E00042F22100BAF8A8450022DAF8AC1584421A
:1087F000CAF834250AF5B6627FF447AC89B200297D
:108800007FF443AC92E80300AAF8BC1586284FEA2F
:108810001141CAF8B8058AF8BE157FF436AC72B6B5
:108820009AF8C02542F008028AF8C025D3F84821FA
:10883000160606D442F080028021C3F84411C3F822
:10884000482162B650238AF8C1351EE4000C0F7827
:10885000874228BF0746B6F5E06F37D1194B3A4635
:108860009AF86005A3F16401174D002808BF194666
:10887000284612F00FFC07236B702CE0D3037FF522
:108880008DAE01238AF86C3588E6CAE90C3321E401
:10889000C9E90C334AE400BFC0012E400CAC0020F3
:1088A000800002000CCC002020AC0020E0AB0020B7
:1088B00088B10120800001000D36010080000020F9
:1088C0005DCFC6B86C2F006000002020434D3A46B3
:1088D000284612F0DFFBE9194048BFF34F8F4FF0F5
:1088E000E0220346C2F8703F20339942FAD8BFF322
:1088F0004F8FBFF36F8F47B33B040122CAF888053F
:1089000043F08003CAF88025CAF88435344B03F558
:108910008052CAF88C35CAF8902503F5005203F549
:108920004053CAF89425CAF898352E4BCBF84830F6
:108930000023CBF84C30D4F8B03143F48033C4F882
:10894000B031D4F8B031002BFBD101220023CAF89A
:1089500040258022CAF84835CAF84425224ACBF877
:108960000C30CBF808204FF00112C4F8BC21D4F829
:10897000B02142F00102C4F8B021CAF83435D4F86D
:10898000B031002BFBD1FFF726BB91F8C02502F0D8
:10899000F70281F8C0252AB9D3F8482122F08002D5
:1089A000C3F84821114B1B6E9B0700D4FBBE72B667
:1089B0000F4B00200F4AC3F8400103F160430E49FA
:1089C000A3F55F2311649D46BFF34F8F4FF400134F
:1089D0000A480B4ADB6902609B6898470000202028
:1089E0000010202020AC0020E0AB002000441F40FD
:1089F00000002E4000C00A4003002000008020201C
:108A0000000012EB72B6EFF305826A4BC3F88420C4
:108A1000EFF308804FF0E021674AD1F8284DC3F802
:108A20008840D1F82C4DC3F88C40D1F8344DD1F8A2
:108A3000381DC3E924418169C3F89810C169C3F89E
:108A40009C10D2F880305B07FBD5D2F880305B48B1
:108A5000C3F30B235A49574C07EE903AD0F8C4356C
:108A60004A6A07EE103AD0F8C835F8EEE77A06EE13
:108A7000903A00F2CC5300F5BA60B8EE477AF8EEBF
:108A8000666AD3ED005A90ED006A8B6A77EEE67A5B
:108A900067EEA57AC7EE866A77EE667AC4ED287A25
:108AA000184614464A6A8B6A8342F9D1A242F7D12A
:108AB000404C0B21DB0B4348C4F8801043EA42438F
:108AC00041494FF0FF32414DC4F8A43003682024DF
:108AD00004305A4002F00103013C01FB03F383EA36
:108AE0005202F7D1A842F1D1324BC3F8A820BFF30C
:108AF0004F8F4FF0E0233349354AC3F8701FC3F856
:108B0000702FBFF34F8FBFF36F8F324A0225324869
:108B1000D36E324943F44053D3660560D36930487D
:108B200023F07F0343F04003D3610B6883423DD8B9
:108B3000294D00214FF0E0234FF0FF32296001263C
:108B4000C5F808112749C5F80011C5F80861C3F830
:108B50008021C3F88421C3F88821C3F88C21C3F88D
:108B6000902101E0FFF7E2F9D5F80C31002BF9D0A4
:108B70000134C5F80C614F2CF4D91B4B02201B4962
:108B80004FF00042C1F840015A63D5F80C313BB9AF
:108B900017481849104A0163D2F80C31002BFAD05B
:108BA0004FF0E023144AC3F80C2DFEE7FDF7A8FAB6
:108BB000BEE700BF00FF272000810D40A0A60020D7
:108BC00000400D4080FF27202083B8EDA8FF27201C
:108BD000A0FF272000C00F4000400840B44A0020FA
:108BE000803DCD0B009F240000900D4000002E40E2
:108BF00000800F40F100AD0B0400FA05FFF702BF43
:108C00002DE9F84F574D4468B5F8E071C4F30E44B0
:108C1000C6693C1B002C23DD6A7B297BD3B28A42C8
:108C200009D0EA18107C05EB4009B9F8C480C8F5F2
:108C3000007294424ED90133002205EB4601082B05
:108C40008A8394BFDAB21346A1F8C4406A732B44F6
:108C5000D5F8C0201E741444C5F8C040BDE8F88F94
:108C60004FF0E0244FF4003305F1E0014FF0010C28
:108C7000C4F88C3175013C4B01EB461241F805C03C
:108C8000380403EB4623D66140F0800003F58051A1
:108C90001F445060D16003F500519360116103F5EA
:108CA0004051516103F580419161BFF34F8FC4F88A
:108CB0005C3F20339F42FAD8BFF34F8FBFF36F8FD3
:108CC00008212A48FDF7C8FB4FF40033C4F80C31E3
:108CD000BDE8F88F244B08EB40202246A04403EB6C
:108CE000462B18444FF0E02A594612F0D3F9D5F834
:108CF000C02005F1E001A9F8C48022444FF40034FB
:108D000038045B46C5F8C0200125CAF88C417401BF
:108D100001EB461240F080000D510BF580515F448D
:108D20005060D1600BF50051D66111610BF54051D7
:108D3000C2F808B051610BF580419161BFF34F8FCC
:108D4000CAF85C3F20339F42FAD8BFF34F8FBFF37E
:108D50006F8F08210548FDF77FFB4FF40033CAF8F9
:108D60000C317BE7A0A6002080202020800100207D
:108D70002DE9F04F4FF0E023494D4FF4003285B01C
:108D8000DFF8209105F1E008C3F88C212C7B6B7B88
:108D9000E4B2DFF814A1A34277D00134092C28BF34
:108DA00000242B191F7C05EB4703998BB3F8C4B043
:108DB000ABEB010BBBF1010F17D9D5F8C02001EBCC
:108DC000472738480131013AC05D9983C5F8C02072
:108DD0008DF80F004FF0E0234FF40032C3F80C2160
:108DE0009DF80F0005B0BDE8F08F01EB47215A4612
:108DF0007B020DF10F0049444FF0E026019312F081
:108E000049F9D5F8C0C0E0B2B5F8E01108EB471257
:108E1000ACEB0B0C019B4FF0010EC5F8C0C04B44EE
:108E200028734FF400304FEA471CC6F88C01080441
:108E300048F80CE0194440F08000D76103F5005772
:108E40009360506003F58050D06003F54050C2E954
:108E5000047003F580409061BFF34F8FC6F85C3F0C
:108E600020339942FAD8BFF34F8FBFF36F8F082199
:108E70005046FDF7F1FA4FF40033C6F80C31BBF160
:108E8000000FA7D16B7BA34287D14FF0E0234FF4B3
:108E900000324FF0FF30C3F80C2105B0BDE8F08F71
:108EA000A0A60020802020208001002038B5B0F846
:108EB00030410CB9204638BD90F82F310546C3F13A
:108EC0008904A2420DD8144605F1A5002246184493
:108ED00012F0E0F895F82F312046234485F82F3121
:108EE00038BD01224260EFE7B7EE007AD1ED007A9B
:108EF0009FED756AD1ED016A37EEC77A00B5B0EE25
:108F0000C77A2DED048BB4EEC67A85B0F1EE10FA77
:108F100040F18A80B0EEE67AD1ED025AB4EEC67A1C
:108F2000F1EE10FA00F19D80D1ED039A26EEA60A2B
:108F300092ED009AD2ED018A92ED028AA7EEA70A7D
:108F4000A5EEA50AA9EEA90AB5EE400AF1EE10FABF
:108F500000F1A680B1EEC07A9FED5C3A9FED5A2AEF
:108F6000B7EE004A84EE076A66EE266A66EE277A56
:108F700066EE255A26EE837A68EE664A26EEA85AF1
:108F8000A7EE897AE7EEA84AA7EE885A37EEC44AD8
:108F900026EE296AF1EE652AB0EEC44AA5EE887A7B
:108FA000E5EE834AA5EEC95AB4EEC24AF1EE463A5E
:108FB000F1EE10FAA6EE687AE6EE094AA6EE035A3A
:108FC00035D49FED426A27EE873A27EE634A27EEB3
:108FD000866A22EE877AA6EEC96AA2EEA86AA3EE96
:108FE000886AA3EE867AA6EEC63AA2EE864AA6EE76
:108FF000A47AA3EEA43AB0EE446AA7EEA46AA7EE60
:10900000857AF0EE434AE5EE854AA6EEC56AB0EEF3
:10901000475AC0ED004A80ED016A80ED025A05B062
:10902000BDEC048B5DF804FBD1ED025A7CE7B0EE99
:10903000E64AB4EEC24AF1EE10FAC2D5B0EEE54A05
:10904000B4EEC24AF1EE10FABBD5B0EEC66AB4EE89
:10905000C26AF1EE10FAB4D5B0EE646AF0EE474A97
:10906000D7E7B0EEE57AD1ED039AB4EEC67AF1EE29
:1090700010FA7FF55BAFB0EEE97AB4EEC67AF1EEA6
:1090800010FA7FF553AFD2F800C051689368C0F86A
:1090900000C04160836005B0BDEC048B5DF804FB4B
:1090A0000390CDED025ACDED016ACDED007A0FF0BF
:1090B00077FF0398B0EE407ADDED025ADDED016AEC
:1090C000DDED007A48E700BF6F12833A0000000030
:1090D000F7EE007AD2ED005A9FED357A92ED015A03
:1090E00075EEE77AF0EEE77AF4EEC77AF1EE10FA71
:1090F0003BD5F0EEC57AD2ED024AF4EEC77AF1EE36
:1091000010FA35D492ED034AD1ED017AD1ED002A5F
:1091100025EE676A91ED023A67EEA56AD1ED033A52
:1091200024EE677A67EEA47AA2EEA56AE2EE856A7B
:10913000A2EEA47AE2EE847AA3EE646AE3EE046A15
:10914000A3EE257AE3EE457AA3EEC46AE3EEE46A81
:10915000A3EE857AE3EEA57A80ED006AC0ED016AA0
:1091600080ED027AC0ED037A7047D2ED024AC9E77A
:10917000F0EEE47A92ED034AF4EEC77AF1EE10FADB
:10918000C2D5F0EEC47AF4EEC77AF1EE10FABBD590
:10919000D1F804C08A68CB68C0F804C08260C3609C
:1091A00000B5D1F800E0C0F800E05DF804FB00BFB6
:1091B0006F12833AF7EE007A9FED377A10B52DEDF6
:1091C000048B91ED008A86B00446D1ED018A78EED9
:1091D000677AF0EEE77AF4EEC77AF1EE10FA36D558
:1091E000F0EEE87A91ED029AF4EEC77AF1EE10FA19
:1091F00030D4D1ED039A28EEA80AA8EE080AA9EE09
:10920000090AA9EEA90AB5EE400AF1EE10FA3CD41B
:10921000B1EEC07A204602A9F7EE006AC6EE877A60
:1092200027EE888A68EEE78A29EE679A67EEE97A80
:109230008DED028ACDED038A8DED049ACDED057A90
:10924000FFF752FE204606B0BDEC048B10BD91ED39
:10925000029ACEE7F0EEC97AD1ED039AF4EEC77A1E
:10926000F1EE10FAC7D5F0EEE97AF4EEC77AF1EE36
:1092700010FAC0D51068516893682060204661607C
:10928000A36006B0BDEC048B10BD01920FF088FE08
:10929000019AB0EE407ABDE76F12833AD2ED007AC0
:1092A000DFED476A9FED477A67EEA67A30B52DED80
:1092B000048BC7EE878A0D468DB00446B6EE009A41
:1092C00068EE898AB0EE680A10F084F92B78B0EE67
:1092D000408A06EE903A6B78B0EE680A07EE103AD4
:1092E000AB78F8EE666A07EE903AB8EE477A28EE69
:1092F000098AF8EE677ACDED026A8DED037ACDED3D
:10930000047A10F06BFA02AA08A905A88DED080AE4
:109310008DED098A8DED0A8A8DED0B8AFFF7E4FD4C
:10932000DDED057A9FED287AF4EEC77AF1EE10FABA
:1093300006DCF5EEC07AF1EE10FA3AD5002100E035
:10934000FF21DDED067A9FED207AF4EEC77AF1EE8B
:1093500010FA06DCF5EEC07AF1EE10FA22D5002202
:1093600000E0FF22DDED077A9FED177AF4EEC77A71
:10937000F1EE10FA06DCF5EEC07AF1EE10FA0AD53D
:10938000002300E0FF23204621706270A3700DB01F
:10939000BDEC048B30BDFCEEE77ACDED017A9DF893
:1093A0000430F0E7FCEEE77ACDED017A9DF8042079
:1093B000D8E7FCEEE77ACDED017A9DF80410C0E71E
:1093C000DB0F49400000344300007F43F8B54FF005
:1093D000010C534B534E0746534D2DED028B53E872
:1093E000002F31682C6843E800C2002AF7D14F4BA8
:1093F0005B684F4A4FF47A701B1B97ED038A126823
:1094000000FB01F19FED4B0AF0EE480AA3FB02328C
:10941000824294BF8918091807EE901AF8EE677A0D
:1094200087EE800A10F0A4F83B78C0EE087A042B8F
:1094300073D8DFE803F0152D4467030037EEA77AF1
:10944000B7EE000AB4EEC07AF1EE10FA05D567EE79
:10945000A77AB1EE000A27EE800ABDEC028BF8BDB8
:10946000B6EE007AF4EEC77AF1EE10FA03DDB7EE4D
:10947000007A77EE677A97ED010A77EEA77A97ED93
:10948000027A37EE407ABDEC028BA7EE870AF8BD70
:10949000F6EE005A97ED010AD7ED026AB7EE007AB0
:1094A0009FED256AF4EEE57A76EEC06AF1EE10FAE9
:1094B000BDEC028B77FE067AA6EEA70AF8BDDFEDBB
:1094C0001F6A9FED1F7A67EEA67A9FED1E0A97ED41
:1094D000018A67EE877A87EE800A10F07BF8D7ED75
:1094E000027AF7EE006A77EEC87AB6EE007A30EECE
:1094F000260A67EE807AB0EE480ABDEC028BA7EE32
:10950000870AF8BD97ED010A97ED027A37EE407AA7
:10951000BDEC028BA7EE870AF8BD9FED070A9CE71A
:1095200008C301200CC3012010C30120001000E07B
:1095300014C3012000247449000000000000B4435B
:10954000D00F4940000034430B682DE9F0430C462E
:1095500080465B69084600252DED048B8BB09FED9E
:10956000649A98472368074620469B699847236872
:10957000214606461B6806A8984708F14400ADF846
:109580001650FFF723FFD8ED017A08F1240027EEEB
:10959000800A88ED040AFFF719FFD8ED017A08F177
:1095A000340027EE800A88ED020AFFF70FFFD8ED9E
:1095B000017A27EE800A88ED030A0CE0BDF8163028
:1095C00002EB420203EB4303B118F85A3B44B0529A
:1095D0009B788B700135236820461FFA85F9DB697B
:1095E000984703464A4621464B4508A85DD923685B
:1095F0009B689847D8ED037A9DED098ADDED080A4E
:1096000038EE278AD8ED026A9DED077A70EEA60A39
:10961000DDED067A38EE478A70EEE70A28EE080A92
:10962000A0EEA00AB5EE400AF1EE10FA57D4F1EE22
:10963000C08AB0EE480A0FF099FFC8EE897A98ED1B
:10964000041AF0EE409AB7EEC11AB7EEE70A0FF02F
:10965000C9FCB0EE407BB0EE690AF7EEC78B10F0A4
:10966000BDF8B0EE408AB0EE690A0FF0B3FF60EECD
:10967000287A28EE288AD4F800C00DF1160249464F
:10968000FDEEE77A2046BDEEC87ACDED007A17EE02
:10969000103ADCF84890C847AAB200288ED102EBF5
:1096A0004203F218F052907094E7002503E0F05A5C
:1096B000F8528B78937023682046DB699847ABB2E9
:1096C00001351A4603EB4303904206EB030107EB17
:1096D0000302ECD80BB0BDEC048BBDE8F083CDEDFC
:1096E000030A0FF05DFCDDED030AF0EE408AA0E70F
:1096F00000004042DFEDCC7A90ED017AB4EEE77ADB
:10970000F1EE10FA40F28E810B682DE9F04F0C4615
:109710000546DB6908462DED108B8BB0F7EE00EAAD
:1097200098472368024620465B69F0EE6EBA0392C2
:10973000164698472368029020469B6998470490F4
:10974000074605F12C00FFF741FE2B7A95ED017AD3
:10975000B0EE409A013B07EE903AF8EEE77AE7EE7A
:1097600087BA002E00F04B8105F10C02FCEEEB7A7B
:109770004FF0000AF6EE009A0FEE902A05F11C0257
:10978000CDED017AB8469FEDA9BA0FEE102ADFEDB4
:10979000A8AA55469FEDA7AA9FEDA7CA9DF80490D9
:1097A000059723682A46214608A89B689847F2EE49
:1097B000047A9DED087A2A462368214687EE27EA37
:1097C00008A89B6898479DED097A1FEE900AF1EE74
:1097D000047AC7EE27DAFFF7F9FD1FEE100AB0EEA4
:1097E000408AFFF7F3FDB0EE40DAB0EE4E0AA8EE85
:1097F0000B0A0FF0EFFEF0EE40CAB0EE6D0AADEED0
:109800000B0A0FF0EBFF7CEE80CAB0EE4E0A7CEE46
:10981000AECAA8EE2A0A0FF0DDFEF0EE408AB0EEE6
:109820006D0AADEE2A0A0FF0D9FF78EE808AB0EE0D
:109830004E0AA8EE0A0A0FF0CDFEB0EE408AB0EE56
:109840006D0AADEE0A0A0FF0C9FF7BEEEE7AB0EEBC
:109850006E7A38EE008A6CEEA7CAACEEA97ABCEE3E
:10986000C77A8DED017A9DF804309945C0F0D88013
:10987000012B38BF012378EEAE8AB0EE6E7A68EE27
:10988000A78AA8EEA97ABCEEC77A8DED017A9DF879
:109890000470B945C0F0C280012F38BF012738EEEF
:1098A0002E8A28EE278AF0EE6E7AE8EE297AFCEE10
:1098B000E77ACDED017A9DF80460B145C0F0AC8047
:1098C000012E38BF012622682946B0EE490A2046FB
:1098D000D2F84CB007AAD84722683B46294639EE51
:1098E0000C0A0746D2F84CB020460DF11E02D847AC
:1098F00022689FED520A33462946D66C054639EE5A
:10990000000A08AA2046B047002F00F08280BDF868
:109910001C30029A03EB4303D35C88F8003035B166
:10992000BDF81E30029A03EB430313445D7888F8B8
:109930000150002868D0BDF820300AF1010A029ACF
:1099400003EB430313449B7888F802301FFA8AF52F
:10995000039B08F10308AB423FF623AF0498029D36
:10996000C11C039C6A1A631E02329BB20A2A67D981
:10997000022B65D9A20800F10C06011D2B46013A05
:1099800092B202EB420206EB820600F10802059851
:1099900050F80C7B0C3351F80C5B52F80C4BB04276
:1099A00043F80C7C43F8085C43F8044CF0D1039E68
:1099B00026F003039BB29E4221D003EB4301049C9B
:1099C000029D5A1C605A92B268526018964229440D
:1099D0008078887013D902EB42020233A15A9BB2FD
:1099E000A952A1189E422A448978917007D903EBA5
:1099F0004303E15AE218E9522B4492789A700BB073
:109A0000BDEC108BBDE8F08F0AF1010A88F8020066
:109A10009CE788F8007082E74E4654E74F463EE7E1
:109A20004B4628E7704700BF6F12833ADB0F49426D
:109A30005F6E5142E3CC59420000F0420000704397
:109A400003EB4302029B1144059A1088033203334F
:109A5000914223F8030C12F8010C03F8010CF4D125
:109A60000BB0BDEC108BBDE8F08F00BFDFED937A3B
:109A700090ED017AB4EEE77AF1EE10FA40F21D8132
:109A80000B682DE9F04F0C465B69824608464FF0A3
:109A900000092DED0A8B89B0DFED89AA984723686C
:109AA000834620469B6998479FED86AADFED869AFC
:109AB0008046CDF80CB023681FFA89F72046DB6991
:109AC0009847B84240F2DB809AF80830B7EE00CAF7
:109AD00025682146013B9AED017AB0EE4C8A3A4660
:109AE00007EE903A06A8AB68F6EE00BAF8EEE77A11
:109AF000A7EE878A9847F2EE047A9DED077A0AF17D
:109B00000C0087EE27BAFFF761FCF2EE007A20EE38
:109B10002A0A28EE2B8AA0EE27BAB0EE4B0A0FF0E5
:109B200059FDB0EE409A3BEE0A0A0FF053FDF0EEFD
:109B3000408A3BEE290A0FF04DFD39EE0C9A38EEC3
:109B4000087AFDEEC86AF1EE487A29EE079ACDED63
:109B5000026AFDEEE76A9DF9085099EE2B8ACDED79
:109B6000016A9DF90410FDEEC86ACDED016A9DF908
:109B70000430AB4200F381808B42B8BF0B46F7EE56
:109B8000006AB6EE006A78EEA68AF0EE676A68EEC2
:109B9000878AE8EE866AFDEEE66ACDED016A9DF9F8
:109BA0000460B54267DB8E42B8BF0E46B7EE006A6E
:109BB000F6EE006A30EE060A20EE070AE0EE267A9C
:109BC000FDEEE77ACDED017A9DF90420954203DBA5
:109BD0009142B8BF11460D46002221682046D1F8B7
:109BE00040B03946ADF81420ADF81620ADF8182075
:109BF00005AAD847216833460DF11602D1F840B0C6
:109C0000064639462046D847844620682B463946C2
:109C100006AA076C20466546B847034616B3BDF84A
:109C200014101FFA89F2039801EB410102EB420282
:109C3000405C08EB020108F8020035B1BDF81620BF
:109C4000039802EB4202024455784D7033B1BDF8DF
:109C50001830039A03EB430313449B7809F101097D
:109C60008B7028E71FFA89F202EB420208EB02012F
:109C700008F80260E1E72E4698E72B467FE7DDF81B
:109C80000CB0002505E038F803002BF803008B78B2
:109C9000937023682046DB699847ABB201351A46BA
:109CA00003EB4303904208EB03010BEB0302EAD8FA
:109CB00009B0BDEC0A8BBDE8F08F70476F12833A94
:109CC000DB0FC94042E8054042E88540DFED7B7A82
:109CD00090ED017AB4EEE77AF1EE10FA40F2EC8002
:109CE0000B682DE9F04F5B69804608460C4600265C
:109CF0002DED088B87B0DFED72AA98479FED71AA12
:109D0000DFED719A074623681FFA86F92046DB6962
:109D10009847484540F2CB8098F80820B7EE009A63
:109D200023682146013A98ED017AF0EE49BA9B6822
:109D300007EE902A04A84A46F8EEE77AE7EE87BADB
:109D40009847F2EE047A9DED047A08F10C0087EE54
:109D500027BAFFF73BFBF2EE007A20EE2A0AA0EECC
:109D600027BAB0EE4B0A0FF035FCF0EE408A3BEE1E
:109D70000A0A0FF02FFCB0EE408A3BEE290A0FF0E2
:109D800029FC78EE898A3BEEC97AF6EE007AFCEE81
:109D9000EB6A68EE878ACDED016AA8EEA79A9DF876
:109DA0000450FCEEC97ACDED017A9DF80430AB4247
:109DB0007BD8012B38BF0123F7EE007AF6EE006A5C
:109DC00038EE278A28EE078AE8EE267AFCEEE77A54
:109DD000CDED017A9DF804B05D4564D3BBF1010F70
:109DE00038BF4FF0010BF7EE007AF6EE006A30EE66
:109DF000270A20EE070AE0EE267AFCEEE77ACDEDA0
:109E0000017A9DF80420954203D3012A38BF01222C
:109E100015460020216803AAD1F844A04946ADF8B0
:109E20000C00ADF80E00ADF810002046D047844677
:109E300020685B4649460DF10E02D0F844B020463A
:109E4000E246D847844620682B46494604AAD0F803
:109E5000449020466546C8470346BAF1000F1BD020
:109E6000BDF80C10B2B201EB410102EB4202785C8A
:109E7000B918B8542DB1BDF80E2002EB42023A4495
:109E800055784D702BB1BDF8103003EB43033B44C4
:109E90009B7801368B7036E7B2B202EB4202B918FA
:109EA00007F802A0E6E7AB469DE72B4684E707B03C
:109EB000BDEC088BBDE8F08F704700BF6F12833A8E
:109EC000DB0FC94042E8054042E885402DE9F04FEC
:109ED0000B680F460546DB692DED048B8DB00390B2
:109EE000084698473B68024638465B690592144627
:109EF00098473B68814638469B69984706460690D6
:109F000005F10C00FFF762FA002C00F02481B0EE9E
:109F1000408ADFED9E8AB7EE009A0021CDF82490AA
:109F2000CDF81090CDE90766039BB0EE497A1A7A16
:109F3000D3ED016A4FF0000307EE902AADF82E3002
:109F4000F8EE677AADF82C30049B77EEC97A1E786C
:109F50005D789C78A6EEA77AFCEEC77A17EE903A69
:109F60009BB20293002B50D04FF0010B0196A046FC
:109F70005E468B4638683346B0EE480A0DF12E0235
:109F8000C46C59463846A047396833460BAAD1F805
:109F90004CA038EE280A044659463846D047731C70
:109FA000BDF82EC0BDF82C205FFA83FE0CEB4C0CE4
:109FB00002EB4202764609EB0C0A74B119F80C4028
:109FC000019B23449AF8014025449AF802409BB231
:109FD0004444ADB201931FFA84F809EB020C70B14E
:109FE00019F80240019B9CF801009CF802202344D0
:109FF000284442449BB285B21FFA82F80193029B27
:10A000009E45B7D9019E44465946029A01310598AA
:10A01000530089B2B6FBF3F6B5FBF3F5B4FBF3F4EA
:10A02000FF2E079BA8BFFF26FF2DA8BFFF25FF2CF3
:10A030001E70A8BFFF2488429D705C7037D00498C2
:10A040000333033007930490002A7FF46DAFF7EEDB
:10A05000006A069FDDF80CC09CF80830F0EE667AC6
:10A060009CED016A01EB410207EE103A013109EB68
:10A07000020319F80250B8EE477ABE185C7889B22C
:10A08000987837EE667AE7EE067AFCEEE77A17EE16
:10A09000903A9BB25B00B5FBF3F5B4FBF3F4B0FB75
:10A0A000F3F3BD547370059BB4708B42D4D80698FB
:10A0B000059CC21C631EA9EB02019BB202310A2956
:10A0C0004ED9022B4CD9A30809F10C05021D013B06
:10A0D0009BB203EB430305EB830500F10803DDE9C5
:10A0E00008010C3150F80C7B52F80C6B53F80C4BF8
:10A0F0008D4241F80C7C41F8086C41F8044CF0D1D9
:10A10000059D25F003039BB29D4224D003EB430140
:10A11000069C5A1C605A92B229F8010060189542B8
:10A1200049448078887016D902EB42020233A15A62
:10A130009BB229F80210A118AB424A448978917069
:10A1400009D203EB4303E15AE21829F803109944BA
:10A15000937889F802300DB0BDEC048BBDE8F08F28
:10A1600003EB43031A44DDE9083118880333033154
:10A170009A4221F8030C13F8010C01F8010CF4D1F8
:10A180000DB0BDEC048BBDE8F08F00BF0000344380
:10A190000B682DE9F04F0C468246DB6908462DED31
:10A1A000048B89B098472368024620465B69039276
:10A1B000164698472368834620469B69984705467C
:10A1C00004900AF12C00FFF701F9002E00F0B8808E
:10A1D0004FF00008B0EE408ADFED6E9A9FED6E9A68
:10A1E0004146DFED6E8A05959AF80830B0EE697A3F
:10A1F000DAED016AB0EE480A07EE903A23680DF1F5
:10A200001E020291F8EE677ADE6C2046A6EEA77A6F
:10A21000FCEEC77ACDED007A9DF800300093B04790
:10A22000009B226838EE090A02990746D66C204640
:10A2300007AA01930091B0472268064638EE280A23
:10A24000D2F84C90204600990DF11A02019BC847A4
:10A25000002F7AD0BDF81E3003EB43031BF8033008
:10A260002B7033462EB1BDF81C3003EB43035B4427
:10A270005B786B7000286AD0BDF81A3008F10108CD
:10A28000033503EB43031FFA88F15B449B7805F821
:10A29000013C039B9942A7D304981C46013BDDF87F
:10A2A0001490C11C9BB2ABEB010202320A2A5AD9AC
:10A2B000022B58D9A20800F10C065B46011D013A99
:10A2C00092B202EB420206EB820600F1080259F854
:10A2D0000C5B0C3351F80C4B52F80C0BB14543F8A6
:10A2E0000C5C43F8084C43F8040CF0D1039D25F0B6
:10A2F00003039BB29D4223D003EB4301049C5A1CF1
:10A30000605A92B22BF80100601895425944807847
:10A31000887015D902EB42020233A15A9BB22BF886
:10A320000210A1189D425A448978917008D903EB14
:10A330004303E15AE2182BF803105B4492789A70B9
:10A3400009B0BDEC048BBDE8F08F2F7089E708F1F0
:10A350000108039B033505F8010C1FFA88F18B42B5
:10A360003FF642AF98E703EB43025B461144B9F86E
:10A37000002009F103090333894523F8032C19F858
:10A38000012C03F8012CF2D109B0BDEC048BBDE81F
:10A39000F08F00BF000000000000F042000070439A
:10A3A0002DE9F04F824687B09820059116F0DCFA2F
:10A3B0009AED077AF6EE004ADAED087A24229AED51
:10A3C000033A0023DAED042A00F10801DAED053A38
:10A3D00073EE075A9AED064A32EEA75A37EE236A11
:10A3E000026077EE846A042265EEA45A036125EECA
:10A3F000245A426026EE246A80ED053A66EEA46A8D
:10A40000C0ED062A80ED077AC0ED087AC0ED095A42
:10A4100080ED0A5A436380ED0E7AC0ED0F2AC0ED3D
:10A42000103AC0ED117A80ED126A80ED135A8365FF
:10A4300080ED173AC0ED187A80ED197AC0E9023341
:10A44000C0E90B33C0E9143380ED1A4AC0ED1B5A42
:10A45000C0ED1C6AC36780ED207AC0ED217AC0EDA3
:10A46000223A80ED234A80ED246AC0ED256ABAF8CD
:10A4700000200293CAF804100193C0E91D33DAF8F2
:10A480000800002A60D04FF0000910E0019A791C02
:10A49000AB68013243F8276093B22980BAF80020F4
:10A4A000019309F101091FFA89F393424CD2DAF8BA
:10A4B00004501FFA89F3029950F823600D4496ED79
:10A4C0000D7AD5ED057AD6ED0E6AB4EEE77AF1EEA7
:10A4D00010FAE6D596ED0F7AD5ED037AB4EEE77A69
:10A4E000F1EE10FADDDDD5ED067AF4EEE76AF1EE75
:10A4F00010FAD6D595ED047AD6ED107AB4EEE77A57
:10A50000F1EE10FACDD52F886C88A742BED1002F6E
:10A5100050D14FF008082020D5F808B016F024FAE2
:10A52000A860002340F824300134A4B2A045F8D834
:10A53000BBF1000F03D0584616F01EFA2F88DAF848
:10A540000800A5F80280A1E7029B2433902B029318
:10A5500097D118B116F010FABAF800200023CAF803
:10A560000830019BB2EB530F1ED9059C0134E4B2B5
:10A57000082C19D0DAF804301A88082A00F2A980C9
:10A580009A8C03F12400082A00F29D80B3F8482039
:10A5900003F14800082A00F29080B3F86C2003F120
:10A5A0006C00082A00F285800023AAF8003007B06A
:10A5B000BDE8F08F4FEA4708D5F808B01FFA88F8D1
:10A5C0004FEA880016F0D0F9A860B8F1000FAFD0BC
:10A5D00047453946CBF3020228BF414608290B46BE
:10A5E000049194BF00230123002A18BF0023002BED
:10A5F00050D00BF10403C31A082B4BD900290B468A
:10A6000000F1200C00F1100208BF01230BF1100132
:10A610001C460393324BA408013CA4B20CEB041C6F
:10A620001C0C03F1040E1032002310316EF30F03E3
:10A63000624504F1040E04F1010411ED086B11ED03
:10A64000067B6EF31F43A4B202ED086B02ED067B9E
:10A65000E6D1039921F003028A4293B216D05C1C22
:10A6600004995BF82320A4B240F823208C420DD239
:10A670005BF8242040F824209C1CA4B28C4205D214
:10A680005BF82420033340F824209CB2A0453FF619
:10A6900048AF4DE7ABF10402031F0024DDF810C002
:10A6A000013452F8041FA4B243F8041FA445F7D89C
:10A6B000ECE72146FFF774FE76E72146FFF770FED0
:10A6C000DAF8043069E72146FFF76AFEDAF8043069
:10A6D0005CE718462146FFF763FEDAF804304FE7DF
:10A6E00002000300054B022888BF034610B41C6813
:10A6F000184663685DF8044B184700BF484A0020BD
:10A7000010B50446006816F037F9204610BD00BFAA
:10A71000B0F5876F80F00D812DE9F047DFF84482B6
:10A72000C2B00C4698F80030002B00F0E58083089A
:10A73000824D00F00309824EA5FB0325ED0849EA8E
:10A740008509C5EB05155D1B7E4B36F815E02B44DE
:10A750004FEA4E001F0300EB0330B0EB033F40F223
:10A76000E9803B464FF0FF0C1A880233D1B289458D
:10A7700008BF4FEA122C9842F6D8644500F0AA8030
:10A78000BEF5006FC0F0A9800DF108084FF480728B
:10A79000FF2140460FF08CFE07F5805CB81C3A465E
:10A7A000844534BF01204FF4006007EB400013469E
:10A7B00002321B889042D9B24FEA132308F80130C5
:10A7C000F5D108F8094072B65F4B00225F499961E4
:10A7D0000221D96140F20641C3F8F012C3F8F42215
:10A7E000C3F8F822C3F8FC22C3F8A0204FF470226B
:10A7F000C3F8A4200122C3F8B020BFF34F8F07F1A4
:10A8000020034FF0E0219C4528BF80223B4607EB08
:10A810004212C1F85C3F20339A42FAD1BFF34F8F06
:10A82000BFF36F8F484A5369D807FCD5484B0121C5
:10A8300048483B405161C2F8F002C2F8A0304FF4E2
:10A840007023C2F8A430C2F8B0103F4A5369D90748
:10A85000FCD50121404B0020DFF80CC151613F4C79
:10A86000C2F8F032C2F8F402374AC2F8B810C2F89F
:10A87000A000C2F8A4C0C2F8B0105369DB07FCD531
:10A8800051612378DB07F0D4136843F001031360B0
:10A890002D4A136813F00108FBD162B60DF10709C8
:10A8A0000DF2071A4C4614F8012F07EB48000DF182
:10A8B0000601631EFF2AA3EB090307D043EA022324
:10A8C00008F10108ADF806300CF088FE5445EAD1D5
:10A8D00026F8158042B0BDE8F08749EA042902A9AC
:10A8E000ADF808900CF07AFE36F81530013326F8F2
:10A8F000153042B0BDE8F087DFF870C04FF6FF7743
:10A90000174E0CF11E0EA6F58053002102E0B34253
:10A91000A9B204D21A884D1C0233BA42F7D12CF8DE
:10A92000021FF44506F58056EDD1012388F800306A
:10A93000FDE670474FF0FF0C1FE700BF898888884D
:10A940009C690020F001060000802A40F05AF05A6D
:10A9500000F0FF00200418080504012400812A40AB
:10A9600000101F609869002001000F009A69002004
:10A970000A498A6938B108B513180948834204D8CE
:10A9800010468B6108BD104670470FF037FD0C2351
:10A990004FF0FF320360104608BD00BFB44A0020EC
:10A9A00000002820002070474FF0FF30704700BFA4
:10A9B0004FF4005300204B60704700BF01207047E8
:10A9C0004FF0FF30704700BF30BFFDE738B51F4D77
:10A9D0002B7F53B31E4C94F8D42532BB012284F84C
:10A9E000D425DA0722D400225B0784F8D4251CD5AD
:10A9F000184B1A68CAB1EFF30582B2B9EFF31085AC
:10AA000072B61868D0B194F8D515B9B9012284F896
:10AA1000D52542691A60AAB1916105B962B60025CF
:10AA200083684577984784F8D55538BDD4F8C02059
:10AA3000002AD8D1FFF7CAFF2B7FD4E7002DF4D12D
:10AA400062B638BD044B1A60E7E700BFB44A002085
:10AA5000A0A60020F8C20120FCC201202DE9F84F79
:10AA60000121224C224E8146224D54E8003F32689B
:10AA7000286844E80013002BF7D11F494B684FF4B6
:10AA80007A7BDFF878A01B1A01270BFB02F8DAF8B3
:10AA90000020A3FB02325A4594BF9044D84454E8A6
:10AAA000003F3268286844E80073002BF7D14B68F8
:10AAB000DAF800C01B1A0BFB02F2A3FB0C3CBCF53E
:10AAC0007A7F94BF624402F57A72A2EB0802B2F573
:10AAD0007A7F06D3B9F1010908F57A78DFD1BDE8AC
:10AAE000F88FFFF773FF0449D9E700BF08C30120BF
:10AAF0000CC3012010C30120001000E014C301208A
:10AB0000054B10B5D3F8C0400CB1204610BDFFF77F
:10AB10005DFF204610BD00BFA0A600202DE9F04F2C
:10AB200085B08A460290002900F0DD806F4C00233A
:10AB30006F4E04F1400BDFF8C891019394F82F5049
:10AB40000123A18D84F82E306B010BEB4517039385
:10AB5000002940F0C4800D46084688461EE0BFF339
:10AB60004F8F84F82E8000B9356894F8D635002BC5
:10AB700040F0978033685B1B782B00F2968099F841
:10AB80000030002B00F08D80FFF720FF0123A18D06
:10AB9000184684F82E30002940F08E807B6813F030
:10ABA0008003DCD14FF4006294F82F5084F8D6353E
:10ABB0001146A28503EBC520DFF8488192454FEA94
:10ABC000C525404417D252460391029910F062FA0B
:10ABD000039B484AA3EB0A03A3854FF04043C2F806
:10ABE0008430BFF34F8F01980023504484F82E30F7
:10ABF00005B0BDE8F08F0299454410F04BFA0123EF
:10AC0000039A4BF802303C4BBD607B6005F58053E6
:10AC1000FB6005F500533B6105F540537B6105F58D
:10AC20008043BB610023FB61BFF34F8F05F50061DB
:10AC300005F120034FF0E020994234BF012140216B
:10AC400005EB41118B42C0F8705F1D4603F12003F4
:10AC5000F8D1BFF34F8FBFF36F8F4FF480113A4697
:10AC60002648FBF7F9FB94F82F300133DBB2032BB6
:10AC700028D8019A84F82F30A38D1A44AAEB030A2E
:10AC80000192029A1A44002302921A4AA385C2F83A
:10AC90008430BFF34F8F84F82E30BAF1000F7FF469
:10ACA0004DAF019805B0BDE8F08F0123019884F8FD
:10ACB000D63505B0BDE8F08F94F82F500A46C1F59F
:10ACC000006377E7A38D019AAAEB030A1A44019265
:10ACD000029A1A440023029284F82F30D5E70A46DC
:10ACE000C1F5006366E70846DCE700BFA0A60020C8
:10ACF0000CC3012000002E4080000008400200200C
:10AD000088B1012080002020094B00B583B01B785A
:10AD10008DF807103BB101210DF10700FFF7FEFE92
:10AD200003B05DF804FB03F0FF0003B05DF804FB23
:10AD300088B10120504A2DE9F04F116883B0864652
:10AD4000056905E0DB0106D413685B1A102B09D8EE
:10AD50006B699801F6D44FF4FE4301206B6103B098
:10AD6000BDE8F08FDEF814B09EF8183043490BEBC5
:10AD700003139EF819201B7A0BEB0212180192F8AC
:10AD8000282001EB031351F800901520D3F80CA0F4
:10AD900001EB02145B681201E76818600093C9F8C0
:10ADA00084A0D9F804308E584AEA03033449C9F81C
:10ADB0000430636818600193C6F884707368314882
:10ADC0003B437360304B4C680268A3FB0232920C29
:10ADD00002EB820252004B681B1B9A42FBD84FF0D9
:10ADE000090C274ADFF8A080D9F808301AEA030FC7
:10ADF00002D0B3681F422FD1C6F88870546801682A
:10AE0000A8FB0131890C01EB810153681B1B99429E
:10AE1000FBD8C6F8847054680168A8FB0131890C1E
:10AE200001EB810153681B1B9942FBD8BCF1010C5B
:10AE3000DAD19EF818306046009A0BEB0313DB68FA
:10AE400013609EF81930019A0BEB031BDBF82C30D2
:10AE5000136003B0BDE8F08F9EF81830009A0BEB3A
:10AE60000313DB6813609EF81930019A0BEB031390
:10AE7000DB6A13606FE700BF0CC30120381E00209F
:10AE8000001000E0B44A002083DE1B4310B50446E6
:10AE9000006808B115F070FD204610BD2DE9F04F97
:10AEA00097B017468346BDF8802005919DF888101D
:10AEB0000B920791026A9DF88C10BDF8849008915E
:10AEC000002A00F01081117AD2E900205B1A049266
:10AED000DBB2DDE90721114300EBC30230F8333068
:10AEE000012992F905000393937892F906400293A1
:10AEF000D3781190129377D8002313931093A44B17
:10AF0000DBF800C01A460C93DCF81430934240F092
:10AF1000DB81129B002B00F0C780BBB2DDE907216B
:10AF200014932344012A08BF012915934FF000030D
:10AF30000CBF012200229A460A9306920993029BB3
:10AF4000002B00F0A980099A0025139B1499D318AF
:10AF50000898DDF8288003FB00130FFA83F9159B8E
:10AF600013441BB20D9309E00135029B4FEA4A0AD4
:10AF7000EDB25FFA8AFAAB4240F2898043465A1C2E
:10AF80005B075FFA82F806D1039A0499531C11F803
:10AF900002A09BB203931AF0800FE5D0069B43B347
:10AFA000119B059ADCF8184099187A4B29449C4269
:10AFB00009B240F08280DCF81040774B9C427CD193
:10AFC0000029D1DBBBF90C308B42CDDD0D9A002A74
:10AFD000CADBBBF90E309342C6DD0B9B5846FBF72C
:10AFE0006FFFDBF800C0BFE703B2109323B21393E7
:10AFF00085E7109B059A5C19079BDCF81C6004FB35
:10B000000324664A1BB2BDF92070964224B25BD17C
:10B01000DCF84060624A964256D1DCF814300C9A53
:10B0200093425BD1079B2344A34225DDCDE90E8AE1
:10B03000AA4698460B9D09E001340095DCF838607B
:10B0400024B2B047444510DADBF800C055483B460F
:10B05000DCF820604A46214686425846ECD001344E
:10B060000095B04724B24445EEDB5546DDF8388004
:10B07000DDF83CA0DBF800C0DCF82C300C9A9342E1
:10B080003FF472AF58469847DBF800C06CE71A46A9
:10B090000A9B1344DBB20A93099B129A0133DBB279
:10B0A0009A4209933FF64BAFDCF82C300C9A93424E
:10B0B00040F0FC8017B0BDE8F08F0B9B58460D9A0E
:10B0C000A047DBF800C04FE70B9A2146584600978F
:10B0D00001924A46B047DBF800C045E7584698471A
:10B0E000DBF800C09EE7B0F90C2005998A42E1DD4B
:10B0F000B0F90E20BA42DDDD0622079812FB0012DD
:10B10000002AD7DD089A07EBC202002AD2DD9BF89D
:10B110001C20012A03D0AF2B01D90133DBB21C4A1A
:10B12000DBF8000011460C9242698A4240F0EF8041
:10B13000BDF8142003EB8303B8460B9F1146109211
:10B14000194ACDF81090D3180A460D934B1D9BB2A7
:10B150000E93DDE90731CDE90922012B08BF012952
:10B160009BB20CBF012100210F9303465846039167
:10B170000D9A0824BDF924B0002512F8016BBDF921
:10B180001CA00D92BDF92820029706922EE000BF68
:10B1900001370100A53E0100414001000D3A0100C8
:10B1A0007939010051390100A0310020039A002AA9
:10B1B00040D0D3F8189005EB0802584912B28945DF
:10B1C00079D1D3F810905649894574D1069F002F44
:10B1D00005DBB0F90C10B94201DD002A79DA013C37
:10B1E0000135760814F0FF046DB233D0F207DDD4D8
:10B1F000049A02999142F2D00399E1B1D3F81890E0
:10B2000005EB0802454912B289455BD1D3F810908D
:10B210004349894556D1069F002FE0DBB0F90C1059
:10B22000B942DCDD002ADADBB0F90E109142D6DD3E
:10B23000049B53E0029A01925946089A05900092A5
:10B2400005FB0282D3F81C90534612B2C8470598FA
:10B250000368C4E7099A0F9C0A992244029F0131AE
:10B2600092B289B209920E9A0A918A4280D183469B
:10B27000DDF8109018460B9B4B4512D0039B002B1A
:10B2800033D0046A4246274BCDF800909C42BDF96A
:10B2900038104FF0080308BF846B5846A047DBF80E
:10B2A0000000C36A0C9A93423FF404AF584617B0AB
:10B2B000BDE8F04F1847029B05900699C8470598CE
:10B2C00003688CE7049BF7E758469847DBF800C013
:10B2D0001FE6B0F90E10914281DD029B39460590C0
:10B2E000FBF7EEFD0598036879E704EB84031099FA
:10B2F000CDF8049042461944089BDB0009B2009344
:10B30000079BC4695846A047DBF80000C9E75846C8
:10B3100002939047DBF80000029B09E7A53E01007D
:10B320004140010051390100036AF0B5074685B07C
:10B33000002B3AD00A292BD00D2933D01A7A91420A
:10B3400030D39C7A8C422DD38A1A5C68D2B204EB3B
:10B35000C204E578A278A5B19AB1C57E002D63D16B
:10B36000067E437EB0F91050B0F912203846CDE980
:10B3700002630B462946FD8A0195BD8A0095FFF7B9
:10B380008DFD21793B8A3A7E01FB02333B8209E045
:10B390004FF0000C428A417EA0F810C01B7B01FBDD
:10B3A00003234382012005B0F0BD0A291ED00D29D8
:10B3B000F8D0C27EB0F910400ABBB0F91220067E68
:10B3C000457E03950B4602962146FC8A3846019439
:10B3D000BC8A0094FFF762FD3B7E3A8A012003EBB2
:10B3E000430302EB43033B8205B0F0BD428A417E3A
:10B3F000038202EBC1034382012005B0F0BD067E4B
:10B400000622B0F90C5012FB0642AA4208DD428A1D
:10B410001C46457E038202EBC50212B24282D0E78F
:10B42000B0F91220457ECCE794F90550067E2A44F7
:10B43000B0F91050B0F90CC006FB0252624503DCB3
:10B44000437EB0F9122091E70025428A058293F8E5
:10B450000CC0437E0CFB032212B2428286E700BF7F
:10B4600010B50446C06A08B115F086FA204610BD32
:10B47000836A70B504460D469BB390F8302040F2C5
:10B480000111724E5200A3F82F1183F8A520836A90
:10B490001A6818461268B24240F0CE80B3F83021E4
:10B4A000DAB193F82F21882A2BD8511C1A4483F83B
:10B4B0002F11002382F8A530A06A026803461268A3
:10B4C000B24240F0BC80B0F8302132B193F82F2165
:10B4D000882A1CD9012218465A60BDE870400BF03A
:10B4E000EFBB026C006D1368616A23EA000313600E
:10B4F000C1B10A685566D36D13F4F81FFBD0536FC2
:10B5000070BD01225A6093F82F21882AE2D8511C7D
:10B510001A4483F82F1182F8A550A06ABDE8704044
:10B520000BF0CEBBD4E90E23A06C2E06116854BFDD
:10B53000814301436E0611601968E06C41EA000125
:10B5400019601968E06C21EA000119601168A06CAB
:10B5500054BF81430143AE0611601968E06C41EAB3
:10B56000000119601968E06C21EA00011960116896
:10B57000A06C54BF81430143EE0611601968E06C72
:10B5800041EA000119601968E06C21EA00011960C4
:10B590001168A06C54BF814301432E0711601968E4
:10B5A000E06C41EA000119601968E06C21EA0001D1
:10B5B00019601168A06C54BF814301436E0711608C
:10B5C0001968E06C41EA000119601968E06C21EA31
:10B5D000000119601168A06C54BF81430143AE079C
:10B5E00011601968E06C41EA000119601968E06CAB
:10B5F00021EA000119601168A06C54BF8143014326
:10B60000ED0711601968E06C41EA00011960E06C17
:10B61000196821EA000119601168A06C4CBF014350
:10B62000814311601A68E16C0A431A601A68E16C80
:10B6300022EA01021A6070BD002190473CE72946CA
:10B640009047A06ABDE870400BF03ABB0537010097
:10B65000F8B5836A0446002B78D0826D0020884DAF
:10B660001B69AA42186133D88648012298645A623D
:10B670004FF4303284489862DA62986C0022186580
:10B680004FF001101A62012298651A615A3920465A
:10B69000C9B2FFF7EDFEA36A4BB3E26D0021784813
:10B6A0001B698242196100F2BB80764C0120764909
:10B6B0004FF430329C6458629962DA629C6C0020CC
:10B6C0004FF0011101221C65186299651A61F8BDDD
:10B6D0006E4DAA4200F2AF806D4A9A64A2F12162D7
:10B6E0005862A2F60C429A626A4ADA62C5E7616C55
:10B6F000606D0B68626A03430B60002AE7D0D37C5D
:10B70000002BE4D0DD0704D5906A4FF0E021C1F8AA
:10B7100000019C0704D5D06A4FF0E021C1F8040174
:10B72000580704D5106B4FF0E021C1F80801190744
:10B7300004D5506B4FF0E021C1F80C01DB06C6D5F3
:10B74000926B4FF0E023C3F81021F8BD436A002B41
:10B750005FD0D0E91925D87C002839D072B6D87CC2
:10B76000C60708D54FF0E02C5F69DCF880613E40E9
:10B770009E62CCF88061870708D54FF0E02C9F6966
:10B78000DCF884613E40DE62CCF88461460708D56F
:10B790004FF0E02CDF69DCF888613E401E63CCF896
:10B7A0008861070708D54FF0E02C1F6ADCF88C6130
:10B7B0003E405E63CCF88C61C60608D54FF0E026AB
:10B7C0005F6AD6F8900138409863C6F8900162B677
:10B7D0009868824213D030489A6080692F4EC0F337
:10B7E000011CC0F3826056F82C600130B6FBF0FCFF
:10B7F000002A2BD0624532D90022DA6000E0DA68F4
:10B800001B6800201861032058621A6401221D661B
:10B810001A61626C606D136823EA0003136035E7F8
:10B820001A4882420FD91E4C1E481A4A9C6459621B
:10B830009862DA6242E71A4A9A641A4A58629A622D
:10B84000144ADA6219E7124C1748EEE78642D4D35D
:10B850000CF10100B0F5817F09D3144ACDE7BCFBA0
:10B86000F2F0BCFBF0FC6245F4D28446F0E702281B
:10B87000C2D902384608320242EA06420243BCE715
:10B880007F1A06003B372819B80B05053F420F0009
:10B890001C1A120C007F050000C00F40642200201B
:10B8A0000A09070460090101100E0202FF7F7F00F0
:10B8B00010B50446006808B115F05EF8204610BDCA
:10B8C000194B10B40360EFF3108272B6037F012BA3
:10B8D00012D0032B04D002B962B65DF8044B704756
:10B8E000437F33B1D0E90513C3B1596161B90F4941
:10B8F0000B6000230377EEE7437F002BF9D0D0E9FC
:10B9000005132BB1596131B18B6100230377E2E755
:10B91000074C2160F7E707490B60EAE7064C216016
:10B920000029F1D1E3E700BF5021002004C301202A
:10B93000F8C20120FCC2012000C3012003790F2BB3
:10B940000FD8084A937672B60749012290F804C0CE
:10B95000B1F8D83502FA0CF223EA0203A1F8D8357F
:10B9600062B6704700800E40A0A6002070B5C28964
:10B97000044684B0006804F11303257CADF80C2064
:10B98000002830D0627C03A900950AF05DFE0028F3
:10B990003DD0237C002B43D0A27C8AB1012BE07CDC
:10B9A0000CD0227D022B42EA002007D0627D032BBF
:10B9B00042EA002002D0A37D43EA002004B070BD1B
:10B9C0001C44012BA07CF9D0627C022B42EA0020AF
:10B9D000F4D0227C032B42EA0020EFD0E37B43EA41
:10B9E000002004B070BD6068E8B1267BD1B2032EA0
:10B9F0002FD086B1022E25D101F07F018DF80C10D9
:10BA0000627C03A900950BF00BF80028C1D14FF020
:10BA1000FF3004B070BD61F07F018DF80C10EFE7CE
:10BA2000184604B070BDA268002AF0D0117C00292D
:10BA3000EDD09668002EEAD0506903A90095627C8B
:10BA4000B047A4E7012EDBD161F03F018DF80C1067
:10BA5000D6E7120A00958DF80D1042F00102617CC4
:10BA60008DF80C204A1C03A90AF0DAFF8FE700BF0B
:10BA700070B5057A04469DB94668304614F096FFC5
:10BA8000237801229340227286F8A53040F20113F8
:10BA9000A6F82F3160680BF013F908B1284670BD85
:10BAA000237840F2011162685B00A2F82F1182F83E
:10BAB000A53060680BF004F9B0FA80F56D092846EE
:10BAC00070BD00BF2DE9F04F466883B0624C074659
:10BAD0000193154633685B68A3427AD1B6F83041CA
:10BAE000002C61D1A54205D04FF00009484603B0B3
:10BAF000BDE8F08FD7F804B09BF82FA1BAF1000F82
:10BB0000F2D05846FFF716F981460028ECD0534F83
:10BB10000026D7F8008000E02646B245DBF810107A
:10BB20005ED234464A69130537D4550500F1878043
:10BB3000900400F184803868A0EB080032287ED899
:10BB4000A24507D2C96D490704D19305CED4019B04
:10BB5000002BCBD0FEF73AFFB245DDD2DBF8101058
:10BB60004B691E0519D45D0569D4980467D43A68F9
:10BB7000A2EB0802322A62D8A24507D2CA6D520748
:10BB800004D19B05B2D4019B002BAFD0FEF71EFF62
:10BB9000DBF810104B691E05E5D50B694FF0000965
:10BBA00043F440730B61A1E796F82F318C46C3F143
:10BBB0008904A24211D8144606F1A5006146224626
:10BBC00018440FF067FA96F82F31234486F82F3186
:10BBD00088E730469847044684E701227260EBE725
:10BBE000C86D344600F0070240079BD413E09BF871
:10BBF000A5500132022445F48065042A0D661CD04C
:10BC0000824502F101020BEB00050ED995F8A50063
:10BC1000042A086686D00120002CE8D02046013294
:10BC2000013482450BEB0005F0D8019B002B3FF45B
:10BC300079AF4FF400720A6674E7012472E70B696A
:10BC40004FF000094FF4007243F4407348460B6113
:10BC50000A6603B0BDE8F08FA95D01000CC30120A6
:10BC600000000000D0ED017A90ED006A67EEA77A3F
:10BC7000D0ED026A90ED037AE6EE067AE6EEA67A59
:10BC8000E7EE077AF5EE407AF1EE10FA02D4B1EE63
:10BC9000E70A7047B0EE670A0DF082B900B5D2F836
:10BCA00004E0D2F800C0C1F804E0D2F808E0C1F81E
:10BCB00000C0C1F808E0D2F80CE0C1F80CE051680F
:10BCC000C0F800C041609168D2688160C2605DF8D0
:10BCD00004FB00BFD1F804C08A68CB6800B5D1F876
:10BCE00000E0C0F804C0C0F800E08260C3605DF806
:10BCF00004FB00BF30B40F4B4FF0010C0E4D0F4C46
:10BD000053E8002F2868216843E800C2002AF7D1D1
:10BD10000B4B5B680B4A5B1A4FF47A71126801FB9C
:10BD200000F0A3FB023230BC8A4294BF8018401856
:10BD3000704700BF08C301200CC3012010C30120BD
:10BD4000001000E014C3012070B50E4C4FF6FF7ECA
:10BD50000D4E04F11E05A6F58053002102E0B3420A
:10BD600081B204D21A88481C02337245F7D124F8F4
:10BD7000021FAC4206F58056EDD1044B01221A7029
:10BD800070BD00BF9A69002000101F6098690020F4
:10BD9000B64B40F2EE26B64C1D682DE9804895B0B2
:10BDA000FEF714FEB34B1B78002B01F07A8094F859
:10BDB000A435DB0741F17580AC4B1B68D4F8A02596
:10BDC0009B1A0E2B41F26D80AA4B1B781BB10C21E4
:10BDD000A948FEF7A3FEA74B40F60D221B78ADF84D
:10BDE0002C20002B01F0ED800BAB022118460BEE4E
:10BDF000103AFEF793FEA148F3F734FD6420FEF7F6
:10BE00002DFE9F4BDFF8C4B203939C4B9FED9D9A90
:10BE100003F550449FED938B944B9FED9B7A1A68EA
:10BE20009A4BA3FB021341F288311B0B01FB132237
:10BE3000012107EE902AF8EEE77AC7EE879A5BE8D1
:10BE4000003F8A4B924A1B6812684BE8001000289A
:10BE5000F5D19049824649688A1A8F490968A2FB40
:10BE600001214FF47A7202FB03F3914294BF5B18F5
:10BE70009B18824AC2F8F0300022884B884943F868
:10BE8000102B9942FAD1874B1B78002B40F04B873F
:10BE9000854A8649537815460846127803EB830392
:10BEA00003EB83030533DBB281F8AE3D91F8B01D9F
:10BEB000002900F0A88780F8AC3DAB7803EB430382
:10BEC0009B000533DBB280F8AF3D80F8AD3D6B4B96
:10BED00093F8A832002B00F0C184062A40F0348782
:10BEE000039AF7EE003A724B9FED724AC3F8342F73
:10BEF00003F58053624A93F83961A3F53B750392C9
:10BF0000002E40F0DF831368C5F8243204326A4BF8
:10BF100004359342F4D1694BB3F84000A3F5805344
:10BF200093F8786058B303F6C6720023114604E014
:10BF300001339DB2854281F03F8031F8025FB54206
:10BF4000F6D15F4D03F2D2234FF07E5105EB830310
:10BF500095F87A50C3F88410002303E0013399B2B6
:10BF600081420CD232F8021FA942F7D1544A03F29F
:10BF7000D22302EB83034FF07E52C3F88420504B50
:10BF800000201F6FA3F50053014693F8E42102E05F
:10BF9000C1B28A4221D3394D01F5CB73013005EB93
:10BFA0008303484DD3F83C3BAB42F1D1A5F5516337
:10BFB00089B2B3F8846086B1A5F6B640002303E0E9
:10BFC00001339DB2AE4208D930F8025F8D42F7D1FD
:10BFD0003D4901EB8303C3F8C8730020344B01468D
:10BFE00093F8905802E0C1B28D4220D3304B01301B
:10BFF000344E03EB8103D3F84038B342F3D1A6F5B6
:10C00000516389B2B3F830678EB103F20670002332
:10C0100003E001339DB2AE4209D930F8025F8D4290
:10C02000F7D1F233224901EB8303C3F8EC7100200E
:10C030000146124D01F5CB73013005EB830305F684
:10C040004C25D3F83C3BAB4200F09587C1B28A4205
:10C05000EFD20025B0EE690A08482E46F6F70EFE2C
:10C060004AE000BFFFFFFFFFFFFFEF7F0CC301208F
:10C07000A0A6002088B10120B04500207CAC0020A3
:10C080009CB10120CDCCCC3D00409C455917B7D187
:10C0900010C30120001000E014C3012024AD0120D2
:10C0A000C4AE012089B101208CB101207C5C01204B
:10C0B0007CBC0020000000009CB301207CEC002030
:10C0C0007CDC00208CC90020BCB7002008C3012004
:10C0D000D4F8700B03689B689847D4F86C3B4719F9
:10C0E0001A681846D368984728440C350168426896
:10C0F000836839607A60BB60D4F8700B0368DB68D2
:10C100009847864206F10106E2DB474D03E0103511
:10C11000464BAB424BD0D5ED037AF5EEC07AF1EE4B
:10C1200010FAF4DD2B68D4F8708B002BEFDD0026BD
:10C13000B146D8F80030404609F101099B6898479C
:10C140006B689B5903EB430300EB8307D8F800307F
:10C1500040469B6898476B6806EB460295ED036A7C
:10C160009B59043603EB430300EB8300AB68134495
:10C17000D0ED006A90ED017AD3ED004A93ED015ABB
:10C18000D3ED025AE4EE866AD0ED027AA6EE057A85
:10C190002B68E6EE257A9945C7ED006A87ED017AAE
:10C1A000C7ED027AC5DB1035204BAB42B3D1204E30
:10C1B0004FF081421F49042006F2446304F65839C7
:10C1C0001BEE108A196006F5C9631A6014F0CCFBE7
:10C1D000194B054601460360A3F5354001F0CCFD3F
:10C1E000284614F0C9FB012306F5DE60002586F819
:10C1F0005436FDF7EBF806F5E060F0EE409AFDF7F7
:10C20000E5F804F62C330022CDF80890C3ED009A2F
:10C2100004F5336383ED000A04F634331A6004F640
:10C220005433019393E000BF18AD0120B8AE012054
:10C230007CCC00200000F0C088870120D4F8700B6F
:10C2400004F6683604F6643704F5366903689B68BB
:10C250009847019A504404F65C3392ED007A04F654
:10C260003C31029AD3ED007A04F63833D2ED006AFD
:10C2700004F5346290ED015AD0ED025A90ED006A57
:10C2800035EE665A75EEE75AD1ED003A36EE476A5A
:10C2900092ED004AD3ED004AE5EE236AE5EE847A9A
:10C2A000C64AA6EE247A404602F11001B0EE661AA4
:10C2B000B0EE672AF0EE471AFCF70AFFD6ED007AD7
:10C2C00005AAD7ED006A414699ED007A72EE677AC9
:10C2D00071EE666A08A831EEC77ACDED077ACDED2A
:10C2E000066A8DED057AFCF7FFFDD6ED007A04F5C0
:10C2F0003362D9ED006A04F6343397ED007A04F620
:10C300002C36DDED08AA9DED09AADDED0A9A7AEE3C
:10C31000A6AAD4F8700B3AEE07AA79EEA79AD6ED42
:10C32000006AD3ED007A01687AEEA6AA92ED007A4F
:10C3300079EEA79A8B683AEE07AA984750440AF11B
:10C340000C0AC0ED00AA80ED01AAC0ED029AD4F853
:10C35000700B0368DB689847854205F10105FFF61D
:10C360006DAF01205BE8003F954B1A68954B19684B
:10C370004BE80003002BF5D1934B5B68591A4FF43F
:10C380007A73924802FB03F3914ADFED926A1268D6
:10C39000A1FB0212D0F8F0105B1A0121B2F57A7FEE
:10C3A00094BF9B1803F57A7307EE903AF8EE677A1C
:10C3B00087EEA67A80ED407A5BE8003F804B814AA9
:10C3C0001B6812684BE80015002DF5D17E494968BD
:10C3D0008A1A7F490968A2FB01214FF47A7202FB95
:10C3E00003F3914294BF5B189B18784A5668C2F8D1
:10C3F000F43033796BB1336853F8250009F036FA1D
:10C40000724B1B7F002B40F01382013533799D4224
:10C41000F1DB01205BE8003F694B1A68694B196842
:10C420004BE80003002BF5D1674B5B68591A4FF4BA
:10C430007A73664802FB03F3654ADFED666A1268A9
:10C44000A1FB0212D0F8F4105B1AB2F57A7F94BF08
:10C450009B1803F57A7307EE903AF8EE677A87EE49
:10C46000A67A80ED417A01205BE8003F544B1A68C0
:10C47000544B19684BE80003002BF5D1524B5B6815
:10C480005B1A53490968A3FB01314FF47A7303FB2C
:10C4900002F2994294BF5218D2184C4B9868C3F8D4
:10C4A000F82003685B68984701215BE8003F444B34
:10C4B000444A1B6812684BE80015002DF5D142492B
:10C4C00049688A1A4FF47A71404801FB03F34049E6
:10C4D000DFED406A06460968A2FB0121D0F8F8208A
:10C4E0009B1AB1F57A7F94BF5B1803F57A7307EE58
:10C4F000903A394BF8EE677A1B7887EEA67A80ED92
:10C50000427A2BB105213548FEF708FB96ED427AB9
:10C510002E4BF7EE006AD3ED417A1A4693ED406A4E
:10C5200093F8EC6077EE867A93ED08AA312E76EEDA
:10C53000CAAA77EE877AC6EEA79A00F2E183731C47
:10C5400002EB8606C6ED099ADEB282F8EC60DFEDFA
:10C55000247A244B0135B3EC017AEAB277EE877A7C
:10C560009642F7D807EE106AF8EEC76A87EEA67A09
:10C5700067EE2A7AE9EE8A7AB7EEE76AB4EE466B9E
:10C58000F1EE10FA80F1C284B0EEC65BB4EE485B07
:10C59000F1EE10FA00F342849FED137AF4EEC77ABD
:10C5A000F1EE10FA00F3B5839FED107AF4EEC77A3E
:10C5B000F1EE10FA00F1AD831AE000BF8887012088
:10C5C0000CC3012010C30120001000E07CAC00204F
:10C5D00014C301200024744988B10120C045002003
:10C5E00000000000A0AC0020FFFF7F4FFFFF7FCFC7
:10C5F000F5EEC07AF1EE10FA00F161840027B6EE94
:10C60000007B36EE076BFCEEC67B17EE903A002BF4
:10C6100040F01E84302321208DF84D303FB1013889
:10C620002D22C0B200F150036B4403F8242C964B2A
:10C630001B7833B11BEE103AC0F122011844FEF70B
:10C640006DFA914B1B781BB10E219048FEF766FAEC
:10C650008F4B93ED400AB7EEC00A0BF08FF98A4B6F
:10C660001B781BB10F218B48FEF758FA884B93EDCE
:10C67000410AB7EEC00A0BF081F9834B1B781BB15E
:10C6800010218548FEF74AFA814B93ED420AB7EE36
:10C69000C00A0BF073F97C4B1B781BB101217F485A
:10C6A000FEF73CFA40F60D23ADF82C30764B1B78A4
:10C6B00023B102211BEE100AFEF730FAFEF786F9CD
:10C6C000FFF7AABB2B6892ED006A93F82C10D3ED0C
:10C6D000005A092933EEE55A40F28B8093ED037A34
:10C6E0005869D3ED024AF0EE476A83ED027A93ED82
:10C6F000047A74EE847A1861986977EEA67AC3EDAD
:10C70000014A5861D86983ED037A9861186AD86143
:10C71000586A1862986A83ED0A6A5862032977EEAC
:10C72000877A27D093ED047A042977EE877A21D08F
:10C7300093ED057A052977EE877A1BD093ED067A7B
:10C74000062977EE877A15D093ED077A072977EED9
:10C75000877A0FD093ED087A082977EE877A09D087
:10C7600093ED097A092977EE877A03D093ED0A7A57
:10C7700077EE877A07EE101AD3ED116AF8EEC74A02
:10C7800087EEA47A67EE057AE6EE257A37EEE67A4A
:10C79000C7EE096AF5EEC06AF1EE10FA01D5F0EEC7
:10C7A000446AD3ED0F5A93ED0E6AE5EEC96A93ED34
:10C7B0000D7A26EE866AC3ED0C6AA6EE097AB5EE0E
:10C7C000C07A83ED0D7AF1EE10FA2AD4B4EEE37A52
:10C7D000F1EE10FA05DDB7EE007A83ED0C4AC3EDF9
:10C7E0000D3AC3ED117A77EE877AC5ED897AFFF7B6
:10C7F0008DBB481C03EB8101C0B283F82C000128DB
:10C8000081ED016AD3ED017A77EE847A24D093ED3D
:10C81000027A022877EE877A1ED0014693ED037ADA
:10C820007CE7B0EE447A83ED0C4A83ED0D4AD8E7FD
:10C830003368174A53F825000135976903683A6849
:10C840009B69D2F80080984701463846C047337943
:10C85000AB423FF7D0ADDCE501468BE7072A00F29B
:10C86000B58301A353F822F04F8F01003F9B0100D5
:10C87000199B0100D79B0100DF9A0100ED9901008F
:10C88000DD8D01009D97010088B10120CC4500207D
:10C890007CAC0020DC450020EC4500207C450020DD
:10C8A000BA4ABB4E92F8BC331546C2F8B46302F5DF
:10C8B0008F605B0806EB830393ED010AF6F76AF9D4
:10C8C00095F8BC332A465B0806EB83035E6805F2E5
:10C8D000845395F8745483ED000A272D00F23E83AB
:10C8E00011466B1C02EB8502C2F8C463DAB291ED0B
:10C8F000F1AA012A81F874240ED0A6490123F1EC93
:10C90000017A0133B4EE67AAD8B2F1EE10FA48BF4B
:10C91000B0EE67AA8242F2D89C4AD2F8C05305F121
:10C9200027036E1E02EB8303D3EDF17AF4EE4A7A0D
:10C93000F1EE10FA15D015F0FF0704D09649BA00B1
:10C94000081F13F0FFFE954A06F1280302EB870744
:10C95000A2F2644202EB8303002247F8042C83ED29
:10C96000F1AA002DDFED8E7A0EDD00231A46283263
:10C9700001338649DBB201EB82029D4292EDF17AEE
:10C980001A4677EE877AF2DC07EE105A7F4AB6EE47
:10C99000006AB8EEC77A02F28453C7EE876AD3ED15
:10C9A000007A02F5B16336EEE77AC3ED006A7D4B9B
:10C9B000E7EE067AB3F84000A3F5805393F8786069
:10C9C000C2EDEE7A50B3784A0023114604E00133F9
:10C9D0009DB2A84240F2EC8231F8025FB542F6D136
:10C9E000724D03F2D2234FF07E5105EB830395F88D
:10C9F0007B50C3F88410002303E0013399B28842CE
:10CA00000CD932F8021FA942F7D1684A03F2D223A7
:10CA100002EB83034FF07E52C3F88420634B002067
:10CA20005F6FA3F50053014693F8E42102E0C1B221
:10CA30008A4220D35E4D01F5CB73013005EB8303B1
:10CA40005C4DD3F83C3BAB42F1D15B4B89B2B3F8C0
:10CA5000846086B103F15A00002303E001339DB2E4
:10CA6000AE4208D930F8025F8D42F7D1534901EB4D
:10CA70008303C3F8C87300204F4B014693F89058C6
:10CA800002E0C1B28D421FD34B4B0130494E03EB44
:10CA90008103D3F84038B342F3D1474B89B2B3F89E
:10CAA00030678EB103F20670002303E001339DB2BC
:10CAB000AE4209D930F8025F8D42F7D1F2333E49D8
:10CAC00001EB8303C3F8EC7100200146384D01F5FA
:10CAD000CB73013005EB830305F64C25D3F83C3BC3
:10CAE000AB4200F01E82C1B28A42EFD2FFF7B1BA68
:10CAF0002C4BB3F8400038B32B4A0023114603E017
:10CB000001339DB285420CD231F8025F032DF7D17B
:10CB1000264903F2D22301EB83034FF07E51C3F881
:10CB20008410002303E0013399B281420CD232F821
:10CB3000021F0029F7D11D4A03F2D22302EB83031F
:10CB40004FF07E52C3F8842000211B4B0A4693F815
:10CB5000E40103E0CAB282423FF67BAA144D02F51B
:10CB6000CB73013105EB830305F6D425D3F83C3BA9
:10CB7000AB42EFD105F22C53B5F8B05592B2002D6F
:10CB80003FF467AA03F15A0100231EE07CCC002089
:10CB90009CB3012044D00020E4D00020E0D000204D
:10CBA000000000007CEC002042EC00207CDC002037
:10CBB0007CAC00200CCE00207CBC0020BCB7002048
:10CBC000013398B2A842BFF444AA31F8020F904250
:10CBD000F6D1BD4A02EB8303BC4AC3F8C823FFF772
:10CBE00038BABB4BB3F8400000283FF432AAB94A28
:10CBF000002304E0013399B28142BFF42AAA32F83B
:10CC0000021F1529F6D1B44A03F2D22302EB8303A3
:10CC10004FF07E52C3F88420FFF71BBAAC4BB3F839
:10CC2000400000283FF415AAAA4A002304E001337B
:10CC300099B288427FF60DAA32F8021F0129F6D177
:10CC4000E1E7A34BB3F84000A0B1A3F13A020023FF
:10CC500003E0013399B281420CD232F8021F042959
:10CC6000F7D19D4A03F2D22302EB83034FF07E52A9
:10CC7000C3F884200021994B0A4693F8E40103E0AD
:10CC8000CAB282423FF6E5A9954D02F5CB73013158
:10CC900005EB830305F6A425D3F83C3BAB42EFD16B
:10CCA00005F25C53B5F8E05592B2002D3FF4D1A9DE
:10CCB00003F15A01002304E0013398B2A842BFF403
:10CCC000C8A931F8020F9042F6D17F4A02EB8303E4
:10CCD0007E4AC3F8C823FFF7BCB97D4BB3F84000C8
:10CCE00000283FF4B6A97B4A002304E0013399B23F
:10CCF0008142BFF4AEA932F8021F0029F6D182E7C3
:10CD00007849C422081F13F01DFD754BC3ED3A9AF4
:10CD10001DE4754B1B78002B3FF493AC0321734843
:10CD2000FDF7FCFE8DE47249052391F8B02D81F8E2
:10CD3000AE3D002A7CD181F8AF3DA1F5304393F898
:10CD4000A832002B3FF485A9614BB3F8401039B3EA
:10CD5000A3F13A020023104603E001339DB2A94239
:10CD60000CD930F8025F022DF7D15B4803F2D223D1
:10CD700000EB83034FF07E50C3F88400002303E0F0
:10CD8000013398B288420BD232F8020F1928F7D13A
:10CD9000514A03F2D22302EB83030022C3F884201A
:10CDA00000214E4B0A4693F8E40103E0CAB29042D8
:10CDB000FFF44FA94A4D02F5CB73013105EB830314
:10CDC00005F6F815D3F83C3BAB42EFD105F5C1634E
:10CDD000B5F88C5692B2002D3FF43BA903F15A01ED
:10CDE000002304E0013398B285427FF632A931F87E
:10CDF000020F9042F6D1344A02EB8303334AC3F860
:10CE0000C823FFF726B93B4B39499B7803EB430313
:10CE10009B00053381F8AF3DFFF759B8324B1B78C3
:10CE2000002B3FF40EAC03213348FDF777FE08E4F6
:10CE30002F4A82F8AF3D40F20553A2F8AC3DA2F56F
:10CE4000304393F8A832002B7FF47EAFFFF701B98F
:10CE50002A4E092B4FF02100A6FB03214FEAD101F6
:10CE600001EB8102A3EB420202F130028DF84D206A
:10CE70007FF6D4AB0138A6FB01320D46C0B2D20812
:10CE8000092D00F150030DEB030C02EB8203A1EB23
:10CE90004303114603F130030CF8243CEAD8FFF7B2
:10CEA000BDBB174B104A1B6812785B1B52B3B3F51E
:10CEB000FA6F3EF689AFFDF789FDFEF771BFB1EE5F
:10CEC000466B0127FFF79BBBBCB70020CDCC4C3F86
:10CED0007CEC002042EC00207CDC00207CBC0020AC
:10CEE0007CAC0020A4AC002088B10120C845002003
:10CEF0007C5C01208CB10120E0430020CDCCCCCC67
:10CF00000CC30120B342D6D9FEF75EBFC54B1B78D8
:10CF1000002B3FF496AB0321C348FDF7FFFDFFF75D
:10CF200090BB05F2B453B5F8385689B2002D3FF4E2
:10CF300090A803F15A02002304E0013398B285421D
:10CF40007FF687A832F8020F8842F6D1B74A02EB83
:10CF50008303B74AC3F8C823FFF77BB8B5499C22BF
:10CF6000081F13F0EFFBB44B2A4693EDF1AA03F52B
:10CF70008C631E60C1E405F2B453B5F8385689B22B
:10CF8000002D3FF466A803F15A02002304E00133A8
:10CF900098B285427FF65DA832F8020F8842F6D13A
:10CFA000A24A02EB8303A24AC3F8C823FFF751B891
:10CFB000A24B93F87B501EE5A04B93F87A50FEF7F6
:10CFC000CBBF0BAB0BEE103AFEF715BF9C4BF7EE49
:10CFD000005A039A9B4803F69805DFED9B6A93F885
:10CFE000BB6CC3F8B42A0390002E66D10368C5F861
:10CFF00020320430954B04358342F5D1944BB3F87D
:10D000004010A3F5805393F87850C9B103F6C67267
:10D010000023104630F8026FAE4200F06481013305
:10D020009EB28E42F6D3854B93F87900002332F8F6
:10D03000025F854200F0638101339DB28D42F6D3D9
:10D040007E4B0020DD6EA3F5005393F8E4110346F8
:10D05000804E03F5CB72013006EB82027E4ED2F891
:10D060003C2BB24200F00381C3B28B42F0D9744B27
:10D07000002293F89068134671480132764F00EB16
:10D080008300D0F84008B84200F00581D3B2B34223
:10D09000F2D9002003466F4D03F5CB72013005EB4A
:10D0A000820205F64C25D2F83C2BAA4200F00781FB
:10D0B000C3B28B42EFD9FEF7CCBF2B6890ED005A7C
:10D0C00093F82C20D3ED003A092A35EEE33A00F22A
:10D0D0008780511C03EB8202C9B283F82C1001290E
:10D0E00082ED015AD3ED017A77EEA67A00F0BD8089
:10D0F00093ED027A022977EE877A00F0B6800A462D
:10D1000093ED037A032A77EE877A27D093ED047A9A
:10D11000042A77EE877A21D093ED057A052A77EEF7
:10D12000877A1BD093ED067A062A77EE877A15D098
:10D1300093ED077A072A77EE877A0FD093ED087A76
:10D14000082A77EE877A09D093ED097A092A77EED3
:10D15000877A03D093ED0A7A77EE877A07EE102A62
:10D1600093ED114A9FED382AF8EEC71AD3ED0F2A36
:10D1700093ED0D7AD3ED0E4A87EEA16A26EE036A8F
:10D18000A5EE236A36EE445AC5EE097AF4EE427AE9
:10D19000F1EE10FA48BFF0EE667AE2EEC97A27EEB9
:10D1A000A45AC3ED0C7AF0EE477AE5EE097AF4EE74
:10D1B000C27AC3ED0D7AF1EE10FA4FD4F4EEE57AAF
:10D1C000F1EE10FA05DDF7EE007AC3ED0C6AC3ED5F
:10D1D0000D5A77EE867A83ED116AC5ED887A08E7F5
:10D1E00093ED037A5969D3ED024AB0EE476A83EDB5
:10D1F000027A93ED047A74EEA67A1961996977EE52
:10D20000867AC3ED014A5961D96983ED037A996140
:10D21000196AD961596A1962996A83ED0A5A596281
:10D2200070E700BF88B10120E8430020BCB70020B0
:10D23000CDCC4C3F44D000207CCC00207CDC0020B6
:10D240007CBC00209CB10120000000009CB30120A8
:10D250007CEC00207CAC002010C50020F0EE667A4B
:10D26000C3ED0C6AC3ED0D6AB3E70A4676E79AB2DE
:10D27000A6F69403B3F88460002E3FF4F8AE03F1F1
:10D280005A00002330F8027F974249D001339FB201
:10D29000BE42F7D8EBE69AB2A7F69403B3F830672C
:10D2A000002E3FF4F6AEA7F5C770002330F8027FDA
:10D2B00097422ED001339FB2B742F7D3E9E6B5F8D3
:10D2C00038069AB200283EF4C4AE05F20E6100237F
:10D2D00031F8025F95423FF47CAC01339DB2854248
:10D2E000F6D3FEF7B6BE114D03F2D2234FF07E50B7
:10D2F00005EB8303C3F8840095F8790096E60B4AA2
:10D3000003F2D22302EB83034FF07E52C3F8842052
:10D3100096E6F233064A02EB8303C3F8EC51B8E613
:10D32000044A02EB8303C3F8C853A0E67CDC002068
:10D330007CBC0020BCB7002030BFFDE7F8B52DED68
:10D34000068BDFED349A00259FED338A0646B0EE5A
:10D3500069AA0F46F0EE69AAF0EE488AB0EE489A44
:10D3600036E03B6804EB4404586E03689B689847BA
:10D3700000EB8400D0ED006A90ED017AF4EE6A6A69
:10D38000D0ED027AF1EE10FAB4EE4A7A48BFF0EE30
:10D3900066AAF1EE10FAF4EE697A48BFB0EE47AA39
:10D3A000F1EE10FAF4EE496A48BFF0EE679AF1EE3A
:10D3B00010FAF4EE478A36FE899AF1EE10FAF4EE8E
:10D3C000487A48BFF0EE478AF1EE10FA37FE888AB5
:10D3D0003B68ACB20135586E0368DB6898478442FD
:10D3E000BFDBB6EE006A304679EE2A6A38EE8A7AFA
:10D3F00078EE297A66EE866A27EE067A67EE867AF6
:10D40000C6ED006A86ED017AC6ED027ABDEC068BA8
:10D41000F8BD00BF0050C3470050C3C770B50E46EB
:10D4200090F8A81682B0142916D8154690F8A926A7
:10D4300004468AB101298AB210D9901E04F25C6EAA
:10D4400004F5CB6C80B20EEB800E01E0F44505D004
:10D450005CF8040FA842F9D102B070BD01F5C171AA
:10D46000F7EE000A201D8DED010A04EB8101EFF7B4
:10D470006BFA94F804369DED010A132B0DD8E218CF
:10D4800082F8506504EB8302013302F2B451C2F812
:10D49000645581ED000A84F8043694F8A83603F543
:10D4A000CB72013344F8225084F8A836D4E700BF89
:10D4B00010B54489C36904FB01F101EB41010B4440
:10D4C000C17DC9B9BCB104EB44041C4493F801C04C
:10D4D000033313F8010C063213F8031C4FEA0C2C2B
:10D4E0000002A3424FEA012122F804CC22F8020CE8
:10D4F00022F8061CEAD110BD002CFCD004EB440439
:10D50000C16A1C4413F803EB063213F802CCA342A1
:10D5100013F8010C31F81EE031F81CC031F810008E
:10D5200022F806EC22F804CC22F8020CEAD110BD55
:10D530002DE9F04F002383B0032504460F46DFF8A2
:10D540003C8183600373C0E90033012241462046D9
:10D550000AF028FC6B1E13F0FF05F6D1042F69D9E1
:10D5600007F1010ADFF818B14FF005090DF10408C1
:10D570005FFA8AFA4F4509F130034FF00102414644
:10D5800020463FD009F101098DF804308DF805508F
:10D590000AF008FC5FFA89F90BF1010BB9F10A0FE7
:10D5A000E8D1A1680B293DD8DFF8D0904FF00008F2
:10D5B00010E043184B4511D96368A9EB0006AB4254
:10D5C0005AD320234354236803F805802946A560D5
:10D5D0000B2927D820684D1C4845EAD963689D422D
:10D5E00024D90027023113F0CFF9A1680028EFD029
:10D5F000C4E9000511B1CFB1835DE3E70170206894
:10D60000A168F8E71BF8013B01228DF80550D146CF
:10D610008DF804300AF0C6FBBAF10A0FAAD1A1684E
:10D620000B29C1D9204603B0BDE8F08FB9F800300E
:10D630004352CBE70DF10408A946DFF848A0EBB24E
:10D6400001224146204603F1300C9F425FFA8CFCD8
:10D6500009D08DF804C08DF805900AF0A3FB0135C0
:10D66000052DECD19DE715F80A308DF805908DF861
:10D6700004300AF097FBF2E70127B3E7C445002026
:10D68000D53C0020D03C00202DE9F04F9FB005464E
:10D690000E460493A84B1B78934200F07481049BC0
:10D6A000A64CD3F808B025826682BBF1000F00F0CB
:10D6B000AA8115AF4FF000095D463B465F46A9457C
:10D6C000CA469B46049B196867D38DF854A0202F47
:10D6D0003E465D4628BF2026B144BF1B5E4430E075
:10D6E0000A2B6BD00D2B2AD0117A8B4227D3907A3C
:10D6F000984224D3591A5068C9B200EBC10898F86F
:10D70000030098F8021098B191B1E07E00287FD113
:10D71000207E94F819C0B4F91010B4F91220CDE9A4
:10D72000020CE08A0190A08A00908448FDF7B6FBC5
:10D7300098F80410238A227E01FB02332382B5422B
:10D7400024D0226A15F8013B002AC9D10A2B3ED009
:10D750000D2BF4D0E17E002940D1B4F91010B4F9BA
:10D760001220207E94F819C0CDE9020CE08A0190C5
:10D77000A08A00907148FDF791FB237E228AB54272
:10D7800003EB430302EB43032382DAD1002F51D092
:10D79000049B9D681968A94597D2A5EB09054944E2
:10D7A0005846202D28BF20252A460DF0EFFE05F112
:10D7B00078030DEB030505F824AC88E7638A617EE6
:10D7C000A4F810A0127B01FB02336382B7E7638ADF
:10D7D000617E228203EBC1036382B0E7B4F91010CB
:10D7E0004FF0060C207EB4F90CE01CFB001CF44545
:10D7F00004DCB4F9122094F819C0B5E7114694F886
:10D8000019C02282628A02EBCC0212B26282ABE7BA
:10D8100098F905C0207E8C44B4F91010B4F90CE0DE
:10D8200000FB0C1CF44500F38B8094F819C0B4F98C
:10D83000122074E75F4640F60D230DF15606DFF81F
:10D84000FC904FF00008ADF85430226A17F8013B05
:10D85000002A43D00A2B5FD00D2B38D0117A8B428F
:10D8600035D3907A984232D3591A5568C9B205EB2C
:10D87000C105E878A97820B319B3E07E88B195F99D
:10D88000050094F818C00844B4F91010B4F90CE07D
:10D890000CFB0010704500F3B880607EB4F91220D4
:10D8A00006E094F818C0607EB4F91010B4F91220A4
:10D8B000CDE902C0E08A0190A08A00904846FDF7B9
:10D8C000EDFA2979238A227E01FB02332382B742B3
:10D8D000BBD1002363611FB0BDE8F08F0A2B24D0B9
:10D8E0000D2BF4D0E17E002936D1B4F91010B4F933
:10D8F0001220207E657ECDE90205E08A0190A08A93
:10D9000000904846FDF7CAFA237E228A03EB4303C0
:10D9100002EB43032382DAE7638A617EA4F8108076
:10D92000127B01FB02336382D1E7638A2282627E2B
:10D9300003EBC2036382CAE7C85E00204460002094
:10D9400094F819C0A4F810A0117B628A01FB0C2284
:10D95000002112B26282E2E6B4F910100625207EA0
:10D96000B4F90CC015FB0015654508DD1146657E50
:10D970002282628A02EBC50212B26282BBE7B4F96C
:10D980001220657EB7E7A54B1A68A54BA3FB0213CF
:10D990004FF4FA715B0901FB1322FA2A7FF67FAE7E
:10D9A000049BD3F808B0BBF1000F39D100205B46CF
:10D9B000D8469C4CA84406F101094545A9EB00094D
:10D9C0000FFA89F916DA05942F464FF0000ADFF8AE
:10D9D00054B21C463946013723464A463FB25846A0
:10D9E000CDF800A0F9F7D0FD4745F3DBDDE90434BD
:10D9F000D3F808B04FF00113258266826361BBF152
:10DA0000000F7FF456AE15AF15E7607EA4F81080C6
:10DA1000117B628A01FB0022002112B2628247E779
:10DA20001A68002A00F0A38012F8011B7D4C00291F
:10DA3000E0D0277E4FF0FF39E07E47F6FF7E637E21
:10DA4000B0460A9007EB4700D4F820A0400010979A
:10DA50001394099007EB470040000890B4F90C00BC
:10DA60000B9098B20790D800BBB20C901190504622
:10DA70000D932B46CDE905E900287AD00A2900F05C
:10DA80009C800D295ED090F80AC0077A8C4559D346
:10DA90008F4257D8A1EB070C41685FFA8CFC01EB71
:10DAA000CC0C9CF803409CF802100E949CF80440A7
:10DAB0009CF905700F940A9C9CF906C0002C00F09C
:10DAC0008480109C07EB010A04FB0A3A0B9CA245D8
:10DAD0007BDD037B079C03FB048800231FFA88FA85
:10DAE0000FFA88F8079C0CFB04AA0D9C11FB04F1AB
:10DAF000079C12910E9911FB04FC0D9C0F9907FBDA
:10DB000004370CF1FF3C01FB04331299059C1CFA0D
:10DB10008AFC01390FFA8AFA0FFA8CFC11FA87F1A4
:10DB20003FB21BB2BC4209B2A8BF3C46D6450594E1
:10DB3000A8BFD646069C8C42B8BF0C46E145B8BF8C
:10DB4000E146069412F8011B002995D1DDE9052371
:10DB5000139C9A4255DC0133CE45A3EB02081FFA11
:10DB600088F845DD0B460FFA88F8084622E72D4C69
:10DB700040E70A292DD00D29E4D00A9979BB0899EC
:10DB8000099C19441F1989B2119C013F08EB040C30
:10DB9000069CA7420CF1FF3C01DD3CB20694059CBB
:10DBA000CC45C8BF0FFA8CF99C42A8BF1C46C6459D
:10DBB0000BB2A8BFC6460594C4E7037B079903FBD5
:10DBC00001830FFA83F80023BCE79BB21FFA88FA9F
:10DBD00088E70C9B984403460FFA88F8B2E7099946
:10DBE0005F180B998F4211DC0899194489B2CBE771
:10DBF0000FFA88F809F10103A3EB0E0398B21BB2E8
:10DC0000D8E6CE453FF7F6AE8846F3E70C9B98443E
:10DC100003460FFA88F8DDE90817B5E70CC30120C1
:10DC2000D34D62104460002000234FF07E52DFEDA0
:10DC3000517A30B52DED068B026095B043600446F5
:10DC400083600D46C3604B7BD1ED008A91ED019A54
:10DC5000012B91ED028A68EEA78A29EE279A28EE19
:10DC6000278A05D1F0EE687AF0EE488AB0EE678A2E
:10DC7000F6EE00AA68EEAA8A29EE2A9A28EE2A8AE7
:10DC8000B0EE680A0BF0A6FCB0EE40AAB0EE490A6E
:10DC90000BF0A0FCF0EE409AB0EE480A0BF09AFCB4
:10DCA000F0EE407AB0EE680AF0EE678A0BF096FD6F
:10DCB000F0EE407AB0EE490AB0EE679A0BF08EFDB6
:10DCC000F0EE407AB0EE480AB0EE678A0BF086FDBF
:10DCD00000232A7B8DED009A8DED01AA0293039318
:10DCE0008DED048A0593CDED069A07938DED080A14
:10DCF00009930A93CDED0B8A052A1BD8DFE802F0C1
:10DD00001A282F3203216A4608A90CA8FBF7E0F96C
:10DD100004AA0CA910A8FBF7DBF910981199129A24
:10DD2000139B206020466160A260E36015B0BDECEB
:10DD3000068B30BD04AA69460CA8FBF7C9F908AAEE
:10DD4000E7E704AA08A90CA8FBF7C2F96A46E0E7CE
:10DD500008AA69460CA8FBF7BBF904AAD9E76A46EA
:10DD600004A9E9E708AA04A90CA8FBF7B1F96A46D7
:10DD7000CFE700BF35FA8E3C2DE9F0432DED0C8B3B
:10DD8000DFEDBDAA97B000250646B0EE6A9A0C46B4
:10DD9000F0EE6A8A14E0236807EB4707586E0368C1
:10DDA0009B68984700EB8700D0ED006A90ED017A00
:10DDB000D0ED027A78EEA68A39EE079A7AEEA7AA13
:10DDC0002368AFB20135586E0368DB689847874215
:10DDD000E1DB07EE907ADFEDA89A0027F8EE677A8C
:10DDE000B0EE69AAF0EE69BA88EEA78AB0EE69BA19
:10DDF000C9EE278AB0EE69CA8AEEA79AF0EE69AA40
:10DE000020E0236805EB4505586E03689B6898473A
:10DE100000EB8500D0ED006A90ED017AD0ED027A3A
:10DE200076EEC86A37EE687A77EEC97AA6EEA6CAA9
:10DE3000E6EE87AAA6EEA7BAE7EE07BAA7EE27AAEC
:10DE4000E7EEA79A2368BDB20137586E0368DB6816
:10DE500098478542D5DB2AEE4ADA6BEE4BCA6AEE6A
:10DE6000EA7AABEEA9DAECEE29CAECEE2B7AB4EE44
:10DE7000ECDAF1EE10FA40F35782B4EE67DA0023E1
:10DE8000F1EE10FA7DFE277AF5EEC07AF1EE10FA87
:10DE900040F2578237EECD7ADFED706AB0EEC77A86
:10DEA000B4EEE67AF1EE10FA40F18E8269EEEACA3B
:10DEB0006BEECB9AEBEE0ACAEAEE8A9A2CEEAC0A2B
:10DEC000ADEE0D0AA9EEA90AB5EE400AF1EE10FA80
:10DED00000F1C682B1EEC07A9FED606AF7EE006A8B
:10DEE00077EE667AF0EEE77AF4EEC67AF1EE10FAA3
:10DEF00040F131829FED607A9FED596A6DEE076ABD
:10DF00002CEE877A77EE267A77EEA97AF4EEC67A47
:10DF1000F1EE10FA00F184829FED526AF4EEC67AB7
:10DF2000F1EE10FA40F328829FED537AF7EE007A73
:10DF3000F0EE476AB0EE476A4B4B0FAFB26B0DF194
:10DF40001C0839460BA811921A88CDED077AADF856
:10DF500048205A688DED086A13929A68DB6814921B
:10DF600015930023CDED096A8DED0A7A0F93109376
:10DF7000FFF75AFE0BAA414603A8FBF7A9F896ED56
:10DF80000CAA214696ED0A7A6846D6ED0D9A4FF016
:10DF90000009D6ED0B7A3AEE47AA79EEE79AFFF739
:10DFA000CDF9039B0F93049B1093059B1193069B44
:10DFB000129335E0236805EB4505586E03689B68AE
:10DFC000984703464246394603EB85030BA8AD004C
:10DFD000D3ED016A93ED027AD3ED007A76EEE86A2A
:10DFE00037EE497A77EEC87ACDED086A8DED097A79
:10DFF000CDED077AFBF7DEF821680D9B486E0C9A91
:10E00000DDF82CC00993036808929B68CDF81CC00A
:10E0100098470799089A2844099B016042608360E9
:10E0200023681FFA89F509F10109586E0368DB6856
:10E0300098478542BEDB21463846FFF77FF9DDED84
:10E040000FBA9DED10BA4FF00009DDED11AACDED2C
:10E0500000BA8DED01BACDED02AA32E06F12833A1B
:10E06000EFFF7FBFEFFF7F3F146A00200050C347E0
:10E070000050C3C700007A4300000000236805EB8E
:10E080004505586E03689B68984723685A6E00EBF5
:10E090008503AD0093ED009A1046D3ED018A93ED10
:10E0A000028A39EE6B9A116878EECB8A38EE6A8A6A
:10E0B0008B689847284480ED009AC0ED018A80ED76
:10E0C000028A23681FFA89F509F10109586E03686D
:10E0D000DB6898478542D1DB1FED1CBA4FF0000981
:10E0E0001FED1D9AF0EE4BBAF0EE49AA35E0236819
:10E0F00005EB4505586E03689B689847226800EB5E
:10E100008503506EAD00D3ED008A93ED018AF4EEE5
:10E110006B8A026893ED02CA9368F1EE10FAB4EECE
:10E120004B8A48BFF0EE68BAF1EE10FAF4EE6A8A54
:10E1300048BFB0EE48BAF1EE10FAB4EE498A78FE64
:10E14000AAAAF1EE10FA38FE099A98472844C0EDC1
:10E15000008A80ED018A80ED02CA23681FFA89F5E2
:10E1600009F10109586E0368DB6898478542BEDBF8
:10E1700096ED0F7A79EE4B7A33787AEEEBAA7AEE57
:10E18000478A39EEC78A092B88EEAA9AC8EE279AE1
:10E190002BD096ED106AD6ED116AB4EEE99AB6EE80
:10E1A000007AF1EE10FA58BFB0EE699A29EE069A9D
:10E1B000F4EE499AE9EE6A8AF1EE10FA79FE299AAC
:10E1C00069EEA69A68EE878AA9EEE78A28EE078AA2
:10E1D000082B0AD8DFE813F00D00A5002D019B00E5
:10E1E00009009900A000A3009E001FED5D8AF0EEDB
:10E1F000488A5FED606A06F1040996ED066A4046BA
:10E20000D6ED097A3A461FED64AA4946E6EE267A2B
:10E2100096ED055AB0EE4A6A96ED087AD6ED075AA1
:10E220004FF00008A5EE267AA5EEA66ACDED107A8D
:10E230008DED0F7A8DED116AFAF756FE55E02368E1
:10E2400005EB4505586E03689B689847034696F8AA
:10E2500048C00BAA03EB850349463846AD0093ED51
:10E26000007AD3ED017AD3ED026A29EE077A69EEDE
:10E27000A77A76EE8A6ABCF1000F01D0B1EE477A38
:10E2800096F8493037EE287A0BB1F1EE677A77EEDF
:10E29000887ACDED0D6A8DED0B7ACDED0C7AFAF71B
:10E2A00023FE23689DED0F6ADDED106ADDED117A26
:10E2B0009DED085ADDED095A9DED077A76EE856AE7
:10E2C000586E77EEA57A37EE067A03689B68CDED37
:10E2D0000C6A8DED0B7ACDED0D7A98470B990C9A5F
:10E2E00028440D9B01604260836023681FFA88F513
:10E2F00008F10108586E0368DB68984785429EDB89
:10E3000017B0BDEC0C8BBDE8F083F1EE688A1FED11
:10E31000A68A6EE7F1EE688AB1EE488A69E7B1EE47
:10E32000488A5FEDAB8A64E7F4EE67CA0023F1EE3A
:10E3300010FA7CFEA77AF5EEC07AF1EE10FA3FF6FD
:10E34000A9AD4FF07E520FAF0DF11C080493059359
:10E350000693039213E65FEDB87AB4EE677AF1EEB6
:10E3600010FA47D1F0EE66CAF0EE679AB0EE677A1F
:10E37000B0EE67DAF0EE676A1FEDC16AF7EE005A99
:10E3800037EE66AAD9EE86CAA9EEC6DA77EEA59A66
:10E390002CEEAC0AA9EEA90AADEE0D0AAAEE0A0A05
:10E3A000B4EE460AF1EE10FA55D4F1EEC07AF7EE6B
:10E3B000006A86EEA77A69EE877A27EE2C6A67EE06
:10E3C0000D6A27EE0A7AB7E577EEEC7AF0EEE77A97
:10E3D000F4EEE67AF1EE10FA2ED569EEEA9A6AEEDC
:10E3E0004C7AEBEE0A9AEAEE8B7AB0EE69DAF0EE4E
:10E3F000679A63E58DEE07DA9FED1C6ACCEE87CA5B
:10E40000C9EE879A6DEE276A2CEEA77A77EE267A08
:10E4100077EEA97AF4EEC67AF1EE10FA7FF57CADCC
:10E420009FED137ADFED136AB0EE476ADFED127AE3
:10E4300082E5F1EE688ADCE66BEECBBA2AEE4CCAD6
:10E44000F0EE4D9AEAEE8ABAAAEE8BCAB0EE6BDA1B
:10E45000F0EE4CCA32E50AF0A3FDF0EE407AA6E7F2
:10E460000AF09EFDB0EE407A36E500BFEFFF7FBFB9
:10E4700000000000698FE0BCD8F97F3F054B5A6966
:10E4800010B4511C1C6944F822005DF8044B59611A
:10E49000704700BF7CAC002090F8A936844673B169
:10E4A00090F8043653B14FF07E5201200CF24C53D9
:10E4B000CCF864158CF850059A66704770470123B4
:10E4C0000A46B7EE000A194680F8A936FEF7A6BF3D
:10E4D0002DE9F04F8F4C2DED028BA4F12C0B9FED0D
:10E4E0008E8A81B0A4F15C0A04F130002146FFF766
:10E4F000D3FFA4F15009B0EE480A5A460BF15C0074
:10E5000028230A21A4F11408FEF788FFB0EE480A78
:10E5100052460AF18C0028230A21FEF77FFFB0EE55
:10E52000480A4A4609F1800028230A21FEF776FFAF
:10E53000A4F14402B0EE480A282302F174000A2133
:10E54000FEF76CFFA4F12002B0EE480A282302F186
:10E5500050000A21FEF762FFA4F16802B0EE480AFB
:10E56000282302F198000A21FEF758FFA4F138028F
:10E57000B0EE480A282302F168000A21FEF74EFF98
:10E58000A4F64C029FED650A282302F67C000A21BE
:10E59000FEF744FFA4F58A72B0EE480A282302F57C
:10E5A000A2700A21FEF73AFFA4F1C00204F68857D0
:10E5B00004F2DC64B0EE480A02F1F00028230A21DC
:10E5C000FEF72CFF04F62836B0EE480A424608F162
:10E5D000440028230A2104F6A875FEF71FFFB0EEB9
:10E5E000480A3A46A7F6585014230A21FEF716FFA8
:10E5F000B0EE480A3246A4F2AC6014230A21FEF7BA
:10E600000DFFB0EE480A2A46A4F2AC6014230A219A
:10E61000FEF704FF20464249FFF73EFFB0EE480AEE
:10E620005A46204628230A21FEF7F8FEB0EE480A93
:10E630005246204628230A21FEF7F0FEB0EE480A93
:10E640004A46204628230A21FEF7E8FEB0EE480A93
:10E65000A4F5E462204628230A21FEF7DFFEB0EE8F
:10E66000480AA4F2FC62204628230A21FEF7D6FEBF
:10E67000B0EE480AA4F24472204628230A21FEF78D
:10E68000CDFEB0EE480AA4F21472204628230A21D7
:10E69000FEF7C4FEB0EE480AA4F6287220462823EE
:10E6A0000A21FEF7BBFEB0EE480AA4F5FE62204642
:10E6B00028230A21FEF7B2FEB0EE480AA4F29C72AB
:10E6C000204628230A21FEF7A9FEB0EE480A42465A
:10E6D000204628230A21FEF7A1FEB0EE480A3A465A
:10E6E000204614230121FEF799FEB0EE480A324677
:10E6F000204614230121FEF791FEB0EE480A1423B0
:10E700002A460121204601B0BDEC028BBDE8F04F46
:10E71000FEF784BE88B70020000000009A99193ED9
:10E720000C61002030B44FF07E514FF08040002249
:10E73000284C0025284B62602560A160E060012420
:10E740005A601C60022498601C610324D9601C621A
:10E75000042459611C63052498611C644FF480747F
:10E76000DA611C6540F2011459629A62D8625863FA
:10E770009A63D96358649964DA645A659965D8656F
:10E780005A669866D9661C664FF4817459671C678F
:10E7900040F203149867C3F880404FF48274DA673C
:10E7A000C3F8904040F20514C3F88410C3F8A040A9
:10E7B000C3F88820C3F88C00C3F89400C3F89820ED
:10E7C000C3F89C10C3F8A400C3F8A810C3F8AC2089
:10E7D00030BC7047146A002028C301202DE9F04F97
:10E7E0002DED108B9BB0FB4FFDF7AEFAF3EE0B5AFD
:10E7F000B2EE085AF84BF94A0026F949DFF804E46A
:10E80000DFF804C49FEDF76ADFEDF76A9FEDF77A52
:10E81000DFEDF77AF74DF848DFF8F083DFF8F0A383
:10E82000DFF8F093DFEDF54ADFF8ECB39FEDF44A43
:10E83000C3ED455AC3ED475AC3ED495AC3ED4B5A90
:10E84000C3F8D0E0C3F8E0E0C3F8B0C0C3F800C13B
:10E85000C3F818C1C3F8B4B0C3F8B870C3F8BCB0FB
:10E86000C3F8C050C3F8C4B0C3F8CCB0C3F8D4B038
:10E87000C3F8F050C3F8F870C3F82071C3F82851FA
:10E88000C3F8DC20C3F8E420C3F8EC20C3F8F4207C
:10E89000C3F8FC20C3F80421C3F80821C3F80C21F5
:10E8A000C3F81021C3F8C800C3F8E800C3F8D88043
:10E8B000C3F83001C3ED4D5AC3F838E1C3ED4F5AE8
:10E8C000C3ED515AC3F858E183ED625A83ED645A9F
:10E8D00083ED536A83ED556A83ED576A83ED596A78
:10E8E00083ED5B6A83ED5D6A83ED5F6A83ED616A48
:10E8F00083ED636AC3ED656AC3ED676AC3ED696A58
:10E90000C3ED6B6AC3F84811C3F878C1C3F8A0C15E
:10E91000C3F84081C3F85081C3F86001C3F868515F
:10E92000C3F87071C3F88021C3F89821C3F8A871A7
:10E93000C3F8B051C3ED6D6AC3ED6F6AC3F8C0E1AF
:10E94000C3ED716AC3ED736AC3ED756AC3F8E8E19C
:10E9500083ED865A83ED885A83ED777A83ED797A51
:10E9600083ED7B7A83ED7D7A83ED7F7A83ED817A07
:10E9700083ED837A83ED857A83ED877AC3ED897A97
:10E98000C3ED8B7AC3ED8D7AC3F8D011C3F8D811DB
:10E99000C3F808C2C3F830C2C3F8B801C3F8C881CD
:10E9A000C3F8E081C3F8F001C3F8F851C3F800726E
:10E9B000C3F81022C3F82822C3F83872C3ED8F7A47
:10E9C000C3ED917AC3ED937AC3F850E2C3ED957A23
:10E9D000C3ED977AC3ED997AC3F878E283EDAA5A2A
:10E9E00083EDAC5AC3F86012C3F86812C3F898C23A
:10E9F000C3F84052C3F84802C3F85882C3F8708283
:10EA0000C3F88002C3F88852C3F89072C3F8A022FA
:10EA1000C3F8B822C3F86CA2C3F874A2C3F87CA2EE
:10EA2000C3F884A2C3F88CA2C3F894A2C3F89CA232
:10EA3000C3F8A4A2C3F8ACA2C3F8B492C3F8BC92C2
:10EA4000C3F8E0E2C3F800E3C3EDCD4AC3EDCF4A1B
:10EA5000C3F8C0C2C3F8F012C3F8FC12C3F8041321
:10EA6000C3F80C13C3F81413C3F81C13C3F820C362
:10EA7000C3F82413C3F82C13C3F830C3C3F8C492EB
:10EA8000C3F8C872C3F8CC92C3F8D052C3F8D4927A
:10EA9000C3F8D802C3F8DC92C3F8E492C3F8E88262
:10EAA000C3F8EC92C3F8F492C3F8F882C3F80803F1
:10EAB000C3F81053C3F81873C3F82823C3F8387386
:10EAC000C3F84053C3F874B3C3F87CB3C3F884B33A
:10EAD000C3F88CB3C3F894B303F5806BC3EDD14A8C
:10EAE000C3EDD34AC3F850E3C3EDD54AC3F870E38E
:10EAF000C3F8C0E383EDD74A83EDD94A83EDDB4AFF
:10EB0000C3F890C3C3F8A0C3C3F84803C3F85803BD
:10EB1000C3F86053C3F86873C3F87803C3F880532D
:10EB2000C3F88873C3F89823C3F89C23C3F8A423BD
:10EB3000C3F8A873C3F8AC23C3F8B053C3F8B42325
:10EB4000C3F8B803C3F8BC23C3F8C423CBF8002030
:10EB500003F2044BC3EDF55ACBED005A03F5816B7C
:10EB6000C3F8D8E38BED005A03F20C4BC3EDF75A10
:10EB70008BED006A03F5826BC3EDF95ACBF80020E8
:10EB800003F2144BC3EDFB5A8BED006A03F5836B64
:10EB9000C3EDFD5ACBF800C003F21C4BC3EDFF5A86
:10EBA0008BED006A03F5846BC3F8F8C3CBF80070F3
:10EBB00003F2244BC3F8C8838BED006A03F5856B21
:10EBC000C3F8CC23CBF8005003F22C4BC3F8D0830E
:10EBD00024E000BF0000104228C301200000A04133
:10EBE0000000984200000842000024420000404219
:10EBF00000005C4200003042000050420000A6428B
:10EC00000000B442000070420000E0410000884271
:10EC10000000784200008A42000050418BED006AFB
:10EC200003F5866BC3F8E003CBF8000003F2344B26
:10EC3000C3F8E8538BED006A03F5876BC3F8F073F4
:10EC4000CBF800E003F23C4BF54C8BED006A03F58A
:10EC5000886BCBF8008003F2444B8BED006A03F520
:10EC6000896BCBF8001003F24C4B8BED006A03F577
:10EC70008A6BCBF8001003F2544BCBED006A03F51E
:10EC80008B6BCBF8008003F25C4BCBED006A03F595
:10EC90008C6BCBF800E003F2644BCBED006A03F51C
:10ECA0008D6BCBF8000003F26C4BCBED006A03F5E3
:10ECB0008E6BCBF8005003F2744BCBED006A03F57A
:10ECC0008F6BCBF8007003F27C4BCBED006A03F541
:10ECD000906BCBF800C003F2844BCBED006A03F5D8
:10ECE000916BCBF8002003F28C4BCBED006A03F55F
:10ECF000926B8BED005A03F2944BCBED006A03F557
:10ED0000936B8BED005A03F29C4B8BED007A03F56D
:10ED1000946BCBF8002003F2A44B8BED007A03F543
:10ED2000956BCBF800C003F2AC4B8BED007A03F58A
:10ED3000966BCBF8007003F2B44B8BED007A03F5C1
:10ED4000976BCBF8005003F2BC4B8BED007A03F5C8
:10ED5000986BCBF8000003F2C44B8BED007A03F5FF
:10ED6000996BCBF800E003F2CC4B8BED007A03F506
:10ED70009A6BCBF8008003F2D44B8BED007A03F54D
:10ED80009B6BCBF8001003F2DC4B8BED007A03F5A4
:10ED90009C6BCBF8001003F2E44BCBED007A03F54B
:10EDA0009D6BCBF8008003F2EC4BCBED007A03F5C2
:10EDB0009E6BCBF800E003F2F44BCBED007A03F549
:10EDC0009F6BCBF8000003F2FC4BCBED007A03F510
:10EDD000A06BCBF8005003F2045BCBED007A03F597
:10EDE000A16BCBF8007003F20C5BCBED007A03F55E
:10EDF000A26BCBF800C003F2145BCBED007A03F5F5
:10EE0000A36BCBF8002003F21C5BCBED007A03F57B
:10EE1000A46B8BED005A03F2245BCBED007A03F573
:10EE2000A56B8BED005A03F22C5BCBF800A003F529
:10EE3000A66BCBF8002003F2345BCBF800A003F5FF
:10EE4000A76BCBF800C003F23C5BCBF800A003F546
:10EE5000A86BCBF8007003F2445BCBF800A003F57D
:10EE6000A96BCBF8005003F24C5BCBF800A003F584
:10EE7000AA6BCBF8000003F2545BCBF800A003F5BB
:10EE8000AB6BCBF800E003F25C5BCBF800A003F5C2
:10EE9000AC6BCBF8008003F2645BCBF800A003F509
:10EEA000AD6BCBF8001003F26C5BCBF800A003F560
:10EEB000AE6ACAF8001003F2745ACAF8009003F55B
:10EEC000AF6ACAF8008003F27C5ACAF8009003F5D2
:10EED000B06ACAF800E003F2845ACAF8009003F559
:10EEE000B16ACAF8000003F28C5ACAF8009003F520
:10EEF000B26ACAF8005003F2945ACAF8009003F5B7
:10EF0000B36ACAF8007003F29C5ACAF8009003F57D
:10EF1000B46ACAF800C003F2A45ACAF8009003F514
:10EF2000B56ACAF8002003F2AC5ACAF8009003F59B
:10EF3000B66A8AED005A03F2B45ACAF8009003F593
:10EF4000B7694FF0010AC9F8002003F2BC5204F57A
:10EF50000379116003F5B862C2F800C003F2C4522D
:10EF6000116003F5B962176003F2CC52116003F52A
:10EF7000BA62156003F2D452116003F5BB62666198
:10EF8000106003F2DC522677116003F5BC62C2F810
:10EF900000E003F2E452116003F5BD62C2F80080A4
:10EFA00003F2EC524FF00208116003F5BE62C2F8A2
:10EFB00000E003F2F452C2ED004A03F5BF621060B4
:10EFC00003F2FC52C2ED004A03F5C062156003F281
:10EFD0000462C2ED004A03F5C162176003F20C62DD
:10EFE000C2ED004A03F5C262C2F800C003F2146227
:10EFF000C2ED004A03F5C362176003F21C62094FB9
:10F0000082ED004A03F5C462156003F22462002514
:10F0100082ED004A03F5C56203F22C6304E000BFF1
:10F020007CAC00200037002010600C20EB4A83ED00
:10F03000004A2260EA4BEB4AC4E901230323E36060
:10F0400011F092FCE84B84F8EC602362C4F8F8609D
:10F050002061C4F8FC50C4F80051C4F80451C4F84D
:10F060000851C4E93C66FCF745FEC4F8F000FCF723
:10F0700041FEC4F8F400FCF73DFE04F58C7CDB4B4C
:10F08000C4F8F80004F58670C4F844C104F5927C15
:10F09000D74AD8492360C4F88001D74BC4F840014F
:10F0A00004F59870C4F848C107F1280CC4F8102181
:10F0B000C4F894C1C4F81821C4F81C21C4F8306104
:10F0C000C4F80C11C4F8281184F87C6184F89061AC
:10F0D000C4F81431C4F82031C4F82C31C4F88401C8
:10F0E000C4F82451C4F85851C4F85C51C4F86051B4
:10F0F000C4F86451C4F86851C4F86C51C4F8705134
:10F10000C4F87451C4F87851C4F83C71C4E94DA8EE
:10F11000C4F8B051C4F8E031C4F8EC31C4F8F831A7
:10F1200004F5EC73C4F8DC21C4F8983104F5F273EB
:10F13000C4F8E421C4F89C3104F5F873C4F8E8215C
:10F14000C4F8A03148F28003C4F8FC014846ADF889
:10F150005830802384F8D46184F80862C4F8D81148
:10F16000C4F8F41116A9C4F8B451C4F8B851C4F8DD
:10F17000BC51C4F8C051C4F8C451C4F8C851C4F853
:10F18000CC51C4F8D051C4F8F0518DF85A3009F080
:10F19000D1F804F5067009F065F804F59E71974AF8
:10F1A0004FF07C53C4F8781204F5CA71C4F89C225D
:10F1B0004FF07A52C4F87C1204F57D709049C4F87F
:10F1C000C8224FF07F52C4F890128E49A4F8A8626A
:10F1D000C4F894128C49A4F8BC62C4F898128B4904
:10F1E000C4F8DC32C4F8A0128949C4F8EC32C4F87F
:10F1F000A4120A21C4F8CC2284F8BE1207F14C01F3
:10F20000844AC4F8C012844984F884A2C4F8D01295
:10F210008249C4F88092C4F8E0128149C4F8885247
:10F22000C4F8F0124FF08041C4F88C52C4F8AC52CC
:10F23000C4F8B052C4F8B452C4F8B85284F8C482C6
:10F2400084F8D482C4F8D85284F8E482C4F8E8522E
:10F2500084F8F482C4F8FC324BF25303C4F804235C
:10F26000A4F808334FF07E53C4F82C13B4F80713F6
:10F27000A4F81023A4F8131394F80913694A84F826
:10F2800015136949C4F84433C4F8001307F1680141
:10F29000C4F84833C4F80C1304F54171C4F84C3376
:10F2A000C4F818134EF6A041C4F8643384F812135E
:10F2B00007F17C01C4F86833C4F83C135B49A4F837
:10F2C00034634FF4C876C4F850135949C4F8F8525F
:10F2D000C4F854135749C4F81C53C4F8581356497A
:10F2E000C4F82053C4F85C1307F18801C4F8245310
:10F2F000C4F82853C4F83053C4F83853C4F86053E2
:10F30000C4F86C53C4F87433C4F87C33C4F8943331
:10F31000C4F89C33C4F8A833C4F8AC33C4F8C83379
:10F32000C4F8CC33C4F8D833C4F8E033C4F870233D
:10F33000C4F88023C4F88823C4F88C23C4F8A0231D
:10F34000C4F8B423C4F8B823C4F8C023C4F8D42341
:10F35000C4F8E423C4F8EC23C4F87853C4F8845305
:10F36000C4F89053C4F89853C4F8A453C4F8B053E5
:10F37000C4F8BC53C4F8C453C4F8D053C4F8DC5325
:10F38000C4F8E853C4F8F0234FF480720BF082FE07
:10F3900007F188014FF4807204F2F4400BF07AFE1A
:10F3A00004F54373C4F840330BF026FD05460BF01B
:10F3B00023FD54FA80F054FA85F3013E90F8F414DA
:10F3C00093F8F42483F8F41480F8F424ECD11B4966
:10F3D0001B4801F500761B4D001B35E0182200206C
:10F3E000186A0120C8ED0020CDCC4C3DC020002083
:10F3F0000000FAC40000FA44000096440000A04057
:10F4000000003D430000BA420000564300808B4399
:10F410000000C8420E21A0EC33338B4014AE4740AD
:10F420003D0AF73F000080BF85EB9140AE67BB3ED1
:10F430008C65583EABAAAA3EABAA2A3E6FB200200A
:10F440000DFAFFFFABAAAAAA431854FA83F393F864
:10F45000F424A5FB027301F8012FB1424FEAD30354
:10F4600003EB4303A2EB830281F80022ECD1E24FCD
:10F470004FF47F4AE14A4FF00008E14B1220FA6452
:10F4800007F11809DF4A3B613A65DF4BDF4A7B61D0
:10F49000C4F8F8290222DE4B9FEDDE8ADFF8B8B30C
:10F4A000DD4E84F8FC29C4F8203A0623DB4A84F8B0
:10F4B0002C3AFA6087ED008AC4F8146AC4F8186A16
:10F4C00087ED0F8A87ED108A87ED118A87ED128A02
:10F4D000C4F80CBAC4F810BAA4F81CAA11F044FA83
:10F4E0000546C4F8240AC0F80C80A0F81080DFEDAF
:10F4F000CC9A9FEDCC9ADFEDCC8AC0E9018812202E
:10F5000011F032FAC94BC4F8280AAC4603F13002B4
:10F51000C4F84C3A07F20C638646CDF80C90B0EE76
:10F52000000A03F6982103F69C2003F6A42507F5AC
:10F530006A6304920091019005950293039DC4F8BB
:10F54000586AC4F85C6A41F69426C4F850BAC4F804
:10F5500054BA2644A4F860AAB9E80F00ACE80F003A
:10F560000FCDD9F800904FF0FF35AEE80F0007F14E
:10F570005C0107F17000ACF80090AEF8009008F064
:10F580009BFD0DF1580C4FF0FF0907F1B00087ED1E
:10F590002B8A6146ADF858908DF85A8008F0CAFE63
:10F5A0000DF1580C4AF2FF5307F1BC008DF85A8058
:10F5B0006146ADF8583008F0BDFE4FF0FF3C07F152
:10F5C000C8008DF85A50ADF858C00DF1580C61467E
:10F5D00008F0B0FE0DF1580C07F1D400ADF858A0BA
:10F5E00061468DF85A8008F0A5FE0DF1580C07F120
:10F5F000E0008DF85A506146ADF8588008F09AFE48
:10F600004FF0FF3C07F1EC008DF85A80ADF858C080
:10F610000DF1580C614608F08DFE0DF1580C07F104
:10F62000F8008DF85A506146ADF8589008F082FE07
:10F630000DF1580C07F58270ADF8588061468DF8D1
:10F640005A8008F077FEA4F8088BC4F804BB07F5CD
:10F65000A670B4F8073B764DA4F8133B97F8153124
:10F6600005F5A271C4F80C5B87F821310D46714B8A
:10F67000C4F83C1BC7F8383107F5887387ED4A8A10
:10F68000C4F8183B87ED4B8A87ED4C8A87ED4D8A8D
:10F6900087ED4F8A87ED518AA4F8348BA4F810BB0C
:10F6A00084F812AB08F02CFD07F20C63C7F8F4578E
:10F6B00007F5FF60049D87F84C87C7F894561F46EE
:10F6C000A3F8E48108F01CFD3B460099B7EE000A60
:10F6D0001A46C3F8BCBCC3F8C0BC4F4B0198C2F873
:10F6E000C43CC2F8C83C544BC7F834571293534B30
:10F6F000059DC2F8943802F6A823A7F8CCAC83ED98
:10F70000008A02F6AC2387F8EC87A7F8908804F506
:10F71000D55781ED008A02F6BC4183ED008A802333
:10F7200080ED008A01F11400C2F8B83C85ED008A32
:10F7300087ED008ACDED139A08F0BEFC4FF08043B0
:10F740000E930EAB1A4612AB194616AB184608F0CC
:10F75000B9F83B4A009902F54D630198C7ED009A4C
:10F76000C2F80C3D169B0B60179B0360354B2B605A
:10F770004FF48073029DA2F8B93C012382F8BB3C90
:10F78000482011F0F1F8002345F8040FB54280F845
:10F790002C3003642C4B80ED009A80ED0C8A80EDB8
:10F7A0000D8AC0ED0F8A80ED118A8363E8D1274D61
:10F7B000B7EE000A264B41F6107605F1E00BA5F5F1
:10F7C0007262129305F50C79139305F21B21214BFC
:10F7D0004846DFF888C0A5F10C0885ED008AA5F140
:10F7E000040A88ED008AA5F108078AED008A2644FC
:10F7F00087ED008A34E000BF70B600200000404072
:10F800006666663F0000E0406666D640282200201B
:10F8100004220020000000000000FFFFCDCC4C3F80
:10F820000000C842CDCCCC3E00000C4290380020F5
:10F83000683700200000AF43000048430821002043
:10F840007CBC002000004842000070419CCB00209E
:10F850000000204300FFFF00FF0000FF800000FFCA
:10F86000A5F50475CBE95133E54BC2F8103D02F61E
:10F87000247383ED008A02F6287383ED008A02F672
:10F880002C7383ED008ADF4BCBE94EC34FF47F032B
:10F89000CBF84031FF238BF84C3108F00DFC4FF0D2
:10F8A00080430EAA12A916A80E9308F00BF8169B17
:10F8B0008AED008AC8F800304FF00008179BCBF89B
:10F8C0008C913B6040F20113DFF878A3DFF8789366
:10F8D00085ED848AABF839314820002711F044F8CF
:10F8E000C94B45F8040FAE42C0F800A0C0F8308004
:10F8F000C0F83480C0F83C90C0F84480836380F83E
:10F900002C700764E8D10423C04DB7EE000A4FF015
:10F910008049CBF8C033A5F11401CBF878342846E0
:10F92000BB4B4FF07E5ACBF89483CBF83035CBF8F5
:10F930003435B44BCBF89883CBF83835CBF83C351D
:10F94000B44BCBF89C831293B34BCBF8A0831393A7
:10F95000B24BCBF8A483CBF89031B14BCBF8A88352
:10F96000CBF8AC338023CBF8B8838BF8BC330BF2E5
:10F9700064438BF87474C3F800800BF58D63A94E53
:10F98000C3F800800BF26C43C3F800800BF58E6364
:10F99000C3F800800BF21C53C3F800800BF5A4637E
:10F9A000C3F800800BF22453C3F800800BF5A56365
:10F9B000C3F800804FF48073ABF82C354FF47F43CD
:10F9C000ABF8403508F078FB12A90EAA16A8CDF8BE
:10F9D000389007F077FF169B05F14800924ACBF864
:10F9E0009433179BCBF89C83CBF898330123CBF847
:10F9F000A083CBF890350BF29C53CBF88055C3F81D
:10FA000000800BF5B463C5F87C80C3F800800BF26E
:10FA1000A453C3F800800BF5B563C3F800800BF264
:10FA2000AC53C3F800800BF5B663C3F800800BF24B
:10FA3000B453C3F800800BF5B763C3F800800BF232
:10FA4000BC53C3F800800BF2C453C3F800800BF51D
:10FA5000B963C3F800800BF2CC53C3F800800BF5F8
:10FA6000BA63C3F800800BF2D453C3F800800BF5DF
:10FA7000BB63C3F800800BF2DC53C3F800800BF5C6
:10FA8000BC63C3F800800BF2E453C3F800800BF5AD
:10FA9000BD63C3F800800BF2EC53C3F800800BF594
:10FAA000BE63C3F800A00BF2F4531A604FF40002D7
:10FAB0000BF5BF631A604FF48033CBF8FC350BF2C3
:10FAC0000463CBF88C650C36C3F800800BF5C1637A
:10FAD000C5F8BC80C3F80080EDF7D2F8D4F88832BE
:10FAE0000EAA12A9129305F1C800D4F88C32CDF8F1
:10FAF00058A01393D4F89032CDF85C800E93D4F8CC
:10FB00009432CDF860800F9316ABCDF8648008F086
:10FB1000C5FBD4F898320EAA12A905F58A70129383
:10FB2000D4F89C32CDF858A01393D4F8A032CDF875
:10FB30005C800E93D4F8A432CDF860800F9316AB9E
:10FB4000CDF8648008F0AAFB16AB0EAA12A905F541
:10FB5000B070CDF858A005F6BC2ACDF84880CDF895
:10FB60004C80CDF83880CDF83C80CDF85C80CDF865
:10FB70006080CDF8648008F091FBF8EE007A0BF21B
:10FB8000F461DFED2A6A0223DFED295A05F50F72D1
:10FB9000C1ED007A0BF5DF619FED266AB6EE007AC3
:10FBA000C1F800900BF2FC61DFF8A0E043F60C0016
:10FBB000C1ED006A0BF20471DFF894C02044C1ED7E
:10FBC000007A0BF5E161DFED1C7AC1F800900BF2D1
:10FBD0000C718BF8F036C1ED007A0F21DFED177A4A
:10FBE0008BF810170BF214718BF800370823C1ED56
:10FBF000007A0BF5E361DFED127AC1ED007A2DE0BA
:10FC0000F42000200000FFFF00007041C0D1002060
:10FC1000FF0000FF000048430000C842E020002031
:10FC200000002042D4380020FFFF7F7F9A99A9402E
:10FC300000C02845008054446666D6400000AF43AB
:10FC400000004845CDCCCC3E00000C4200007A4478
:10FC5000000016440000FA43008089440BF21C7136
:10FC60005FED047AC1ED007A0BF5E4615FED067A91
:10FC7000C1ED005A0BF22471C1ED007A0BF5E5617C
:10FC8000C1ED005A0BF22C7181ED006A0BF5E661B3
:10FC900081ED006A0BF23471C1F800E00BF5E76109
:10FCA000C1F800E00BF23C71DFF80CE4C1F800E0B1
:10FCB000DC49C5F8FC110BF24471C1F800C00BF52A
:10FCC000E961C1F800C005F5E871CBF84C1705F5FE
:10FCD000EC71CBF8501705F5F071CBF8541705F51A
:10FCE000F471CBF8581705F5F871CBF85C1705F5EA
:10FCF000FC71CBF8601705F50071CBF864170BF5B4
:10FD0000ED61C1F800800BF26C71C1F800800BF559
:10FD1000EE61C1F800808BF8A037AAF880300BF2B2
:10FD20007473CBF89C270BF2A472C3F800800BF518
:10FD3000EF63C2F800900BF5F562C3F800800BF298
:10FD40007C73B949C3F8008005F5097382ED007A28
:10FD50000BF6AC52CBF8843705F50A731160CBF87B
:10FD6000883705F50B73B14ACBF88C3705F50C7362
:10FD7000CAF86420CBF8903705F50D73AC4ACBF880
:10FD8000943705F50E73CAF878200022CBF898371F
:10FD900005F64833A749CAF88460C5F83C828BF859
:10FDA000D87DCAF86880CAF86C80CAF87080CAF832
:10FDB00074801960203343F81C1C43F8182C43F856
:10FDC000142C43F8102C43F80C2C43F8082C43F85F
:10FDD000047C9842EDD143F6DC22974B974D0020EE
:10FDE000224497491D600C3343F8080C43F8041C67
:10FDF0009A42F7D1DFF8C492002303213C22A9F8EC
:10FE0000403001238AF88810A9F1740089F8423043
:10FE10000AF04EFB43F614028A49A9F66C73224499
:10FE200043F8201B9A42FBD143F62402864B8749B4
:10FE3000224443F8201B9A42FBD1854B09F14C0127
:10FE40009FED848A09F1740803F12C001A1D0091BA
:10FE50000BF22C61039015460BF5C66003F17C068E
:10FE600003F1540EC9F84430059109F19C0C02903D
:10FE70000027049609F1CC0689ED128AF7EE000AF4
:10FE80009FED759AB0EE480ADFED749AB0EE00BAB5
:10FE9000DFED737AF0EE608ADFED72CA9FED72CA11
:10FEA000DFED72BA9FED72AADFED72AA0FCD019558
:10FEB000009D0FC50095019D0FCD0195009D0FC5BB
:10FEC0002A46019D95E8030082E80300039D0FCDBB
:10FED000A8E80F000FCDA8E80F00674A95E80300D7
:10FEE000C9F8C420654A88E80300C9F8C8204FF063
:10FEF0000908BEE80F00ACE80F00BEE80F00049D43
:10FF0000C9F81871ACE80F009EE803008CE8030004
:10FF10000FCD0FC64FF0C802A9F82C21584AC9F8D6
:10FF2000F420584AC9F8F820574AC9F8FC20574A23
:10FF3000C9F80021564AC9F80421564AC9F80821CF
:10FF4000554AC9F80C21554AC9F81021544AC9F834
:10FF5000142189F82071C9ED507A89ED4F9A84ED0A
:10FF6000A49AC4EDA59AA9F8307189ED4D8A89ED5E
:10FF70004E8A84EDA28A84EDA38A84F8BE820FCDD6
:10FF80000FC695E8030041F2167286E80300454863
:10FF9000A4F8BC2200F57D66FEF770FA28239AF8D3
:10FFA000782006F5F4514048C4F88062ECF754FC20
:10FFB0003E49F0EE680A282301F11800B0EE480A25
:10FFC0009AF87920ECF748FC3949F0EE680A2823C2
:10FFD00001F11400B0EE480A9AF87A20ECF73CFCE4
:10FFE0003449F0EE680A9AF87B20B0EE480A01F135
:10FFF00010002823ECF730FCFEF76AFA0BF5C76314
:02000004600298
:10000000B6EE007A0298D3ED007A0DF1480C83ED3C
:10001000008A0BF2346377EEA97A059D0EAA16A921
:100020004EE000BF00001645CDCCCC3D0000C843DB
:10003000323334356F12833A88E40020CDCC4C3D06
:100040000AD7233C000080BF20DD00203333B3BE3D
:100050000C39002000000000000040430000BC42BA
:100060000000C04200005C4300009042F304353FB2
:100070000000FAC300004C43004600200846002060
:100080001046002018460020204600202846002068
:1000900030460020384600203C46002044460020E0
:1000A0004C46002094AE002000DD0020E8DC00205B
:1000B000ECDC0020F0DC0020000061447CEC00203F
:1000C0008DED169A67EE877ACDED179A8DED0EBA03
:1000D000C0ED007A6046D3ED007A83ED008A0BF222
:1000E0003C6377EE897A83ED009ADB4B67EE877A83
:1000F000C3ED009AC5ED007A07F0E4FB129B02986D
:100100000EAA2B6012A9139B84EDAB9A0360012306
:1001100016A8C4EDAC9A23778BF80C868DED0EBA39
:10012000CDED12CA8DED13CA07F0CCFB1699A6F5DA
:10013000F47006F50B63179A8DED0EBA196000F690
:100140009C2312A9CDED12CA1A6000F6A4230EAAB0
:1001500016A883ED008A06F6B8038DED13CA83ED69
:10016000008A07F0AFFB169B89ED4F9A0C20CBF865
:100170009433179BC9ED509ACBF89833B74B8BED5E
:10018000E78A23608BEDE88A89ED4D8A89ED4E8AF6
:1001900010F0EAFBB24BC9F84C0103603833C9EDEB
:1001A000558A4360383389ED568A8360032316A845
:1001B00089ED578A89F850314FF4817389ED588A57
:1001C000A9F86431CDED16BACDED0E8A8DED0F8A0A
:1001D0008DED108A8DED118A8DED178A8DED188ABF
:1001E0008DED198AFBF73EFDC8EE807A12AA0EA9A2
:1001F00016A89C4D28EE677A67EEAB7A8DED137AE0
:100200008DED147A8DED157ACDED127AFBF746FD62
:100210009DED0EBA16A8DDED0F9A9DED109ADDED5D
:1002200011BA8DED16BACDED179A8DED189ACDED68
:1002300019BAFBF717FDC8EE807A12AA8A490AA8F4
:1002400027EE8BBA67EEA99A27EE899A67EEAB7A0A
:100250008DED12BACDED139A8DED149ACDED157A80
:10026000FBF71CFD0EAA16A906F53E508DED168A69
:10027000134612AA8DED178A8DED188A8DED128A1C
:100280008DED138A8DED14AACDED0E8ACDED0F8A7A
:10029000CDED108A07F08CFF0EAA16A973481346FD
:1002A00012AA8DED168A8DED178A8DED188ACDED87
:1002B00012AA8DED138A8DED14AACDED0E8ACDED27
:1002C0000F8ACDED108A07F073FF0EAA06F5415094
:1002D00016A9CDED12AA134612AA8DED14AA8DED22
:1002E000168A8DED178A8DED188A8DED138ACDED66
:1002F0000E8ACDED0F8ACDED108A07F059FF5C4BC9
:100300005C48AC338DED128A8DED138AC9F88832C2
:1003100007F034FE45F6B8222B46224443F8047C0D
:1003200043E903770C339A42F8D1534F47F2B8218F
:10033000002221443B4643F8042C43E903220C33BA
:100340009942F8D14D4E00239FED4D8A12A9C6F86F
:10035000C432C6F8C832129BDFED4A8AC6F8BC32F6
:10036000139B4448C6F8C032474B86EDAD8AC6F8A9
:10037000AE320123C6EDAE8A86F8AC32F5F7A4F9A9
:100380009DED137ADDED127A16A937EE287A3948F9
:1003900077EE887A8DED177ACDED167AF5F794F928
:1003A00048F2B42C394800234FF0FF32A444A0F5A2
:1003B000005145F8043C45E9033347E9033347F866
:1003C000043C0C35C1F8F82F0C37C1F8FC2F41E97B
:1003D00002220831C0F8F82FC0F8FC2F8C4540E904
:1003E000022200F10800E4D1DFF8B8804FF07E5A15
:1003F0002748E6F7F1FE4046264907F0C7FD08F218
:100400001450254907F0C2FDD9F854219FED238AE5
:100410000023169216A9D9F8582186F8103D179294
:10042000D9F85C21A6F8283D1892D9F86021184B1C
:10043000199208F63422A3F59A77194DC2F800A054
:1004400006F60452A3F59070C6F8143D82ED008ABA
:1004500006F6085228E000BFBCD20020442200204B
:100460007069012034EF0020D0ED002044EE002020
:100470000C39002010EF0020340701207C5C0120A3
:10048000000040430000C04240002000303F0120F7
:1004900004EF0020D8C3012098C60120000000000E
:1004A000143A0020485F0120C6F8F80C82ED008A5B
:1004B00006F60C52C6F8F45C82ED008A06F6185275
:1004C000C6F8FC7C82ED008A06F61C5282ED008A9A
:1004D00006F5526282ED008A06F6245282ED008A09
:1004E000FBF7F8FBD9F85421002307F174001692AA
:1004F00016A9D9F85821C6F84C8D05F12408179291
:10050000D9F85C2186F8103D1892D9F8602186F858
:10051000483D199206F63852A6F8603DC2F800A090
:1005200006F63C52C6F8347D82ED008A06F5546228
:10053000C6F8300D82ED008A06F64452C6F82C8DBE
:1005400082ED008A06F5556282ED008A06F6545265
:1005500082ED008A06F6585282ED008A06F65C5259
:1005600082ED008AFBF7B6FBF94A002307F1D400BD
:10057000C6F8842D16A9D9F85421C6F8648D1692B0
:10058000D9F85821DFF8DC841792D9F85C21C6F835
:100590006C7D1892D9F8602186F8483D199206F5CD
:1005A000576286F8803DC2F800A006F67452A6F89D
:1005B000983D4FF0170A82ED008A06F67852C6F889
:1005C000680D82ED008A06F67C5282ED008A06F6FE
:1005D000885282ED008A06F68C5282ED008A06F57A
:1005E000596282ED008A06F6945282ED008AFBF78A
:1005F00071FBC6F8A08D43F23228DFEDD66AA7F171
:1006000008039FEDD57AA6F8AE8D05F14808C6F827
:10061000A83D0023C6F89C8D05F1600806F6B45588
:1006200086F8803DA6F8B03D4FF0080EC5ED006A93
:1006300006F6B855DFEDC96A0227C94B4FF0070C23
:10064000C5ED006A06F6BC55DFEDC66AA3F5147267
:10065000DFEDC57A0021C5ED006A06F55C65DFEDCA
:10066000C36A4CF65050C5ED006A06F6C455DFED7E
:10067000C06A2044C5ED006A06F6C855DFEDBD6AC4
:10068000C5ED006A06F6CC55DFEDBB6AC5ED006A24
:1006900006F55D65DFEDB96AC5ED006A06F6D4556D
:1006A000DFEDB76AC5ED006A06F6D855DFEDB56A2D
:1006B000C5ED006A06F6DC55DFEDB36AC5ED006AEC
:1006C00006F55E65DFEDB16AC5ED006A06F6E45534
:1006D000DFEDAF6AC5ED006A06F6E855DFEDAD6AFD
:1006E000C5ED006A06F6EC55DFEDAB6AC5ED006AB4
:1006F00006F55F65DFEDA96AC5ED006A06F6F455FB
:10070000DFEDA76AC5ED006A06F6F855DFEDA56ACC
:10071000C5ED006A06F6FC55DFEDA36AC5ED006A7B
:10072000A2F50075DFEDA16AC5ED006A06F6046565
:10073000DFED9F6AC5ED006A06F60865DFED9D6A8C
:10074000C5ED006A06F60C65DFED9B6AC5ED006A33
:1007500006F56165DFED996AC5ED006A06F6146578
:10076000DFED976AC5ED006A06F61865DFED956A5C
:10077000C5ED006A06F61C65DFED936AC5ED006AFB
:1007800006F56265DFED916AC5ED006A06F624653F
:10079000DFED8F6AC5ED006A06F62865DFED8D6A2C
:1007A000C5ED006A06F62C65DFED8B6AC5ED006AC3
:1007B00006F56365DFED896AC5ED006A06F6346506
:1007C000DFED876AC5ED006A06F63865DFED856AFC
:1007D000C5ED006A06F63C65DFED836AC5ED006A8B
:1007E00006F56465DFED816AC5ED006A06F64465CD
:1007F000DFED7F6AC5ED006A06F64865DFED7D6ACC
:10080000C5ED006A06F64C65DFED7B6AC5ED006A52
:1008100006F56565DFED796AC5ED006A06F6546593
:10082000DFED776AC5ED006A06F65865DFED756A9B
:10083000C5ED006A06F65C65DFED736AC5ED006A1A
:1008400006F56665DFED716AC5ED006A06F664655A
:10085000DFED6F6AC5ED006A06F66865DFED6D6A6B
:10086000C5ED006A06F66C65DFED6B6AC5ED006AE2
:1008700006F56765DFED696AC5ED006A06F6746521
:10088000DFED676AC5ED006A06F67865DFED656A3B
:10089000C5ED006A06F67C65DFED636AC5ED006AAA
:1008A00006F56865DFED616AC5ED006A06F68465E8
:1008B000DFED5F6AC5ED006A06F68865DFED5D6A0B
:1008C000C5ED006A06F68C65DFED5B6AC5ED006A72
:1008D00006F56965DFED596AC5ED006A06F69465AF
:1008E000DFED576AC5ED006A06F69865DFED556ADB
:1008F000C5ED006A06F69C65DFED536AC5ED006A3A
:1009000006F56A65DFED516AC5ED006A06F6A46575
:10091000DFED4F6AC5ED006A06F6A865DFED4D6AAA
:10092000C5ED006A06F6AC65DFED4B6AC5ED006A01
:1009300006F56B65DFED496AC5ED006A06F6B4653C
:10094000DFED476AC5ED006A06F6B8651AE100BF3B
:100950005C64012001FEE44217B7D1B89EDEC842B4
:10096000CC6E0120F0271842F4CCBE42C0EC81C10D
:10097000A10837438186B4425DAD244232851E43CF
:100980000FCB89429B151742C3A40943D0849842D8
:1009900096C32042FC08314363AE7542F24112C255
:1009A00013E21C43B5E6D342E483F0C1EC80294353
:1009B0009000CA4281269941E6BE27434BEA9A42FB
:1009C000FB5C39C0443A2A431FA5AF42D5097442A3
:1009D0000A08104388F4754201DE714125B51443BD
:1009E0005249AB42439CBF4167253A438E2685421C
:1009F000FC1805C11AA11943EF58BE42C4B1EE3F1D
:100A000032A53D43C74B9C42F8427B42AD09F342BD
:100A10003A528342DE315C42D8702143C2976A4227
:100A200085EB58C19585A7426A5EC8423FD79DC1F4
:100A30001DA9A242C5C0CA42CE88023FFE259542EA
:100A4000C3C4BB4296B2AEC0E3258742A49FBB425B
:100A500036AB7B4155F07E42C54FA942E6AE16410A
:100A600045985142404B4C00F2C1A542D47AE8422D
:100A7000A1A7BE42AAC20C424538E0425957BD4226
:100A80006A5E1842BF3DE8423440AE4247830242AC
:100A9000BA49CF420F0BCB42C2973A42C78BC942E9
:100AA0001BEFC142375A3F4244BAD7421DC9C14227
:100AB000DF602842AC5CDA42B1A1CE4233332C4233
:100AC00056CEB942A8F517425C60D642CD0C4942D9
:100AD0003179A542A01A0442D5E78B41B35BBC42F1
:100AE0003C4E3242C58F8941283E7742C0ECE141FD
:100AF00007DF01420C33994280F72142DDE40042D6
:100B0000F98F564222BD1542F02744425EBA7D421B
:100B100005C54242BA094442607627420BB53542C8
:100B2000126575429CB34B4208EC6C4278DC7A4209
:100B300074A4A94139741F426F928A42719BE441A7
:100B40005FA955428A509142D712B5C1AA62F142BB
:100B500074B57BC12B7808432AA9CBC09C74094388
:100B6000A2450DC1692FDC425EBA093FB23DD842B1
:100B70001AC05F4017390843924B92417A8604436A
:100B8000D3DEB6405FED486AC5ED006A06F6BC6587
:100B90005FED4A6AC5ED006A06F56C655FED4C6A6B
:100BA000C5ED006A06F6C4655FED4E6AC5ED006AE4
:100BB00006F6C8655FED506AC5ED006A06F6CC65BD
:100BC0005FED526AC5ED006A06F56D655FED546A2A
:100BD000C5ED006A06F6D4655FED566AC5ED006A9C
:100BE00006F6D8655FED586AC5ED006A06F6DC6565
:100BF0005FED5A6AC5ED006A06F56E655FED5C6AE9
:100C0000C5ED006A06F6E4655FED5E6AC5ED006A53
:100C100006F6E8655FED606AC5ED006A06F6EC650C
:100C20005FED626AC5ED006A06F56F655FED646AA7
:100C3000C5ED006A06F6F4655FED666AC5ED006A0B
:100C400006F6F8655FED686AC5ED006A06F6FC65B4
:100C50005FED6A6AC5ED006AA2F580755FED6C6AAA
:100C6000C5ED006A06F604755FED6E6AC5ED006AB3
:100C700006F608755FED706AC5ED006A06F60C753C
:100C80005FED726AC5ED006A06F571655FED746A25
:100C9000C5ED006A06F614755FED766AC5ED006A6B
:100CA00006F618755FED786A85ED007A06F61C7514
:100CB000C5ED006A06F572655FED7C6AC5ED006AF8
:100CC00006F6247585ED007A06F628751FED807A04
:100CD00085ED007A06F62C751FED827A85ED007A97
:100CE00006F573651FED847A85ED007A06F6347596
:100CF0001FED867A85ED007A06F638751FED887A45
:100D000085ED007A06F63C751FED8A7A85ED007A4E
:100D100006F574651FED8C7A85ED007A06F644754C
:100D20001FED8E7A85ED007A06F648751FED907AF4
:100D300085ED007A06F64C751FED927A85ED007A06
:100D400006F575651FED947A85ED007A06F6547503
:100D50001FED967A85ED007A06F658751FED987AA4
:100D600085ED007A06F65C751FED9A7A85ED007ABE
:100D700006F576651FED9C7A85ED007A06F66475BA
:100D80001FED9E7A85ED007A06F668751FEDA07A54
:100D900085ED007A06F66C751FEDA27A85ED007A76
:100DA00006F577651FEDA47A85ED007A06F6747571
:100DB0001FEDA67A85ED007A06F678751FEDA87A04
:100DC00085ED007A06F67C751FEDAA7A85ED007A2E
:100DD00006F578651FEDAC7A85ED007A06F6847528
:100DE0001FEDAE7A85ED007A06F688751FEDB07AB4
:100DF00085ED007A06F68C751FEDB27A85ED007AE6
:100E000006F579651FEDB47A85ED007A06F69475DE
:100E10001FEDB67A85ED007A06F698751FEDB87A63
:100E200085ED007A06F69C751FEDBA7A85ED007A9D
:100E300006F57A651FEDBC7A85ED007A06F6A47595
:100E40001FEDBE7A85ED007A06F6A8751FEDC07A13
:100E5000C5ED007A06F6AC75C2ED027A85ED007A32
:100E600006F57B651FEDC57AC2ED057A85ED007A42
:100E700006F6B4751FEDC87AC5ED007A06F6B875AA
:100E8000C2ED087A85ED007A06F6BC751FEDCD7AC5
:100E900085ED007A06F57C651FEDCF7AC5ED007A09
:100EA00006F6C47585ED007A06F6C8751FEDD37A8F
:100EB00085ED007A06F6CC751FEDD57AC5ED007A82
:100EC00006F57D6585ED007A06F6D4751FEDD97AB5
:100ED00085ED007A06F6D8751FEDDB7AC5ED007A50
:100EE00006F6DC7585ED007A06F57E651FEDDF7A86
:100EF00085ED007A06F6E4751FEDE17AC5ED007A1E
:100F000006F6E87585ED007A06F6EC751FEDE57AD4
:100F100085ED007A06F57F651FEDE77AC5ED007A6D
:100F200006F6F47585ED007A06F6F87506F6FC7699
:100F3000C6ED007AE64E2E600326E64D1560E64DBE
:100F40005560E64DD560E64D1561E64D9561E64D7F
:100F5000D561E64D5562E64D95620D25C2ED0B7AE1
:100F6000C2F854E0C2F890E0C2E90F5E0E25C2E973
:100F7000136506260525C2E916650D2506261566A4
:100F80000B25C2E91A650F260425C2E91E650A264B
:100F90000325C2E922650C260A25C2E92565222619
:100FA0002425C2E9276523261325C2E929651225D0
:100FB0001026C2F8AC50CF4D1563CF4D5563CF4DC1
:100FC0009563012555661525C2E911C7C2E91CC7FD
:100FD000C2E9207CC2E92C6514261225C2F8C0A003
:100FE000C2F828C1C2E92E6516261925C2E9326564
:100FF0001B261C25C2E935651B252526C2E9375A63
:101000002625C2E93965C2F80C5128261F25C2E9F8
:101010003B651E262025C2E93E6522262125C2E920
:10102000406524252526C2F808512725C2E94465D4
:1010300028261425C2E946650B260D25C2E9486518
:1010400009250E26C2E94B571825C2F8C4501A25A7
:10105000C2F8D0501D25C2F8F4500C25C2E94D65E8
:1010600005250D26C2F83CE1C2F840510625C2F81C
:1010700044E1C2F878E14FF0310EC2F85871C2F87D
:101080006CC1C2F874C14FF02D0CC2E95265042640
:101090000B25C2E954650F250926C2E957650325CA
:1010A000C2F870510A25C2F87C512225C2F8845139
:1010B0001025C2F894511225C2F8A0511625C2F885
:1010C000AC511925C2F8B4512125C2F8805123250D
:1010D000C2F888511325C2F89051C2F898511525CD
:1010E000C2F89C511C25C2F8B0511125C2F88C5190
:1010F0001B25C2E95977C2E9691AC2F8B8511C2503
:101100003327C2F8BC11C2E9705A28254FF0210AD2
:10111000C2F8D0511E25C2F8DC512325C2E97AA5B8
:101120002425C2F8F0511525C2F8F8511425C2F84B
:1011300000522725C2F8C851C2F8FC512525C2F833
:10114000CC51C2F8F4512025C2F8D451C2F8E45170
:101150001F25C2F8D851C2F8E0513225C2F8045216
:10116000C2F838523425C2F80852C2F834522F253A
:10117000C2E985C52A25C2F81C52C2F830522C2576
:10118000C2E989553025C2E983E52B25C2F82052F2
:101190002925C2F82C522F25C2E98F752D25C2F8BA
:1011A0004C82C2F844522E25C2F848521D4685EDA5
:1011B000068A403505ED098A05ED088A05ED078A9E
:1011C00005ED068A05ED058A05ED048A05ED038A1D
:1011D00005ED028A05F8041CA842E8D1DFF82CC10D
:1011E0004CF24C2682F8601D0CF522702644C2F8A1
:1011F00050CD07460546C2F8540D29680C354033DA
:1012000001EB41010CEB810143F8401C55F8081C2F
:1012100001EB41010CEB810143F83C1C55F8041C27
:10122000AE4201EB41010CEB810143F8381CE4D1E3
:10123000334B4DF6680533494FF0000CC2F8643D5E
:1012400025440B460022C3F818C0403343F824CC91
:1012500043F820CC43F81CCC43F818CC43F814CC0A
:1012600043F810CC43F80CCC43F808CC03F8042C1A
:101270009D42E8D1244A4DF6F0254FF0000C25445C
:101280001346C3F800C00C3343F808CC43F804CC31
:101290009D42F6D1DFF8788000254CF23C0388F8B7
:1012A000FC5A2344194DC8F8F07A2F680C350C32DB
:1012B00042F80C7C55F8087CAB4242F8087C55F8A3
:1012C000047C42F8047CF0D14DF6680222E000BFB5
:1012D000A8C6D542098A61415BD1D242584AD94158
:1012E000DED30043E14B0542573BFC42BAC9FC4107
:1012F000DD44D6420000A042000034430000B44266
:101300009C3A0020E4790120E4840120306A012025
:101310007C7C012003680C30403103EB430302EB7B
:101320008303234441F8403C50F8083C03EB43035B
:1013300002EB8303234441F83C3C50F8043CB042A8
:1013400003EB430302EB8303234441F8383CE1D130
:10135000E44C48F280036FF07F0216A92046ADF8F6
:1013600058308DF85A2006F0E5FF04F10C00DE4DF0
:1013700006F078FFDD4B08F67C364FF00107C8F821
:101380006C3BA4F69C53C8F8744BC8F8703B88F8C3
:10139000787B9FEDD78ADFEDD7FA9FEDD7FADFEDA7
:1013A000D7EA9FEDD7EADFEDD7DA9FEDD7DADFEDA9
:1013B000D7CA9FEDD7CADFEDD7BA9FEDD7BADFED19
:1013C000D7AA9FEDD7AADFEDD79A9FEDD79ADFED89
:1013D000D78A95E80F0086E80F0005F11001A422D6
:1013E00008F68C3009F056FE05F11001A42208F52C
:1013F000436009F04FFE05F11001A42208F6D44025
:1014000009F048FE05F11001A42208F6785009F011
:1014100041FE05F1B401442208F61C6009F03AFED1
:1014200005F1F801482208F5666009F033FE05F180
:10143000F801482208F6A86009F02CFE05F1F80131
:10144000482208F56F6009F025FE05F1F8014822F1
:1014500008F6387009F01EFE05F1F801482208F57B
:10146000786009F017FE05F1F801482208F6C87007
:1014700009F010FE05F1F801482204F5A26009F018
:1014800009FE05F1F801482204F5AB6009F002FEFF
:1014900005F1F801482204F5B46009F0FBFD05F1FF
:1014A000F801482204F5BD6009F0F4FD05F1F801EA
:1014B000482204F5C66009F0EDFD05F1F801482267
:1014C00004F5CF6009F0E6FD05F1F801482204F5C6
:1014D000D86009F0DFFD05F1B401442204F5E160B4
:1014E00009F0D8FD05F11001A42204F24C7009F0B6
:1014F000D1FD05F11001A42204F5FE6009F0CAFD3A
:1015000005F11001A42204F6940009F0C3FD04F6CD
:10151000381105F5A07004F6B47C069105F5B0719C
:10152000DFED835A0CF24C57009105F5CE7104F5AE
:10153000C8559FED806A039104F6581105F5A16E18
:101540000495019104F69411CDF824E0AA46029185
:1015500004F6DC710446CDF814E0089176469FED60
:10156000767ADFED766A9FED762ADFED761ADFED8B
:10157000760A9FED761A9FED760ADFED762A9FEDCB
:10158000765ADFED767ADFED763A9FED764ADFED3B
:10159000764A9FED763A0FCC0794069C0FC40798C5
:1015A0000FC884E80F00009C0FCC0094019C0FC46E
:1015B0000194009C0FCC0094019C0FC40194009CEA
:1015C0000FCC0094019C0FC42346009C94E80700B4
:1015D000039C83E807000FCC0394029C0FC4029481
:1015E000039C0FCC0394029C0FC40294039C94E8C8
:1015F0000F00029C84E80F00A5F571626346C2EDFE
:10160000005A2C33DFED5A5A03F5767342ED0A5A2D
:10161000DFED585A42ED095ADFED575A42ED075AAD
:10162000A5F62872DFED555A02ED058A283242ED03
:101630000A5ADFED535A02ED0C8A42ED095ADFEDEA
:10164000515A02ED068A42ED085ADFED4F5A02ED7B
:10165000038A42ED075ADFED4D5A02ED018A42ED51
:10166000055ADFED4B5AC2ED015ADFED4A5AC2ED81
:10167000025ADFED495AC2ED075ADFED485AC2ED72
:10168000085ADFED475AC2ED0A5ADFED5F5A42EDC4
:10169000025ADFED445A82ED008AC2ED045ADFEDB2
:1016A000505A82ED038AC2ED055ADFED3F5A82EDB2
:1016B000068AC2ED0B5ADFED3D5A82ED098AC2ED72
:1016C000105ADFED3B5AC2ED135ADFED365AC2ED28
:1016D000165ADFED385AC2ED1C5ADFED375AC2ED0B
:1016E0001D5AA5E07C870120B83A0020C86E012071
:1016F00000000000E63F9EC0BE9FB6C07FD9CFC0AD
:101700003E79C2C08A1F1441AF94C5BFA2B493C032
:101710005BD3F04076E0B6C0A2B4B3C0849E06416D
:10172000ABCFD5BD2E9092C0BF0EAC401A409EC12B
:10173000B07220C0A7E818BF7E8CB9BD52491D3ECB
:101740009621264166F70DC1189503C141F103406A
:10175000211F74BC992A38406688FB3F030992BF59
:101760003108ACBC8FE4C8C0DCD79D400000FA4310
:101770007CE19BC108AC5CC06B1ABCC1C3D37FC009
:10178000E3362ABFAB3E11C1AF9409C0EC5126C16C
:10179000CCEE00C17958F03FA4DFBEC00DE0853F1C
:1017A000E6AE33C12E9098C017D9BA40A4DF84C0EA
:1017B0001FF4ECC0F16306C17424DF3F92CBF7BF86
:1017C0006C788AC1BADA0641A5BDB3C0F2D2853FB2
:1017D000BDD28CC1DE93C54030BBB3C00E4F274095
:1017E000C898BB3F71AC7F40539629C05BB13FBCEA
:1017F0006076A7BF0D7105C1FDF61540355EDA3F75
:101800006210F8BE4BC827BF61C353BD2BF646C15B
:1018100000005440ED0D4E401973B7BE355E0BC14C
:10182000E2E9ED3FA7E8183FB98DA63E4CA64EC0B1
:101830005FED1E5AC2ED1E5A5FED1F5AC2ED1F5AD0
:101840005FED205AC2ED205A5FED215AC2ED225AB7
:101850008C325FED225A02ED178AC2ED005A5FED1D
:10186000245A02ED158AC2ED025A5FED265A02EDA6
:10187000148AC2ED035A5FED285A02ED128AC2EDB6
:10188000075A5FED2A5A02ED118AC2ED085A5FED40
:10189000225A02ED0E8A42ED165A5FED2F5A02EDE2
:1018A0000B8A42ED0F5A42ED0C5A5FED295A42ED78
:1018B0000A5A243A82ED008A82ED018A82ED078A73
:1018C00082ED0A8A82ED0D8AC2ED0E5A5FED3B5A17
:1018D00082ED0F8AC2ED125A5FED355A82ED138AFE
:1018E000C2ED145A82ED158A82ED168AC2ED175A9E
:1018F00082ED188A82ED198AC2ED1A5A6C3282ED95
:10190000008A82ED018AC2ED025A82ED038A82EDDD
:10191000048AC2ED055A82ED068A82ED078AC2ED7D
:10192000085A82ED098A82ED0A8AC2ED0B5A82EDCD
:101930000C8A82ED0D8AC2ED0E5A82ED0F8A40327A
:1019400082ED008AC2ED015A82ED028A82ED038A9D
:10195000C2ED045A82ED058A82ED068AC2ED075A6D
:1019600082ED088A82ED098AC2ED0A5A82ED0B8A5D
:1019700082ED0C8AC2ED0D5A82ED0E8A82ED0F8A3D
:101980004032C2ED005A82ED018A82ED028AC2ED38
:10199000035A82ED048A82ED058AC2ED065A82ED71
:1019A000078A82ED088AC2ED095A82ED0A8A82ED21
:1019B0000B8AC2ED0C5A82ED0D8A82ED0E8AC2EDC1
:1019C0000F5A403282ED008A82ED018AC2ED025A3E
:1019D00082ED038A82ED048AC2ED055A82ED068A01
:1019E00082ED078AC2ED085A5FED815A82ED098ABD
:1019F000C2ED175A5FED835AC2ED185A5FED845A53
:101A0000C2ED1C5A5FED855AC2ED1D5A5FED865A34
:101A1000C2ED1E5A5FED875AC2ED205A84325FED47
:101A2000885A02ED178AC2ED005A5FED8A5A02ED1C
:101A3000158AC2ED065A5FED8C5A02ED148A42ED0A
:101A4000165A42ED135A42ED105A02ED128A02ED77
:101A5000118A02ED0F8A02ED0D6A02ED0C8A02ED89
:101A60000B8A02ED088A02ED076A183A5FED995A6F
:101A700082ED008AA2F1200182ED048A82ED078ABC
:101A800001F5F67082ED086A82ED098A82ED0A8A14
:101A900082ED0B6A82ED0D8A82ED0E6AC2ED175A55
:101AA0005FEDA55A02ED088AC2ED185A5FEDA75AFC
:101AB00082ED0F8AC2ED1A5A5FEDA95AC2ED1B5A88
:101AC00074325FEDAA5A02ED0D8AC2ED005A5FED45
:101AD000AC5A02ED0C6AC2ED015A5FEDAE5A02ED4E
:101AE0000B8AC2ED035A5FEDB05A02ED0A8AC2EDCD
:101AF000045A5FEDB25A02ED096AC2ED095A02EDCD
:101B0000088A02ED078A02ED048A02ED018A82ED5D
:101B1000028A82ED058A183282ED006A82ED018A1E
:101B200082ED028A82ED048A82ED058A82ED066AE0
:101B300082ED078A82ED088A82ED096A82ED0A8ABF
:101B400082ED0B8A82ED0C6A82ED0D8A82ED0E8A9F
:101B500082ED0F6A82ED108A443282ED008A82EDB6
:101B6000016A82ED028A82ED038A82ED046A82EDC7
:101B7000058A82ED068A82ED076A82ED088A82ED87
:101B8000098A82ED0A6A82ED0B8A82ED0C8A82ED67
:101B90000D6A82ED0E8A82ED0F8A403282ED006A74
:101BA00082ED018A82ED028A82ED036A82ED048A67
:101BB00082ED058A82ED066A82ED078A82ED088A47
:101BC00082ED096A82ED0A8A82ED0B8A82ED0D8A26
:101BD00082ED0C6A82ED0E8A82ED0F6A403282ED50
:101BE000008A82ED018A82ED026A82ED038A82ED2B
:101BF000048A82ED056A82ED068A82ED078A82ED0B
:101C0000086A82ED098A82ED0A8A82ED0B6A82ED0A
:101C10000C8A82ED0D8A82ED0E6A82ED0F8A4032C7
:101C200082ED016A82ED046A82ED076A82ED0A6A3A
:101C300082ED0D6A9FEDFD6A82ED008A82ED028AD7
:101C400082ED038A82ED058A82ED068A82ED088A9A
:101C500082ED098A82ED0B8A82ED0E8A82ED0C8A72
:101C600082ED136A50329FEDF26A02ED047A82ED42
:101C7000006A9FEDF06A02ED038A82ED116A9FED22
:101C8000EE6A02ED028A82ED126A9FEDEC6A82ED45
:101C9000018A82ED146A9FEDEA6A82ED027A82ED92
:101CA000156A82ED038A82ED048A82ED057A82ED5F
:101CB000068A82ED078A82ED087A24329FEDE16A76
:101CC00082ED008A82ED018A82ED027A82ED038A3A
:101CD00082ED048A82ED057A82ED068A82ED078A1A
:101CE00082ED0A8A82ED0D8A82ED0E7A82ED0F8AEC
:101CF00082ED108A82ED117A82ED128A82ED156AE8
:101D000068329FEDD16A02ED078A82ED006A9FED8D
:101D1000CF6A02ED067A82ED016A02ED048A02EDD5
:101D2000037A02ED028A02ED018A82ED028A82EDD7
:101D3000037A82ED048A82ED058A82ED067A82EDCD
:101D4000078A82ED088A82ED097A283281ED7B8A42
:101D500082ED008A82ED018A82ED027A82ED038AA9
:101D600082ED048A82ED057A82ED068A82ED078A89
:101D700082ED087A82ED098A82ED0A8A82ED0B7A79
:101D800082ED0C8A82ED0D8A82ED0E7A82ED0F8A49
:101D9000403282ED008A82ED017A82ED028A82ED84
:101DA000038A82ED047A82ED058A82ED068A82ED4D
:101DB000077A82ED088A82ED098A82ED0A7A82ED3D
:101DC0000B8A82ED0C8A82ED0D7A82ED0E8A82ED0D
:101DD0000F8A40329FED9E6A82ED007A82ED018A81
:101DE00082ED028A82ED037A82ED048A82ED058A11
:101DF00082ED067A82ED078A82ED088A82ED097A01
:101E000082ED0A8A82ED0B8A82ED0C7A82ED0D8AD0
:101E100082ED0E8A82ED0F7A403282ED008A82EDE9
:101E2000206A82ED018A82ED027A82ED038A82EDD8
:101E3000048A82ED057A82ED068A82ED078A82EDB8
:101E4000087A82ED098A82ED0A8A82ED0B7A82EDA8
:101E50000C8A82ED0D8A82ED0E7A3C3282ED027A96
:101E600082ED057A82ED087A9FED7A7A82ED008A1A
:101E700082ED018A82ED038A82ED048A82ED068A70
:101E800082ED078AC2ED0B6A82ED0C8A82ED0D8A23
:101E9000C2ED0E6A82ED0F8A82ED108A8CED008A07
:101EA0008CED097A8CED187A9FED6B7A9FED6B6A59
:101EB0008CED1C7A9FED6A7A8CED0E6A8CED1D7AA2
:101EC0009FED687A9FED686A8CED1E7A9FED677AC8
:101ED000089C8CED227A9FED667A8CED0F6A8CED72
:101EE000237A9FED647A9FED646A8CED247A9FEDEE
:101EF000637A82ED0A8A02F550628CED297A9FEDB1
:101F0000607A84ED008A01F2C454CCED0B6A8CED4A
:101F1000176A8CED0C8A8CED0D8A8CED108ACCED55
:101F2000116A8CED128A8CED138ACCED146A8CED5B
:101F3000158A8CED168A8CED198ACCED1A6A8CED17
:101F40001B8A8CED1F8ACCED206A8CED218A8CEDEA
:101F5000258ACCED266A8CED2A7A9FED4A7A8CEDA3
:101F6000278A8CED2F7A9FED487A8CED288A8CEDAC
:101F7000307A9FED467A8CED2B8ACCED2C6A8CED75
:101F80002D8A8CED2E8A8CED318ACCED326A8CED67
:101F9000338A8CED348ACCED356A8CED368A8CED43
:101FA000378ACCED386A8CED398A8CED3A8ACCEDE3
:101FB0003B6A8CED3C8A8CED3D8ACCED3E6A8CED23
:101FC0003F8A8CED408ACCED416A8CED428A8CEDE3
:101FD000438ACCED446A8CED458A8CED468ACCED83
:101FE000476A8CED488A8CED498ACCED4A6A8CEDC3
:101FF0004B8A8CED4C8ACCED4D6A8CED4E8A8CED83
:102000004F8ACCED506A8CED518A8CED528ACCED22
:10201000536A8CED548A8CED558ACCED566A8CED62
:10202000578A8CED588ACCED596AF9E0DE711FC1F0
:10203000C7BA0440DF4F45C067D5673FCAC37EC0FB
:102040006688633FF7E4213F4CA65EC1A1F88D404E
:1020500071AC05C123DB1940FDF6953E4E6207C108
:1020600092CBA3C08D28853F9C336E409C334EC0DD
:10207000FFB28BC08B6C974005A3CEC07E1D9840ED
:10208000D578C1BFF2B0983F917E7B3EA392BABD96
:102090008126C23CC520B0BDB8AF833D6132D5BDFD
:1020A00073D712BEFAED6B3AAAF152BD787A25BC0D
:1020B000AC8BDB3C4E6290BD9EEF273D925CFEBD3B
:1020C000B3EAF3BD371A403D6154D2BD17B751BBD7
:1020D000FCA9713D8A8EE4BD07F096BD9318843D3E
:1020E0006EA301BE70CE88BC9FAB2D3D04560EBEC4
:1020F0008C4AEABD52491D3C99BB163DA913503D7F
:10210000FD87743DBBB88DBC4CA68A3DFF21FDBC4C
:10211000EBE2B6BD77BE9F3D871659BDA8574ABDB5
:102120004FAF943D82E247BCBC0592BDA4DFBEBC6C
:102130004260653CFD07B2C168916D3C5828F5C10D
:10214000E45465420378B9C11E96F6C176CF444285
:10215000D50941C1515ADFC19C843B4221B05DC1C8
:10216000788BDEC1C62D30426D56ABC08CCACAC159
:10217000D7231B420091F4C03934CCC1446902C159
:102180009EEFE1C07958C8BF789C22C0E6AECDBFB3
:10219000888576C0840DE1C0D4DA5E42CE19A140B4
:1021A000EFC9A3BEF931DAC06F813FC1F8C2544113
:1021B000FD8794BFE8D945C17CF27A41A245563FDC
:1021C000219F98C1539693416B9AB5C07C6198C189
:1021D00077ADDE4153054BC0B89EB6C1C65CD34156
:1021E0004CA60DC10601B3C1DDB50042EB730AC1B7
:1021F0003277B8C101DE0842E6AE55C05F980CC028
:10220000704E23421E27BBC1728A0240BC0546C0E5
:10221000228E85BFC217F6BF48BF6540705FA3C05E
:102220008CED5A8A8CED5B8ACCED5C6A8CED5D8A14
:102230008CED5E8ACCED5F6A8CED608A8CED618AF4
:10224000CCED626A8CED638A8CED648ACCED656AB4
:102250008CED668A8CED678ACCED686A8CED698AB4
:102260008CED7D7A1FED767ACCED6B6A8CED807A01
:102270001FED787ACCED6E6A8CED837A1FED7A7A59
:10228000CCED716A8CED867A1FED7C7ACCED746AA8
:102290008CED897ACCED776ACCED7A6A1FED807A85
:1022A0005FED806A1FED806A8CED8C7ACCED816ADF
:1022B0008CED826A1FED837A5FED835A5FED836A4E
:1022C0001FED836A8CED6A8A8CED6C8A8CED6D8AC9
:1022D0008CED6F8A8CED708A8CED728A8CED738A2E
:1022E0008CED758A8CED768A8CED788A8CED798A06
:1022F0008CED7B8A80EDF68A8CED7E7A8CED7F8A80
:102300008CED848A8CED858ACCED875ACCED886A79
:102310008CED8F6A1FED976A5FED976A8CED926A7C
:102320001FED986ACCED8B6A8CED956A1FED9A6A69
:102330005FED9A6A8CED986A1FED9B6ACCED936A0B
:102340008CED9B6A1FED9D6A5FED9D6A8CED9E6A28
:102350001FED9E6ACCED976A8CEDA16A1FEDA06A15
:102360001FEDA07A8CEDA46A1FEDA16A5FEDA15A62
:102370008CEDA76A1FEDA26A5FEDA26A8CEDAA6AD6
:102380001FEDA36A8CED8A7A8CEDAD6A1FEDA56A0C
:10239000CCED915A8CED8E6ACCED9C6A1FEDA87A3B
:1023A0001FEDA86A5FEDA85A5FEDA86A8CED947ADC
:1023B0008CED996ACCED9A5ACCED9F6A1FEDAC7A00
:1023C0001FEDAC6A5FEDAC5A5FEDAC6A8CED9D7AA7
:1023D0008CEDA06ACCEDA35ACCEDA56A1FEDB07AC6
:1023E0005FEDB06A1FEDB06A5FEDB05A8CED8D8A7B
:1023F0008CED908A8CED968A8CEDA28A8CEDA67A73
:10240000CCEDA86A1FEDB67A8CEDA96ACCEDAB5A7B
:102410005FEDB85A8CEDAC7ACCEDB05A5FEDBA6A8C
:102420005FEDBA5A1FEDBA7ACCEDAE6ACCEDB15A77
:102430008CEDB27A5FEDBD6A5FEDBD5A1FEDBD7ADE
:10244000CCEDB36ACCEDB45A8CEDB57A5FEDC06AD1
:102450005FEDC05A1FEDC07ACCEDB66ACCEDB75A2D
:102460008CEDB87A5FEDC36A5FEDC35A1FEDC37A96
:10247000CCEDB96ACCEDBA5A8CEDBB7A5FEDC66A89
:102480005FEDC65A1FEDC67ACCEDBC6ACCEDBD5AE5
:102490008CEDBE7A5FEDC96A5FEDC95A1FEDC97A4E
:1024A000CCEDBF6ACCEDC05A8CEDC17A5FEDCC6A41
:1024B0005FEDCC5A1FEDCC7ACCEDC26ACCEDC45A9C
:1024C0008CEDC57A5FEDCF6A5FEDCF5A1FEDCF7A05
:1024D000CCEDC76ACCEDC85A8CEDC97A1FEDD26A33
:1024E0005FEDD26A5FEDD25A1FEDD27A8CEDAF6A02
:1024F0008CEDC38A8CEDC68ACCEDCA6ACCEDCB5A82
:102500008CEDCC7A1FEDD87A5FEDD86A8CEDCF7A5E
:102510005FEDD95A1FEDD97ACCEDCD6ACCEDCE5A0C
:102520008CEDD27A5FEDDC6A5FEDDC5A1FEDDC7A70
:10253000CCEDD06ACCEDD15A8CEDD57A5FEDDF6A67
:102540005FEDDF5A1FEDDF7ACCEDD36ACCEDD45AC4
:102550008CEDD87A5FEDE26A5FEDE25A1FEDE27A28
:10256000CCEDD66ACCEDD75A8CEDDB7A5FEDE56A1F
:102570005FEDE55A1FEDE57ACCEDD96ACCEDDA5A7C
:102580008CEDDE7A5FEDE86A5FEDE85A1FEDE87AE0
:10259000CCEDDC6ACCEDDD5A8CEDE17A5FEDEB6AD7
:1025A0005FEDEB5A1FEDEB7ACCEDDF6ACCEDE05A34
:1025B0008CEDE37A5FEDEE6A5FEDEE5A1FEDEE7A99
:1025C000CCEDE26ACCEDE45A84ED692ACCEDE6FA72
:1025D0008CEDE7FA8CEDE82ACCEDE9EA8CEDEAEA3D
:1025E000CCEDEBDA8CEDECDACCEDEDCA03ED017A53
:1025F0001FEDFA7A1FEDFA6A83ED037A1FEDFB7A7D
:1026000083ED016A83ED047A1FEDFD7A1FEDFD6A0B
:1026100083ED057A9FEDFD7A8CEDF66A83ED067AFF
:102620009FEDFB7A9FEDFB6A83ED077A9FEDFA7AC7
:102630008CEDF76A83ED087A9FEDF87A9FEDF86AE2
:1026400083ED097A9FEDF77A8CEDF86A83ED0A7ACB
:102650009FEDF57A9FEDF56A83ED0B7A9FEDF47AA5
:102660008CEDFA6A83ED0C7A9FEDF27A9FEDF26AB7
:1026700083ED0D7A9FEDF17ADFEDF15A83ED0E7A5D
:102680009FEDF07ADFEDF06A83ED0F7A8CEDFB6A57
:102690009FEDEE7A9FEDEE6AC3ED006AC3ED025A3C
:1026A00040338CEDEECACCEDEFBA8CEDF0BACCED48
:1026B000F1AA8CEDF2AACCEDF39A8CEDF49A8CEDA4
:1026C000F57A8CEDF98A8CEDFC8A8CEDFD6A9FED34
:1026D000E16A8CEDFE6A9FEDE06A8CEDFF6A9FED8A
:1026E000DF6A83ED006A9FEDDE6A83ED0B6A9FED82
:1026F000DD6A83ED0C6A9FEDDC6A83ED0D6A9FED68
:10270000DB6A83ED0E6A9FEDDA6A83ED0F6A9FED57
:10271000D96A83ED106A9FEDD86A83ED116A9FED47
:10272000D76A83ED126A9FEDD66A83ED136A9FED37
:10273000D56A83ED146A9FEDD46A83ED156A9FED27
:10274000D36A83ED166A9FEDD26A83ED176A9FED17
:10275000D16A83ED186A9FEDD06A83ED196A6833F8
:102760009FEDCE6A03ED128A83ED006A9FEDCC6A7D
:1027700083ED016A9FEDCB6A83ED026A9FEDCA6A21
:1027800083ED036A9FEDC96A83ED056A9FEDC86A10
:1027900083ED066A9FEDE76A03ED196A9FEDE66A2D
:1027A00003ED186A9FEDE56A03ED176A9FEDE46A91
:1027B00003ED166A9FEDE36A03ED156A9FEDE26A89
:1027C00003ED146A9FEDE16A03ED136A9FEDE96A78
:1027D00003ED116A9FEDB76A84EDB38A03ED106AC9
:1027E00003F5EB6384EDB68A01F50A649FEDB26AE6
:1027F000403404ED106A9FEDB16A04ED0F6A9FED5D
:10280000B06A04ED0E6A9FEDAF6A04ED0D6A9FEDAC
:10281000AE6A04ED0C6A9FEDAD6A04ED0B6A9FEDA4
:10282000AC6A04ED0A6A9FEDAB6A04ED096A9FED9C
:10283000AA6A04ED086A9FEDA96A04ED076A9FED94
:10284000A86A04ED066A9FEDA76A04ED056A9FED8C
:10285000A66A04ED046A9FEDA56A04ED036A9FED84
:10286000A46A04ED026A9FEDA36A04ED016A9FED7C
:10287000A26A84ED006A9FEDA16A84ED016A9FED72
:10288000A06A84ED026A9FED9F6A84ED036A9FED62
:102890009E6A84ED046A9FED9D6A84ED056A9FED52
:1028A0009C6A84ED066A9FED9B6A84ED076A9FED42
:1028B0009A6A84ED086A9FED996A84ED096A9FED32
:1028C000986A84ED0A6A9FED976A84ED0B6A9FED22
:1028D000966A84ED0D6A9FED956A84ED0C6A9FED12
:1028E0009E6AC7ED1A6A87ED0F6A9FED4A6ADFEDAF
:1028F000A76A87ED106A9FED4A6A87ED0E7A87ED29
:10290000116A9FED4A6A9FED8A7A87ED136A9FEDFF
:102910004A6AC7ED1D6A87ED146A9FED4D6ADFEDC7
:102920009D6A87ED166A9FED4B6AC4ED0FFA87ED3D
:10293000176A9FED496A84ED0E2A04F5046487ED59
:10294000186A9FED916A87ED00FA87ED012AC7EDBD
:1029500002EA87ED03EAC7ED04DA87ED05DAC7ED91
:1029600006CA87ED07CAC7ED08BA87ED09BAC7EDF1
:102970000AAA87ED0BAAC7ED0C9A87ED0D9A87ED91
:10298000128A87ED158A87ED197A87ED1B6AC7EDE4
:102990001C5AC7ED1E6ADFED806A87ED328AC7EDEB
:1029A0001F6ADFED1A6A87ED342AC7ED206ADFED72
:1029B000186AC7ED35FAC7ED216ADFED176A87EDB2
:1029C00036FAC7ED226ADFED156A87ED372AC7EDC3
:1029D000236ADFED146AC7ED38EAC7ED246ADFED3C
:1029E000126A87ED39EAC7ED256ADFED116AC7ED96
:1029F0003ADAC7ED266ADFED0F6A87ED3BDAC7EDFD
:102A0000276ADFED0E6AC7ED3CCA29E129CBD03F2A
:102A100009F9B8BFDC68B6C0AF25743F95D483C050
:102A2000BE309FC0319976C03F351B415D6D753F0B
:102A3000539631BFC66D48C0211F143FDAAC3E40EB
:102A4000EE7C87BF6A4D93C05396993F46B677C0D8
:102A5000575B75C0BC9678C09CC490BF65AAA0C0E7
:102A6000FD07B2C15828F5C1E45465420378B9C1E5
:102A70001E96F6C176CF4442D50941C1515ADFC1F5
:102A80009C843B4221B05DC1788BDEC1C62D3042B3
:102A90006D56ABC08CCACAC1D7231B420091F4C08B
:102AA0003934CCC1446902C19EEFE1C07958C8BF36
:102AB000789C22C0D4DA5E42E6AECDBF888576C06F
:102AC000840DE1C0CE19A140EFC9A3BEF931DAC02F
:102AD000F8C25441FD8794BF6F813FC17CF27A41B7
:102AE000A245563FE8D945C1539693416B9AB5C06C
:102AF000219F98C177ADDE4153054BC07C6198C1E1
:102B0000C65CD3414CA60DC1B89EB6C1DDB500422E
:102B1000EB730AC10601B3C101DE0842E6AE55C03F
:102B20003277B8C1704E23421E27BBC15F980CC0DC
:102B3000728A02407F6ACA402B1885BFB76273C091
:102B4000B29D8940E9484EC07DD099C0BB27EF4077
:102B50005396993F46B677C0705FA3C0DC68B6C095
:102B6000BE309FC05D6D753F211F143F575B75C020
:102B7000BC9678C08D2883C0BB27EF407DD099C01C
:102B8000E9484EC0B29D8940228E85BFBC0546C033
:102B90009CC490BFC217F6BF48BF654029CBD03F49
:102BA0006154DEC109F9B8BFA1164A42A993854113
:102BB000AF25743F95D483C0319976C03F351B4112
:102BC000539631BFC66D48C0DAAC3E406A4D93C0E3
:102BD00065AAA0C07F6ACA402B1885BFB76273C0C0
:102BE000C2171640928B574210FAA7C1D0B3E7C163
:102BF000784B3242857CDEC01FF4C0C148E1BCC1C5
:102C00009CA24BC03F5727C076711B40A779473D18
:102C1000A5BD3AC1F1F4CEC00E4FAF3C38F82FC17C
:102C2000E414C8C1025A1F428C4A3AC18AB034C166
:102C3000BDE3CCC180772C42EB62104205A3B6C045
:102C4000BADA02C0FF2135C0C976804003786BBF75
:102C50003480C9C0933A5E41A7799141F08509C09B
:102C6000C7ED286A5FED276A87ED3DCAC7ED296A7F
:102C70005FED296AC7ED3EBAC7ED2A6A5FED536A78
:102C8000C7ED2B6A5FED546AC7ED2C6A5FED556A9C
:102C9000C7ED2D6A5FED566AC7ED2E6A5FED576A84
:102CA000C7ED2F6A5FED586AC7ED306A5FED596A6C
:102CB000C7ED316A5FED516AC7ED336A87ED3FBA00
:102CC00087ED516A1FED4F6A5FED5E6A87ED536ACB
:102CD0001FED506AC7ED446A87ED546A1FED526AD2
:102CE0005FED636A87ED556A1FED546AC7ED456A6B
:102CF00087ED566A1FED556A5FED686A87ED576A82
:102D00001FED556AC7ED466A87ED586A1FED576A91
:102D10005FED6D6A87ED596A1FED596AC7ED476A25
:102D200087ED5A6A5FED716A1FED5C6AC7ED496A0B
:102D300087ED5B6A5FED746A1FED5F6AC7ED4A6AF3
:102D400087ED5C6A5FED776A1FED626AC7ED4C6ADA
:102D500087ED5D6A5FED7A6A1FED656AC7ED4D6AC2
:102D600087ED5E6A5FED766A1FED686AC7ED4E6AB1
:102D700087ED5F6A5FED8A6A1FED6B6AC7ED40AA57
:102D800087ED41AAC7ED429A87ED439A87ED488ABD
:102D900087ED4B8A87ED4F7AC7ED506AC7ED525ADF
:102DA00087ED606A87ED799A1FED969A1FED776A35
:102DB00087ED7A9A1FED989A87ED616A87ED7B9A85
:102DC0001FED9A9A1FED7C6A87ED7C9A1FED9C9A05
:102DD00087ED626A87ED7D9A1FED9E9A1FED816AED
:102DE00087ED7F9A1FEDA09A87ED636A87ED809A41
:102DF0001FEDA29A87ED75BA87ED829A1FEDA49A0E
:102E00001FEDA4BAC7ED76AA87ED77AA5FEDA6AA53
:102E10001FEDA6AAC7ED789A87ED839A5FEDA89A71
:102E20001FEDA89A1FEDA86AC7ED6BFA87ED6CFA43
:102E3000C7ED6EEA87ED6FEAC7ED70DA87ED71DAFC
:102E4000C7ED72CA87ED73CAC7ED74BA87ED649A8D
:102E5000C7ED659A87ED66AAC7ED67AA87ED688A10
:102E600087ED69BA87ED6A2A87ED6D2A87ED876A53
:102E70001FEDBA6A1FEDBA2A87ED896A1FEDBB6A9A
:102E800087ED842A87ED8A6A1FEDBD6AC7ED885AEF
:102E900087ED8B6A1FEDBF6A5FEDBF5A87ED8C6AC5
:102EA0001FEDC06A1FEDC02A87ED8D6A1FEDC06A55
:102EB0005FEDC2FA87ED8E6A1FEDC26A87ED7E8AEA
:102EC00087ED8F6A1FEDC46A87ED818A87ED906A6E
:102ED0001FEDC66A87ED857A87ED916A1FEDC86A96
:102EE000C7ED866A87ED926A1FEDCA6A87ED9A9AE6
:102EF00087ED936A1FEDCC6AC7ED9B9A87ED946AC4
:102F00001FEDCE6A87ED9CAA87ED956A1FEDD06A0A
:102F1000C7ED9DAA87ED966A1FEDD26A87ED9FBA2D
:102F200087ED976A1FEDD46A87ED9E8A87ED986AD0
:102F30001FEDD66A87EDA02A87ED996AC7EDA18AB1
:102F4000C7EDA25AC7EDBEFA5FEDDBFA1FEDDB9AC3
:102F5000C7EDBFFA5FEDDC9A1FEDDCAA1FEDDC2A9E
:102F60001FEDDCCA5FEDDCCA1FEDDCDA5FEDDCDAF9
:102F70001FEDDCEA5FEDDCEA1FEDDCFA5FEDDCFA69
:102F80001FEDDC7A5FEDDC6A5FEDDCAA1FEDDCBAD9
:102F90005FEDDCBA1FEDDC6A87EDA39AC7EDA49A5A
:102FA0001FEDDE9A5FEDDE9A87EDA5AA87EDA62AD2
:102FB0001FEDE0AA87EDADCAC7EDAECA1FEDE2CAAC
:102FC0005FEDE2CA87EDB1DAC7EDB2DA1FEDE4DA00
:102FD0005FEDE4DA87EDB3EAC7EDB8EA1FEDE6EAA4
:102FE0005FEDE6EA87EDB9FAC7EDC0FA1FEDE8FA42
:102FF0005FEDE8FA1FEDE82A87EDA79AC7EDA89ADA
:1030000087EDA9AAC7EDAAAA87EDABBAC7EDACBAFE
:1030100087EDAFCAC7EDB0CA87EDB48A87EDB5DAE0
:10302000C7EDB6DA87EDB78A87EDBA7A87EDBBEAE6
:10303000C7EDBCEA87EDBDFAC7EDC1FAC7EDC26ABC
:1030400087EDC36A87EDC42A1FEDFC2AC7EDD78A36
:1030500087EDC52A9FEDFC2AC7EDD85A87EDC62A11
:103060009FEDFA2A87EDDD9A87EDD92A9FEDF82AA0
:10307000C7EDDE9A87EDDA2A9FEDF62A87EDDFAA03
:1030800087EDDB2A9FEDF42AC7EDE0AA87EDE32A5E
:103090009FEDF22A87EDE1BA87EDE42A9FEDF02A51
:1030A00087EDC72A9FEDEF2A87EDC82A9FEDEE2A0C
:1030B00087EDC92A9FEDED2A87EDCA2A9FEDEC2AFC
:1030C00087EDCB2A9FEDEB2A87EDCC2A9FEDEA2AEC
:1030D00087EDCD2A9FEDE92A87EDCE2A9FEDE82ADC
:1030E00087EDCF2A9FEDE72A87EDD02A9FEDE62ACC
:1030F00087EDD12A9FEDE52A87EDD22A9FEDE42ABC
:1031000087EDD32A9FEDE32A87EDD42A9FEDE22AAB
:1031100087EDD52A9FEDE12A87EDD62A9FEDE02A9B
:1031200087EDDC2AC7EDE2BA87EDE5CA9FEDDDCA7F
:10313000C7EDE6CA87EDE7CA9FEDCCCA87EDEA8AFC
:10314000AAEC01CA9FEDD8CA87EDEBDA87EDE8CA91
:103150009FEDD6CAC7EDECDA87EDE9CA9FEDD4CA78
:1031600087EDED8A87EDEECA9FEDD2CA87EDF07A42
:1031700087EDEFCA9FEDD0CA87EDF1EA87EDF4CA7B
:103180009FEDCECAC7EDF2EA87EDF5CA9FEDCCCA36
:1031900087EDF3FA87EDF6CA9FEDCACAC7EDF7FAD5
:1031A00087EDFACA9FEDC8CAC7EDF86A87EDFBCA7A
:1031B0009FEDA5CA87EDF96A87EDFCCA9FEDA9CA04
:1031C00087EDFECA9FEDAACA8AED00CA4FF0120A27
:1031D0009FEDA9CA85ED03CA9FEDAACA85ED06CA6F
:1031E0009FED9FCA87EDFDCA9FED9FCA87EDFFCA7D
:1031F0009FEDA0CA85ED02CA9FEDA0CA85ED04CA65
:103200009FED9FCAC5ED149A85ED05CADFEDAF9A13
:103210009FED9DCAC5ED199A85ED07CADFEDAC9A01
:103220009FED9ACAC5ED1E9A85ED08CADFEDA99AF1
:103230009FED9ACAC5ED0E5A1CEE10CAC5ED1F9A35
:103240009FED94CADFEDA45ADFEDA49A85ED0ACA7A
:10325000C5ED0F5AC5ED249A9FED8FCADFEDA05A38
:10326000DFEDA09A049F85ED0BCAC5ED105A85EDE0
:10327000139AC5ED16AA9FED869AC5ED259ADFED46
:103280009A5ADFED9A9A9FED9ACADFED9AAA47F80B
:1032900030CFC5ED115A049701F6286785ED122A43
:1032A00085ED15AA85ED17BAC5ED18BA85ED1BCACF
:1032B000C5ED1CCA85ED21DAC5ED22DA85ED27EAD8
:1032C000C5ED28EA85ED099AC5ED0D8AC5ED1A9A76
:1032D000C5ED2AAADFED88AA9FED61CAC5ED2BAA2C
:1032E000DFED86AA9FED862AC5ED2CAADFED85AA23
:1032F00085ED33CAC5ED30AA85ED3E2ADFED82AA01
:103300009FED59CA9FED812AC5ED31AA85ED35CAD9
:1033100085ED412ADFED7EAA9FED55CA9FED7D2AFE
:10332000C5ED32AA85ED37CA85ED452ADFED7AAACB
:103330009FED50CA9FED792AC5ED34AA85ED38CAB4
:1033400085ED462ADFED76AA9FED4CCA9FED752AE2
:10335000C5ED36AA85ED3ACA85ED472ADFED72AA9A
:103360009FED47CA9FED712A9FED71AA85ED2F6AE7
:10337000C5ED39AA85ED3BCA85ED3F9A85ED482A12
:10338000DFED6CAA9FED40CA9FED6B6A9FED6B2A43
:103390009FED6B9A85ED1DAA85ED208A85ED238A28
:1033A00085ED267A85ED29FAC5ED2DFAC5ED3CAA05
:1033B00085ED3DCA85ED406A85ED492A85ED4A9A3D
:1033C0009FED609A9FED606A85ED4B9A9FED5F9A45
:1033D0009FED5F2A85ED4C9A9FED5E9AC5ED2E6AB2
:1033E00085ED4E9A9FED5C9A87ED006A85ED4F9AC8
:1033F0009FED5A9AC5ED438A85ED519A9FED589AF3
:1034000085ED442A85ED529A9FED569AC5ED509A66
:1034100085ED549A9FED549A85ED53AA85ED559A02
:103420009FED529A85ED5C7A85ED579A9FED509A03
:103430009FED50AA85ED589A9FED4F9ADFED4F9A78
:1034400085ED5A9A86E100BF31998DC1928B574222
:1034500010FAA7C1D0B3E7C1857CDEC01FF4C0C19C
:1034600042E0B741992A5CC086DA8BC1AE58C241AE
:10347000B5A6D1C06C89A2C14614E641FF2102C1A4
:10348000F5CAA3C1F47D01422B18DDBFB22EA6C13F
:10349000F55B14422A3A76C0EE5AB1C1A1164A42EF
:1034A000784B324248E1BCC19CA24BC03F5727C079
:1034B00076711B40A779473DA9938541C2171640F5
:1034C000A5BD3AC1A7799141F08509C09FABA9C0BC
:1034D000849EA9C0A85792C0B190504252B89E3E57
:1034E000EE7C9FC15474F4BFDC46DEC1A178B8C144
:1034F000EB621042FB3A5D418BFDC53EF31F30C1CC
:10350000083DA5C1D6C58F41136167C0F2C1AAC1EC
:10351000743589C165D94442B7D134C052B8B6C1F7
:10352000DE71C74160E5CCC1841EE841579B25424E
:103530004BC8B7C1194400425F980CC0DB8A11C167
:10354000BEC1B1C11AC02042B1212642006F5EC186
:103550008A9FB6C1973F1E42C7BA7CC09FAB044248
:10356000B4C809C1E6AE26C13D0A14C11CEB8640B1
:103570001AC0274098EE81C138F872C0228E85C0EB
:10358000D8F0B4C0787A25BCAF252141AC8BDB3CA8
:1035900043ADB94005341C410BB546C066662DC12C
:1035A000BBA7A141006FFD40B00311C15A64774130
:1035B000ACADF0C03B7092C1652AAE4185EB05C051
:1035C0004BD9CFC17279C2C14703B0418A1F14429F
:1035D000F697C5C08C4A17C10BB593C15BD3F041B8
:1035E000AD7AA3C1A4DFB6C1B89E0642C0ECE941E2
:1035F00058A8D5BEC06C8FC1C58F92C1FBDCF2410B
:10360000BF0EAC419C3394C046B677C179E9AAC1DC
:10361000D95FA3C1A9A41042A768B6C139B4B3C188
:103620006B1AA5C127319FC1A4707540C5201440F5
:10363000591785C0575B75C18D9778C16DC590C00E
:10364000206373C1448B0241819599407E9D8941DD
:10365000EE7C87C0530546C1E9484EC1F016F6C05E
:10366000B1BF6541FBCBD04066F7B8C0522774406C
:10367000C3D383C1AAF152BD9A9976C11B9E6E41F4
:10368000AF9431C02F6E48C171AC3E416A4D93C1B9
:1036900030AAA0C1B36ACA41B1D099C18727EF410E
:1036A0008D2883C173D79ABF7D3FF1C04703F8BE11
:1036B00085EB813FBC052AC16A4D8BBF1EA7C6C0E2
:1036C000810419C08A1FD33FBA6B11C17CF2BCC000
:1036D00059172F409EEFE9C07DAEDE3F5396A540BF
:1036E0000DE031C10B4615BFDA1BC6400DE034C1F9
:1036F00058A81DC13F571FC0EC5140C016FB11C157
:10370000A089F8C0AF25643D5B4286BFCE88EABF82
:10371000386792C08E75A7C088F4FB3F4B59C6BF6F
:1037200024970340EFC900C138F8A0C009F9703FE1
:10373000925CA63FE2E9B5BE249702C1607657C00D
:10374000CB10B73FF241E7BF3F35C63F295C21C1EF
:103750000F9C033F1FED769A1FED767A85ED5B9AFD
:103760001FED779A5FED775A85ED5D9A1FED789A98
:1037700085ED5E9A1FED799A85ED609A1FED7A9A34
:1037800085ED619A1FED7B9A85ED629A1FED7C9A1B
:1037900085ED639A1FED7D9A85ED649A1FED7E9A03
:1037A00085ED659A1FED7F9A85ED669A1FED809AEB
:1037B00085ED679A1FED819A85ED689A1FED829AD3
:1037C00085ED699A1FED839A85ED6A9A85ED7A2ACF
:1037D0001FED852A85ED6BAA85ED7C2A1FED872AD2
:1037E0001FED87AA85ED7D2A1FED882A85ED6CAA3D
:1037F00085ED7E2A1FED8A2A1FED8AAA85ED7F2A94
:103800001FED8B2A85ED6DAA85ED802A1FED8D2A8F
:103810001FED8DAA85ED812A1FED8E2A85ED6EAAFA
:1038200085ED822A1FED902A1FED90AA85ED842A4E
:103830001FED912A85ED6FAA85ED852A1FED93AACC
:103840001FED932A85ED71AA85ED862A1FED95AAB5
:103850001FED952A85ED72AA85ED872A1FED97AA9F
:103860001FED972A85ED73AA85ED882A1FED99AA89
:103870001FED992A85ED74AA85ED892A1FED9BAA73
:103880001FED9B2A1FED9B9A85ED75AAC5ED798AE0
:1038900085ED8A2A1FED9EAA1FED9E2A5FED9E8A66
:1038A00085ED4D9A85ED568A85ED598AC5ED5F9A6D
:1038B00085ED77AA85ED839A85ED8B2AC5ED8D8AF6
:1038C0005FEDA68A1FEDA62AC5ED8E8A5FEDA78A59
:1038D00085ED702AC5ED908A5FEDA98A85EDA62A4F
:1038E000C5ED918A5FEDAB8A1FEDAB2AC5ED928ADB
:1038F0005FEDAC8A85EDA72AC5ED938A5FEDAE8AB0
:103900001FEDAE2AC5ED948A5FEDAF8A85EDA82A3A
:10391000C5ED968A5FEDB18A1FEDB12AC5ED978A94
:103920005FEDB28A85ED768AC5ED988A5FEDB48A3F
:1039300087ED366A07F52767C5ED998A5FEDB78A87
:103940000C3785ED7B6AC5ED9A8A5FEDB98A85ED06
:103950008C8AC5ED9B8A5FEDBB8AC5ED959AC5ED56
:103960009C8A5FEDBD8A1FEDBD6AC5ED9D8A5FED46
:10397000BE8AC5ED9E8A5FEDBF8AC5ED9F8A5FED69
:10398000C08AC5EDA08A5FEDC18AC5EDA18A5FED51
:10399000C28AC5EDA28A5FEDC38AC5EDA38A5FED39
:1039A000C48AC5EDA48A5FEDC58AC5EDA58A85EDFB
:1039B000A92A1FEDC72A85ED8F8A85EDAA2A1FED5A
:1039C000C92A85EDAC8A85EDAB2A1FEDCB2A85EDA2
:1039D000AD2A1FEDCC2A83ED002A1FEDCD2A85EDFF
:1039E000AF2A1FEDCE2A85EDB02A1FEDCF2A85ED37
:1039F000B12A1FEDD02A85EDB22A1FEDD12A85ED1F
:103A0000B32A1FEDD22A85EDB42A1FEDD32A85ED06
:103A1000B52A1FEDD42A85EDB62A1FEDD52A85EDEE
:103A2000B72A1FEDD62A85EDB82A1FEDD72A85EDD6
:103A3000B92A1FEDD82A85EDBA2A1FEDD92A85EDBE
:103A4000BB2A1FEDDA2A85EDBC2A1FEDDB2A85EDA6
:103A5000BD2A1FEDDC2A85EDBE2A1FEDDD2A85ED8E
:103A6000BF2A1FEDDE2A85EDC02A1FEDDF2A85ED76
:103A7000C12A1FEDE02A85EDC32A1FEDE12A85ED5D
:103A8000C42A1FEDE22A85EDC62A1FEDE32A85ED43
:103A9000C72A1FEDE42A85EDC82A1FEDE52A85ED2A
:103AA000C92A1FEDE62A85EDCA2A1FEDE72A85ED12
:103AB000CC2A1FEDE82A85EDC28A85EDCD2A1FEDBF
:103AC000EA2A85EDC58A85EDCE2A1FEDEC2A85ED23
:103AD000CB8A85EDCF2A1FEDEE2A85EDD08A05F53C
:103AE000886505ED3F2A1FEDF12A05ED3E2A1FED01
:103AF000F22A05ED3D2A1FEDF32A05ED3C2A1FEDC4
:103B0000F42A05ED3B2A1FEDF52A05ED392A1FEDB4
:103B1000F62A05ED382A1FEDF72A05ED372A1FEDA5
:103B2000F82A05ED362A1FEDF92A05ED352A1FED95
:103B3000FA2A05ED332A1FEDFB2A05ED322A1FED87
:103B4000FC2A05ED312A9FEDFC2A05ED302A9FED78
:103B5000FB2A05ED2F2A9FEDFA2A05ED2E2A9FED6F
:103B6000F92A05ED2D2A9FEDF82A82ED002A9FED16
:103B7000F72A05ED2B2A9FEDF62A05ED2A2A9FED5F
:103B8000F52A05ED282A9FEDF42A05ED272A9FED59
:103B9000F32A05ED252A9FEDF22A05ED242A9FED53
:103BA000F12A05ED222A9FEDF02A05ED3A8A05ED6E
:103BB000212A9FEDEE2A84ED001A05ED1F2A9FEDC4
:103BC000EC2AC4ED021A05ED1E2A9FEDEA2AC4ED87
:103BD000030A05ED1D2A9FEDE82A84ED040A05ED90
:103BE0001C2A9FEDE62A84ED061A05ED1B2AC4ED7A
:103BF000081AC4ED090A84ED0A0A84ED0C1AC4ED12
:103C00000E1AC4ED0F0A84ED018AC4ED052A84ED75
:103C1000078AC4ED0B2A84ED0D8A04F5AD649FED8F
:103C2000D82A45ED231A103445ED1A1A45ED190A24
:103C300005ED161A05ED348A05ED298A45ED262A8B
:103C400045ED202A05ED188A45ED172A05ED158A60
:103C500045ED141A45ED130A05ED120A45ED112A3A
:103C6000483505ED072A9FEDC72A05ED120A05ED37
:103C7000062A9FEDC52A45ED0E1A05ED042A9FED93
:103C8000C32A45ED0D0A05ED032A9FEDC12A05ED76
:103C90000C0A05ED022A9FEDBF2A05ED012A9FEDD2
:103CA000BE2A05ED101A85ED002A9FEDBC2A05ED10
:103CB0000A1A85ED022A9FEDBA2A45ED112A85EDF3
:103CC000032A9FEDB82A45ED0B2A85ED042A9FEDC6
:103CD000B62ADFEDB62A85ED052A9FEDB52A85EDDA
:103CE000062A9FEDB42A85ED072A9FEDB32A85EDBC
:103CF000082A9FEDB22A85ED0A2A9FEDB12A85EDAB
:103D00000B2A9FEDB02A85ED0D2A9FEDAF2A85ED98
:103D10000E2A3C3D85ED008A85ED068A85ED0A8AEE
:103D2000C5ED1E2ADFEDA92A85ED108AC5ED1F2AF3
:103D3000DFEDA72A85ED188AC5ED202ADFEDA52A3B
:103D400085ED1B8AC5ED222ADFEDA32A85ED078AC2
:103D5000C5ED232ADFEDA12A099BC5ED242ADFED5D
:103D6000A02AC5ED252ADFED9F2AC5ED262ADFED25
:103D70009E2AC5ED272AA035DFED9C2A05ED078A8E
:103D8000C5ED002ADFED9A2A85ED058AC5ED012AE9
:103D9000DFED982AC5ED022ADFED972AC5ED032A4B
:103DA000DFED962AC5ED042ADFED952AC5ED062A3A
:103DB000DFED942AC5ED082ADFED932AC5ED092A27
:103DC000DFED922AC5ED0A2ADFED912AC5ED0B2A17
:103DD000DFED902AC5ED0C2ADFED8F2AC5ED0D2A07
:103DE000DFED8E2AC5ED0E2ADFED8D2A12EE90CA88
:103DF000DFED8C2A46F820CF12EE90CADFED8A2A3A
:103E000006F2A46243F824CBC3ED002ADFED872A33
:103E1000CEED0A2ADFED862A059BCEED0E2ADFEDD8
:103E2000852A2C3383ED008ACEED0F2ADFED822A1E
:103E3000059306F5D463CEED102ADFED802A8EEDD2
:103E40000C5ACEED112ADFED7E2A8EED0D8ACEEDD5
:103E5000122ADFED7C2ACEED132ADFED7B2ACEED90
:103E6000142ADFED7A2ACEED152ADFED792ACEED80
:103E7000162ADFED782ACEED172ADFED772ACEED70
:103E8000182ADFED762ACEED192ADFED752ACEED60
:103E90001A2ADFED742ACEED1B2ADFED732ACEED50
:103EA0001C2ADFED722ACEED1D2ADFED712ACEED40
:103EB0001E2ADFED702ACEED1F2ADFED6F2ACEED30
:103EC000202ADFED6E2ACEED212ADFED6D2ACEED20
:103ED000222ADFED6C2ACEED232ADFED6B2ACEED10
:103EE000242ADFED6A2ACEED252ADFED692ACEED00
:103EF000262ADFED682ACEED272ADFED672ACEEDF0
:103F0000282ADFED662ACEED292ADFED652A8EED1F
:103F1000358ACEED2A2ADFED632A8EED365ACEEDB4
:103F20002B2ADFED612A8EED378ACEED2C2ADFEDCC
:103F30005F2A8EED3B8AFDE08BFDE740E2E9D3C0CE
:103F4000D71232402C65A1408FC295BFBDE366C138
:103F5000B37BB2BFBF8EB1C11B2F8BC08863C1C002
:103F60007A36DBBF4F2F8EC1711B01C0E02D10BC14
:103F7000BA498C3E73D723C1CA3246C195D491BF8A
:103F800017B711C1ECC081BF295C17403480B73D21
:103F9000D7A3A4C0BC9609C1BC74933B5EBACD4004
:103FA000AED82B409790E1C0F38E26C1CBA1A5BE21
:103FB000CBA1D5BF4D843EC13B7065C17DAEA24053
:103FC0002D218340EC515EC1F2B046C16C09BF4067
:103FD000EFC995405AF5EBC0325524C102BCDDBF94
:103FE0000BB5D84073D7BC40BDE3743F1FF40EC17E
:103FF000539632C14ED145C0D881F9407E1DCE4086
:104000006EA3A9C0A1F89DC05474E8406B9A874084
:10401000AA609CBFBA49E4C07E1D37C1CA5415C00E
:10402000EC2FB33F60764AC16DE76B406744B93F00
:104030007CF2B0BF098ADFBE849E9D3FD712B2BE1C
:10404000C0EC3EBFECC0693F713D8ABD7FFB2A3F9B
:1040500007CE993EA91350BEAE4701C08B6CB73F47
:10406000CE88523EB7D1A03F0BB5A63D9FCD4ABFEB
:10407000363C2D3FC217163FB7D1A0BE956590BF05
:10408000CC7F883F6F1243BF812612BFD5E77A3FAE
:1040900010E9073F8F53343EFA7E2A3E41F1E3BDDB
:1040A000FBCBEE3D6DC5DE3E5D6D25BF371A18C0FA
:1040B00045D8F03F7DAE06BF1D38073F20D2EF3E0A
:1040C0005BD35CBF6688FBBFF2D2D53FE7FBE93E1E
:1040D00005C54FBF287E2C3FCEAAF73F3F57E3BF11
:1040E000BEC16B4029EDCDBFB30C05C00309923FA3
:1040F00076E0ACBFC3F508C0BE305DC1CD4CC0C1D9
:1041000053054541A3925EC0D509D9C16519124135
:10411000CDCC2CBF76E04FC189414040A60A02C0F9
:10412000EE7C1FC2DC466541F38E0340BA6BE3C0F0
:10413000696F503FCEED2D2A5FED232A8EED3C5A5C
:10414000CEED2E2A5FED252A8EED3D8ACEED2F2A6B
:104150005FED272A8EED3E8ACEED302A5FED292ACB
:104160008EED3F5ACEED312A5FED2B2A8EED408A3F
:10417000CEED322A5FED2D2A8EED418ACEED332A27
:104180005FED2F2A8EED425ACEED342A5FED312AB3
:104190008EED438ACEED382A5FED332A8EED448AC8
:1041A000CEED392A5FED352A8EED455ACEED3A2A0D
:1041B0005FED372A8EED468A8EED478A8EED485A9E
:1041C0008EED498A8EED4A8A8EED4B5A8EED4C8AE1
:1041D0008EED4D8A8EED4E5A8EED4F8A8EED508AC1
:1041E0008EED515A8EED528A8EED538A8EED545AD1
:1041F0008EED558A8EED568A8EED575A8EED588A81
:104200008EED598A8EED5A5A8EED5B8A8EED5C8A60
:104210008EED5D5A8EED5E8A8EED5F8A8EED605A70
:104220008EED618A8EED628A8EED635A8EED648A20
:104230008EED658A8EED665A8EED678A8EED688A00
:104240008EED695A8EED6A8A8EED6B8A8EED6C5A10
:104250008EED6F5A8EED725ACEED8A2A8EED755A1A
:104260008EED785A8EED7B5A8EED7E5A8EED815A08
:104270008EED845A5FED672A1FED675A8EED6D8AC9
:104280008EED6E8A8EED708A8EED718A8EED738A58
:10429000CEED8B2A8EED748A8EED768A8EED778A3E
:1042A0008EED798A8EED7A8A8EED7C8A8EED7D8A0E
:1042B0008EED7F8A8EED808A8EED828A8EED838AE6
:1042C0008EED858A85ED8D8A05F50D75CEED877AA3
:1042D0008EED888A05F506758EED898A8EED8C8ABD
:1042E0008EED935A8EEDA85A1FED825A5FED822A09
:1042F0008EEDA95A1FED835ACEED942A8EEDAE5A5B
:104300001FED855A5FED852A8EEDAF5A1FED865A57
:10431000CEEDA72ACEED8D7A8EED8E8A8EED8F8A28
:10432000CEED907A8EED918A8EED928A8EED958A01
:10433000CEED967A8EED978A8EED988ACEED997AAB
:104340008EED9A8A8EED9B8ACEED9C7A8EED9D8ABB
:104350008EED9E8ACEED9F7A8EEDA08A8EEDA18A9B
:10436000CEEDA27A8EEDA38A8EEDA48ACEEDA57A4B
:104370008EEDA68A8EEDAA8ACEEDAB7A8EEDAC8A52
:104380008EEDAD8A8EEDB08ACEEDB17A8EEDB28A29
:104390008EEDB38ACEEDB47A8EEDB58A8EEDB68A07
:1043A000CEEDB77A8EEDB88A8EEDB98ACEEDBA7AB7
:1043B0008EEDBB8A8EEDBC8ACEEDBD7A8EEDBE8AC7
:1043C0008EEDBF8ACEEDC07A8EEDC18A8EEDC28AA7
:1043D000CEEDC37A8EEDC48A8EEDC58ACEEDC67A57
:1043E0008EEDC78A8EEDC88ACEEDC97A8EEDCA8A67
:1043F0008EEDCB8ACEEDCC7A8EEDCD8A8EEDCE8A47
:10440000CEEDCF7A8EEDD08A8EEDD18ACEEDD27AF6
:104410008EEDD38A8EEDD48ACEEDD57A8EEDD68A06
:104420008EEDD78ACEEDD87A8EEDD98A8EEDDA8AE6
:10443000CEEDDB7A8EEDDC8A8EEDDD8ACEEDDE7A96
:104440008EEDDF8A8EEDE08ACEEDE17A8EEDE28AA6
:104450008EEDE38ACEEDE47A8EEDE58A8EEDE68A86
:10446000CEEDE77A8EEDE88A8EEDE98ACEEDEA7A36
:104470008EEDEB8A8EEDEC8ACEEDED7A8EEDEE8A46
:104480008EEDEF8A05ED085A1FEDE45ACEEDF07A75
:1044900005ED075A1FEDE65A8EEDF18A05ED065A35
:1044A0001FEDE85A8EEDF28A05ED055A1FEDEA5A26
:1044B000CEEDF37A05ED045A1FEDEC5A8EEDF48A39
:1044C00005ED035A1FEDEE5A8EEDF58A05ED025A01
:1044D0001FEDF05ACEEDF67A05ED015A1FEDF25AB6
:1044E00045ED0A3A85ED005A1FEDF45A05ED0C8AA8
:1044F00085ED015A1FEDF65A05ED098A85ED025A40
:104500001FEDF85A8EEDF78A85ED035A1FEDFA5A22
:104510008EEDF88A85ED045A1FEDFC5A85ED055A9B
:104520001FEDFD5A85ED065A9FEDFE5A85ED075A9F
:104530009FEDFD5A85ED085A9FEDFC5A85ED095A0D
:104540009FEDFB5A85ED0A5A9FEDFA5A85ED0B5AFD
:104550009FEDF95ACEEDF97A04ED045A9FEDF75A22
:10456000CEEDFC7A04ED035A9FEDF55ACEEDFF7ABD
:1045700004ED025A9FEDF35ADFEDF37A04ED015A90
:104580009FEDF25A05ED0B8A05F5E47584ED005AAE
:104590009FEDEF5A8EEDFA8A84ED015A9FEDED5AA8
:1045A0008EEDFB8A84ED025A9FEDEB5A8EEDFD8A6B
:1045B00084ED035A9FEDE95A8EEDFE8A4FF0040E0A
:1045C00084ED045A9FEDE65A84ED055A9FEDE55AB5
:1045D00084ED065A9FEDE45A84ED075A9FEDE35AA5
:1045E00084ED085A9FEDE25A84ED095A9FEDE15A95
:1045F00084ED0A5A9FEDE05A84ED0B5A9FEDDF5A85
:1046000084ED0C5A9FEDDE5A84ED0D5A9FEDDD5A74
:1046100084ED0E5A9FEDDC5A84ED125A4C349FED16
:10462000DB5A84ED077A84ED005A9FEDD95A9FED4D
:10463000D97A84ED015A9FEDD85A84ED065A9FED40
:10464000D75A84ED095A9FEDD65A04ED048AC4ED79
:10465000033A44ED033A84ED028A84ED048A84ED42
:10466000058A04ED028A84ED088AC4ED0A7A84ED95
:104670000B6A84ED0C5A3C349FEDCA5ADFEDCA7ABE
:1046800084ED005A9FEDC95AC4ED027A84ED035AB5
:10469000DFEDC77A9FEDC75AC4ED063AC4ED093A7B
:1046A000C4ED1A7A84ED1B5AC4ED015A84ED047AE4
:1046B00004ED028A04ED018A84ED058A84ED078AFF
:1046C00084ED088A84ED0A8A84ED0B8A30349FEDEC
:1046D000BA6AC4ED003AC4ED033A84ED018A84ED70
:1046E000028A84ED048A84ED058A9FEDB45AC4EDF4
:1046F000063AC4ED093AC4ED0C3A84ED078A84ED1C
:10470000088A84ED0A8A84ED0B8A84ED0D8A84ED93
:10471000108A84ED116A483484ED005A9FEDA85A3E
:10472000DFEDA87A84ED035A9FEDA75AC4ED047A11
:1047300084ED065ADFEDA57A9FEDA55AC4ED087AFF
:1047400084ED095ADFEDA35A9FEDA37A9FEDA36A8A
:104750009FEDA35ADFEDA37AC4ED025A84ED057AEA
:1047600084ED0A6A84ED0C5AC4ED0D7ADFED9E5A91
:104770009FED9E7A9FED9E5ADFED9E7A9FED9E6A99
:10478000C4ED0B5A84ED0E7A84ED0F5AC4ED107A05
:1047900084ED116A48349FED995ADFED997A84EDE2
:1047A000005AC4ED047AC4ED066A9FED965ADFED17
:1047B000965A9FED967ADFED966A9FED966ADFED49
:1047C000967A84ED035AC4ED025A84ED057AC4ED5D
:1047D000076ADFED925A84ED086A9FED917AC4ED85
:1047E000097ADFED906ADFED907AC4ED0A5A84ED24
:1047F0000B7ABBEE047AC4ED0C7A04ED118A04ED59
:104800000B8A84ED018AC4ED0D6A3C34DFED877AB2
:1048100085ED008AC4ED007ADFED857A85ED038AA7
:10482000C4ED027ADFED837A85ED068AC4ED037A62
:10483000DFED817A85ED098AC4ED057ADFED7F7AB7
:1048400085ED0C8AC4ED067ADFED7D7A85ED0F8A61
:10485000C4ED087ADFED7B7A85ED128AC4ED097A22
:10486000DFED797A85ED158AC4ED0B7ADFED777A85
:10487000DFED776AC4ED0C7ADFED767A9FED766A2C
:10488000C4ED0E7ADFED757AC4ED0F7ADFED747A40
:10489000C4ED117ADFED737AC4ED127ADFED727A2E
:1048A000C4ED147ADFED717AC4ED157ADFED707A1C
:1048B00044ED017AC5ED174A85ED194AC5ED1A4A4E
:1048C00085ED1C4AC5ED1D4A85ED164A85ED188A11
:1048D00085ED1B8A06F29C6582ED008A06F5D5629D
:1048E0002C46DFED647A82ED004A06F2AC623C347D
:1048F00007ED024A47ED014A05F51E7C07ED038AE4
:10490000C3ED004A2B4687ED014AC7ED024A30331A
:1049100087ED044AC7ED054A87ED074AC7ED084A07
:10492000C4E000BF0681FDC04A7B4EC16B9ABB400C
:10493000810449C05CA0F7C162A12A4123DBF3C016
:10494000780BCBC142CF1C41FAED6B3A3BDFA9405B
:10495000E9488FC14625D53F107A8EBFAC0B94C174
:10496000EF388B4011C7CEC0D2C02DC2948796417C
:10497000925CA8C09F3C66C1B1E19540DE020AC1CD
:10498000294B1DC2A9A48541423E9240764FDEC10B
:10499000849ED74070CE88BCAF94E5BD7CF2303B9E
:1049A000D122DBBD575B313D4E6290BD6E3400BEFF
:1049B000B3EAF3BD795828BEA913503D0AD7A33CEA
:1049C0004FAF14BE17B751BB3D2CD43C07F096BD7A
:1049D0006D56FDBD04560EBEFD87743DBBB88DBC43
:1049E000E3A51B3D52491D3C4CA68A3DEBE2B6BDFA
:1049F0004BC807BEFF21FDBC77BE9F3D0E2D323D4B
:104A0000A8574ABD742417BE871659BD4FAF943DB1
:104A100082E247BCBC0592BD4CA60ABEA4DFBEBC68
:104A20004260653C68916D3C006F813CC5A0B0411F
:104A300018261F41C1A88C4188F4C9409A088841B2
:104A40009A771D4129CB2541AC1C92BF1748B8412C
:104A50000000C84242CF6AC000004843D7349841A2
:104A60004FAF2440E6AE97418FE46E40B3EAC441B5
:104A7000539606410F9CEA4114D040421372B34151
:104A8000D0C401425F29514124A8FB41979078414D
:104A9000BA2B6B429FABC5401B0D73423F354E4056
:104AA00006C102422FDD38C1AE87114287ED0A4AA6
:104AB000C7ED0B4A87ED0D4AC7ED0E4A85ED0C4A4E
:104AC00085ED004AC5ED0D4A87ED008A87ED038A22
:104AD00087ED068A87ED098A87ED0C8A87ED0F8AB4
:104AE000A1F66437C2ED004A06F5D662C4ED037A3A
:104AF0005FED1F7A82ED008A06F2B462C4ED047A9B
:104B00005FED227A82ED004A06F5D762C4ED067A9F
:104B10005FED257AC2ED004A06F2BC62C4ED077A69
:104B20005FED287A82ED008A06F5D862C4ED097A35
:104B30005FED2B7A82ED004A06F2C462C4ED0A7A78
:104B40005FED2E7AC2ED004A06F5D962C4ED0C7A0B
:104B5000A5F5D8565FED327A84ED004AC4ED0D7AA2
:104B60005FED347AC4ED014AC4ED0F7A5FED367A19
:104B700082ED008AC4ED107A5FED387A85ED0E8AF9
:104B8000C4ED127A5FED3A7A84ED028AC4ED137AAD
:104B90005FED3C7A84ED058AC4ED157A5FED3E7ACF
:104BA000F64AC4ED167ADFEDF67AC4ED187ADFED39
:104BB000F57AC4ED197ADFEDF47AC4ED1B7ADFEDF6
:104BC000F37AC4ED1C7ADFEDF27AC4ED1E7ADFEDE4
:104BD000F17AC4ED1F7A84ED088AC4F8A070A1F6BA
:104BE0005437DFEDED7AC4F8B070A437C4ED217A04
:104BF000DFEDEA7AC4F8E42002F5F672C4ED227A19
:104C0000DFEDE77A84ED0B8AC4ED247ADFEDE57AF7
:104C100084ED0E8A84ED118A84ED148A84ED178A5E
:104C200084ED1A8A84ED1D8A84ED208AC4ED257AEC
:104C3000C4F89CE005F57D7EC4F8F420A3F5D852B5
:104C400084ED238A84ED268A84ED2A8ADFEDD67AE4
:104C5000C4E93071A1F60C2105F57777C4E9341069
:104C6000A431A3F5E350A3F5DB53C4F8E010A4315D
:104C7000C4F8F0102921C4F8AC10C4F8BC10C4F872
:104C8000CC10C4F8DC101121C4F8EC101221C4F8C7
:104C9000FC1005F5247184ED2E8AC4F8A460A6F2F8
:104CA000646684ED328AC4F8006106F5716684EDAD
:104CB000368AC4F80461A6F6C86684ED3A8AC4F858
:104CC000106106F57A6684ED3E8AC4F81461A6F692
:104CD000587684ED428AC4F82061B44EC4F8B420FA
:104CE00005F52A72C4F82461A6F6E876C4F80CA18A
:104CF000C4F8306106F58656C4F81CA1C4F83461C6
:104D0000AB4EC4F82CA1C4F840614836C4F83CA1AD
:104D1000C4F850614836C4F84CA1C4F86061483604
:104D2000C4F85CA1C4F870614836C4F86CA1C4F83A
:104D30008061A5F6F466C4F87CA14FF0110A84EDF9
:104D4000468A84ED4A8A84ED4E8A84ED528A84ED47
:104D5000568AC4F84461A5F61C66C4F80002C4F87B
:104D60005461A5F6445684ED5A8AC4F86461A5F6E8
:104D70006C4684ED5E8AC4F87461049E84ED628A98
:104D8000C4F88461A0F52B76C4F8CCA1C4F8906176
:104D900006F5A156C4F89461864EC4F8A061864E0B
:104DA000C4F8A461854EC4F8B06106F5AA56C4F8EB
:104DB000B461834EC4F8C061824EC4F8C461A0F5EA
:104DC000C676C4F8D06106F5B356C4F8D4617E4EF9
:104DD000C4F8E061059EC4F8E461A0F1A4067B4834
:104DE000C4F8F0617A4EC4F8040200F5F670C4F815
:104DF000F4611226C4F88C61C4F89C61C4F8AC61FB
:104E0000C4F8BC612926C4F8DC61C4F8EC61C4F8BC
:104E1000FC610826C4F81402C4F80C62A3F15C0615
:104E2000C4ED8F7AC4F810620F2684ED907AC4F82E
:104E30001C62A0F5D556603084ED913AC4ED927AAB
:104E4000C4F824020C20C4ED936A84ED943A84EDF6
:104E5000956AC4ED966A84ED973A84ED986A84ED7C
:104E6000997A84ED9A3A84ED668A84ED6A8A84EDB3
:104E70006E8A84ED728A84ED768A84ED7A8A84ED76
:104E80007E8A84ED828A84ED868AC4F8206205F5E4
:104E90003076C4E98B0303204E4BC4F88002022015
:104EA000C4F8843205F14803C4F87402C4F87C02E3
:104EB0000020C4F83432C4F86C020120464BC4F818
:104EC00070020020C4F81C3305F52173C4F8901259
:104ED000C4F8CC124FF00001C4F888C2C4F8C8C2AC
:104EE00084ED8A8A84ED8E8AC4F8780205F21C402B
:104EF00084EDA88A84EDA98A84EDAA8A84EDAB8A20
:104F000084EDAC8A84EDAD8A84EDAE8A84EDAF8AFF
:104F100084EDB08A84F8C41284EDB88A84EDB98A2D
:104F200084EDBA8A84EDBB8A84EDBC8A84EDBD8AA7
:104F300084EDBE8A84EDBF8AC4E9C2C284EDC08A12
:104F4000C4F88C3205F52773C4F828E3C4F8D032CE
:104F500005F57A73C4EDE87AC4EDEB7A84EDE97A6D
:104F600084EDF27A84EDEA3AC4EDEC6AC4EDEF6ABE
:104F700084EDED3A84EDEE6A30E000BF3497012015
:104F800080B7803FF5F97742BEC1EBC005E37D42B3
:104F9000235BA3C1564E20420F9CD4C140242B4218
:104FA00083D1C6C1BFFD7642000091439C9B012086
:104FB000FC8B0120AC8D01205CA20120F48D01202E
:104FC0003C8E01200CA40120C88E012088A901205C
:104FD0009CA701208C3C0020B43C002084EDF16AA9
:104FE00084EDF03A84EDF33A84F8041384F818134E
:104FF00084EDCE8A84EDCF8A84EDD08A84EDD18A87
:1050000084EDD28A84EDD38AC4F8D0236FF07F0276
:10501000C4F82073C4F860734FF0010784EDD48A9C
:1050200084EDD58A84EDD68A84F85C1384EDDE8A1B
:1050300084EDDF8A84EDE08AC4F8243348F28003EB
:10504000C4F864E3ADF8583005F5806384EDE18A77
:10505000C4F8683384EDE28A84EDE38A84EDE48A5F
:1050600084EDE58A84EDE68A84F89C1384F8DC13E9
:1050700016A98DF85A2003F05DF905F5856003F057
:10508000F1F8002384F85874C4F880342F4BC4F826
:105090004C64C4F85C342E4B2E48C4F860342E4B5C
:1050A000C4F864342D4BC4F868342D4BC4F86C3408
:1050B0002C4BC4F870342C4BC4F874342B4BC4F80C
:1050C00078342B4BC4F87C3405F5567305F593659D
:1050D000C4F85034F9F7D2F906F5B470F9F7CEF9FF
:1050E000244B2548C9F84831244B89F82071C8F869
:1050F000743BC4F85434C9F81C51DFF79FFF0BF21E
:10510000FC621F490BF20C731E4C16A811601E4A5C
:105110001E49169451601E4919601E4B1E4983EDAD
:10512000008A1E4B81ED008A83ED008A1C491D4BCD
:1051300011601793F0F7B0FA1B4A1C490E481BB0D8
:10514000BDEC108BBDE8F04F03F0F4BE104600201C
:10515000184600208887012020460020284600208D
:1051600030460020384600203C46002044460020BF
:105170004C46002004EF00207CAC0020B8B7002093
:1051800015AE873F000040435C720020000040C025
:105190001E85AB3FA84A0020A44A0020AC4A00204C
:1051A00000008C41000060422C4B00201196000052
:1051B000000000002DE9F04F067B85B00D78002E31
:1051C0008368BD4C14BF8022012203911542DFF891
:1051D00000B3BA490CBF012700270195BA46B4FBBA
:1051E000F3F40023E4B20293B54B002C40F0CB80E3
:1051F000477B17F0F70F69D1019D90F910C015EAB0
:10520000020E14BF4FF001084FF0000888EA0A07A9
:10521000BCF1FF3F0CBF002707F00107002F40F053
:105220002F81C77B272F0FD84FEA071C51F80CE0BE
:1052300001EB071CDEF80490DCF80C8019EA080F7B
:1052400000F00181CEF88480002C40F0048190F9B8
:1052500011C0BCF1FF3F14D05FFA8CFCBCF1270FEA
:105260000FD84FEA0C1E01EB0C1C51F80EE0DCF8D5
:105270000CC0DEF808E01EEA0C0F02D0029D1543B8
:105280000295272F0FD84FEA071C01EB071751F89B
:105290000CC0D7F80CE0DCF8048018EA0E0F00F020
:1052A000CE80CCF888E06EB95200D2B2002A9CD1F0
:1052B00090F91130013302D0DDE902231A7005B0F4
:1052C000BDE8F08F5208002A8FD1F1E70C2F6CD186
:1052D00090F910707D1C19D0FFB2272F16D84FEA15
:1052E000071C019D01EB071751F80CC005EA0209E4
:1052F000D7F80CE0DCF8048018EA0E0F00F05A81B1
:10530000B9F1000F00F07081CCF884E090F80FC084
:10531000BCF1270F00F2DE804FEA0C1701EB0C1EE8
:1053200051F80780DEF80C70D8F8049019EA070FDE
:1053300000F00E81C8F88870002C40F0CE80D8F8BC
:1053400004C0DEF80C701CEA070F00F0E880C8F813
:105350008470002C40F0EA8090F911707D1CA2D07E
:10536000FFB2272F9FD84FEA071C01EB071751F810
:105370000CC0FF68DCF808C01CEA070F93D0029D40
:10538000154302958FE74F4FD3F804E03F68019D26
:10539000ABFB077C4FEA9C4C0CFB04FC5F68A7EB63
:1053A0000E07BC45FAD8019522E7C77B272F0FD8F7
:1053B0004FEA071C51F80CE001EB071CDEF80490E3
:1053C000DCF80C8019EA080F00F0C780CEF8848062
:1053D000002C40F0CA8090F910C0BCF1FF3F1BD0F8
:1053E0005FFA8CFCBCF1270F16D84FEA0C1E019D0A
:1053F00001EB0C1C51F80EE005EA0209DCF80C8008
:10540000DEF8045015EA080F00F0DB80B9F1000F58
:1054100000F0F480CEF88480272F9DD84FEA071C37
:1054200001EB071751F80CC0D7F80CE0DCF804804A
:1054300018EA0E0F00F0AE80CCF888E08CE7BF6869
:10544000214D3D602FE7DCF808C0204DCCF800501E
:10545000002C3FF4FCAE1B4D9146D3F80480D5F8E8
:1054600000E0019DABFB0ECE4FEA9E4E0EFB04FE0C
:105470005A68A2EB080CE645FAD84A460195E6E6DA
:105480005FFA8CFCBCF1270F00F288804FEA0C1801
:1054900001EB0C1C51F80880DCF80C90D8F804A043
:1054A0001AEA090F7CD0BEF1000F00F09380BA46D3
:1054B000C8F88490B5E600BF20A10700381E002080
:1054C000001000E0B44A00203830010038F001003C
:1054D00083DE1B43002C3FF43FAF4A4DD3F80480DA
:1054E0002F68019DABFB077E4FEA9E4E04FB0EFE2C
:1054F0005F68A7EB0807BE45FAD8BCF1270F0195F6
:1055000014D84FEA0C1701EB0C1E51F80780DEF897
:105510000C70D8F804C01CEA070F7FF418AFDEF84F
:105520000870394D3D60002C3FF416AF354DD3F86F
:1055300004E02F68019DABFB077C4FEA9C4C04FB09
:105540000CFC5F68A7EB0E07BC45FAD8019503E792
:10555000DEF808702D4D3D60EEE6DCF808C02A4DFF
:10556000CCF80050002C3FF436AF264D9146D3F8CE
:105570000480D5F800E0019DABFB0ECE4FEA9E4EB5
:105580000EFB04FE5A68A2EB080CE645FAD84A4620
:10559000019520E7BF681D4D3D60DDE6C24640E64F
:1055A000BEF1000F1AD0DCF808C0BA46164DCCF890
:1055B000005036E6BF68B9F1000F18D0124D3D60BB
:1055C000A4E6DCF808C0B9F1000F13D00E4DCCF8FA
:1055D000005021E7F246C8F8889022E6DCF808700F
:1055E000F2460A4D3D601CE6CCF888E08EE6074D99
:1055F0003D608BE6054DCCF800500DE7CEF8888075
:105600000AE700BFB44A002038F00100383001003A
:1056100030B405680DB930BCCCE50A462B6840F2C1
:1056200001210124196111785966186F114680070C
:1056300015D45B6F013C01F8013B0A462B685869A1
:10564000C007F2D54CB1144429680B6F9B07FCD4FA
:105650004B6F02F8013BA242F6D130BC704759694A
:10566000C907E2D5EEE700BF2DE9F04F83B0019006
:10567000806808B10BF080F9019B5B68002B00F09B
:10568000F18053F8042C02EBC20203EB8202934236
:10569000009200F0DF80009B53F81C0C243B009329
:1056A00008B10BF069F9009B5B68002B00F0CC801F
:1056B00053F8042C02EBC20203EB82094B4500F0C5
:1056C000BF8059F81C0CA9F1240908B10BF054F95A
:1056D000D9F80430002B00F0AE8053F8042C02EB14
:1056E000C20203EB8208434500F0A18058F81C0C6D
:1056F000A8F1240808B10BF03FF9D8F80430002BCA
:1057000000F0908053F8047C07EBC70703EB870792
:10571000BB4200F0838057F81C0C243F08B10BF00B
:105720002BF97B68002B74D053F8046C06EBC6068B
:1057300003EB8606B34268D056F81C0C243E08B131
:105740000BF01AF97368002B5CD053F8045C05EB7E
:10575000C50503EB8505AB4250D055F81C0C243D24
:1057600008B10BF009F96B68002B44D053F8044CD6
:1057700004EBC40403EB8404A34238D054F81C0C9B
:10578000243C08B10BF0F8F862686AB352F8043CA4
:1057900003EBC30302EB830B5A4521D05BF81C0CCF
:1057A000ABF1240B08B10BF0E7F8DBF80420A2B151
:1057B00052F8040C00EBC00002EB800A524508D0FE
:1057C000AAF1240A5046FFF74FFFDBF804205245A8
:1057D000F6D1AAF108000BF0CFF862685A45DDD186
:1057E000ABF108000BF0C8F86B68A342C6D1A4F176
:1057F00008000BF0C1F87368AB42AED1A5F1080008
:105800000BF0BAF87B68B34296D1A6F108000BF012
:10581000B3F8D8F80430BB427FF47DAFA7F108009D
:105820000BF0AAF8D9F8043043457FF45FAFA8F134
:1058300008000BF0A1F8009B5B684B457FF441AF7B
:10584000A9F108000BF098F8019B009A5B6893425D
:105850007FF421AF009BA3F1080003B0BDE8F04F37
:105860000BF08AB803B0BDE8F08F00BF2DE9F04F10
:105870002DED108BB7B08346047F02AF002C7FD094
:1058800000259FEDA48AA44E65E0DBF800309B69FB
:1058900098470146224607F160000B689B689847CD
:1058A0003269DBF8043007F1800C126807F154000C
:1058B000D3ED095A93ED086AD3ED0A7A07F1900304
:1058C00097ED197AD7ED186A77EE887A916E37EEF0
:1058D000257A76EE866A0A68D2F8008007F17002AF
:1058E000C7ED1C6A87ED1D7AC7ED1E7A87ED248A05
:1058F00087ED258A87ED268A87ED208A87ED218A24
:1059000087ED228ACDF800C0C047DBF8003058464A
:105910009B699847036821461B69984797F854206C
:10592000034658461A70DBF800309B6998470368B5
:1059300021461B69984797F85520034658465A70E8
:10594000DBF800309B699847036821461B6998473C
:1059500097F856308370DBF800305846ACB29B693C
:1059600098470368DB699847034658469D4205F10E
:1059700001058AD3D437BD46BDEC108BBDE8F08F4E
:10598000D0E90123C7F808D0586899681D68DB681A
:10599000506007F18000916002F11001D360156042
:1059A000F3F796FBDBF80C3007F1700207F180018A
:1059B0003B6707F19000DBF810307B67DBF81430B1
:1059C000BB67DBF81830FB67F3F782FB534B594694
:1059D000D7F8902007F138001A60D7F894205A6061
:1059E000D7F898209A60D7F89C20DA60DBF800306E
:1059F0001B689847DBF80030594607F140005B68A8
:105A0000984797ED0E5AD7ED0F5A002397ED106A7D
:105A1000F6EE004AD7ED116A36EE057AC7F89030F7
:105A200076EEA57AC7F89430C7F89830C7F89C305E
:105A300027EE247AC7F8A03067EEA47AC7F8A4301E
:105A4000354BC7F8B040197D87ED2D5AC7ED2E5A5A
:105A500087ED2F6AC7ED306A87ED317AC7ED327A6C
:105A6000A7F8CC40C7E92A44002900F06585012544
:105A70002246294B1B6953F8223093F86C20002AE8
:105A800040F0BE820134E2B29142F2D86C2305FBB1
:105A900003F3073323F00703ADEB030D6B1E02AADC
:105AA000BA62BDB16C22BC6AA01802FB0300234697
:105AB000002200241A606C3343F8382C43F8342C4D
:105AC00043F8302C43F82C2C03F8084C43F8042CF2
:105AD0009842EFD1002900F01B830023DFED10BABC
:105AE000D946C7E9033306E0FB680133FB60DBB24C
:105AF000994240F20C83084A126952F823209B0015
:105B00003B6392F86C307A63002BEDD04FF0000AC3
:105B10009DE000BF000000007CAC002058C90120BF
:105B20006F12833AB4EECA9AF1EE10FAB4EECB9A41
:105B30007AFE097AF1EE10FAF4EEE9AA54BFB0EE5B
:105B4000497AB0EE4B7AF1EE10FA40F31B82F4EE94
:105B5000E98AF1EE10FAF4EEEA8A39FEA86AF1EE6B
:105B600010FA54BFF0EE686AF0EE6A6A6C23F96AC4
:105B7000BC6A002003FB01F1D7ED2F5A0C440B4601
:105B8000796AF4EEE57A62643433E062F1EE10FA99
:105B90002063C4ED00FA84ED01AAC4ED029A84EDFD
:105BA00003BAC4ED04AA84ED059AC4ED068AC4EDD7
:105BB00007EA84ED08EAC4ED09DA84ED0ADAC4EDF7
:105BC0000D7A84ED0E6A84ED0F7AC4ED106AC4E993
:105BD0001215396A84F86410B969A165F969C4E9D4
:105BE0001486E1657969BA6A2166134484ED1AFA6C
:105BF00029D5D7ED2D7AF4EEC77AF1EE10FA22D539
:105C000093ED017AD7ED307AB4EEE77AF1EE10FA3F
:105C100019D5D7ED2E7AF4EEE76AF1EE10FA12DD1F
:105C2000B7F8A860B7F8AA50AE4200F0C281B7F842
:105C3000CC20D7F8B030013243F826400136A7F81F
:105C4000CC20A7F8A8600AF101031FFA83FA7B6B46
:105C5000586E3B6953449BB2FB6203685B6898478C
:105C6000824580F2DB81E44E4FEA8A183A6B336951
:105C7000D9F804409B58586ED9F80C303B66D9F8D7
:105C800010307B66D9F81430BB66D9F81830FB6643
:105C900003681B6998473A6B336900EB8A1B05461A
:105CA0009B589BF83C207B639B6E3A627B6242B1BF
:105CB000DBF80C30BB61DBF81030FB61DBF8143033
:105CC0007B6104F11006224607F180003146F3F7AC
:105CD000FFF907F1600207F1800107F17000F3F7A7
:105CE000F7F955F8085094ED095A07F17001D4ED11
:105CF0000A5A07F1480094ED086A07F15402D5EDFD
:105D0000016A95ED027AD5ED007A76EEC56A37EE36
:105D1000657A77EEC67AC7ED166A87ED177AC7ED12
:105D2000157AF3F747FA94ED0B7A3146D4ED0C7AF5
:105D3000224697ED12AA07F18000D7ED139A2AEEBA
:105D400007AAD4ED0DCA69EEA79A97ED14DAF3F716
:105D5000BFF907F1600207F1800107F17000F3F766
:105D6000B7F9DBF8048094ED095A07F15402D4ED39
:105D70000A5A07F1700194ED086A07F14800D8ED5E
:105D8000016A98ED027AD8ED007A76EEC56A37EEB0
:105D9000657A77EEC67AC7ED166A87ED177AC7ED92
:105DA000157AF3F707FA94ED0B6A3146D4ED0C6AD5
:105DB000224697ED147A07F18000D4ED0D7A97ED25
:105DC00012BAD7ED13AA27EE27CA2BEE06BA6AEE4F
:105DD000A6AAF3F77DF907F1600207F1800107F148
:105DE0007000F3F775F9DBF8086094ED095A07F1D4
:105DF0005402D4ED0A5A07F1480094ED086A07F1FD
:105E00007001D6ED016A96ED027AD6ED007A76EE53
:105E1000C56A37EE657A77EEC67AC7ED166A87ED02
:105E2000177AC7ED157AF3F7C5F9D5ED027A3AEE90
:105E3000E9EA98ED028A7BEE4AEAD5ED006A0BF1B9
:105E4000300238EE678A95ED017AD8ED004A98ED78
:105E5000015A94ED0B6A74EEE64AD4ED0C7A35EEF5
:105E6000475A94ED0D4A97ED129AD7ED138AD7ED64
:105E7000143A29EE069A8BED088A68EEA78A95ED0A
:105E8000027AD6ED026A79EE4ADACBED064A76EE70
:105E9000C76AD6ED005AB0EE4C7AD5ED002A8BEDEC
:105EA000075A6DEECE7A96ED016A75EEE25A95EDDF
:105EB000013AADEE2C7A64EEE6CACBED0B6A36EE13
:105EC000436ACBED095A25EE65CAE5EE88CA28EE8D
:105ED000468A8BED0A6AA6EE24CA38EEE9DAA6EE07
:105EE000858AA3EE847A2CEEAC0AEEEE8D7AF0EE83
:105EF000084AB7EE005AA8EE080A87EE24FAACEE7C
:105F00000C0AC5EE27FAB5EE400AF1EE10FA00F1E0
:105F10005883B1EEC07AF7EE006A77EE667AF0EE5B
:105F2000E77AF4EEEB7AF1EE10FA0AD4B5EE407AA5
:105F3000F1EE10FA36D088EE078ACCEE87CA8CEEE6
:105F400007CA8BED0C8ACBED0DCA8BED0ECAB4EEF1
:105F5000CABAF1EE10FA3FF7E5ADB4EECB9AF1EE26
:105F600010FAB4EECA9A7BFE097AF1EE10FAF4EE5A
:105F7000E9AA54BFB0EE497AB0EE4A7AF1EE10FACF
:105F80003FF7E5ADF4EEEA8AF1EE10FAF4EEE98AB5
:105F90003AFEA86AF1EE10FA54BFF0EE686AF0EE2D
:105FA000696AE3E59FED15CAF0EE66CAB0EE4C8A69
:105FB000C7E7002E37D1D7F8B0304FF008082020BF
:105FC000FB620AF0D1FCC7F8B000002340F825308E
:105FD0000135ADB2A845F9D8FB6A4BB118460AF0B5
:105FE000CBFC054B3A6B1B69B7F8A8609B587B63E9
:105FF000A7F8AA801BE600BF7CAC002000000000D0
:10600000586E013403685B689847BD4BE2B2284480
:10601000197D85B291423FF62CAD37E5FB6A3B61B5
:10602000B74B197D60E54FEA4608D7F8B0501FFA24
:1060300088F8FD624FEA88000AF096FCC7F8B000C5
:10604000B8F1000FC8D04645B646C5F3020229464E
:1060500028BFC646BEF1080F94BF00230123002AC3
:1060600018BF0023002B00F023812B1DC31A082B1F
:1060700040F21E81BEF1000F00F1200C00F1100271
:1060800001F1100114BF734601231D467B629D4B35
:10609000AD08013DADB20CEB051C1D0C03F1040B6A
:1060A0001032002310316BF30F03944505F1040BFC
:1060B00005F1010511ED086B11ED067B6BF31F4334
:1060C000ADB202ED086B02ED067BE6D1796A21F0F4
:1060D00003028A4293B216D05D1CF96AADB251F840
:1060E0002320754540F823200DD251F8252040F893
:1060F00025209D1CADB2754505D251F825200333EE
:1061000040F825209DB2A8453FF65FAF64E7CB4637
:1061100000219FED7D8ADFED7D8A07F1A8000D4605
:106120009FED7B9AF4F73CF92E46DBF80030584699
:10613000ACB29B6998470368DB699847A04240F27C
:10614000AB80DBF8003058469B69984701462246F1
:1061500007F180000B689B689847D7F8AC30D7ED03
:10616000207AD7ED214A002B00F0AA8193ED037A23
:10617000B4EEE77AF1EE10FA15D893ED057AB4EEA5
:10618000E77AF1EE10FA0EDB93ED047AB4EEE47ADE
:10619000F1EE10FA07D893ED067AB4EEE47AF1EE58
:1061A00010FA80F2928093ED0C7AF4EEC77AF1EE59
:1061B00010FA15DB93ED0E7AB4EEE77AF1EE10FAF1
:1061C0000EDB93ED0D7AB4EEE47AF1EE10FA07D817
:1061D00093ED0F7AF4EEC74AF1EE10FA40F2178110
:1061E00093ED157AB4EEE77AF1EE10FA15D893ED47
:1061F000177AB4EEE77AF1EE10FA0EDB93ED167A29
:10620000F4EEC74AF1EE10FA07DB93ED187AF4EEDC
:10621000C74AF1EE10FA40F2FD8093ED1E7AF4EEDB
:10622000C77AF1EE10FA15DB93ED207AF4EEC77A17
:10623000F1EE10FA0ED893ED1F7AF4EEC74AF1EEA4
:1062400010FA07DB93ED217AF4EEC74AF1EE10FA6B
:1062500040F2E380DBF8003058469B6998470368BA
:1062600021461B699847034658461E70DBF80030EC
:106270009B699847036821461B699847034658461F
:106280005E70DBF800309B699847036821461B6904
:1062900098478670013548E707F1A800FFF7E4F951
:1062A000D7F808D0D437BD46BDEC108BBDE8F08FD1
:1062B000FB6A00251A1F031F013552F8041FADB2F7
:1062C00043F8041F7545F7D31DE71A465368002BA2
:1062D0007FF44CAF10880028BCD0D2F808E04FF013
:1062E000000CF7EE002AF0EE481AAEF10401B0EE11
:1062F000482AE046B0EE481A6246B0EE684A0CE022
:106300007CAC00200200030000000000FFFF7F7F44
:106310006F12833A0132904251D051F8043F93ED0D
:106320001A6AB4EEC64AF1EE10FAF3DDD3ED026A52
:1063300093ED015A74EEE66A93ED097A37EEC55A89
:10634000D3ED0A3AD3ED005A27EE667AA5EE237A0A
:1063500027EE257AB5EEC07AF1EE10FADAD493ED95
:10636000073AD3ED083A66EE836AE5EE636A65EEB6
:10637000A65AF5EEC05AF1EE10FACBD4B4EEE27A9A
:10638000F1EE10FAC6DCF4EEE25AF1EE10FAC1DCDE
:1063900072EEC76A76EEE56AF5EEC06AF1EE10FAC3
:1063A000B8DB90460132F0EE651A4FF0010C9042D6
:1063B000B0EE472AB0EE661AB0EE464AADD1BCF157
:1063C000000F2DD1E046E146E246DBF800305846AA
:1063D0009B699847036821461B69984780F800A08D
:1063E000DBF8003058469B699847036821461B69D3
:1063F000984780F80190DBF8003058469B69984731
:10640000036821461B69984780F8028042E703F140
:1064100024025BE703F1480258E703F16C0255E7F9
:106420005EF828301A6D92ED017AD2ED027AD2ED43
:10643000006A22EE077ADA6C62EE277A62EE266A4A
:1064400092ED005AD2ED015A92ED026AE5EE016A30
:10645000A5EE817A5A6DE6EE017A92ED005AD2ED00
:10646000015A92ED026AE5EE216A93F86420A5EEE6
:10647000A17AE6EE217AC7ED1C6A87ED1D7AC7ED99
:106480001E7A02BBF0EE487AB0EE487A07F160005F
:10649000D3E911310A68D2F8008007F1800287ED54
:1064A000207AC7ED217A87ED228A009207F17002E7
:1064B000C04797F860A097F8619097F8628084E7EA
:1064C00007F1A80206E7F7EE007A9A6D71EE677A97
:1064D000F0EEE77AF4EEC97AF1EE10FA52D592EDC9
:1064E000006A92ED011AF7EE007ADA6D72EE677AC1
:1064F000F0EEE77AF4EEC97AF1EE10FA32D592EDC9
:10650000007AD2ED017AF7EE006A1A6E37EE067A5B
:1065100077EE817A71EEE66AF0EEE66AF4EEC96A29
:10652000F1EE10FA0ED5D2ED006AD2ED011A37EE77
:10653000267A77EEA17AA9E79CB00B4602AABA6246
:10654000FFF7B0BAF0EEE16AF4EEC96AF1EE10FAC4
:1065500028D4D2ED006A92ED016A61EEA66A61EE7E
:10656000861AE4E7F0EEC27AF4EEC97AF1EE10FA98
:1065700022D492ED007AD2ED017A22EE077A62EE11
:10658000277AC0E7F0EEC17AF4EEC97AF1EE10FA9C
:106590000DD492ED006AD2ED017A21EE066A21EE69
:1065A000271AA0E7F0EE481AF0EE486ABFE7B0EE0F
:1065B000481AB0EE486A96E7F0EE487AB0EE487AAC
:1065C000A1E77A6002F0ECFC7A68B0EE407AA2E4CF
:1065D0001C4A538A98421CDA938AD3B100B5137AC5
:1065E0005BB1022B16D0012B23D09389B2F80AC0DD
:1065F000013B1B1A1BB20CFB03F0936900EB40003C
:10660000B1F800C01A1823F800C08B7893705DF8B9
:1066100004FB7047B2F80AE0B2F80CC00EF1FF3389
:106620000CF1FF3C1B1A0FFA8CFC1BB20EFB0C305A
:10663000E3E7B2F80AC00CF1FF331BB20CFB0030E9
:10664000DBE700BF28C201202DE9F04F89B0079396
:10665000C36805909A4200F24481037844685B0065
:1066600084F8A53040F20113A4F82F310023F5F788
:1066700029FA0690002800F03481129B002B00F0CC
:1066800032814FF0000B0599129ACB68A2EB0B02F6
:106690004D680C789A421646284628BF1E46129B23
:1066A0009B1B0496F6B25B4501938CBF002301232C
:1066B0000293F4F73FFB002800F010814FF0000335
:1066C0006400012E4FF0000AE4B2A5F8A23040F2B7
:1066D000014338BF0126DFF84483BAF1020F44EAD0
:1066E0000303D8F8009003932B6931D9544695F8E9
:1066F000A320872A4FD959690A0500F1B28011F405
:10670000105F40F07E81D8F80020A2EB0902322A07
:1067100000F27781022C95F8A30094BF002701278F
:10672000B0420AD34FB1D86D400706D18A0500F1B7
:106730009C80029A002A00F09880F4F747F9BAF199
:10674000020F00F24C81A2462B69BAF1020FCDD89C
:10675000DA6D500702F00701C8D4701E5446514448
:10676000039F40F4807044B91F6601340A1B032A5A
:10677000BDD8022CBBD8002CF6D0012C00F03581FE
:10678000019A5A4502D84FF400721A6695F8A32070
:106790000324872AAFD8D96D11F4E02FC1F302404A
:1067A000A9D0511C1F6F05EB020C0128C9B285F856
:1067B000A3108CF81A709ED088299CD002F1020C8C
:1067C0001F6F294402285FFA8CFC85F8A3C08F76DE
:1067D00091D0BCF1880F8ED0D11C1F6FAC44032820
:1067E000C9B285F8A3108CF81A7084D0882982D099
:1067F00002F1040C1F6F294404285FFA8CFC85F811
:10680000A3C08F763FF477AFBCF1880F3FF473AF2E
:10681000511D1F6FAC440538C9B285F8A3108CF820
:106820001A703FF468AF88293FF465AF02F1060C97
:106830001F6F294401285FFA8CFC85F8A3C08F766E
:106840003FF459AFBCF1880F3FF455AF196F0732D1
:10685000AC4485F8A3208CF81A1059690A057FF515
:106860004EAF1A6942F440721A61DA6D12F4E02FE9
:1068700003D01A6942F400721A6195F8A330049AA1
:106880009A422ED1002A00F0B280059B5D68002458
:106890002846079F2646DDE9045817E090F8A23005
:1068A00090F8A3209A4203F10102034440F2B18020
:1068B00080F8A220987E01343E44A4B206F80B0072
:1068C000A542264640F29380D8F804000368524A55
:1068D0005B699342E2D09847C0B2ECE7049B042B7B
:1068E000D5D000230693069809B0BDE8F08FD96D86
:1068F00011F4E02FC1F3024053D0511CD3F870C003
:10690000AC180128C9B285F8A31084F81AC048D081
:10691000882946D0941CD3F870C029440228E4B2D8
:1069200085F8A34081F81AC03BD0882C39D0D11CFF
:10693000D3F870C02C440328C9B285F8A31084F89A
:106940001AC02ED088292CD0141DD3F870C0294429
:106950000428E4B285F8A34081F81AC021D0882C1D
:106960001FD0511DD3F870C02C440538C9B285F82A
:10697000A31084F81AC014D0882912D0941DD3F81B
:1069800070C029440128E4B285F8A34081F81AC0F8
:1069900007D0882C05D0196F07322C4485F8A32026
:1069A000A17659690C053FF55CAF11F4105F28D151
:1069B000D8F80020A2EB0902322A22D895F8A320A9
:1069C000B2420AD34FB1DA6D500706D18A053FF5BE
:1069D0004CAF029A002A3FF448AFF3F7F7FF95F85F
:1069E000A3202B69872ADCD881E71866BDE6049BC3
:1069F0009B44129B5B453FF646AE069809B0BDE846
:106A0000F08F1A6942F440721A614FF400721A66EC
:106A10002BE7FF204FE700BFC93601000CC3012060
:106A20002DE9F0471E4682B003680546DDF8288050
:106A3000002B70D0446893F813C0D4E9000ABCF16D
:106A4000000F3FD072B693F813C01CF0010F08D0AE
:106A50004FF0E0295F69D9F880413C409C62C9F859
:106A600080411CF0020F08D04FF0E0299F69D9F84F
:106A700084413C40DC62C9F884411CF0040F08D01A
:106A80004FF0E029DF69D9F888413C401C63C9F820
:106A900088411CF0080F08D04FF0E0291F6AD9F890
:106AA0008C413C405C63C9F88C411CF0100F08D04D
:106AB0004FF0E02E5F6ADEF890413C409C63CEF8D8
:106AC000904162B69C68844200F0D780764C986012
:106AD000A469DFF8E8C1C4F3011EC4F382645CF862
:106AE0002EE00134BEFBF4FC002840F0BB80A6453C
:106AF00006D30CF10104B4F5817FC0F0C8806B4867
:106B0000D8601B6800241C6103245C6218640120A7
:106B1000C3F860A0186195F90E30581C40F08380CE
:106B200072B1013A4C1E0DF1070A8F1814F8012FAB
:106B3000514628468DF80720FEF76AFDA742F5D199
:106B4000B8F1000F40D008F1FF330DF1070A06F14C
:106B5000FF384FF0FF091E4440F2012709E051467B
:106B60002846FEF727FB9DF8073008F8013F464509
:106B70002AD02B688DF80790002BF0D01A680121DD
:106B800054461761C2F86490136F9B0706D42346DE
:106B9000506F14B103F8010B1C4601395369D80733
:106BA000F2D50029DFD0136F9B07FCD42346506F2A
:106BB00014B103F8010B1C460139F4D19DF80730DC
:106BC00008F8013F4645D4D195F90E305A1C3AD108
:106BD0002B6823B3DA7C12B3D50704D5986A4FF03B
:106BE000E021C1F80001940704D5D86A4FF0E021F4
:106BF000C1F80401500704D5186B4FF0E021C1F82B
:106C00000801110704D5586B4FF0E021C1F80C01C1
:106C1000D20604D59A6B4FF0E023C3F8102101206F
:106C200002B0BDE8F087DBB2272B3FF679AF1C013D
:106C30001F4800EB03130059DC68476827421ED049
:106C4000C0F888406CE7DBB2272BC1D81901184A7D
:106C500002EB03135258D9685068084213D0C2F8A7
:106C60008410B5E784451DD3BCFBF0F4BCFBF4FCF9
:106C700084457FF640AFA4463BE7D86841E79B6870
:106C80000C4818604CE79B680B4A1A60A0E7022C7E
:106C900008D9023C4FEA540C4FEA0C4040EA0C2061
:106CA00020432DE700202BE700C00F40FF7F7F002F
:106CB000381E00203830010038F001006422002026
:106CC0002DE9F84390F82F81B8F1000F6DD00546FB
:106CD000F4F730F8002868D0414E4FF000093768CB
:106CE00000E0A146C8452A6936D24C4653691905C9
:106CF0002BD4580568D499045CD43168C91B322957
:106D000058D8A04504D2D26D520701D1980565D458
:106D1000F3F75CFEC845E4D22A695369190514D417
:106D2000580551D4990445D43168C91B322941D83A
:106D3000A04504D2D26D520701D19B054ED4F3F782
:106D400045FE2A6953691905EAD51369042043F4FD
:106D500040731361BDE8F883D16D4C46480701F0DC
:106D60000703C3D413E095F8A5100133022441F4BE
:106D70008061042B11661BD0804503F1010305EBF4
:106D800000010ED991F8A510042B1166AED0012098
:106D9000002CE8D0204601330134804505EB00018A
:106DA000F0D84FF400731366A0E70420BDE8F88321
:106DB00001249BE713694FF40071042043F44073EE
:106DC00013611166BDE8F88313694FF40071022066
:106DD00043F4407313611166BDE8F8830020E5E7D2
:106DE0000CC30120F8B5A54C0146A36A002B51D075
:106DF00040F2011094F83020A14E5200A3F82F0168
:106E0000186883F8A5200268B24240F03F81B3F8C9
:106E100030210D46E2B915F8011BB3F830211ABB39
:106E200015F8011BB3F83021002A40F0EE8015F868
:106E3000011BB3F83021002A40F0DF802978B3F835
:106E40003021002A40F0CE801846BDE8F84037E7F0
:106E5000022283F82F21002283F8A620026815F869
:106E6000011BB24240F01E8193F82F21882A00F2C4
:106E700009819818013283F82F21A36A80F8A510A0
:106E80001A6815F8011B1268B242CBD01846904719
:106E9000A36AC5E0226C01F1040C206D1368666AD8
:106EA00023EA00031360D4E90E0311F8012B4EB15D
:106EB00035686A66EA6D12F4F81FFBD06A6F6145A7
:106EC000F3D1F8BD056812F0800FA76C0CBFBD436D
:106ED0003D4312F0400F05601D68E76C45EA070569
:106EE0001D601D68E76C25EA07051D600568A76C35
:106EF0000CBFBD433D4312F0200F05601D68E76CD9
:106F000045EA07051D601D68E76C25EA07051D6059
:106F10000568A76C0CBFBD433D4312F0100F056020
:106F20001D68E76C45EA07051D601D68E76C25EAEA
:106F300007051D600568A76C0CBFBD433D4312F0FB
:106F4000080F0560E76C1D6845EA07051D601D68B0
:106F5000E76C25EA07051D600568A76C0CBFBD43FB
:106F60003D4312F0040F05601D68E76C45EA070514
:106F70001D601D68E76C25EA07051D600568A76CA4
:106F80000CBFBD433D4312F0020F05601D68E76C66
:106F900045EA07051D601D68E76C25EA07051D60C9
:106FA0000568A76C0CBFBD433D4312F0010F05609F
:106FB0001D68E76C45EA07051D601D68E76C25EA5A
:106FC00007051D600268A56C14BF2A43AA4302602E
:106FD0001A68E56C2A431A601A68E56C22EA050211
:106FE0001A606CE793F82F21882A3CD901225A6055
:106FF000A36A1846BDE8F84062E693F82F21882A74
:1070000029D901225A60A36A14E093F82F21882A13
:107010001DD89818013283F82F21A36A80F8A51093
:107020001A6815F8011B1268B2423FF402AF184605
:107030009047A36A1A6829781268B2423FF4FFAEFB
:1070400018469047A36A1846BDE8F84038E6012282
:107050005A60A36AE4E79818013283F82F21A36AE3
:1070600080F8A510E6E7501C1A4483F82F01A36AA4
:1070700082F8A5101846BDE8F84021E644600020DB
:107080000537010001225A60A36AF9E618460D4649
:1070900000219047A36A15F8011B1A681268B242D2
:1070A0003FF4BBAE18469047A36AE9E62DE9F047E6
:1070B000A04CA36A002B00F0D580A16D00229E4851
:1070C0001B6981421A6100F2BE8001229B489C49E3
:1070D00098645A624FF430329962DA62986C0022F6
:1070E0004FF0011118651A620122996595481A61DD
:1070F000FFF778FEB4F90830402B00F04D810021F5
:107100008C48F4F7B5F921898A480139C9B2F4F7F6
:10711000AFF9B4F90A202689D31D48BF02F10E0346
:10712000DB10D4E90A0516FB03F6B6B2002800F01E
:10713000408194F83030844F5B0080F8A53040F2F5
:107140000113A0F82F3103681B68BB4240F0228274
:10715000B0F830312BB1022380F82F31402380F872
:10716000A630731E9BB2002E4BD005F1020A0126F9
:1071700001354FF002099A44B04614E00136B6B228
:10718000036815F8011C1B68BB4268D1B0F83031A8
:1071900033B190F82F31882B29D9C0F80480A06A28
:1071A0000135AA452DD0882EE8D1FFF789FD94F846
:1071B0003030A06A5B0080F8A53040F20113A0F8DF
:1071C0002F3103681A68BA4240F0D781B0F83021F5
:1071D000002A00F0EC80402280F82F91022680F8EF
:1071E000A6201B6815F8011CBB4238D13346013577
:1071F000C2180133AA4580F82F31A06A82F8A51081
:10720000D1D1FFF75DFDA36A002B00F0C181E16DD4
:10721000002249481B6981421A6100F2A381474C50
:10722000012047494FF430329C6458629962DA6217
:107230009C6C00204FF0011101221C6518629965B9
:107240001A61BDE8F0874148814240F29E81404882
:10725000404998645A62404A9962DA623EE7984728
:10726000A06A9DE7636A002B00F08880D97CD4E98E
:107270001920002939D072B6D97CCD0708D54FF036
:10728000E0265F69D6F880513D409D62C6F8805186
:107290008F0708D54FF0E0269F69D6F884513D400E
:1072A000DD62C6F884514E0708D54FF0E026DF694D
:1072B000D6F888513D401D63C6F888510D0708D5A2
:1072C0004FF0E0261F6AD6F88C513D405D63C6F84A
:1072D0008C51C90608D54FF0E0255E6AD5F89011AB
:1072E00031409963C5F8901162B699688A423BD0E3
:1072F0001A499A6089691A4DC1F30116C1F3826176
:1073000055F826600131B6FBF1F5002A00F0468100
:10731000AA4200F24781B5FBF2F1B5FBF1F5AA42B2
:1073200001D20D46691CB1F5817FC0F03D810D4A47
:10733000DA601AE0446000207F1A06003B37281903
:10734000B80B050510300060053701003F420F0003
:107350000A09070460090101007F050000C00F4011
:1073600064220020FF7F7F00DA681B68002119611A
:107370000321596201211A6418661961626C616DFA
:1073800013688E4823EA01031360FFF72BFDB4F95D
:107390000830402B7FF4B3AE20218948F4F768F819
:1073A000218987481F31C9B2F4F762F8B1E6022695
:1073B000F6E6226C216D1368676A0B43136086B191
:1073C000A16B06EB050CE36B15F8012B002F39D0F0
:1073D00038684266C26D12F4F81FFBD0426F6545F3
:1073E000F2D1626C616D13680B431360002F3FF4A0
:1073F00028AFFB7C002B3FF424AFDC0704D5B96A2F
:107400004FF0E022C2F80011980704D5F96A4FF056
:10741000E022C2F80411590704D5396B4FF0E0227D
:10742000C2F808111A0704D5796B4FF0E022C2F8B0
:107430000C11DB067FF505AFBA6B4FF0E023C3F804
:107440001021FEE6086812F0800FA66C0CBFB04356
:10745000304312F0400F08601868E66C40EA0600FE
:1074600018601868E66C20EA060018600868A66CC8
:107470000CBFB043304312F0200F08601868E66C70
:1074800040EA060018601868E66C20EA06001860FA
:107490000868A66C0CBFB043304312F0100F0860B0
:1074A0001868E66C40EA060018601868E66C20EA86
:1074B000060018600868A66C0CBFB043304312F099
:1074C000080F0860E66C186840EA06001860186843
:1074D000E66C20EA060018600868A66C0CBFB04392
:1074E000304312F0040F08601868E66C40EA0600AA
:1074F00018601868E66C20EA060018600868A66C38
:107500000CBFB043304312F0020F08601868E66CFD
:1075100040EA060018601868E66C20EA0600186069
:107520000868A66C0CBFB043304312F0010F08602E
:107530001868E66C40EA060018601868E66C20EAF5
:10754000060018600A68A06C14BF024382430A60F8
:107550001A68E06C02431A601A68E06C22EA0002C2
:107560001A603CE7174881420CD9174C1748184954
:107570009C645A629862D9625AE64021022690477A
:10758000A06AFDE5134C1448F1E71248124960E681
:10759000676A26E740219847A06AE2E58E42BFF479
:1075A000C1AEC5E60022C3E60229FBD902394D0867
:1075B0002A0242EA05420A43BAE600BF10300060E0
:1075C000446000203F420F000A09070460090101DE
:1075D000007F05001C1A120C100E0202F8B50D46B1
:1075E00072B63D4A00233D49841C91610221D1615C
:1075F00040F20641C2F8A030C2F8F0124FF47021F8
:10760000C2F8F432C2F8F832C2F8FC3220F01F039C
:10761000C2F8A4100121C2F8B010BFF34F8F4FF091
:10762000E022C2F85C3F20339C42FAD8BFF34F8F70
:10763000BFF36F8F284A5369DC07FCD50123284923
:1076400020F07F40244C53614026C2F8F01242F2F1
:107650000121244FC2F8F4122349C2F8BC30C2F809
:10766000A0000220C2F8A410C2F8B03001E0590610
:1076700027D46369DA07FAD541211C4B0020164A4A
:1076800061610121C4F8F032194DC4F8F402194CBB
:10769000C2F8B810C2F8A000C2F8A450C2F8B010E6
:1076A0005369DF07FCD551612378DE07F0D41368F6
:1076B000094943F0010313600B68DB07FCD462B691
:1076C000F8BD2946024618B10544384603F0E2FCED
:1076D00000206661CDE700BF00802A40F05AF05AD2
:1076E0003204180880812A4002000F00050401249A
:1076F00001000F0000812A4010B472B602684B49A5
:1077000022B190F804C0BCF10F0F53D90B8813F0CD
:10771000010C27D09C0723D55A0757D51C0758D5ED
:10772000DA0659D59C065AD55A065BD51C065CD597
:10773000DA055DD59C055ED55A055FD51C0560D57B
:10774000DA0461D59C0462D55A0463D5DA0B64D09F
:1077500062B600221023026003715DF8044B70478B
:107760004FF0010C012202FA0CF213430B8062B6B7
:107770002F4A5FFA8CF10171D36F43F0C003D367D6
:10778000A2F5A03240F2824313602A4B9176634403
:10779000917711765B01D1775DF8044B03609FED23
:1077A000217B83ED007B83ED027B83ED047B83ED06
:1077B000067B70470B8843FA0CF4E407A7D51D4CF1
:1077C0006444B2EB441FA2D162B6C6E74FF0020C8C
:1077D000C8E74FF0030CC5E74FF0040CC2E74FF0C9
:1077E000050CBFE74FF0060CBCE74FF0070CB9E7FC
:1077F0004FF0080CB6E74FF0090CB3E74FF00A0C56
:10780000B0E74FF00B0CADE74FF00C0CAAE74FF0D0
:107810000D0CA7E74FF00E0CA4E74FF00F0CA1E7FB
:10782000AFF30080000000000000000078AC0020F2
:1078300000C00F4080740002174BD0E9002110B443
:107840009A4215D00B684C681868144A20EA040064
:107850005DF8044B1860106A40F4C0101062906A22
:1078600020F00E2090621A6849680A431A60704737
:107870000A684C681368094823EA04035DF8044B5E
:107880001360036B23F4FF4343F4C0730363136873
:1078900049680B431360704700C01A4000C00F4096
:1078A0000EB400B582B0064803AA52F8041B019238
:1078B00002F0D0FD02B05DF804EB03B0704700BFEA
:1078C000484A0020F6EE006A91ED017AD1ED007A87
:1078D00027EE267A67EEA67A80ED017AC0ED007A6F
:1078E000704700BF2DE9F04704461546501CE2687A
:1078F000904214D822780E466168520081F8A52083
:1079000040F20112A1F82F219BB167681A4A396829
:10791000D1F80480904504D1B7F830218AB9BDE888
:10792000F087194638460122C0478046B8F1010F5A
:10793000F5D12A46314620460123BDE8F047F4F749
:10794000C1B897F82F21892A0FD04FF00109C846F6
:1079500007F1A50019461044424603F09BFB97F837
:107960002F31994487F82F91E0E701214FF000096A
:107970007960C846ECE700BFA95D0100B4EE400B9A
:10798000F1EE10FA80F1A580B0EEC07B9FED6B6B3D
:10799000B4EE467BF1EE10FA00F390809FED697B28
:1079A000B4EEC70BF1EE10FA00F381809FED677B18
:1079B000B4EEC70BF1EE10FA00F1B680B5EEC00BD5
:1079C00030B5F1EE10FA2DED028B8DB07DD400258F
:1079D0009FED607B30EE070BFCEEC07BB8EE678B53
:1079E00017EE903A30EE488B002B76D130232120D1
:1079F0008DF82D303DB101382D22C0B200F1300399
:107A00006B4403F8242C554C23782BB103ABC0F105
:107A100022011844F3F782F8B2EE046B2E23227889
:107A20008DF80C3028EE067BFCEEC75BCDED015ADD
:107A30009DF8043005EE903A3033B8EEE55B8DF8F2
:107A40000D3037EE457B27EE067BFCEEC75BCDEDB8
:107A5000015A9DF8043005EE903A3033B8EEE55BFC
:107A60008DF80E3037EE457B27EE067BFCEEC75BCC
:107A7000CDED015A9DF8043005EE903A3033B8EE62
:107A8000E55B8DF80F3037EE457B27EE067BBCEECD
:107A9000C77B17EE103A30338DF810301AB105213C
:107AA00003A8F3F73BF80DB0BDEC028B30BD2B4BB8
:107AB0001B788BB103212A48F3F730B8274B1B788A
:107AC00053B103212748F3F729B8B1EE400B012544
:107AD0007EE7224B1B7863BB7047234C092B4FF08A
:107AE0002100A4FB032E4FEADE0E0EEB8E02A3EB69
:107AF000420202F130028DF82D207FF67BAFA4FB0D
:107B00000E3201387146D208C0B2092902EB820355
:107B100000F1300CAEEB43039646EC4403F1300326
:107B20000CF8243CEBD865E70C4B1B78002BC1D13B
:107B3000704703210D48F2F7F1BF00BFFFFFFFFFC1
:107B4000FFFFEF7F000000E0FFFFEF41000000E0DB
:107B5000FFFFEFC12F431CEBE2360A3F88B1012043
:107B6000C8450020E0430020CDCCCCCCE843002029
:107B70002DE9F047884682B00168174605460A9A03
:107B8000002971D0446891F813C0D4E9000ABCF10F
:107B9000000F3FD072B691F813C01CF0010F08D04F
:107BA0004FF0E0294E69D9F8804134408C62C9F821
:107BB00080411CF0020F08D04FF0E0298E69D9F8FF
:107BC00084413440CC62C9F884411CF0040F08D0D1
:107BD0004FF0E029CE69D9F8884134400C63C9F8E8
:107BE00088411CF0080F08D04FF0E0290E6AD9F840
:107BF0008C4134404C63C9F88C411CF0100F08D004
:107C00004FF0E02E4E6ADEF8904134408C63CEF89F
:107C1000904162B68C6884421BD05C4C8860A46939
:107C2000DFF87CC1C4F3011EC4F382645CF82EE06B
:107C30000134BEFBF4FC002840F08880A64506D342
:107C40000CF10104B4F5817FC0F093805048C86006
:107C500000E0C868096800240C6103244C620864D1
:107C60000120C1F860A0086195F90E10481C4FD1A1
:107C70007AB102F1FF395C1E0DF10706994414F840
:107C8000013F314628468DF80730FDF7C1FCA1457C
:107C9000F5D17FB1013F08F1FF340DF107064744EC
:107CA00014F8013F314628468DF80730FDF7B0FC47
:107CB000BC42F5D195F90E305E1C38D12B6823B348
:107CC000DA7C12B3D50704D5986A4FF0E021C1F8E9
:107CD0000001940704D5D86A4FF0E021C1F80401EF
:107CE000500704D5186B4FF0E021C1F808011107C7
:107CF00004D5586B4FF0E021C1F80C01D20604D531
:107D00009A6B4FF0E023C3F8102102B0BDE8F08772
:107D1000C9B22729ACD80C011E4800EB011100594B
:107D2000CC68466826421CD0C0F88840A0E7DBB289
:107D3000272BC3D81901174A02EB03135258D968ED
:107D40005068084211D0C2F88410B7E784451BD3AD
:107D5000BCFBF0F4BCFBF4FC84457FF673AFA44697
:107D60006EE789680C48086082E79B680B4A1A60D6
:107D7000A4E7022C08D9023C4FEA540C4FEA0C400D
:107D800040EA0C20204362E7002060E700C00F407B
:107D9000FF7F7F00381E00203830010038F00100DE
:107DA000642200202DE9F843044600680D4616467B
:107DB0008842A36816D8C218914213D20F1A4FF006
:107DC00001096EB103EB0608626890450DD8B9F160
:107DD000000F1BD12946184402F0F4FBC4F80880B8
:107DE000BDE8F8834FF00009EBE708F1010108F066
:107DF000CBFD0028F4D0A368C4E90008002BE6D12D
:107E000003702068A368B9F1000FE3D03246C119AE
:107E1000184403F03FF92368002203F80820DDE747
:107E2000F8B5002504460F46056008462573C4E9E9
:107E3000015503F0E7F968B10646013008F094FDFA
:107E400040B1394605702060C4E90166BDE8F840DC
:107E500002F0B8BBF8BD00BF0368F0B45BB3002408
:107E60009C600124DC60244C244D1C44241145F802
:107E7000241003211A60224A99600379214D135579
:107E80001378517820488B42C0F8285228BF0B46FF
:107E90009178D2788B4228BF0B46934228BF134675
:107EA0001A484FF0E0224FF0806180F87A30C2F833
:107EB0000C11F0BC7047164E4FF0010C154CF56ECE
:107EC000154F45F44055F566C7F800C0A568046035
:107ED00075B1124DA669056066B11035A66A0560D8
:107EE00046B1A56B3034046015B10360F0BC704737
:107EF0002346B8E72B46B6E700BFF7BF4072002025
:107F0000804A00206D2F01000054002000E400E0B2
:107F100000C00F40004108400040084010410840A8
:107F200000000000F8B504461546BAB143680E4695
:107F30009A4206D831462068A560BDE8F84002F0B4
:107F400041BB511C006808F01FFD074660B1A368E3
:107F5000C4E90005002BEDD10370EBE7036803B122
:107F60001A700023A360F8BD206810B108F004FD6A
:107F700027600023C4E90133F8BD00BF002303607C
:107F800043608360C360036143617047494B0246AD
:107F900070B540F80C3B02F59C75FFF7EFFF00242D
:107FA00002F1240302F1300040F8044C40E903449C
:107FB0000C30A842F8D102F51075002440F8044CAA
:107FC00040E903440C30A842F8D1002002F2FC45FD
:107FD00082F8F444F6EE004A286002F5967668606E
:107FE00002F204554FF0000E4FF6FF7C28606860E7
:107FF00002F20C552860686002F23220516002F1F2
:10800000100592ED057A043192ED065AD2ED037A0D
:1080100092ED046A1472A3F800E0033303F801EC54
:10802000A3F805E183F807E151ED016AD1ED005AAB
:10803000F4EEE76AF1EE10FAF4EEC65A77FEA67A8D
:10804000F1EE10FAF4EEC76AD4BF0C462C46F1EEFE
:1080500010FA01F10801B4EEE55A94ED006AC2EDA0
:10806000037A58BFB0EE667A82ED046AF1EE10FA38
:1080700077EE275AD8BF11ED025A9E4282ED057A5B
:1080800075EE066A82ED065A65EEA45A66EEA46A9B
:10809000C2ED075AC2ED086A20F802CFA0F8B0C0BE
:1080A000A0F860C1A0F810C2B5D11046BDE870407C
:1080B000DFF70ABAF43C002010B4104C034680ED00
:1080C0000B0A4FF0000C0460002012229961988284
:1080D0009886C3F81CC0C3F820C0C3F824C0C3F8F6
:1080E00028C0C3F830C0C3F838C0C3E90100C3E9F1
:1080F0000300181D5DF8044B08F024BB503D002020
:1081000026490346DFF8A0C0002230B543F8081B1B
:108110000025014600F52274C3F800C0203343F85F
:108120001CCC43F8182C43F8142C43F8102C43F8BB
:108130000C2C43F8082C43F8045CA342ECD100F566
:108140005E74DFF868E04FF0000C154AC3F800E0F9
:108150000C3343F808CC43F8042CA342F6D1002298
:10816000012400F52073A0F844250271C0F8082509
:10817000C0F80C25C0F81025C0F81425C0F8182543
:10818000084A80F84645026120308342FBD14FF017
:108190003F4241F8202F9942FBD130BD643D002081
:1081A0000AD7233C000080BF6F12833ACDCC4C3DF0
:1081B0004FF07E5C70B50446C0F800C0C0F810C037
:1081C00090B0C0F838C000201D4616462062E0621C
:1081D000A06460650B6860620993214BA062206314
:1081E0006063E0642065A065E0656060A060E060B9
:1081F0006061A061E061E063206460645868D1F868
:1082000008E0D1ED017A09A9B3F800C09A68DB68EB
:108210000D9005A8CDED0A7ACDF82CE0ADF830C070
:108220000E920F93F5F700FD059B01AA05A804F136
:1082300010010193069B0293079B0393089B0493F1
:10824000F3F72CFD32687368B068296822626362B4
:108250006A68AB68A062E1622263636310B070BDBC
:10826000146A002000234FF07E5243600260836056
:10827000C360026143618361C361036243628362DD
:10828000C262026342638263C363036443648364C0
:10829000C364036543658365C365704710B54FF0DC
:1082A000040E0446944688B080F800E04FF07E50FB
:1082B00000226060E061206460640020A4F848202F
:1082C0000DEB0E02A062E0622063606320626062D8
:1082D00091ED006AD1ED016A02A99CED007ADCED16
:1082E000017A37EE065AA06077EEA65AE060206168
:1082F0006061A061A0630E4884ED0A6AC4ED0B6A58
:1083000084ED0C7AC4ED0D7AE06304A88DED025A79
:10831000CDED035AFFF7D6FA05991A46DDF810C0DD
:108320006162211DC4F820C0F3F7B8FC08B010BD8D
:1083300000002041002310B443600381054C0A88EB
:108340008B78046082805DF8044B8371A0F807206D
:1083500043727047903D00202DE9F04FCA4B002436
:10836000CA4F4FF47A7ACA48CA4ACB4DCB49CC4E51
:10837000DFF8D093DFF8D0832DED028BC3E900073F
:10838000A0F580409C629C8783B0106007F150008C
:108390009462506007F1A000C3E90244C3E90444B9
:1083A000C3E91044C3E91244C3E90644C3E90844DD
:1083B000C3E90B44C3E90D44BA4BC2E90244C2E924
:1083C0000444C2E90644C2E908445860B6489487A8
:1083D0009860B6481D609C819C73B54BB54D996003
:1083E0009C81B5499C73C2E90B44C2E90D44C2E9C2
:1083F0001044C2E91244B14A106007F1E0009481D0
:108400005060AF489473906007F59072AD4807F5DF
:10841000B477C3E90002AC4AAC4800F08BFDAA4A2D
:10842000A549AB4800F086FDA74AA349A94800F03A
:1084300081FDA54AA849A94800F07CFDA24AA849A7
:10844000A84800F077FDA84B8822214606F11A00C3
:1084500074603473C6F808A0348333613760C6F89B
:10846000149002F025F88922214606F1A500A6F80D
:10847000A24086F8A44002F01BF89C4B88222146BB
:1084800005F11A002B6109F150032C732C83C6F8F7
:108490002E41A6F832416B612F6086F83441C5E960
:1084A000014AC6E94E4402F003F88922214605F14B
:1084B000A500A5F8A24085F8A44001F0F9FF09F154
:1084C000A00388222146C5F82E41C8F8143008F1CF
:1084D0001A00874BA5F83241C8F808A0C8F8044034
:1084E00088F80C40A8F81840C8F81030C8F8007098
:1084F000002785F83441C5E94E4401F0D9FF8922AF
:10850000214608F1A500A8F8A2407A4D88F8A440B9
:1085100001F0CEFF4FF07E53C8F82E41A8F832414B
:108520002B606F60AF60EF6088F83441C8E94E445B
:10853000F6F7F8F8704A7149714B11600421D46262
:1085400011634FF48071C2F8D470C2F8E41003F5DF
:108550003851C2F8D870C2F8DC70C2F8E070C2F8C6
:10856000E870C2F8EC70674A1A605C3303F8084C94
:1085700043F8047C9942F7D1534A4FF0010A564917
:108580004FF0C809604800F0D5FC604B60481022ED
:1085900060499A8004604C4A00F0CCFC5E4B5F4816
:1085A0001C86DF62C3F800A05D4B474A5D49A3F813
:1085B0000490046000F0BEFC5B4BDFF890811C86E9
:1085C000C3F800A0DF62594BA3F80490F3F7BCFB9B
:1085D0004FF07C51DFF878914FF07F43C8F80C10D2
:1085E0004FF0804108F11402DFF868C1C8F8441068
:1085F000022108F1240EC8F8302088F804104C49F4
:10860000A8F84C404FF4C874C8F8101009F11C01C8
:10861000C8F83470C8F8201009F13001C8F80870A3
:10862000C8F854104349C8F83870C8F8681042496F
:10863000C8F83C70C8F86C104049C8F84070C8F8D9
:1086400070103F49C8F84870C8F87410C8F85070E6
:10865000C8F80090C8E906334FF0FF23C8F814307B
:108660004FF07E5307CAC8F85C30C8F86030C8F8CD
:1086700064308EE80700C8F878704FF48072C8F84C
:108680007C3009F13C0167E034AB00209C3D0020C8
:1086900000003A4084AB002000C01A4024AB002008
:1086A000E05E002008C2012004AB002000001B4057
:1086B000F8C1012084A800203988010018C20120D7
:1086C00014AB0020000002422C4B00205CB10120C2
:1086D00064B1012078B10120D9F90000784A002066
:1086E000BD870100584A002000003F4000803F4005
:1086F00000C03F4058C9012018770020CDCC4C3E27
:1087000088780020CDCC4C3D944A0020B4600020F5
:108710003C600020AD870100E47200202060002052
:10872000D8720020897D0100A07200209472002080
:10873000CDCCD440AE67BB3E8C65583EABAAAA3EBA
:10874000ABAA2A3E14300060C4A900208062002039
:10875000283F0020000080BFC8F8803008F58670F0
:10876000C8F88C30C8F89430C8F8AC30C8F8B430C9
:10877000C8F8C030C8F8C430C8F8E030C8F8E430F1
:10878000C8F8F030C8F8F830C8F888C0C8F898C001
:10879000C8F8A0C0C8F8A4C0C8F8B8C0C8F8CCC011
:1087A000C8F8D0C0C8F8D8C0C8F8ECC0C8F8847001
:1087B000C8F89070C8F89C70C8F8A870C8F8B07075
:1087C000C8F8BC70C8F8C870C8F8D470C8F8DC70B5
:1087D000C8F8E870C8F8F470C8F8FCC0C8F804C15C
:1087E000C8F808C1C8F8007102F054FC09F13C0156
:1087F0004FF4807208F5037002F04CFC08F120037E
:10880000C8F8583002F0F8FA074602F0F5FA58FABC
:1088100080F058FA87F3013C90F80C1293F80C2280
:1088200083F80C1280F80C22ECD1E849E84801F5F5
:10883000007CE84FA0EB0800431858FA83F393F844
:108840000C22A7FB02E301F8012F8C454FEAD3036A
:1088500003EB4303A2EB830281F80022ECD19FEDEE
:10886000DE8A4FF00009DD48F7EE008ADC4A4FF05F
:10887000010BDC4980ED008AA0F20C7000F05AFB7D
:10888000D94BDA49C3F81C901960596083ED028A0C
:1088900083ED038A83ED048A83ED058A83ED068ADE
:1088A000D34BDFF8AC8383ED008A83ED018A404629
:1088B000D04BD14F83ED008A83ED018ACF4BD04A54
:1088C00083ED008A83ED018ACE4B40F8047B83ED73
:1088D000008A83ED018A4FF6FF73C2F81C90116085
:1088E000516001A982ED028A82ED038A82ED048A39
:1088F00082ED058A82ED068AADF804308DF80630E7
:10890000FFF718FD6FF07F43C8F81000A8F8189023
:108910009C22C8F81430202188F8729108F13800A0
:1089200088ED078A88ED088A88ED098A88ED0A8A29
:1089300088ED0B8A88ED0C8A88ED0D8A01F0B8FD70
:10894000DFF810A39C22202108F1D40001F0B0FD33
:108950004046A34AAC4900F0EDFADFF8FC825046ED
:10896000CAF808908AF80C909C22A849CAE9009994
:10897000FFF7D8FA50469A4AA54900F0DBFA40467C
:10898000C8F808909C2288F80C90A249DFF8CCA285
:10899000C8E90099FFF7C6FA914A9D49404600F0A0
:1089A000C9FA9D489D4B4FF0100880ED038AC363C0
:1089B0004FF4000380ED048A03644FF4803380EDAC
:1089C000058A436407F1140380ED068A036080ED95
:1089D000078A80ED088A80ED098A80ED0A8A80ED99
:1089E0000B8A80ED0C8A80ED0D8AC0ED0E8A80ED39
:1089F000128A80ED138A80ED148AC0F804B0E5F77E
:108A000033FC07F120008AED018AB6EE002ACAF88D
:108A1000000007F12C0ADFF848920221C5F810A0E7
:108A2000F0EE0C4ADFF83CA2032289ED018A4FF0F8
:108A3000140EC5F82CA007F1380ADFED797AB1EEF3
:108A4000025AC9F800A04FF01E0ADFED766A89F8D5
:108A500008A007F144099FED747ADFED742A9FEDB9
:108A6000743ADFED743A9FED744AC5F8649007F1EB
:108A7000500985F8241085F8341085F8441085F8DD
:108A8000541085ED058A85ED068A85ED078AC5EDCA
:108A90000A8AC5ED168A85ED1A8A85ED1D8A85ED4F
:108AA000082AC5ED187AC5ED0E6AC5ED126A85ED86
:108AB0000F7A85ED137A85F86C8085F87880C5ED9E
:108AC0000C2A85ED103AC5ED143A85ED174AC5F824
:108AD000709085ED208A85F8901085F8A01085F8B3
:108AE000B01085F8C01007F15C01DFF87CC1E967C0
:108AF00052499FED536AC5F8981007F1680185ED5A
:108B0000232AC5F8D01007F17401C5ED272ACCF847
:108B100000104C4985ED2B3A0846C5ED2F3A85EDFE
:108B2000324A85F8D88085ED218A85ED228AC5ED07
:108B3000258AC5ED296AC5ED2D6A85ED2A7A85ED70
:108B40002E7AC5ED318AC5ED337A85ED358AC5F8C3
:108B5000DC2085ED388A85ED396AC5ED3A7A8CEDF1
:108B6000018A8CF808E0CCF80C208CED048ACCED5E
:108B7000058AC1ED064A81ED018A81F808E0CA60E4
:108B800081ED048AC1ED058A07F180012E4BDFEDEE
:108B90002F5A016007F18C0183ED018A196083F877
:108BA00008E01A7383ED048AC3ED058A83ED065A43
:108BB0001A7783ED088AC3ED098AC3ED0A5A83F850
:108BC0002C2083ED0C8A83ED0D6A4FE08B6500202D
:108BD000F5FCFFFFABAAAAAA000000008C690020E8
:108BE0002C4B00203DFA0000E46000206F12833A15
:108BF00004610020906900206C4000205C7200201D
:108C0000C46000206472002035FA00006C47002028
:108C1000FD7501000C480020BC690020FFFF7F7F2C
:108C2000CDCC6C400000C0C20000C04233331340C2
:108C3000CDCC2C409A99D93F0000C84200409C45B9
:108C40000000B4436C78002014780020CDCC4C4058
:108C50000C6100206C720020807200205072002095
:108C6000087800200000404250780020C3ED0E7AC2
:108C700007F19803CCED064AA437C5F8EC3085ED32
:108C8000415A85ED3C8A85F8F4E085F8F82085EDB9
:108C90003F8AC5ED408A85F8082185ED438AC5EDF8
:108CA000448AD5F83431C5ED455AD90785F81821DD
:108CB00085ED486AC5ED497A85F830E1C5F8287137
:108CC00085ED478A85ED4B8A40F1EB80F3F73CF860
:108CD0007A487B4900237B4D4FF0FF3243600361AC
:108CE0004362C36286624261C0F8332080F8372055
:108CF000754A764E764FC0E902117649C0E90733CE
:108D00008161754B7549C0E91653016007237449A9
:108D1000C0E91913734900F00DF9F3F715F8724B18
:108D20000421724A317019681B685B0807EE103A1B
:108D30004B086F4906EE103AB8EEC77B3960B8EEC3
:108D4000C66B9FED5C5B26EE056B27EE057BBCEEEC
:108D5000C66BFCEEC77B16EE103A538017EE903AC6
:108D60000133138022F01F030432BFF34F8F4FF003
:108D7000E021C1F8683F20339A42FAD8BFF34F8F01
:108D8000BFF36F8F337813B34FF000084FF0E02537
:108D900038684FF452620021204401F089FB3A68A0
:108DA000224422F01F0302F55262BFF34F8FC5F831
:108DB000683F20339A42FAD8BFF34F8FBFF36F8FCB
:108DC00008F10108337804F552649845E0DB494B1B
:108DD000002203F5C04143F8042C43E903220C337D
:108DE0008B42F8D144480126444B82825A639A63ED
:108DF0008261826282864249424C196201F5405189
:108E0000414D5962DE751D60DC6240498683C0E9D0
:108E10000822C0E90E22C0E9102205224260C26089
:108E20004FF0FF320261C262FF2283F828204FF028
:108E30004012C3F80A20364B234A036004238360A0
:108E40006FF47F03036300F075F8324B324A04F28B
:108E50002C6132481E7004F503731060002243F841
:108E6000042C43E903220C338B42F8D12C4B012014
:108E70002C49D875FF2001F504745A639A6383F86E
:108E8000280001F58460284A1D60D862C3F80A20D2
:108E9000C3E9081403B0BDEC028BBDE8F04FF5F751
:108EA0009DBC094A21492248C5F834B100F042F876
:108EB0000CE700BFF9978B952411E23E4460002037
:108EC00080004000801A06002C4B0020A8C2012020
:108ED00008B1012001010001A0860100A836002090
:108EE00000093D005D830100384A002080B1012067
:108EF00048332020C0D20120B0C2012068C2012026
:108F0000B4D2012090CA01201C410020B19600007B
:108F10001C210020ADC20120CCBB012080302020CC
:108F200028C2012090CC0120B0000100D9F9000036
:108F30009C4A002003460846194601F00BBB00BFBF
:108F400008B52DED028BB0EE408A00F053FDB4EE73
:108F5000488AF1EE10FA0FD6B5EEC08AF1EE10FA9B
:108F60000AD8B5EE408AF1EE10FA08D101F046FABF
:108F700022239FED090A0360BDEC028B08BD01F0BE
:108F80003DFABDEC028B034621221A600348BDE87E
:108F9000084000F0E5BA00BF000080FF484500200F
:108FA00008B52DED028BB0EE408A00F00DFBB4EE5B
:108FB000488AF1EE10FA06D6DFED098AB4EEE88AA7
:108FC000F1EE10FA02D4BDEC028B08BD01F016FAE6
:108FD00088EEA80ABDEC028B2123036008BD00BF08
:108FE000000000002DE9F04F5BEC10AB2DED0A8B7B
:108FF0004FEA1B5C11EE90EA0CF1FF3640F2FD7077
:10900000864210EE101A11EE103A89B05A466546A3
:109010004FEA1E5400F2C680C4F30A06A6F2BE361A
:109020007F2E98BF002000F2BD80BFEE000BE14C08
:10903000E14B1444C4F3463503EB451693ED006B46
:1090400093ED027B96ED128B96ED189B96ED162B09
:10905000260D241505EE904A360593ED0C4BB8EE1F
:10906000E55B951BA5EE062BA5EE079B93ED04ABE8
:1090700093ED105B93ED08BB93ED067B93ED0A6BCC
:1090800093ED0E3B0C1E45EC1C4BACEE080BA0EE1A
:10909000053BA0EE046B20EE0A5B30EE024B20EEA7
:1090A000058BA0EE0B7BA8EE036B32EE442BA8EEF3
:1090B000067B32EE002BB0EE483B39EE022B95EEEC
:1090C000003B34EE085B20EE080B34EE454B32EEED
:1090D000036B34EE084B36EE046BA0EE076B35EEF7
:1090E000064B21EE048B18EE902AB0EE487BC2F3BB
:1090F0000A556FF47273EB183E2B91EE047B35EE3C
:10910000445B35EE065BA1EE057B00F29380AB4B32
:1091100093ED024B93ED005BB0EE441B93ED042BFB
:10912000A8EE051B93ED066B11EE101A31EE441BF1
:1091300001F07F0293ED0E4BA1EE028BA1EE068BA8
:1091400093ED0C6B37EE087B27EE072B921802F19C
:109150000F0403EBC202A7EE046B92ED1C4B03EB72
:10916000C40293ED0A3B93ED085B53F834605768F3
:10917000A7EE035B4018002422EE023B37EE047B8F
:10918000A219A2EE057B07EB4033A3EE067B002D70
:109190005FD043EC102BA7EE000B09B0BDEC0A8B9F
:1091A000BDE8F08FD8184EEB0E09461E37466FF01B
:1091B000010849F1FF36B8456FF4001777EB060652
:1091C000C0F02081481842EB0209461E374669F17B
:1091D0000006B8456FF4001777EB0606C0F039813A
:1091E000002A6ADB0020C4F30A06A6F2BE337F2BF6
:1091F00040F2FF774FD9724B00209A4208BF81425C
:1092000000F0FD8040F2BD35AE4240F29180012970
:1092100072EB030334BF01230023BC428CBF002444
:109220000124A3420ED109B0BDEC0A8BBDE8F04F7A
:1092300000F060BC002BC0F2CE80B5F5816F75D90F
:10924000002AF0DB09B0BDEC0A8BBDE8F04F00F05E
:1092500059BCA14280F21381B7EE003B03F17F516C
:1092600001F50011104641EC150B27EE057B35EE9C
:10927000076BB0EEC64BB4EEC34BF1EE10FA61D4FF
:109280009FED480B26EE000B09B0BDEC0A8BBDE844
:10929000F04F00F067BC002D7FF4C7AE9FED437B1D
:1092A0004BEC16AB26EE077B53EC172B23F000425A
:1092B00017EE101AA2F15072B7E6C4F30A0640F294
:1092C000FE3086427EDD40F23340864200F3FA8073
:1092D000801BA0F120054FF0FF374FF0FF3987408A
:1092E00009FA05F9C0F12008019547EA09054FF090
:1092F000FF3727FA08F945EA0905874023EA0707F7
:109300002EEA05053D435DD1019DC3400EFA08F8E4
:1093100043EA08032EFA05FE43EA0E0303F00103B5
:10932000980422F00042CCF30A055EE70025EEE641
:1093300088429341B7EE000B34BF31EE000B30EEA4
:10934000410B2AE7B5EEC06BF1EE10FA35EE465B45
:10935000BFEE004B35EE075B58BFB0EE434B36EE29
:10936000043B34EE437B37EE067B37EE057B37EE6E
:10937000037B37EE446BB5EE406BF1EE10FA04D18F
:109380002A4601F0004343EC162B9FED065B8DED62
:10939000045B9DED047B27EE057B8DED067B6FE77F
:1093A000AFF300800000000000001000000000008B
:1093B00000003043AB6A19C0000D0020800200207D
:1093C0000000F03F4BEC10AB09B0BDEC0A8BBDE8E0
:1093D000F04F00F0B7BBB7EE000B38EE000B0028E3
:1093E0003FF4DBAEB1EE400BD7E64918594B82F49F
:1093F00000224FF000005241884293415DD3B7EE06
:10940000000BCAE650EA0904EFD0534C0025A242F3
:1094100008BFA94247D04918504B52418D4273EBC7
:1094200002044AD3994508BFA84246D103F100433C
:109430009A4208BFA942E2D09A426FEA0E0E34BFA8
:10944000002201224FEADE7E724577D09FED3D0B70
:10945000A3E64BEC17AB002A27EE070B34DB002208
:1094600050EA09095DD1BEF1000FBFF696AE104675
:1094700009B0BDEC0A8BBDE8F04F00F04BBB03F127
:1094800040419FED326B01F57001104641EC100B2D
:10949000A7EE000B20EE060B09B0BDEC0A8BBDE871
:1094A000F04F00F06BBBDB182A4A8EF4002E4EEB17
:1094B0000E0E9D4272EB0E02A1D24BEC17AB37EEB3
:1094C000010B6AE600202CE7C4F30A02A2F2FF3186
:1094D0003429C4D8C2F586624FF0FF31A2F11D05D0
:1094E000033201FA05F701FA02F4C2F120063C4307
:1094F00021FA06F73C43914023EA01012EEA0404D5
:109500002143ACD123FA02F20EFA06F632432EFAC8
:1095100005F52A4312F00102A2D0B1EE400B012260
:109520009EE7BEF1000FBFF638AEB7EE006B86EED9
:10953000007B8DED027B9DED020B2EE621EE010BF3
:109540002BE600BF0000000000000000000000004B
:109550000000007F0000F0FF0000F03F0000E0FF8F
:109560009FED010A704700BF0000C07F00F07EBB86
:1095700008B52DED028BF0EE408AB0EE608A00F067
:109580001BFCF4EE488AF1EE10FA06D6DFED098AEC
:10959000B4EE688AF1EE10FA02D0BDEC028B08BD81
:1095A00000F02CFF88EEA80ABDEC028B212303609B
:1095B00008BD00BF0000000010EE103A23F0004389
:1095C00000EE103A704700BFB1EEC00A704700BF0E
:1095D0000000000030B510EE104AC4F30A53B3F592
:1095E0007D7FB7EEC06A83B01BD226EE065BB3F573
:1095F000667F6ED326EE052B25EE021B734B93ED93
:109600001A3B93ED187B93ED164BA5EE037BA2EE70
:10961000046BB0EE460BA7EE010BB7EEC00B03B028
:1096200030BD40F22E4293425ED8684991ED087BEE
:1096300026EE077BFDEEC77B91ED0A5B17EE903AB5
:1096400003F500031B1613F0020F07EE903A01F129
:10965000700208BF0A46D807B8EEE77BA7EE456B55
:1096600026EE067B1BD403F0030301EBC30192ED4E
:109670001A4B91ED002B92ED185B26EE026B92EDEA
:10968000163BA7EE045B26EE074B27EE047BA4EE09
:10969000036BA5EE076BB7EEC60B03B030BD92EDC2
:1096A000142B27EE075B92ED126B92ED0E3BA7EEAB
:1096B000026B92ED0C0B92ED104BA7EE030B27EE15
:1096C000057BA5EE040BA6EE070BB7EEC00B03B0AF
:1096D00030BD220D12F4FF6FDFD1B7EEC55B00EE97
:1096E000104A8DED015AD8E7B3F5FF6F4BD2384BD6
:1096F000C4F3836203EB820053F822200569C4F3AC
:109700001603C4F3C25143F400038B40016A03FB08
:1097100002F2A3FB0110E3FB050202F100518D0FE1
:1097200001F04041511A00F03BFE2A4B9FED257B92
:1097300005EBD47441EC160B14F0020FA3F1700288
:1097400008BF1346E90726EE077B27EE076B1FD4F9
:1097500004F0030402EBC40293ED1A4B92ED002BCC
:1097600093ED185B27EE027B93ED163BA6EE045BB0
:1097700027EE064B26EE046BA4EE037BA5EE067BDC
:10978000B7EEC70B89E703B0BDE8304000F022B95F
:1097900093ED142B26EE065B93ED127B93ED0E3BBF
:1097A000A6EE027B93ED0C0B93ED104BA6EE030B94
:1097B00026EE056BA5EE040BA7EE060BB7EEC00B6D
:1097C0006BE700BF182D4454FB21193C481D0020B5
:1097D0009C410020B81D00200000000038B510EEAC
:1097E000104AC4F30A53B3F57D7FB7EEC07A1ED298
:1097F00027EE077BB3F5667F6FD327EE071B634B1E
:1098000093ED142B93ED125B93ED0E3BA7EE025BF1
:1098100093ED0C0B93ED104BA7EE030B27EE017BA2
:10982000A1EE040BA5EE070BB7EEC00B38BD40F25E
:109830002E42934254D8554991ED086B27EE066BA2
:10984000FDEEC66B91ED0A5B16EE903A03F5000350
:109850001B1613F0020F06EE903A01F1700208BFDA
:109860000A46D807B8EEE66BA6EE457B27EE076BF7
:109870001AD503F0030301EBC30191ED002B92ED28
:109880001A4B92ED185B92ED163BA6EE045B27EEA9
:10989000027B27EE064B26EE046BA4EE037BA5EEBF
:1098A000067BB7EEC70B38BD92ED142B92ED127B01
:1098B00092ED0E3B92ED0C0B92ED104B26EE065BFB
:1098C000A6EE027BA6EE030B26EE056BA5EE040BBF
:1098D000A7EE060BB7EEC00B38BDB7EE000A38BDD9
:1098E000B3F5FF6F3DD22A4BC4F3836203EB8200D2
:1098F00053F822200569C4F31603C4F3C25143F49C
:1099000000038B40016A03FB02F2A3FB0110E3FB9F
:10991000050202F100518D0F01F04041511A00F093
:109920003FFD1C4B9FED177B05EBD47441EC160BF0
:1099300014F0020FA3F1700208BF1346E90726EEE8
:10994000077B27EE076B10D504F0030402EBC4027B
:1099500092ED002B93ED1A4B93ED185B93ED163BB4
:1099600093E7BDE8384000F035B893ED142B93ED44
:10997000127B93ED0E3B93ED0C0B93ED104B9DE79B
:10998000AFF30080182D4454FB21193C481D0020E2
:109990009C410020B81D002010B582B08DED010A59
:1099A000044600F02BFD9DED010A046002B010BDDD
:1099B0009FED070AFFEE007AB7EE007A00284FF01D
:1099C000220047FE277A87EE800AFFF7E5BF00BF37
:1099D0000000000070EE407AB4EE400A87EEA77AED
:1099E000F1EE10FAB0EE470A02D62120FFF7D4BFFD
:1099F000704700BF08B510EE103A33F000422DED6D
:109A0000028B2BD0002B32DBB3F1FF4F41DAB3F5E1
:109A1000000F35DB0021DA157F3A0A44D10FC1F17E
:109A20007F0102EBD272C3F3160307EE902A43EADA
:109A3000C15300EE103AB8EEE78A00F0B3F8DFED5C
:109A4000177A9FED177A20EE270ADFED167AA8EE37
:109A5000070AA8EE270ABDEC028B08BDBDEC028BFD
:109A60009FED117ADFED117A87EE270A08BDBDEC74
:109A7000028B70EE407A9FED0D7A87EE870A08BD63
:109A8000DFED0B7A60EE277A6FF0180117EE903A4F
:109A9000C1E7BDEC028B30EE000A08BDD95BDE3EAB
:109AA000DB27543580209A3E000000CC00000000E7
:109AB0000000004C10B582B08DED000B044600F0A4
:109AC0009DFC9DED000B046002B010BD82B058B14A
:109AD000B1EE407B8DED007B9DED007B222020EEE2
:109AE000070B02B0FFF7E6BFB0EE407BF2E700BF26
:109AF000000000009FED010BFFF7E8BF0000000031
:109B0000000000109FED010BFFF7E0BF0000000018
:109B10000000007082B00028B7EE006BBFEE007B43
:109B200006FE077B8DED007B9DED000B9FED037B1B
:109B3000222080EE070B02B0FFF7BCBF0000000040
:109B400000000000B4EE400BF1EE10FA30EE407B66
:109B500087EE076BB0EE460B02D62120FFF7AABFB7
:109B6000704700BFB5EE400BF1EE10FA00D0704721
:109B70002220FFF79FBF00BF000000009FED076B92
:109B8000B0EEC07BB4EE467BF1EE10FA00DC70471D
:109B90002220FFF78FBF00BFAFF30080FFFFFFFF62
:109BA000FFFFEF7F10EE103AB3F17E5F10EE102A48
:109BB00038D0A3F50001B1F1FE4F36D2BFEE000B55
:109BC00002F14043264903F54D03C3F3C34001EBC3
:109BD000001091ED404B91ED445B91ED467B91ED92
:109BE000426BD90DC90590ED002B521A03EE902A55
:109BF00090ED021BDB15B7EEE33AA2EE030B03EE8A
:109C0000903A20EE002BA5EE007BB8EEE33BA6EEEB
:109C1000027BA3EE041B30EE010BA2EE070BB7EEA6
:109C2000C00B70479FED0F0A7047590014D0B3F175
:109C3000FF4F14D0002B0BDBB1F17F4F08D2DFEDCB
:109C40000A7A60EE277A17EE903AA3F13862B5E708
:109C500000EE103AFFF7BEBE0120FFF7A9BE704725
:109C6000F00A0020000000000000004B10B582B098
:109C7000CDED010A019B23F00042B2F1FF4FF0EE5F
:109C8000407A30DC10EE100A20F00041B1F1FF4FB5
:109C900029DCB3F17E5F40D09C1704F0020444EA53
:109CA000D07431B372B3B2F1FF4F3ED0B1F1FF4F78
:109CB00028D0891AB1F1F45F4FEAE15232DA002B71
:109CC00040DA3C323EDA9FED330A012C4CD0022CB4
:109CD00041D064B19FED307ADFED307A30EE070A83
:109CE00030EE670A03E09DED017A37EE270A02B0F5
:109CF00010BD022C0ED09FED2A7A032C07FE000A1D
:109D000002B010BD9FED270ADFED277A002820FE64
:109D1000270AECE79FED210AE9E702B0BDE8104011
:109D200000F0DAB89FED1F0ACFE7B1F1FF4F04F161
:109D3000FF3420D0022C26D81C4B03EB840393ED78
:109D4000000AD4E79DED017A87EE870AFFF734FC1D
:109D500000F0C2F8B9E79FED107ADFED107A30EE2F
:109D6000070A37EEC00AC2E710EE103A03F10043CB
:109D700000EE103ABBE7022C08D80D4B03EB84032E
:109D800093ED000AB3E79FED030AB0E79FED090AE0
:109D9000ADE700BF000000002EBDBB33DB0F494024
:109DA000DB0F49C0DB0FC93FDB0FC9BF48410020B3
:109DB0003C410020DB0F493F30B583B0CDED010AB7
:109DC000019D35F0004041D010EE10EA2EF0004128
:109DD000B1F1FF4F3ADAB0F1FF4F37DC81423BDBA4
:109DE0000EF000443AD01EF0FF4F56D10B02002B6C
:109DF0006FF07D0204DD5B00002B02F1FF32FADC24
:109E000015F0FF4F58D103026FF07D0C03D45B00B7
:109E10000CF1FF3CFBD512F17E0F47DBCEF3160EA3
:109E20004EF400031CF17E0F3ADBC5F3160141F43A
:109E30000000B2EB0C0204D117E00FD04B00013A46
:109E400013D0191A0029F8DA5B00F8E7DDED017A82
:109E500060EE277A87EEA70A03B030BD1D4B03EBF7
:109E6000547393ED000A03B030BD181A58BF03466F
:109E70001BB9F3E75B000CF1FF3CB3F5000FF9DB16
:109E80001CF17E0F1DDBA3F500030CF17F0C2343B7
:109E900043EACC5300EE103ADEE7CA157F3AAFE74B
:109EA0006FF07D01A1EB0C018840C2E76FF07D03EC
:109EB0009B1A01FA03F3B5E74FEAE05CACF17F0CC3
:109EC000A9E76FF07D02A2EB0C021341234300EEE1
:109ED000103AC1E75441002038B510EE105A25F071
:109EE0000044B4F1A14FF0EE407A0ADBB4F1FF4F29
:109EF00058DCDFED517A9FED517A002D37FE870A4D
:109F000038BD4F4B9C425CDCB4F1445F4DDB4FF0FD
:109F1000FF3327EEA76ADFED4B6ADFED4B5ADFED2B
:109F20004B4A9FED4B5A9FED4B4A26EE067A5A1C40
:109F3000E7EE265ADFED486AA5EE875AE7EE246A77
:109F4000DFED465ADFED464AE6EE875AA5EE074AB0
:109F50009FED445ADFED446AA5EE875AE4EE074AC6
:109F6000DFED425AE4EE876AE5EE075A66EE866A4E
:109F700065EE875A3AD03E4A02EB830276EEA56A36
:109F800092ED007A3B4A96EEA77A02EB8303002D0E
:109F9000D3ED006A77EE677A36EEE70AB0DAB1EE13
:109FA000400A38BD30EE000A38BD9FED337A30EEFE
:109FB000077AF7EE006AB4EEE67AF1EE10FAA6DD63
:109FC00038BDFFF7F9FA2D4B9C4216DCA3F5D00300
:109FD0009C4227DCF0EE007ABFEE007AA0EE277AF2
:109FE000002330EE270AC7EE007A92E776EEA56AE4
:109FF000E6EEE77AB0EE670A38BD214B9C420BDCF7
:10A00000F7EE087AB7EE007AA0EE277A022330EE58
:10A01000670AC0EE077A7CE7BFEE007AC7EE007AE7
:10A02000032376E7F7EE007A30EE677A30EE270A00
:10A030000123C7EE007A6CE7DB0FC93FDB0FC9BF16
:10A04000FFFFDF3ED769853C59DA4B3D21A215BDA4
:10A05000356B883D6E2EBA3D6BF16EBD95879DBD0B
:10A060002549123E388EE3BDABAAAA3ECDCC4CBEEC
:10A070003044002020440020CAF24971FFFF973F7E
:10A08000FFFF1B4081F0004102E000BF83F000436E
:10A0900030B54FEA41044FEA430594EA050F08BF83
:10A0A00090EA020F1FBF54EA000C55EA020C7FEA47
:10A0B000645C7FEA655C00F0E2804FEA5454D4EBC4
:10A0C0005555B8BF6D420CDD2C4480EA020281EA8E
:10A0D000030382EA000083EA010180EA020281EAC6
:10A0E0000303362D88BF30BD11F0004F4FEA013118
:10A0F0004FF4801C4CEA113102D0404261EB410127
:10A1000013F0004F4FEA03334CEA133302D05242AC
:10A1100063EB430394EA050F00F0A780A4F1010468
:10A12000D5F1200E0DDB02FA0EFC22FA05F28018A2
:10A1300041F1000103FA0EF2801843FA05F3594188
:10A140000EE0A5F120050EF1200E012A03FA0EFC07
:10A1500028BF4CF0020C43FA05F3C01851EBE37131
:10A1600001F0004507D54FF0000EDCF1000C7EEB4E
:10A1700000006EEB0101B1F5801F1BD3B1F5001F8C
:10A180000CD349085FEA30004FEA3C0C04F10104AB
:10A190004FEA445212F5800F80F09A80BCF1004FD4
:10A1A00008BF5FEA500C50F1000041EB045141EA56
:10A1B000050130BD5FEA4C0C404141EB0101013C1F
:10A1C00028BFB1F5801FE9D291F0000F04BF01460E
:10A1D0000020B1FA81F308BF2033A3F10B03B3F1E0
:10A1E00020020CDA0C3208DD02F1140CC2F10C0270
:10A1F00001FA0CF021FA02F10CE002F11402D8BFCE
:10A20000C2F1200C01FA02F120FA0CFCDCBF41EA99
:10A210000C019040E41AA2BF01EB0451294330BD68
:10A220006FEA04041F3C1CDA0C340EDC04F1140445
:10A23000C4F1200220FA04F001FA02F340EA03001C
:10A2400021FA04F345EA030130BDC4F10C04C4F162
:10A25000200220FA02F001FA04F340EA0300294642
:10A2600030BD21FA04F0294630BD94F0000F83F48C
:10A27000801306BF81F480110134013D4EE77FEA6F
:10A28000645C18BF7FEA655C29D094EA050F08BFBB
:10A2900090EA020F05D054EA000C04BF194610469C
:10A2A00030BD91EA030F1EBF0021002030BD5FEAE0
:10A2B000545C05D14000494128BF41F0004130BD08
:10A2C00014F580043CBF01F5801130BD01F000455C
:10A2D00045F0FE4141F470014FF0000030BD7FEACF
:10A2E000645C1ABF194610467FEA655C1CBF0B46CA
:10A2F000024650EA013406BF52EA033591EA030FE1
:10A3000041F4002130BD00BF90F0000F04BF0021D8
:10A31000704730B54FF4806404F132044FF000050B
:10A320004FF0000150E700BF90F0000F04BF002184
:10A33000704730B54FF4806404F1320410F00045EA
:10A3400048BF40424FF000013EE700BF42004FEAE5
:10A35000E2014FEA31014FEA02701FBF12F07F4362
:10A3600093F07F4F81F06051704732F07F4208BF19
:10A37000704793F07F4F04BF41F40021704730B520
:10A380004FF4607401F0004521F000411CE700BF6C
:10A3900050EA010208BF704730B54FF000050AE0EF
:10A3A00050EA010208BF704730B511F0004502D5F0
:10A3B000404261EB41014FF4806404F132045FEAF2
:10A3C000915C3FF4D8AE4FF003025FEADC0C18BF9B
:10A3D00003325FEADC0C18BF033202EBDC02C2F18D
:10A3E000200300FA03FC20FA02F001FA03FE40EA1F
:10A3F0000E0021FA02F11444BDE600BF014B1868BB
:10A40000704700BFB8500020F0B5ADF5057D04AF32
:10A41000009313464FF400720E460392394603AA86
:10A42000054600F005FE88B104460246039B31460E
:10A43000284601F07BF9BC42039004D0284621460F
:10A4400000F09EFF03980DF5057DF0BD4FF0FF3045
:10A45000F9E700BF10B4054C8446134620685DF848
:10A46000044B0A466146FFF7CFBF00BFB85000203B
:10A4700000B50B4C25681446EE681A4685B00346B5
:10A480000D464CB107490095CDE901143046064907
:10A4900001F0AEF8F2F750FF04490C46F3E700BFB5
:10A4A000B85000205C4100206C410020484500204D
:10A4B000830730B548D0541E002A3FD0CAB20346A5
:10A4C00001E0013C3AD303F8012B9D07F9D1032C9D
:10A4D0002DD9CDB245EA05250F2C45EA054536D9DB
:10A4E000A4F1100222F00F0C03F1200EE6444FEA13
:10A4F000121C03F1100242E9045542E902551032E0
:10A500007245F8D10CF1010214F00C0F03EB0212AA
:10A5100004F00F0C13D0ACF1040323F00303043355
:10A52000134442F8045B9342FBD10CF003042CB1BA
:10A53000C9B21C4403F8011B9C42FBD130BD6446E8
:10A540001346002CF4D1F9E703461446BFE71A4638
:10A55000A446E0E713460A460146022003F0E2BEA5
:10A5600070B50D4E0D4D761BB61006D0002455F873
:10A57000043B01349847A642F9D1094E094D761B98
:10A5800006F01CFAB61006D0002455F8043B01343E
:10A590009847A642F9D170BD801E0060801E006001
:10A5A000881E0060801E0060704700BF704700BFBB
:10A5B000704700BF704700BF014B93F828017047F8
:10A5C000304B002080EA0102844612F0030F4FD185
:10A5D00011F0030F32D14DF8044D11F0040F51F872
:10A5E000043B0BD0A3F101329A4312F0803F04BF29
:10A5F0004CF8043B51F8043B16D100BF51F8044B12
:10A60000A3F101329A4312F0803FA4F101320BD141
:10A610004CF8043BA24312F0803F04BF51F8043BC6
:10A620004CF8044BEAD023460CF8013B13F0FF0F23
:10A630004FEA3323F8D15DF8044B704711F0010F56
:10A6400006D011F8012B0CF8012B002A08BF704727
:10A6500011F0020FBFD031F8022B12F0FF0F16BF1E
:10A660002CF8022B8CF8002012F47F4FB3D17047E6
:10A6700011F8012B0CF8012B002AF9D1704700BF0B
:10A68000436C70B505460C464BB153F8240080B1BD
:10A69000026843F824200023C0E9033370BD21225F
:10A6A000042100F0C9FB034668640028EDD10020B6
:10A6B00070BD012101FA04F6721D9200284600F0D7
:10A6C000BBFB0028F3D0C0E90146E4E731B1436C9D
:10A6D0004A6853F82200086043F82210704700BF10
:10A6E0002DE9F0410E6980460F461D4601F1140E1A
:10A6F0000020DEF800108CB202FB0453090C4FEA74
:10A70000134C02FB01CC01309CB204EB0C4486429A
:10A710004EF8044B4FEA1C45EBDC3DB1BB68B3423D
:10A7200007DD07EB860301365D613E613846BDE813
:10A73000F081796840460131FFF7A2FF0446B0B1CD
:10A740003A69023207F10C0192000C3000F0A2FCD1
:10A75000D8F844307A6853F82210396043F82270F0
:10A76000274607EB860301365D613E61DEE7034B5A
:10A7700003482246BA21FFF77BFE00BFFC410020C0
:10A7800010420020030C1B04D3B90004102310F066
:10A790007F4F04BF0002083310F0704F04BF000168
:10A7A000043310F0404F04BF80000233002805DB63
:10A7B00010F0804F03F1010308BF202318467047B3
:10A7C0000023E4E7036813F0070208D0D9071FD479
:10A7D0009A0722D55B08036001221046704799B2A0
:10A7E00009B91B0C1022D9B209B908321B0A190782
:10A7F00004BF1B090432990704BF9B080232D90722
:10A8000003D45B0802F1010205D0036010467047D3
:10A810000022104670472022DFE79B0802220360D7
:10A820001046704738B5436C04460D464BB1586826
:10A83000B0B102685A6000220123C0E90435C26049
:10A8400038BD2122042100F0F7FA03466064002895
:10A85000EDD1094B0948002240F24511FFF708FEEF
:10A860001C220121204600F0E7FA0028F1D0012245
:10A870000223C0E90123DEE7FC4100201042002052
:10A880002DE9F04F0E691569AE4285B08846144631
:10A8900005DB2A46234635460C4616469846A368ED
:10A8A0006168AF19BB42B8BF0131FFF7E9FE019003
:10A8B000002800F08780019B03F1140909EB870A47
:10A8C000D14505D24B46002243F8042B9A45FBD8CC
:10A8D00008F1140808EB860B04F11403D8451A4656
:10A8E00003EB85055FD22B1B153B23F003030433D9
:10A8F0001534A54238BF0423CDE902A7AC461F4654
:10A90000924605E0090C29D1C34509F1040948D94B
:10A9100058F8041B8DB2002DF4D056464C46002347
:10A9200056F8041B22681FFA81FE90B2090C05FB41
:10A930000E00120C034405FB012202EB13429BB2F2
:10A9400043EA0243B44544F8043B4FEA1243E7D8D4
:10A9500049F8073058F8041C090CD5D0D9F8003054
:10A9600050461A464C4600260588120C01FB05226B
:10A9700016449BB243EA064344F8043B50F8045B98
:10A9800022682D0C93B201FB053303EB164384457B
:10A990004FEA1346E8D8C34549F8073009F10409DE
:10A9A000B6D8DDE902A7002F02DC05E0013F03D0A5
:10A9B0005AF8043D002BF9D0019B18461F6105B0E1
:10A9C000BDE8F08F034B0448019A4FF4B171FFF7D3
:10A9D0004FFD00BFFC4100201042002012F0030395
:10A9E0002DE9F0411446064632D10D46A41020D080
:10A9F000D6F84080B8F1000F33D0E3074FF00007DE
:10AA000007D4641015D0D8F80000A8B18046E30739
:10AA1000F7D5424629463046FFF732FFB5B169689F
:10AA2000736C641053F821202A6043F821500546C6
:10AA3000E9D12846BDE8F081424641463046FFF75D
:10AA40001FFFC8F8000007608046E0E70546D8E72A
:10AA5000013B0F4A52F823200023FFF741FE054631
:10AA6000C4E701213046FFF70BFE804640B10123C9
:10AA700040F27122C0E90432002330640360BCE775
:10AA8000044B0548424640F24511FFF7F1FC00BF78
:10AA900060440020FC410020104200202DE9F047D6
:10AAA0000D4614462F69AB68496807EB62177E1C98
:10AAB0009E4280464FEA621904DD5B009E4201F12E
:10AAC0000101FADC4046FFF7DBFD8446002852D046
:10AAD000B9F1000F00F114020EDD09F105014FEA92
:10AAE000810E134600EB8101002043F8040B8B42DA
:10AAF000FBD1AEF114031A44296905F1140314F0D3
:10AB00001F0E03EB81012ED0CEF1200910464FF02D
:10AB1000000A1C6804FA0EF444EA0A0440F8044BE4
:10AB200053F8044B994224FA09FAF2D84B1B153B0F
:10AB300023F00303043305F11500814238BF0423D9
:10AB4000BAF1000F18BF374642F803A0D8F84430D6
:10AB50006A68CCF8107053F822102960604643F8F8
:10AB60002250BDE8F087043A53F8040B42F8040F72
:10AB70009942F9D8EAE7034B034862464FF4EF7174
:10AB8000FFF776FCFC410020104200200B69844650
:10AB90000069C01A16D10CF1140C14310CEB8302AD
:10ABA00010B401EB830301E0944508D252F8044D40
:10ABB00053F8041D8C42F7D005D24FF0FF305DF8FA
:10ABC000044B7047704701205DF8044B704700BF8D
:10ABD0002DE9F84F0F691369FF1A002F0E469046B2
:10ABE0007FD101F11405143202EB830205EB8303DC
:10ABF00001E09D4278D253F8041D52F8044DA14261
:10AC0000F7D069D37168FFF73BFD8146002877D004
:10AC10003569D8F81020C76008F1140E06F1140049
:10AC200009F1140A06F110010EEB820200EB850710
:10AC300056464FF0000C5EF8044B51F804BFA3B227
:10AC40001CFA8BFCACEB03034FEA144CCCEB1B4C13
:10AC50000CEB234C9BB243EA0C43724546F8043B91
:10AC60004FEA2C4CE7D8A2EB0801153908F115087A
:10AC7000424521F0030404F1040438BF04242044B5
:10AC800021F0030238BF002287425244544418D9AD
:10AC90002646014651F8043B1CFA83FC4FEA2C423D
:10ACA00002EB13421FFA8CFC4CEA02438F4246F837
:10ACB000043B4FEA224CEDD8013F3F1A27F003072F
:10ACC000E21923B952F8043D013D002BFAD0C9F82E
:10ACD00010504846BDE8F88F33460127464698464F
:10ACE00090E7F9DB00278DE70021FFF7C9FC8146DB
:10ACF00068B101220023C9E904234846BDE8F88F62
:10AD0000064B07484A4640F24521FFF7B1FB034B8B
:10AD100003484A4640F23721FFF7AAFBFC410020D6
:10AD2000104200202DE9F043884683B0012157EC02
:10AD3000106B1546FFF7A4FC0446002851D0C7F35A
:10AD40000A59C7F31303B9F1000F01D043F480137C
:10AD5000002E019318D101A8FFF734FD019A62611A
:10AD6000012200F120032261B9F1000F25D0A9F2E0
:10AD7000334909EB03022046C3F13503C8F800202C
:10AD80002B6003B0BDE8F08368460096FFF71AFD1C
:10AD9000034610B3DDE90002C3F1200102FA01F11C
:10ADA0000143DA4061610192002AA26114BF0222CC
:10ADB00001222261B9F1000FD9D1A3F23243C8F8C0
:10ADC000003004EB82031869FFF7DCFCC0EB421390
:10ADD00020462B6003B0BDE8F083009A6261019ABF
:10ADE000E2E7034B0348224640F20F31FFF740FBF6
:10ADF000FC410020104200200C4B0D4819680D4A00
:10AE0000D1F8983010B4D1F89C4003FB00F002FB5D
:10AE10000400A3FB0232013340EB0200C1E92630FB
:10AE20005DF8044B20F00040704700BFB850002090
:10AE30002DF451582D7F954C38B5A1FB02148CBBD5
:10AE400003F0B4FA0546E0B150F8042C22F00302F6
:10AE5000043A242A17D8132A1AD91B2AC0E9004415
:10AE60001DD9242A14BF00F1100200F118024FF07E
:10AE70000003C0E9024404BF04614461C2E9003335
:10AE80009360284638BD2146FFF712FB284638BD9F
:10AE900002460023C2E900339360284638BD00F122
:10AEA0000802F6E7FFF7AAFA0C2300250360E8E79B
:10AEB000024A0349034800F015BC00BFAC50002013
:10AEC00089B80200184900200C4B4168994210B51E
:10AED000044601D003F05AFDA168094B994202D003
:10AEE000204603F053FDE168064B994204D020460A
:10AEF000BDE8104003F04ABD10BD00BF88340220F9
:10AF0000F0340220583502202DE9F8432A4C2B4B0F
:10AF10002B48DFF8C090DFF8C0802A4F186000256A
:10AF200004230822294604F15C00274E6566C4E923
:10AF30000253C4E90055C4E90455A561FFF7B8FA06
:10AF4000224B63670822294604F1C400C4E907497B
:10AF5000C4E90987C4E91A55C4E91E55C4F8CC50A0
:10AF60002567C4F88050E662FFF7A2FA184BC4F8D0
:10AF7000DC30294604F16803082204F59670C4F811
:10AF80008430C4E92298C4E92476C4E93455C4E97C
:10AF90003855C4F83451C4F8D850C4F8E850FFF715
:10AFA00087FA04F1D003C4E93C98C4E93E76C4F8BA
:10AFB000EC30BDE8F88300BF88340220C0350220A1
:10AFC000AD7D02007985020099850200090001002B
:10AFD00012000200158502003985020010B50446F2
:10AFE0000A48FFF7E5FA636B23B9094B094A1B6866
:10AFF000626323B1BDE810400448FFF7DBBAFFF7F6
:10B0000083FFBDE810400148FFF7D4BA5034022056
:10B01000C0350220C57D02000148FFF7C9BA00BF54
:10B02000503402200148FFF7C5BA00BF5034022057
:10B0300030B5146815469BB01A4609B1002C19D1D9
:10B0400000214FF42273ADF80C30009104914FF6BB
:10B05000FF7302910591ADF80E3069461E9B00F01A
:10B060007DFB002813DB009B286000221A700498E7
:10B070001BB030BD4FF4C16300910491ADF80C30AA
:10B080002146E4DA8B23036000201BB030BD002092
:10B09000EEE700BF844641EA000313F003036DD1DD
:10B0A000403A41D351F8043B40F8043B51F8043B8B
:10B0B00040F8043B51F8043B40F8043B51F8043B92
:10B0C00040F8043B51F8043B40F8043B51F8043B82
:10B0D00040F8043B51F8043B40F8043B51F8043B72
:10B0E00040F8043B51F8043B40F8043B51F8043B62
:10B0F00040F8043B51F8043B40F8043B51F8043B52
:10B1000040F8043B51F8043B40F8043B51F8043B41
:10B1100040F8043B51F8043B40F8043B51F8043B31
:10B1200040F8043B403ABDD2303211D351F8043BD1
:10B1300040F8043B51F8043B40F8043B51F8043B11
:10B1400040F8043B51F8043B40F8043B103AEDD280
:10B150000C3205D351F8043B40F8043B043AF9D2D1
:10B16000043208D0D2071CBF11F8013B00F8013BA4
:10B1700001D30B8803806046704700BF082A13D3B1
:10B180008B078DD010F003038AD0C3F10403D21AC9
:10B19000DB071CBF11F8013B00F8013B80D331F8FD
:10B1A000023B20F8023B7BE7043AD9D3013A11F87D
:10B1B000013B00F8013BF9D20B7803704B784370E8
:10B1C0008B7883706046704700000000000000002C
:10B1D000000000000000000000000000000000006F
:10B1E000000000000000000000000000000000005F
:10B1F000000000000000000000000000000000004F
:10B200000000000090F800F06DE9024520F0070111
:10B210006FF0000C10F0070491F820F040F0498026
:10B220004FF000046FF00700D1E9002391F840F0DF
:10B2300000F1080082FA4CF2A4FA8CF283FA4CF383
:10B24000A2FA8CF34BBBD1E9022382FA4CF200F153
:10B250000800A4FA8CF283FA4CF3A2FA8CF3E3B957
:10B26000D1E9042382FA4CF200F10800A4FA8CF22E
:10B2700083FA4CF3A2FA8CF37BB9D1E9062301F1EE
:10B28000200182FA4CF200F10800A4FA8CF283FA51
:10B290004CF3A2FA8CF3002BC6D0002A04BF043072
:10B2A0001A4612BAB2FA82F2FDE8024500EBD20069
:10B2B0007047D1E9002304F00305C4F100004FEA10
:10B2C000C50514F0040F91F840F00CFA05F562EA98
:10B2D00005021CBF63EA050362464FF00004A9E7BC
:10B2E000F8B5244F0C46064603F086FCBB685D6843
:10B2F000C4F57E610F3125F003054B1923F47F63FC
:10B3000023F00F03A3F58054B4F5805F07DB002121
:10B31000304600F0D5F9BB682B44984204D0304643
:10B3200003F070FC0020F8BD6142304600F0C8F91F
:10B3300001300DD0104ABB682D1B45F001055D6042
:10B34000136830461B1B136003F05CFC0120F8BD42
:10B350000021304600F0B4F9BA68831A0F2BDEDD05
:10B3600043F001035360054B03491B68C01A086092
:10B37000D5E700BF9C4C002054340220A45000208C
:10B38000002961D0F8B50C46064603F035FC54F8A8
:10B39000042C7B4FA4F1080522F0010105EB010C00
:10B3A000B868DCF80430604523F0030300F08B80BC
:10B3B000D207CCF8043032D454F8082CAD1A11441A
:10B3C000AA6807F1080082426AD00CEB0304D4F8A3
:10B3D00004E0EC68D4601EF0010FA26000F09780DA
:10B3E00041F001036B60CCF80010B1F5007F35D25D
:10B3F0007868CB080122490901338A40024357F893
:10B4000033107A6007EBC302083AC5E9021247F825
:10B410003350CD603046BDE8F84003F0F3BB0CEB91
:10B4200003025268D00710D4194407F10800DCF871
:10B430000830834273D0DCF80C20DA60936041F06E
:10B4400001036B606950D0E7704741F00103B1F52B
:10B45000007F44F8043CCCF80010C9D3B1F5206F4C
:10B460004FEA512348D28B0903F1390003F1380226
:10B47000C300F818FB580838984259D05A6822F08F
:10B4800003028A4202D99B689842F7D1D868C5E97D
:10B4900002308560DD603046BDE8F84003F0B2BBA5
:10B4A0000CEB03025268D20763D40B44DCE90212AE
:10B4B000CA60916043F001026A603046EB50BDE81B
:10B4C000F84003F09FBB0B44D10707D454F8082C75
:10B4D000AD1A1344D5E90212CA60916043F001022B
:10B4E0006A60284ABD6012689A4293D8264B30465B
:10B4F0001968FFF7F5FE8DE7142B0AD9542B1FD8D6
:10B500000B0B03F16F0003F16E02C300B1E71944A6
:10B510008DE703F15C0003F15B02C300A9E741F092
:10B520000103C7E90455C5E902006B60695071E782
:10B5300079689210012404FA02F20A437A60A6E7BD
:10B54000B3F5AA7F06D8CB0B03F1780003F177029D
:10B55000C3008EE740F25452934206D88B0C03F19D
:10B560007D0003F17C02C30083E74FF47E737E22EB
:10B570007FE741F001036B60CCF800104AE700BFA1
:10B580009C4C0020A85000208434022040EA010393
:10B590009B0730B501D1032A0FD8844601F1FF3E45
:10B5A00007E01EF8011F03F8011B541EC1B19C46A1
:10B5B00022466346002AF4D130BD0B468446194624
:10B5C00053F8045BA5F1013424EA050414F0803F2C
:10B5D000E4D1043A032A4CF8045B1946EFD8DDE7BE
:10B5E0009444002CE8D003F8011B6345FBD130BD27
:10B5F0000EB410B583B005AB064C53F8042B019381
:10B600000146206801F088FE03B0BDE8104003B099
:10B61000704700BFB850002010B50C46B1F90E10AD
:10B6200004F09EFD002803DB236D0344236510BD59
:10B63000A38923F48053A38110BD00BF2DE9F041FD
:10B640000C46B1F90C101F46CB05054616460BD427
:10B6500021F48051A1813B46B4F90E1032462846B0
:10B66000BDE8F04100F062B8B4F90E1002230022E8
:10B6700004F060FDB4F90C10EAE700BF10B50C4609
:10B68000B1F90E1004F056FDA389421C0EBF23F43D
:10B69000805343F480532065A38110BDB1F90E108F
:10B6A00004F0CEB949B1FF2A02D80A7001207047D0
:10B6B0008A2303604FF0FF3070470846704700BF91
:10B6C00038B5074D0022044608462A60EFF750F9C6
:10B6D000431C00D038BD2B68002BFBD0236038BD45
:10B6E000C43502202DE9F84380460F4616464FF038
:10B6F0000009D6E90154013D11D4A389012B05F1BC
:10B70000FF3508D9B4F90E300133214603D0404645
:10B71000B84749EA00096B1C04F16804EDD13668AA
:10B72000002EE6D14846BDE8F88300BF38B50C4688
:10B73000084D8446114620461A4600232B60644675
:10B74000EEF7D0FF431C00D038BD2B68002BFBD098
:10B75000236038BDC4350220000000002DE9F04F01
:10B760002DED088BD1B00C460BEE101A90460893C5
:10B77000834603F007F9036812931846FFF742FD6A
:10B7800020AF1090082200213846FEF791FEA389D1
:10B790001B0603D52369002B00F0558700239FED7E
:10B7A000838B9FED849BCDE92533CDE91333CDE920
:10B7B000153327AA0E93249292461193049344467C
:10B7C000A1467E4BD3F8E450FEF7F6FE4A46034608
:10B7D0001CA900975846A847002800F0B080C0F286
:10B7E000A6801C9A252A034601D09944E9E7B9EBC3
:10B7F0000405064640F0A78000234FF0FF328DF885
:10B8000067309846069309F1010999F800300392D0
:10B810002B25202609F10109A3F120025A2A00F262
:10B82000CF80DFE812F0E802CD00CD00E302CD00CA
:10B83000CD00CD006A00CD00CD0005028402CD0010
:10B840001002C902CD00BD025B005B005B005B0023
:10B850005B005B005B005B005B00CD00CD00CD00BA
:10B86000CD00CD00CD00CD005301CD0083011A02E3
:10B87000530153015301CD00CD00CD00CD00150281
:10B88000CD00CD009602CD00CD00CD00AB01CD00A6
:10B89000AA02CD00CD00E306CD00CD00CD00CD0045
:10B8A000CD00CD00CD00CD005301CD008301DE01E0
:10B8B0005301530153017702DE017F00CD0089025D
:10B8C000CD005F02E0062F027F00CD00AB017C00BF
:10B8D000B806CD00CD00BD06CD007C00A3F130023E
:10B8E000002119F8013B01EB810102EB4101A3F1B9
:10B8F0003002092AF5D906918EE7584603F042F83E
:10B90000436815931846FFF77DFC1690584603F0E0
:10B9100039F883681393169B002B40F02D8699F815
:10B92000003077E799F8003048F0200872E70822E5
:10B9300000213846FEF7BCFD0123994441E7B9EBED
:10B940000405064611D0269B2B442693259B0133E4
:10B95000072BCAE9004525931CDC0AF1080A049B61
:10B960002B440493002E7FF447AF269B002B41F01D
:10B970000B821BEE103AB3F90C3013F0400F049B0E
:10B9800018BF4FF0FF330493049851B0BDEC088BFF
:10B99000BDE8F08F1BEE101A24AA584604F0FAFDF9
:10B9A0000028E6D10DF19C0AD9E700BF0000000095
:10B9B00000000000FFFFFFFFFFFFEF7F304B002084
:10B9C0000B93002BD1D00021CDE90C118DF8DC3088
:10B9D00001238DF8671002930791059303910F914E
:10B9E00037AC18F00203099302D0029B0233029392
:10B9F00018F084030A9305D1069B029A9D1A002D24
:10BA000000F36983269A89B125990DF16700013108
:10BA10000132CAF8000007294FF001002692259153
:10BA2000CAF8040000F3A2830AF1080A099B83B153
:10BA3000259B1AA901330232CAF80010072B4FF0D8
:10BA4000020126922593CAF8041000F3A3830AF199
:10BA5000080A0A9B802B00F06C82039B05995D1AF3
:10BA6000002D00F3A58218F4807F40F00D82059B25
:10BA7000CAF804301A44259BCAF800400133072B4A
:10BA80002692259300F31B830AF1080A18F0040F8D
:10BA900005D0069B02995C1A002C00F38883049B56
:10BAA000069902988142ACBF5B181B180493002AC8
:10BAB00040F0B08200232593079B1BB1079958469D
:10BAC000FFF75EFC0DF19C0A4C4679E60B93089B50
:10BAD000073323F00703B3EC028BB0EEC87BB4EE60
:10BAE000497BF1EE10FA089340F3E984B5EEC08B80
:10BAF000F1EE10FA01F159809DF86710AB4CAC4B98
:10BB000028F080080B9A472AC8BF1C460023CDE9BD
:10BB10000C33032207930292059203930F9300299B
:10BB20003FF45FAF029B013302935AE7432B0B9321
:10BB300003D018F0100F00F05D85089D0822002149
:10BB400022A837ACFEF7B4FC22AB55F8042B2146F3
:10BB5000584602F0F1FE03460133059001F0EE82F3
:10BB6000059B089523EAE37302930021CDE90C11AC
:10BB70008DF86710079103910F9132E70B93089BA3
:10BB80001A4600238DF86730134653F8044B089388
:10BB9000002C00F048850B9B532B00F0EC8618F02E
:10BBA00010030C9340F0E786039B5D1C01F0E580D9
:10BBB0000C991A46204604F01DF80790002801F061
:10BBC0002883079B1A1B05920C9B039322EAE272BF
:10BBD0000F930D93079373239DF8671002920B93B5
:10BBE0009DE718F0200F0B93089B3DD0073323F0FF
:10BBF00007031A4611465B6851F8082B089119464D
:10BC0000002BC0F20C84039B013300F09E8228F0CD
:10BC1000800052EA0103029040F09982039B002BBE
:10BC200040F09A82804600230393059350AC06E1CE
:10BC3000089B53F8042B0692002A80F21984069A76
:10BC400008935242069299F8003048F00408E1E562
:10BC500099F8003048F00808DCE548F0100818F0C2
:10BC6000200F0B93089BC1D118F0100F40F00B84EC
:10BC700018F0400F00F0038433F9042B0893D11718
:10BC80000B46BDE7089B48F00202029253F8042BD2
:10BC9000089347F63003ADF868307820454B119390
:10BCA000002102230B900020039C8DF86700601C8C
:10BCB00000F0AD80029820F0800852EA010040F0C8
:10BCC000A480002C40F0AE86002BACD1029B13F078
:10BCD0000103059300F0D18330238DF83F310DF23D
:10BCE0003F14ACE018F0200F40F0D48318F0100F90
:10BCF00040F09F8618F0400F40F0978718F4007FBF
:10BD000000F09786089B049953F8042B0893117050
:10BD10004C4655E599F80030682B03BF99F801307F
:10BD200048F4007809F1010948F0400872E599F8F3
:10BD300000308DF867506DE599F800306C2B03BF2B
:10BD400099F8013048F0200809F1010948F010087D
:10BD500060E50B9348F0100818F0200100F05183C3
:10BD6000089B073323F00703596853F8082B0893FF
:10BD700028F480630293002395E70B9348F01003A7
:10BD80000293029B13F0200100F02983089B0733E4
:10BD900023F00703596853F8082B0893012382E71F
:10BDA00099F8003048F0800834E500BFDC430020FB
:10BDB000E0430020EC430020494611F8013B2A2BC8
:10BDC00001F04982A3F13002092A894698BF002177
:10BDD00001F2448119F8013B01EB810102EB4101C1
:10BDE000A3F13002092AF5D9039115E599F800303D
:10BDF00048F001080EE59DF86730002B7FF48FAD09
:10BE000099F800308DF8676004E5CDF80880012BC3
:10BE100000F09D81022B50AC20D1119802F00F034D
:10BE20001209C35C04F8013D42EA0172090952EAB1
:10BE30000103F3D150AB1B1BDDF808800593059A75
:10BE400003989DF8671082424FF00003B8BF024686
:10BE5000CDE90C33079302920F9360E602F00703DB
:10BE6000D20842EA4172C908303352EA010520463D
:10BE700004F8013DF2D1029AD10700F14D8250AB96
:10BE80001B1B90460593DAE70B9B652B40F3D48090
:10BE9000B5EE408BF1EE10FA40F0C181259BBA4916
:10BEA000CAF80010013301320121072B2692259395
:10BEB000CAF8041000F351850AF1080A1B9B0E9979
:10BEC0008B4280F2D082109B12991A44CAE9001367
:10BED000259B26920133072B259300F397830AF1C4
:10BEE000080A0E9B5C1E002C7FF7D0AD102C259B02
:10BEF00040F36E851BEE106A102505E00AF1080A72
:10BF0000103C102C40F364850133A0491032072BFC
:10BF1000CAE90015CDE92532F0DD24AA314658469C
:10BF200004F038FB00287ED1DDE925320DF19C0AB2
:10BF3000E6E7069B02995D1A002D7FF78EAD102D66
:10BF4000259B21DD099410261BEE104A04E0103DCC
:10BF5000102D0AF1080A16DD01338C491032072B27
:10BF6000CAE90016CDE92532F1DD24AA214658465A
:10BF70000DF19C0A04F00EFB002854D1103D102D49
:10BF8000DDE92532E8DC099C8049CAF80450013318
:10BF90002A44072BCDE92532CAF8001000F3268584
:10BFA000039B05995D1A002D0AF1080A7FF75BAD26
:10BFB000102D259B1FDD514610261BEE10AA04E014
:10BFC000103D102D01F1080114DD01336F481032CE
:10BFD000072BC1E90006CDE92532F1DD24AA51463F
:10BFE000584604F0D7FAF0B9103D102DDDE925329E
:10BFF00027A9EADC8A4601336449CAF804502A4476
:10C00000072BCDE92532CAF8001000F3DA810AF1D6
:10C01000080A28E51BEE101A24AA584604F0BAFABA
:10C0200000283FF447AD079B002B3FF4A2AC0799D3
:10C030005846FFF7A5F99CE40E9B012B40F37A814B
:10C04000259BCAF80040013301320121072B2692BB
:10C050002593CAF8041000F3F8810AF1080A109930
:10C06000129801330A44072BCAE90001CDE92532B1
:10C0700000F3DD810AF1080AB5EE408BF1EE10FA0B
:10C0800000F077810E990133013901340A44072BFE
:10C09000CAF800402593CAF80410269200F35B8189
:10C0A0000AF1080A1499CAF8041001330A44072B4C
:10C0B0001EA9CDE92532CAF800107FF7E5AC1BEECA
:10C0C000101A24AA584604F065FA0028ABD1269A23
:10C0D0000DF19C0ADAE4102DDDE925122C4E24DD49
:10C0E000179410231BEE104A084604E0103D102D53
:10C0F0000AF1080A17DD013010320728CAE9006387
:10C10000CDE92502F2DD24AA214658460DF19C0A0C
:10C1100004F040FA002886D1103D102DDDE92502FB
:10C120004FF01003E7DC179C014601312A44072930
:10C13000CDE92512CAF80060CAF8045000F3BD83A7
:10C140009DF867100AF1080A5DE4CDF808800A2A14
:10C1500071F1000380F0458330320123DDF808805F
:10C160008DF83F2105930DF23F1468E61BEE101A7F
:10C1700024AA584604F00EFA00287FF454AF269AF9
:10C180000DF19C0A52E400BF1C440020F44800203A
:10C19000404400201BEE101A24AA584604F0FAF975
:10C1A00000287FF440AF269A0DF19C0A51E4102C30
:10C1B000259BBE4E1FDD1BEE108A102504E0103CAF
:10C1C000102C0AF1080A16DD01331032072BCAE9D8
:10C1D0000065CDE92532F2DD24AA414658460DF12D
:10C1E0009C0A04F0D7F900287FF41DAF103C102CF6
:10C1F000DDE92532E8DC01332244072BCAE900647B
:10C20000CDE925327FF74BAC1BEE101A24AA584615
:10C2100004F0C0F900287FF406AF269A3FE41B998A
:10C22000002940F35A830C9E0E9B9E42A8BF1E46D7
:10C23000002E0BDD259B01333244072BCAE9004653
:10C240002692259300F389860AF1080A0C9D002E98
:10C25000A8BFAD1B002D00F303820C9B18F4806F68
:10C260002344059340F01F821B9B0E998B4203DBF6
:10C2700018F0010F00F0CF84109912980A44CAE90F
:10C2800000012599269201310729259100F3A58601
:10C290000AF1080A0E996518CC1A059BED1AA542F9
:10C2A000A8BF2546002D0DDDCAF80030259BCAF831
:10C2B000045001332A44072B2692259300F3BB86B2
:10C2C0000AF1080A002DA8BF641B002C7FF7DEAB23
:10C2D000102C259B40F37C831BEE106A102505E093
:10C2E0000AF1080A103C102C40F3728301337049A4
:10C2F0001032072BCAE90015CDE92532F0DD24AA5A
:10C300003146584604F046F900287FF48CAEDDE94A
:10C3100025320DF19C0AE5E7302B3FF48BAD30233D
:10C32000023804F8013C50AB1B1ADDF80880059375
:10C33000044684E518F0010F7FF482AE259BCAF80D
:10C340000040013301320121072B26922593CAF8C0
:10C3500004107FF7A5AE1BEE101A24AA584604F06D
:10C3600019F900287FF45FAEDDE925320DF19C0A52
:10C3700098E60E994C1E002C7FF794AE102C40F3DB
:10C3800061831BEE106A102505E00AF1080A103CD3
:10C39000102C40F35783013345491032072BCAE96B
:10C3A0000015CDE92532F0DD24AA3146584604F0C7
:10C3B000F1F800287FF437AEDDE925320DF19C0A53
:10C3C000E5E71BEE101A24AA584604F0E3F800280B
:10C3D0007FF429AE269A0DF19C0AFFF744BB029B1D
:10C3E00013F0100340F0C180029A12F0400200F0F6
:10C3F0007A83089850F8042B0890194692B20123CA
:10C4000051E418F0100355D118F0400200F05D839C
:10C41000089850F8042B0890194692B2A8E45242AA
:10C4200061EB4101CDF808802D2001233CE41BEE97
:10C43000101A24AA584604F0ADF800287FF4F3AD92
:10C44000DDE925320DF19C0A16E61BEE101A24AA2E
:10C45000584604F09FF800287FF4E5ADDDE9253269
:10C460000DF19C0AFBE518F0010F3FF40FAB2AE534
:10C47000089399F80030FFF7CDB950ACDFE418F419
:10C48000007F40F0DB8353F8042B0893D1170B4651
:10C49000FFF7B6BB089B049853F8041B0893C21718
:10C4A000C1E900024C46FFF78BB900BF40440020B1
:10C4B000F4480020089B53F8042B089358E4B4EE8A
:10C4C000488BF1EE10FA80F194860B9B612B00F003
:10C4D0005285412B00F0C085039B01330B9B23F059
:10C4E000200500F08084472D04D1039B002B08BF5A
:10C4F0000123039318EE903A002B48F480724646CD
:10C50000C0F21886B0EE48AB00239046099307931B
:10C510000B9B413B252B00F29883DFE813F06F045F
:10C5200096039603960368046C0496039603960399
:10C530009603960396039603960396039603960333
:10C540009603960396039603960396039603960323
:10C550009603960396039603960396039603960313
:10C5600096039603960368046C04089B53F8042B07
:10C5700008930123FFF797BB139B002B3FF4CFA930
:10C58000139B1B78002B3FF4CAA999F8003048F49C
:10C590008068FFF73FB90B93CDF80880FFF7F1BB38
:10C5A0000B939A4B119318F0200100F00581089B22
:10C5B000073323F00703596853F8082B089318F042
:10C5C000010F0AD052EA010307D00B9B8DF86930A6
:10C5D000302348F002088DF8683028F48063029315
:10C5E0000223FFF760BB0B93FFF7B6BB0B93884B9F
:10C5F0001193D8E7089B012153F8042B02918DF881
:10C60000DC200893059137ACFFF7AFBA1BEE101A88
:10C6100024AA584603F0BEFF00287FF404AD269AF2
:10C620000DF19C0A5DE4039B0794062B224628BF6C
:10C63000062303942146CDE90C22764C0293059300
:10C640000F92FFF76CBA4021584601F0AFFE206010
:10C650002061002800F00F8640236361FFF79EB839
:10C66000102D259B40F35D82514610261BEE10AA2B
:10C6700004E00831103D102D40F35282013366482A
:10C680001032072BC1E90006CDE92532F1DD24AADD
:10C690005146584603F07EFF00287FF4C4ACDDE924
:10C6A000253227A9E6E70E9BCDF82490E3180393E3
:10C6B0000D9BCDF82880139E059DDDF85890DDF880
:10C6C0003C800B941BEE101A5046002B34D0B8F16E
:10C6D000000F35D10D9B013B013E0D93159BC0E929
:10C6E0000039259B01334A44072B269225936CDCA5
:10C6F0000830039B96F800C05B1B6345A8BF6346E8
:10C70000002B9A460CDD259C01341A44072CC0E905
:10C7100000532692259400F3778196F800C00830E4
:10C72000BAF1000FACBFACEB0A046446002C0ADC83
:10C7300065440D9B002BCAD1B8F1000F00F0AC830B
:10C7400008F1FF38CAE7102CDDF894C024DD059508
:10C750004FF0100A63460D4604E0103C102C00F127
:10C76000080016DD01332C491032072BC0E9001AEE
:10C77000CDE92532F1DD24AA2946584603F00AFF07
:10C7800000287FF450AC103C102CDDE9253227A89E
:10C79000E8DC2946059D9C460CF1010322444460D7
:10C7A000072B1D4C0460CDE9253200F3C68396F8B3
:10C7B00000C008306544BCE718F0100300F0C280E8
:10C7C000089B53F8042B0893F9E624AA58460591D0
:10C7D00003F0E0FE00287FF426AC269A059927A8EE
:10C7E00087E70298CDF81CA050AC00F480600025CB
:10C7F0000AEE10BA094BDDF84CA0CDF81490A34610
:10C800004FF00508AC46044610E000BFEC430020A2
:10C810000044002014440020F4480020CDCCCCCCAF
:10C820000A2A71F1000136D34A463146501840F1C8
:10C830000000A3FB005626F0030505EB9605401B00
:10C84000151A4FF0CC3661F1000E06FB05F6A5FB7C
:10C85000039503FB0E6609F0010E2E44AEFB085E45
:10C860002D184FEA590930350BF8015C49EAC679B1
:10C870000CF1010C0BF1FF3B7608002CD0D09AF89C
:10C8800000008445CCD1BCF1FF0FC9D00A2A71F158
:10C89000000180F08F815C4650AB1B1BDDF81490CB
:10C8A000CDF84CA01AEE10BADDF81CA0DDF8088017
:10C8B000CDF838C00593FFF7C2BA1BEE101A24AAB0
:10C8C000584603F067FE00287FF4ADAB9DF8671073
:10C8D000269A0DF19C0AFFF796B8259BBE48CAF828
:10C8E0000000013301320120072B26922593CAF85C
:10C8F000040000F377810AF1080A002940F0AF80B4
:10C900000E9908F001030B433FF4C0A8109B129945
:10C910001A44CAE90013259B26920133072B25935D
:10C9200000F352820AF1080A0E99CAF80040013356
:10C930000A44072BCDE92532CAF804107FF7A4A8D2
:10C94000FFF7BDBB18F0400200F0DD80089850F8FA
:10C95000042B0890194692B231E61BEE101A24AA55
:10C96000584603F017FE00287FF45DAB269A0DF1C0
:10C970009C0AFFF7A3BA22AE0822002130461D947C
:10C98000FDF796FD039B5A1C00F0DB800025CDF8D7
:10C990000890CDF81C809946A8460CE037A9584667
:10C9A00001F0CAFF431C404400F0C883484508DC3E
:10C9B00000F0188480461D9A525933460435002AE7
:10C9C000ECD1CDF81480DDF80890DDF81C80C5E0CE
:10C9D00001338249CAF804402244072BCAF80010E8
:10C9E000CDE925327FF750A8FFF769BB1BEE101A7F
:10C9F00024AA584603F0CEFD00287FF414AB269AF3
:10CA00000DF19C0AFFF729B824AA5846059103F0B6
:10CA1000C1FD00287FF407AB96F800C0269A05995F
:10CA200027A87DE6012BCDF808807FF4F3A9FFF756
:10CA300093BB089B049953F8042B4C461160089350
:10CA4000FEF7BEBE01336549CAF804402244072BF5
:10CA5000CDE92532CAF800107FF722AB7BE4109BAA
:10CA600012981A44CAE90003259B26920133072B2A
:10CA7000259300F3A9810AF1080A0029BFF654AFF3
:10CA80004D42103180F20F831BEE101A102605E084
:10CA90000AF1080A103D102D40F3058301334F4879
:10CAA0001032072BCAE90006CDE92532F0DD24AAB1
:10CAB0005846039103F06EFD00287FF4B4AADDE927
:10CAC000253203990DF19C0AE4E7089B18F40071E4
:10CAD0001ABF114653F8042B53F8042B089318BFC0
:10CAE000D2B2FFF745B9029B13F40071089B1ABF3D
:10CAF000114653F8042B53F8042B089318BFD2B2F5
:10CB00000123FFF7D0B8089B18F400711ABF114633
:10CB100053F8042B53F8042B089318BFD2B24EE5F8
:10CB20008A4601332D49CAF804502A44072BCDE91F
:10CB30002532CAF8001000F339810AF1080AFFF71C
:10CB40008CBB0023194600961DAA584602F060F8D7
:10CB500003460133059000F0F1821D94059B002BE4
:10CB60004ED0632B00F318810023079337AC0822C3
:10CB700000213046FDF79CFC059D00962B461DAA22
:10CB80002146584602F044F8854240F07C83059ADD
:10CB90000023A35422EAE272CDE90C339DF867101A
:10CBA000039302920F93FEF7BABF2D218DF8671001
:10CBB000FEF7A4BF169B1599ABEB030B1A4658461C
:10CBC000FEF7E4FC9AF80120054B0AB10AF1010ACC
:10CBD0004FF0000C28E600BF1C440020F448002061
:10CBE000CDCCCCCC1BEE101A24AA584603F0D2FCB4
:10CBF00000287FF418AA1B99269A0DF19C0A7CE65E
:10CC0000059B9DF867100F93CDE90233CDE90C33F6
:10CC10000793FEF784BF0E99059865182D1ACC1A54
:10CC2000A542A8BF2546FFF74DBB089B049953F8C2
:10CC3000042B089311804C46FEF7C2BD13F9042B58
:10CC40000893D1170B46FEF7DBBF039A022122ABF4
:10CC500001931DAB009358461BABB0EE4A0B0292FA
:10CC600002F078F8472D029A044600F06181462DC3
:10CC7000104405D12378302B00F06F821B9A1044AA
:10CC8000B5EE40ABF1EE10FA40F0468103461B1BB7
:10CC90000E93472D00F01081462D00F0B5811B9BAF
:10CCA0000C930C9B412D03F1FF331B9300F0E581A6
:10CCB0009DF82C200021002BB8BF0C9B8DF878200C
:10CCC000BABFC3F101032D222B22092B8DF8792045
:10CCD00040F3DA810DF18F05DFF81CC42A461046B7
:10CCE0008CFB0321DA17C2EBA10202EB8201A3EB5A
:10CCF0004101303100F8011C19466329134600F147
:10CD0000FF32ECDC3033D9B2831E9D4202F8011CA5
:10CD100040F28B8213460DF17A0201E013F8011BF9
:10CD200002F8011B9D42F9D10DF191030DF17A0238
:10CD30001B1A13441EAA9B1A14930E9B149A012BC0
:10CD40001A44059240F30382059B109A13440593FD
:10CD500026F48063059A43F480780023CDE90C33F0
:10CD600022EAE2720F930292099B002B40F0B180FD
:10CD70009DF867100393FEF7D2BE2046FEF742FAF5
:10CD800002460590FEF720BF1BEE101A24AA584653
:10CD900003F000FCFEF7EDBD591C584601F006FB00
:10CDA0000446002800F0CA810790E0E61BEE101A46
:10CDB00024AA584603F0EEFB00287FF434A9269AF3
:10CDC0000DF19C0AFFF749BA1BEE101A24AA584627
:10CDD00003F0E0FB00287FF426A9DDE925321B994A
:10CDE0000DF19C0A49E606230393FFF783BB039BDF
:10CDF00002215A1C2BE7039A032128E71BA8B0EE57
:10CE00004A0B02F047FFB4EE007B20EE070BB5EEB5
:10CE1000400BF1EE10FA01D101231B93B348039BA1
:10CE2000B3EE005B013B224604E0B5EE400BF1EEB1
:10CE300010FA13D020EE050BFDEEC07BB3F1FF3FDF
:10CE400017EE901A415CB8EEE76B944630EE460B55
:10CE500002F8011B194603F1FF33E6D1B6EE006B71
:10CE6000B4EEC60BF1EE10FA00F34881B4EE460BB7
:10CE7000F1EE10FA04D117EE903ADB0700F13E8193
:10CE8000002906DB4B1C1344302102F8011B93429E
:10CE9000FBD1131B0E93FCE60B9C0E9BDDF824903C
:10CEA000DDF828801396E3189D42294628BF1946CD
:10CEB00082460591FFF7D8B91B9B0C93DA1C02DB65
:10CEC000039A93420CDD0B9B023B0B9323F020054E
:10CED000E7E62D2100238DF867100393FEF722BEAD
:10CEE0000C9B0E9A9342C0F2BD80F0070C9B40F160
:10CEF0003281109A13440593710503D50C9B002BC6
:10CF000000F33581059B23EAE373029367230B93B8
:10CF100000230F930D9327E7229B8342BFF4B7AE04
:10CF200030215A1C22921970229B9842F9D8AEE601
:10CF3000F30700F1A780229BA9E624AA5846059191
:10CF400003F028FB00287FF46EA896F800C0269A0C
:10CF5000059927A86544FFF7ECBB1BEE101A24AA1D
:10CF6000584603F017FB00287FF45DA8269A0DF1C0
:10CF70009C0AFFF76BB978238DF8693030238DF860
:10CF80006830039B632B48F0020600F3A680002361
:10CF9000079337AC18EE903A002B48F481782BDBDE
:10CFA000B0EE48AB0B9B23F02005002309930B9BAD
:10CFB000612B7FF4ADAAB0EE4A0B1BA802F06AFE0B
:10CFC000B4EE007B20EE070BB5EE400BF1EE10FA4D
:10CFD00001D101231B93464821E71BEE101A24AA16
:10CFE000584603F0D7FA00287FF41DA81B9B269A09
:10CFF0000DF19C0AFFF74EB90B9B23F020052D2362
:10D000000993B1EE48ABD2E71B9A0C92002A06F0C6
:10D01000010340F30D8103990B4340F0CF800C9B3B
:10D02000059366230B93720500F1A380059B23EA09
:10D03000E37302936CE71BEE101A24AA584603F020
:10D04000A9FA00287EF4EFAF1B9C0E9B269A1C1BAE
:10D050000DF19C0AFFF736B958238DE700220392A1
:10D06000FEF7DABB0E9B109A9A180C9B0592002BC8
:10D0700040F3AB8067230B93D5E70B9A0F32D2B204
:10D08000012118E6A018FBE5002940F0A880302215
:10D090008DF87A200DF17B02303302F8013B1EAB94
:10D0A000D31A149349E601331249CAF804502A44AA
:10D0B000072BCDE92532CAF800107FF733AC1BEE01
:10D0C000101A24AA584603F065FA00287EF4ABAF84
:10D0D000DDE925320DF19C0A26E4591C584601F081
:10D0E00065F9044650B3079054E700BF00440020A0
:10D0F000EC430020F448002067666666CDF888C0DF
:10D1000012F8011C90F80FC0614513460AD14FF088
:10D11000300E03F801EC229B591E229113F8011CDA
:10D120008C45F6D0392916BF0131817AC9B203F88E
:10D13000011CAEE600239046079360E71BEE102A21
:10D14000B2F90C3043F040039381FEF716BCF507AB
:10D150007FF5FEADF8E50593CEE6B5EE40ABF1EE1A
:10D1600010FA3FF48BADC2F101021B9287E56723F1
:10D170000B9313990B78FF2B79D000250C9A284636
:10D1800003E001300131FF2B08D0934206DAD21AB6
:10D190004B78002BF5D10B780135F4E70C92139105
:10D1A0000D900F950F9A0D9B16991344059A01FB4C
:10D1B0000323059323EAE3730293D5E5109BD31869
:10D1C0001944662305910B932DE7C3F101031A441B
:10D1D00022EAE2730293672305920B9398E60DF11E
:10D1E0007A0259E7039BDDF80890DDF81C8005936F
:10D1F000B4E418EE903A002BB4BF2D219DF86710CF
:10D20000254C264BB8BF8DF8671028F08008FEF734
:10D2100079BC039B0293059373239DF867100390D9
:10D220000F900D900B93FEF77ABC0223149384E5C4
:10D23000039A134305D10123662202930B920593AF
:10D2400066E6109B01331A4422EAE27302936623D6
:10D2500005920B935CE6089A99F80130894652F8DA
:10D26000041B089241EAE1710391FEF7D3BA00234F
:10D270000F930D9396E70C23CBF800304FF0FF335C
:10D280000493FEF781BB1BEE102A938943F0400301
:10D290009381FEF7C8BE00BFE4430020E8430020AE
:10D2A0002DE9F84F4B6E9C0490462DD5936812687B
:10D2B00043B38B46064602F1080959E9025A5FEA70
:10D2C0009A0715D0043D002401E0A7420ED055F87E
:10D2D000041F5A46304602F0AFFF431C04F101041C
:10D2E000F3D10023C8E90133BDE8F88FD8F808303E
:10D2F0002AF0030AA3EB0A03C8F8083009F1080969
:10D30000002BDAD10020ECE702F0CAFF0023C8E9C5
:10D310000133BDE8F88F00BF2DE9F04F2DED028BF2
:10D32000C5B00DF1500A834608EE101A16460021CA
:10D33000082250461C460793FDF7BAF8BBF1000FD0
:10D3400004D0DBF83430002B00F0A08618EE102A51
:10D35000536EDB0740F11385B2F90C108AB29504C5
:10D360000BD418EE103A41F4005199815B6E8AB2E9
:10D3700018EE101A23F400534B66100740F1058194
:10D3800018EE103A1B69002B00F0FF8002F01A0320
:10D390000A2B00F00A810023CDE91933CDE90D33C2
:10D3A0001BAA0C93189291460B930593B0464446E2
:10D3B000A84BD3F8E450FDF7FFF82246034612A924
:10D3C000CDF800A05846A847002800F04581C0F2DB
:10D3D0003981129A252A034601D01C44E8E7B4EBB0
:10D3E0000806054640F03C81002361788DF8433003
:10D3F00004F1010806934FF0FF371E462B2408F175
:10D400000108A1F120035A2B00F27881DFE813F024
:10D41000B50276017601B0027601760176016A00E6
:10D42000760176017D028D027601880297027601EF
:10D4300092025B005B005B005B005B005B005B00DB
:10D440005B005B007601760176017601760176015C
:10D450007601760176015C02840076017601760120
:10D460007601760176017601760176017601E80093
:10D4700076017601760133027601DA0276017601D1
:10D480008B057601760176017601760176017601CB
:10D490007601760176015C028600760176017601DE
:10D4A000CD0286007F007601C0027601FD02EA000F
:10D4B000ED027F00760133027C006905760176017A
:10D4C0006B0576017C00A1F13003002218F8011BE6
:10D4D00002EB820203EB4202A1F13003092BF5D9E2
:10D4E00006928EE7584601F04DFA43680D931846B0
:10D4F000FDF788FE0E900546584601F043FA836812
:10D500000B93002D40F0D68498F8001077E798F838
:10D51000001046F0200672E746F01006B40640F10F
:10D520008E81079B073323F007031A46596852F888
:10D53000083B07920A460029C0F27084791C00F06B
:10D54000A28526F08001039153EA020100F03F8496
:10D550000A2B72F1000180F0418530338DF80F31D4
:10D56000039E012304930DF20F14049BBB42B8BF2A
:10D570003B460393002308939DF84330002B00F0B3
:10D58000CB80039B01330393C6E018EE101A584674
:10D5900018EE105A01F05EFA002840F05286AA896F
:10D5A00002F01A030A2B7FF4F6AE18EE101AB1F946
:10D5B0000E30002BFFF6EFAE4B6EDB0702D4970563
:10D5C00040F1128618EE101A23463246584600F0F3
:10D5D00069FE0590059845B0BDEC028BBDE8F08F63
:10D5E00046F0100616F0200200F03681079B073344
:10D5F00023F0070319465A6851F8083B079126F4AF
:10D6000080610391002100208DF84300781C00F018
:10D610001082039820F0800653EA020040F008824E
:10D62000002F40F03885002940F0D583039B13F08C
:10D630000103049300F0118430238DF80F310DF2B3
:10D640000F1492E7082200215046FCF731FF012316
:10D650001C44ADE6304B0020B4EB080605461BD059
:10D66000199B1A9A01333244072BC9E900861A9292
:10D6700019931CDD002A00F0A68318EE101A18AAD0
:10D680005846FFF70DFE20BB0DF16C09059B334496
:10D690000593002D7FF4A8AE1A9B002B40F0C185A6
:10D6A00018EE103A0022B3F90C30199215E009F186
:10D6B0000809EBE718EE101A18AA5846FFF7F0FD14
:10D6C000002800F0A680089B1BB108995846FDF77A
:10D6D00057FE18EE103AB3F90C3018EE102A526EBD
:10D6E00012F0010F9AB200F0A080500600F1B2854E
:10D6F000059845B0BDEC028BBDE8F08F0029CBD07A
:10D7000000238DF843300123CDE903338DF8AC10AD
:10D710002BAC002308931F4616F00203099302D096
:10D72000039B0233039316F084030A9305D1069BEF
:10D73000039A9D1A002D00F37B82DDE91903411C39
:10D740009DF8432082B101220133C9F80420072942
:10D750000DF14302CDE91913C9F8002000F34A8204
:10D76000084609F108090131099AE2B111AA023308
:10D77000C9F8002007294FF00202CDE91913C9F8B2
:10D78000042040F35082002B00F0438318EE101A5F
:10D7900018AA5846FFF784FD002894D1DDE9190343
:10D7A0000DF16C09411C0A9A802A00F08481049AC8
:10D7B000BD1A002D00F3D781049AC9F80040134424
:10D7C0000729CDE91913C9F8042040F36E81002B15
:10D7D00000F0758218EE101A18AA5846FFF760FD7F
:10D7E00000287FF470AF1A9B0DF16C09750705D501
:10D7F000069A0399541A002C00F36B82DDE9052187
:10D8000003988142ACBF521812180592002B7FF486
:10D8100051AF089900231993002900F04981584617
:10D82000FDF7AEFD0DF16C09C1E59C053FF55DAF5F
:10D8300018EE104AA06DFCF7BDFEA28955E7F00670
:10D84000079A00F11F83710640F1198332F9043BF6
:10D850000792DA1711466EE616F01003079940F0AA
:10D86000098316F0400000F001831A4651F8043B8A
:10D8700007919BB2C3E6079B1A4600238DF84330FD
:10D88000134653F8044B0393002C00F012845329E1
:10D8900000F0658316F0100540F061837B1C00F0FA
:10D8A000B3843A462946204602F0A4F9089000289D
:10D8B00000F09F84031B039A049323EAE3732F462B
:10D8C00007920393089557E6432902D0F50640F1E5
:10D8D0002D83079D0822002116A82BACFCF7E8FD3C
:10D8E00016AB55F8042B2146584601F025F803469F
:10D8F0000133049000F0B384049B079523EAE3739B
:10D90000039300238DF8433003E7079B53F8042B60
:10D910000692002A80F29C82069A5242CDE90623A2
:10D9200098F8001046F0040669E598F800108DF8A4
:10D93000434064E598F8001046F080065FE54246F3
:10D9400012F8011B2A2900F09684A1F13003092B5B
:10D9500090464FF000073FF654AD18F8011B07EB57
:10D96000870703EB4707A1F13003092BF5D948E5F9
:10D9700098F8001046F0010641E59DF84330002B71
:10D980007FF4C2AD202398F800108DF8433036E5BF
:10D9900098F800106C2903BF98F8011046F0200693
:10D9A00008F1010846F0100629E598F800106829EA
:10D9B00003BF98F8011046F4007608F1010846F01C
:10D9C00040061CE546F010030393039B13F020026E
:10D9D00000F00682079B073323F0070319465A68B5
:10D9E00051F8083B079101210DE6079A46F0020322
:10D9F000039352F8043B079247F63002ADF84420F7
:10DA0000B84A0C9202210022FDE5B70600F14882D7
:10DA1000F50600F14683740600F1D583B00540F1A8
:10DA20004083079B059953F8042B07931170BEE4BC
:10DA3000039601293FF48CAD022944AC11D10C9816
:10DA400003F00F011B09415C04F8011D43EA027356
:10DA5000120953EA0201F3D1039E44AB1B1B04934A
:10DA600083E503F00701DB0843EA4273D208303153
:10DA700053EA0205204604F8011DF2D1039EF30784
:10DA8000EBD53029E8D03023023804F8013C44AB10
:10DA90001B1A039E0493044667E5049B1B94012212
:10DAA0001C931A9319920DF16C0909F108099DE66E
:10DAB0000DF16C097BE4069A039D551B002D7FF741
:10DAC00076AE102D40F3BB83099418EE104A07E0A0
:10DAD00000F1020C09F108091046103D102D1EDD61
:10DAE0008149C9F80010421C10331021072ACDE9E2
:10DAF0001923C9F80410EBDD18AA002B74D02146B5
:10DB000058460DF16C09FFF7CBFB00287FF4DBAD25
:10DB1000DDE91903103D102D00F1010CE0DC099C3A
:10DB2000714AC9F804502B44BCF1070FCDE919C361
:10DB3000C9F8002040F39481002B00F01F8318EEF9
:10DB4000101A18AA5846FFF7ABFB00287FF4BBADAC
:10DB5000049ADDE91903BD1A002D00F101010DF150
:10DB60006C097FF729AE102D29DD0994102718EED6
:10DB7000104A07E000F1020C09F108091046103DB7
:10DB8000102D1ADD421C58491033072AC9E9001725
:10DB9000CDE91923EEDD18AA03B3214658460DF14D
:10DBA0006C09FFF77DFB00287FF48DADDDE91903DB
:10DBB000103D102D00F1010CE4DC099C61464A4A3D
:10DBC000C9F804502B440729CDE91913C9F80020DE
:10DBD00000F3E78009F108090131EDE54FF0010C90
:10DBE00018460DF16C09CAE74FF0010C18460DF10B
:10DBF0006C0972E7002B00F0048118EE101A18AAC5
:10DC00005846FFF74DFB00287FF45DADDDE91903B1
:10DC10000DF16C09411CA7E5022311AA1C931B926C
:10DC200001210DF16C09084609F10809411CBAE50A
:10DC3000102D40F3E582DDE919130F94084618EE24
:10DC4000104A07E000F1020C09F108091046103DE6
:10DC5000102D1DDD2549C9F80010421C103310217C
:10DC6000072ACDE91923C9F80410EBDD18AA03B37C
:10DC7000214658460DF16C09FFF712FB00287FF48E
:10DC800022ADDDE91903103D102D00F1010CE1DC9E
:10DC90000F9C6046154AC9F804502B440728CDE96B
:10DCA0001903C9F8002000F3C18009F10809411CDB
:10DCB00046E518464FF0010C0DF16C09C7E77607F1
:10DCC000199353D5069A0399541A002C4EDD0DF181
:10DCD0006C09102C40F3B082199918EE106A1025C7
:10DCE0000DE000BFEC430020044900205044002018
:10DCF000881C09F108091146103C102C1ADD4A1C39
:10DD0000B3481033072AC9E90005CDE91923EFDD2F
:10DD100018AA33B331465846FFF7C2FA00287FF4F9
:10DD2000D2ACDDE91913103C102C01F101000DF10A
:10DD30006C09E4DCA64AC9F8044023440728CDE96D
:10DD40001903C9F800207FF759AD7BB118EE101AFE
:10DD500018AA5846FFF7A4FA00287FF4B4AC1A9B1F
:10DD60004CE5012019460DF16C09C5E7DDE90532E6
:10DD700003998A42ACBF9B185B18059349E5B2F939
:10DD80000C108F0518EE103A8AB23FF5E8AA18EE8B
:10DD9000105A986DFCF70CFCB5F90C108AB2FFF71D
:10DDA000DEBA002B3FF479AE18EE101A18AA5846C6
:10DDB000FFF776FA00287FF486AC19991A9B013197
:10DDC0000DF16C09F8E419920DF16C095EE4002F75
:10DDD0007FF4C3AB039E0027049744ACFFF7C5BB99
:10DDE000039B13F0100354D1039A12F0400000F08B
:10DDF0006B8107991A4651F8043B07919BB20121A8
:10DE000001E4099A002A64D1184601210DF16C0938
:10DE1000C9E4012118460DF16C09C4E45B4262EBD0
:10DE2000420203962D200121FFF7EEBB002B00F0EC
:10DE3000888018EE101A18AA5846FFF731FA002801
:10DE40007FF441ACDDE919030DF16C09411C77E465
:10DE500098F800100793FFF7D2BA44ACFFF785BBE0
:10DE600009F108090CF101016046A0E416F4007202
:10DE700040F0978151F8043B0791FFF7C0BBB30511
:10DE800000F1888152F8043B0792DA171146FFF738
:10DE900052BB079951F8043B07910121FFF7B3BB2F
:10DEA000079B059853F8041B0793C217C1E90002AA
:10DEB000FFF77DBA0B9B002B3FF426AB0B9B1B7827
:10DEC000002B3FF421AB98F8001046F48066FFF772
:10DED00096BA022311AA1C931B9201200DF16C0922
:10DEE000A2E6039671E53B4B0C9316F0200259D045
:10DEF000079B073323F0070318465A6850F8083B7E
:10DF00000790F40709D553EA020006D08DF84510B2
:10DF1000302146F002068DF8441026F4806103910A
:10DF20000221FFF770BB2C4B0C93DEE7079B01210E
:10DF300053F8042B03918DF8AC20079304912BAC7C
:10DF4000DFE49DF84320002A40F03281099A002A3C
:10DF50007FF462AE184601210DF16C0927E400211F
:10DF6000082216A81394FCF7A3FA791C00F0BC80D1
:10DF7000002507942C460CE02BA9584600F0DCFC49
:10DF8000421C204400F06B81B84208DC00F0708134
:10DF90000446139A525916AB0435002AECD1049466
:10DFA000079CAFE016F0100307980CD116F0400460
:10DFB00005D01A4650F8043B07909BB2A1E716F42F
:10DFC000007240F0E18050F8043B079099E700BFF1
:10DFD00050440020EC4300200044002003990497A3
:10DFE00044AC9E4608EE90BA01F480664FF0000CF7
:10DFF000234606E0BEF10A0F72F1000239D3A646AD
:10E000002A46A6491EEB020040F100000F46A1FB84
:10E01000001424F0030101EB9401401ABEEB00014F
:10E020004FF0CC3562F1000405FB01F507FB045508
:10E03000A1FB07410D44052704F00101A1FB071BCB
:10E0400009186408303103F8011C44EAC5740CF166
:10E05000010C013B6D08002ECCD00B99097861456D
:10E06000C8D1BCF1FF0FC5D0BEF10A0F72F100029A
:10E070006CD21C4644AB1B1B049F039E049318EEFA
:10E0800090BAFFF772BA0396FFF762BA5846FCF7E8
:10E09000A5FFFFF75BB9012903967FF4CDACFFF72D
:10E0A0005CBA079B059953F8042B11600793FFF79F
:10E0B0007EB9062F3B46039A794C079228BF062368
:10E0C00004930393FFF725BB039B079913F4007296
:10E0D00014BF51F8043B51F8043B07911CBF0246A2
:10E0E000DBB20121FFF78FBA16AB0093002319466C
:10E0F00013AA584600F08CFD03460133049000F04B
:10E10000AE801394049B002B30D0632B63DC002380
:10E1100008932BAC0822002116A8FCF7C9F9049D2E
:10E1200016AB009313AA2B462146584600F070FD0B
:10E13000854240F0AB80039B049A07930023A354CD
:10E140001F4622EAE2730393FFF716BA0E9A0D995F
:10E150009B1A18460893FDF719FA0B99089B4A7801
:10E160000AB101310B914FF0000C48E7039B079374
:10E17000049B03931F460893FFF7FEB9012118463D
:10E180000DF16C09FFF713BB50F8043B07902246D2
:10E19000DBB2B6E612F9043B0792DA171146FFF735
:10E1A000CAB951F8043B07910246DBB2FFF727BA20
:10E1B00001231C9301210DF143031B930DF16C0905
:10E1C0000B46FFF7CDBA079B059953F8042B07932D
:10E1D0001180FFF7ECB8591C584600F0E7F80446E8
:10E1E00000283CD0089095E7886DFCF7E3F9FFF72D
:10E1F000E9B9039B0793CDE90377089FFFF7BCB903
:10E2000019981A9B013045E5039B07932046FCF7BC
:10E21000F9FF20EAE0732F46049003930895FFF777
:10E22000ABB918EE101A18AA5846FFF739F80028AB
:10E230003FF436AAFFF74DBA199801307AE58C46BB
:10E240006EE46B6ED90705D4AB899A0502D4A86D2C
:10E25000FCF7B0F94FF0FF330593FFF749BA18EE1A
:10E26000102AB2F90C3043F040039381FFF735BA1E
:10E27000079C049746E7079B98F8011053F8047B26
:10E280000793904647EAE777FFF7B9B818EE102AE8
:10E29000938943F040039381FFF715BACDCCCCCCE2
:10E2A0001444002070B50C468989ADF58E6D21F0BF
:10E2B0000201ADF81410616E1B91E189ADF81610E2
:10E2C000E1690991616A0B911CA9029106914FF4D1
:10E2D000806106460491079118A80021CDE900321B
:10E2E0000891FCF761F9DDE9003202A93046FFF739
:10E2F00013F8051E07DB02A9304601F04BFC00288D
:10E3000018BF4FF0FF35BDF814305B0603D5A38965
:10E3100043F04003A3811898FCF748F928460DF50F
:10E320008E6D70BD2DE9F047DFF87CA00646DAF867
:10E33000000098460F469146FCF73AF9184B1C68C6
:10E3400024B365681F2D24DC5EB96B1C0235DAF836
:10E350000000636044F82570FCF72CF90020BDE84C
:10E36000F08704EB85010123C1F88890D4F8882157
:10E37000AB401A43022EC4F88821C1F80881E4D1C9
:10E38000D4F88C211A43C4F88C21DEE7054C1C60BC
:10E39000D7E7DAF80000FCF70DF94FF0FF30DEE7C1
:10E3A000B4320220B8320220284B00202DE9F04F71
:10E3B00001F10B06162E83B0044624D8102900F272
:10E3C000BA8000F019FC102618220220B54F3A44FA
:10E3D000A2F1080153688B4200F0BA805A68D968EC
:10E3E00022F003021A449D68E9608D60516841F093
:10E3F00001012046516003F1080500F003FC2846A6
:10E4000003B0BDE8F08F36F0070600F19480B1420A
:10E4100000F2918000F0F0FBB6F5FC7FC0F09A812D
:10E42000730A00F08F80042B00F26F81B30903F1AF
:10E43000390003F1380CC3009A4F3B44A3F108059F
:10E440005B689D4206D10CE0002980F22781DB68E1
:10E450009D4206D05A6822F00302911B0F29F3DD7A
:10E4600060463D69DFF850C265457CD06A6822F09D
:10E470000302931B0F2B00F37B81002BC7E904CC15
:10E4800080F26C81B2F5007F80F01A81D308796840
:10E4900001334FEA521E012202FA0EF20A4357F8E4
:10E4A00033E0C5F808E007EBC3010839E9607A609A
:10E4B00047F83350CEF80C50831001219940914217
:10E4C00057D8114206D120F003004900114200F153
:10E4D0000400FAD007EBC0094D468646D5F80C80FB
:10E4E000454508D11DE1002B80F22481D8F80C802D
:10E4F000454500F01681D8F8042022F00302931B52
:10E500000F2BF0DD2046D8E9025408EB060146F057
:10E510000106C8F80460EC60A56043F00104C7E997
:10E520000411C1E902CC4C6048F8023000F06AFBEB
:10E5300008F1080502E00C2323600025284603B0FB
:10E54000BDE8F08F4FF4007340204FF03F0C73E7AD
:10E55000D3689A4208BF02307FF440AF3D69DFF8CC
:10E5600058C1654582D17A68831001219940914252
:10E57000A7D9BD686B6823F003094E4503D8A9EB02
:10E5800006030F2B7ADCDFF834B1474BDBF80020B1
:10E590001B680132334405EB090A00F0338103F5AF
:10E5A00080530F3323F47F6828F00F08414620463C
:10E5B000FDF786F8411C024600F0F380824500F228
:10E5C000EE803A4B196841441960084600F04E81CC
:10E5D000DBF80010019301311BBFA2EB0A010918FF
:10E5E000CBF80020196012F0070B00F01781CBF177
:10E5F00008010A44CBF5805190440831A1EB080191
:10E60000C1F30B0A514620460092FDF759F8421C0F
:10E61000DDE9002300F04F81801A00EB0A08196839
:10E62000BA6048F001005144BD425060196000F0EA
:10E630002981B9F10F0F40F227816868A9F10C0C0C
:10E640002CF0070C00F0010040EA0C0068604FF06D
:10E65000050E05EB0C00BCF10F0FC0E901EE00F256
:10E66000328150681546124B1A688A4238BF1960C9
:10E67000104B1A688A4238BF196094E0AA1943F017
:10E68000010346F001066E602046BA60536000F058
:10E69000B9FA0835284603B0BDE8F08FD9681A44A6
:10E6A000A1E600BF9C4C0020843402205434022098
:10E6B0007C34022080340220A44C0020A45000208E
:10E6C000B2F5206F4FEA522363D3142B00F2B780C8
:10E6D00003F15C01C9005B3307EB010E7958AEF121
:10E6E000080E8E4500F091804B6823F0030393429F
:10E6F00002D989688E45F7D1D1F80CE07A68C5E96E
:10E70000021ECEF80850CD60D6E6142B59D9542BF2
:10E7100000F29D80330B03F16F0003F16E0CC30018
:10E720008AE60EF1010E1EF0030F05F108057FF4D5
:10E73000D5AE51E0424445465368D8F80C1043F03A
:10E740000103536055F8083F2046D9608B6000F004
:10E7500059FAF3E6F00806F1080237E62A442046A3
:10E76000536843F001035360083500F04BFAE5E6C7
:10E77000A919204646F0010643F001046E60C7E97E
:10E780000411C1E902CC4C60AB5000F03BFA0835F3
:10E79000D4E6930903F13901C90038339CE7BD423F
:10E7A0005FD0BD68686820F003084645A8EB060303
:10E7B00002D80F2B3FF762AF204600F023FA002566
:10E7C000BCE603F15C0003F15B0CC30034E659F8CE
:10E7D00008394B4540F0968010F0030F00F1FF30F0
:10E7E000F5D17B6823EA01037B60490099423FF63B
:10E7F000C0AE19B9BDE649000EF1040E1942FAD0B7
:10E80000704667E603F11008D0E69A104FF0010851
:10E810007B6808FA02F21A437A6070E702EB08019B
:10E820004942C1F30B0A514620460092FCF748FFCB
:10E83000431CDDE900237FF4EFAEDA46EFE6542B0C
:10E8400025D8130B03F16F01C9006E3344E7B3F50C
:10E85000AA7F25D8F30B03F1780003F1770CC300EE
:10E86000EAE5294B186840441860B1E6CAF30B0C7E
:10E87000BCF1000F7FF4ACAEBD68C84448F00100A5
:10E880006860F0E61546EEE60123536094E7B3F5C1
:10E89000AA7F23D8D30B03F17801C90077331BE794
:10E8A00040F25452934223D8B30C03F17D0003F19C
:10E8B0007C0CC300C0E5ABF1080BD844A8EB020800
:10E8C0004FF0000AABE605F1080120460093FCF783
:10E8D00057FDBD68009B68681968C4E640F2545152
:10E8E0008B420BD8930C03F17D01C9007C33F3E616
:10E8F0004FF47E737F204FF07E0C9DE54FF47E71C8
:10E900007E23E9E67B6870E75434022082B049B187
:10E910005AB16BB113780B601278101E18BF01202A
:10E9200002B0704701A9002AF3D1104602B0704727
:10E930006FF00100F4E700BF70B5054684B05BB12D
:10E940001C4669B10E4B2846D3F8E0602346B04719
:10E95000431C0FD004B070BD00F582740029F1D1C2
:10E96000074A2346D2F8E06028460A4601A9B04784
:10E97000431CEFD100228A2322602B6004B070BDBB
:10E98000304B002000487047204C002070B5002913
:10E990004BD006460C4610B1436B002B48D0636E3B
:10E9A000D80734D5B4F90C30002B3ED02146304680
:10E9B00001F058F8E36A054633B1E16930469847FB
:10E9C0000028B8BF4FF0FF35A3891A063CD4216B4D
:10E9D00041B104F14003994202D03046FCF7D0FC2B
:10E9E00000232363616C21B13046FCF7C9FC00238E
:10E9F0006364FCF711FB636E0022DB07A2811FD565
:10EA0000A06DFBF7D3FDFCF70DFB284670BDA38975
:10EA10009905CBD4A06DFBF7CBFDB4F90C30002BDE
:10EA2000C4D1656E15F0010505D00025284670BDDE
:10EA3000FCF7D4FAB3E7A06DFBF7BCFD284670BD28
:10EA4000A06DFBF7B7FDDBE721693046FCF798FCCA
:10EA5000BDE700BF38B5314B1B6805460C4613B106
:10EA60005A6B002A4ED0B4F90C3018079AB21CD554
:10EA7000216929B312F0010007D00020A06060696D
:10EA80004042A06139B1002038BD950758BF606988
:10EA9000A0600029F7D1120658BF0846F4D543F00C
:10EAA0004003A3814FF0FF3038BDD1062ED5520769
:10EAB00014D4216943F00803A3819AB20029D9D163
:10EAC00002F42070B0F5007FD4D02146284600F033
:10EAD00027F8B4F90C3021699AB2CBE7216B51B118
:10EAE00004F14002914204D02846FCF749FCB4F9F5
:10EAF0000C300022226321690022C4E9001223F0B5
:10EB00002403D7E71846FCF769FAACE7092243F07B
:10EB100040032A604FF0FF30A38138BDB850002079
:10EB20002DE9F0418B890C46990796B008D504F180
:10EB300043030122C4E90432236016B0BDE8F0812A
:10EB4000B4F90E100029064625DB6A4601F0CAFA20
:10EB500000281FDB019D05F47045A5F50055B5FAA9
:10EB600085F54FF480686D094FF4006741463046E3
:10EB7000FFF71CFCE0B1B4F90C30C4F8148043F08A
:10EB8000800320602061A38135BB3B43A38116B085
:10EB9000BDE8F081A38913F0800519D04FF040083B
:10EBA0000025414630462F46FFF700FC0028E2D101
:10EBB000B4F90C309A05C0D423F0030304F14302E6
:10EBC00043F002030121C4E90421A3812260B4E7D8
:10EBD0004FF480682F46C9E7B4F90E10304601F0B3
:10EBE00097FA10B9B4F90C30CFE7A38923F00303E7
:10EBF00043F001031BB2C8E70148FBF7D9BC00BFD3
:10EC00004C3402200148FBF7D5BC00BF4C34022035
:10EC100010B582B0049CCDE900344FF0FF3301F011
:10EC200091FE02B010BD00BF2DE9F04F03690C69E1
:10EC3000A34283B0C0F28780013C01F11405A30018
:10EC400000F11408009355F8243058F824200133BB
:10EC500081469A4208EB840005EB84070190B2FBE1
:10EC6000F3F63BD34FF0000CAE464046E246634617
:10EC70005EF804BB02681FFA8BFC06FB0C334FEAFC
:10EC8000134C4FEA1B4B06FB0BCC9BB2AAEB0303C6
:10EC90001FFA8CFA13FA82F3CAEB124202EB2342F8
:10ECA0009BB243EA0243774540F8043B4FEA224ACD
:10ECB0004FEA1C43DCD2009B58F8033073B9019B28
:10ECC000043B984504D307E0984504F1FF3403D290
:10ECD00053F80429002AF7D0C9F810404846FBF73A
:10ECE00055FF00282BDB01364146002355F8040B65
:10ECF000D1F800C082B29A1A030C12FA8CF2C3EB5C
:10ED00001C4303EB224392B242EA0342AF4241F872
:10ED1000042B4FEA2343E9D258F8242008EB84035C
:10ED20006AB9043B984504D307E0984504F1FF34E1
:10ED300003D253F80429002AF7D0C9F8104030460E
:10ED400003B0BDE8F08F002003B0BDE8F08F00BF36
:10ED5000000000002DE9F04F2DED028B8FB08DEDFE
:10ED6000020B0191816B1A9D059357EC106B0446C1
:10ED7000934641B1C26B4A60012393408B60FBF71D
:10ED8000A5FC0023A363B7F10008B4BF012300234F
:10ED90002B60BE4BBCBF28F00048CDF80C8033EA96
:10EDA000080300F09F809DED028BB5EE408BF1EEE5
:10EDB00010FA11D1059A012313601B9B002B00F060
:10EDC0003F82B34B1B9A1360013B009300980FB036
:10EDD000BDEC028BBDE8F08F0CAA0DA92046B0EE69
:10EDE000480BFBF79FFF5FEA1853054640F09280FF
:10EDF000DDE90C130B4403F23242202A40F3FA827D
:10EE0000C2F1400208FA02F803F21242D64048EA80
:10EE1000060207EE102AB8EE477B581E17EE906ADE
:10EE200053EC172B4FF0010AA6F1F8739FED913BBD
:10EE30009FED927B9FED935B06EE900A43EC122BC5
:10EE4000B8EEE64BB7EE086B32EE466BA6EE037BF0
:10EE5000A4EE057BFDEEC76BB5EEC07BF1EE10FABC
:10EE600016EE907A08D5B8EEE66BB4EE476BF1EE8D
:10EE700010FA18BF07F1FF37162F00F24581854BB6
:10EE800003EBC70393ED007BB4EEC78BF1EE10FAF2
:10EE900057D5091A0023B1F1010807F1FF370A938A
:10EEA00000F1398100230693002F52DA069B049764
:10EEB000DB1B06937B420893019B092B4FF0000755
:10EEC0004ED8052B40F39D82043B01930026019B05
:10EED0009A1E032A00F22581DFE812F0AA03A70395
:10EEE0009D037E03059AC8F3130842F20F7358EA94
:10EEF000060813601ED11B9B002B00F09185664B0A
:10EF0000009308331B9A009813600FB0BDEC028B7E
:10EF1000BDE8F08F18EE906AC6F31306A3F2FF3037
:10EF200053EC182B46F07F530C994FF0000A43F432
:10EF300040137BE71B9B002B40F03B83574B009318
:10EF400044E7091A0023B1F101080A9300F1E380B4
:10EF5000069300230893019B0497092BB844B0D96A
:10EF600000230126019307964FF0FF399B460021AD
:10EF7000E163CDF82C902046FBF782FB009000283F
:10EF800000F04085009BA363B9F10E0F00F2DC8016
:10EF9000002E00F0D980049B002B40F3DE833D4A15
:10EFA00003F00F0102EBC10292ED007B1A11DB05A9
:10EFB00040F182833A4991ED086B02F00F02032081
:10EFC00088EE065B5AB13649D60704D591ED006B41
:10EFD000013027EE067B521001F10801F4D185EED5
:10EFE000076B0A9B3BB1B7EE007BB4EEC76BF1EE4B
:10EFF00010FA00F1AE8407EE900AB8EEE75BB1EECE
:10F000000C7BA5EE067B17EE902A51EC170BA2F1B4
:10F010005071B9F1000F00F08883049E4A46079BA7
:10F02000002B00F04784B6EE003B1A4BFDEEC64BBA
:10F0300003EBC20CB8EEE47B36EE477B1CED026BB3
:10F0400083EE065B41EC160B14EE900A35EE465B40
:10F050000099B4EEC75B3030F1EE10FA01F8010B05
:10F0600000F3AC84B7EE002BB2EE044B4FF0000C73
:10F0700031E000BF61436F63A787D23FB3C8608BA5
:10F08000288AC63FFB799F501344D33F0000F07F8E
:10F090001D440020380C0020704300207C430020D9
:10F0A000100C00200CF1010C94454DDA27EE047B86
:10F0B00025EE045BFDEEC76B16EE903AB8EEE63B2C
:10F0C000303337EE437BB4EEC57BF1EE10FA01F836
:10F0D000013B00F1738432EE476BB4EEC56BF1EE89
:10F0E00010FADFD5009A049602E08A4200F05084BC
:10F0F000894611F8013D392BF7D00133DBB20B7093
:10F10000049B0133049355E1091A0123B1F101086D
:10F110000A937FF5C7AEC1F1010306934FF00008D3
:10F12000C2E60026E66331462046FBF7A9FA0090C6
:10F13000002800F06784009BA3634FF0FF330B931C
:10F1400099460123B34607930D9A002A55DB04998B
:10F150000E2952DCB74BBBF1000F03EBC10393ED5B
:10F16000006B15DAB9F1000F12DC40F0F282B1EE5B
:10F17000047B26EE077BB4EEC78BF1EE10FACA468D
:10F180004E4600F26D82DDF800806FEA0B0B70E2F4
:10F1900088EE067BBDEEC77B009917EE103AB9F1F9
:10F1A000010F03F13003B8EEC75B01F8013BA5EE98
:10F1B000468B00F03483B2EE044B012311E088EE5D
:10F1C000067BBDEEC77B013317EE102A4B4502F1DB
:10F1D0003002B8EEC75B01F8012BA5EE468B00F0BC
:10F1E0001E8328EE048BB5EE408BF1EE10FAE6D1CB
:10F1F000049B013304938946DCE0079B43B3019BE6
:10F20000012B40F37682089B09F1FF3A534580F2C7
:10F210003F82089BCDF820A0AAEB030217444FF0D1
:10F22000000AB9F1000FC0F22583069B09934B44F5
:10F23000C844069301212046FBF7F4FA06460CE089
:10F240007D4B009300980FB0BDEC028BBDE8F08FB2
:10F25000069BDDF820A0079E0993099B6BB1B8F1CE
:10F26000000F0ADD434506991A46A8BF4246891A8F
:10F270009B1A06910993A8EB0208089B63B1079BB0
:10F28000002B00F0A782BAF1000F00F30482089B64
:10F29000B3EB0A0240F0FF8201212046FBF7C2FADD
:10F2A000002F824600F3AF80019B012B40F3878142
:10F2B000002308930120002F40F0B180404410F05B
:10F2C0001F0000F07A81C0F12002042A00F3888038
:10F2D00040F0F681069B002B05DD29461A462046A4
:10F2E000FBF7DCFB0546B8F1000F05DD5146424651
:10F2F0002046FBF7D3FB82460A9B002B40F03F8160
:10F30000B9F1000F40F32581079B002B40F0A3804B
:10F31000049B01330493DDF80080012707E02946B0
:10F3200000230A222046FBF7DBF901370546514648
:10F330002846FFF779FCB94500F1300008F8010BC9
:10F34000EDDCB9F1000F009ACCBFCB464FF0010BBA
:10F350000346934400272946012220460193FBF7E8
:10F360009DFB51460546FBF711FC002840F3AF8199
:10F370001BF8013C009A0BF1FF3B04E05A4500F0FA
:10F38000B1811BF8013D392B0BF10109F6D0013396
:10F390008BF8003051462046FBF798F956B12FB153
:10F3A000B74203D039462046FBF790F93146204654
:10F3B000FBF78CF929462046FBF788F9002389F8EA
:10F3C0000030DDE904231A601B9B002B3FF4FEACE8
:10F3D0000098C3F800900FB0BDEC028BBDE8F08F31
:10F3E000C0F11C00069B03440693099B0344099348
:10F3F00080446FE7C2F1200206FA02F207EE102AFB
:10F4000009E5012663E501463A462046FBF7E6FAA0
:10F41000019B012B824640F3C58100230893DAF853
:10F4200010200AEB82021069FBF7ACF9C0F1200052
:10F4300044E700BF380C00201C4400203146002364
:10F440000A222046FBF74CF90B9B002B064640F3A3
:10F45000CE8204979946099B002B05DD31461A465A
:10F460002046FBF71BFB0646089B002B40F0EB8178
:10F47000B046029B009F03F001027B1E4B440893A1
:10F48000019B0A921343099351462846FFF7CCFB90
:10F49000314683462846FBF779FB42465146814672
:10F4A0002046FBF795FBC26801460BF13003002AAA
:10F4B00042D1CDE906032846FBF768FB0699029086
:10F4C0002046FBF703F9029A079B1AB9099900290C
:10F4D00000F07E82B9F1000FC0F28381019949EA00
:10F4E00001090A9951EA090900F07B81002A00F319
:10F4F000C681089A3B7007F101099742CB4600F09C
:10F50000C481294600230A222046FBF7E9F8464534
:10F51000054631464FF000034FF00A02204612D054
:10F52000FBF7DEF84146064600230A222046FBF799
:10F53000D7F84F468046A7E720460293FBF7C6F868
:10F54000029B0122C6E7FBF7CBF84F4606468046F2
:10F550009AE7019B022B71DC079B002B7FF47BAFAA
:10F56000049B5146013328460493FFF75DFBDDF809
:10F5700000B000F130030BF8013B0027EBE65146E9
:10F580002846FBF703FB0028BFF6BAAE2946002346
:10F590000A222046FBF7A4F8049B5F1E079B054642
:10F5A000002B7FF44BAF0B9B002B40F31882994646
:10F5B000B1E6BC4B00930333A4E41C2012E7DDE961
:10F5C000020100287FF474AEC1F31302002A00F098
:10F5D000F480029B08936DE601230793049B5B4430
:10F5E00003F10109B9F1010FCC460B93B8BF4FF0FD
:10F5F000010C0021BCF1170FE1637FF7BCAC0120C7
:10F600000422520002F114036345014600F1010097
:10F61000F7D9E163AFE401230793BBF1000F52DD9B
:10F62000CDF82CB0D946DC46E3E700230793D5E7B5
:10F6300000230793F1E7DDF82C900497B9F1000F50
:10F640007FF4A1AD51464B4605222046FBF748F812
:10F65000014682462846FBF799FA00287FF793ADCA
:10F66000049B03F1010B009B3122984603F8012B08
:10F67000009351462046FBF729F80BF10103DDF812
:10F6800000900493CDF80080002E7FF48FAE91E6B9
:10F69000A3EB0A0AC5E5314652462046FBF79EF920
:10F6A0002A46014606462046FBF7EAF82946054663
:10F6B0002046FBF70BF8EAE50220B0EE485B81E458
:10F6C000C0F13C008EE64FF0010BD9464FE403D168
:10F6D000019BDB073FF54CAED9461BF8013D302BB3
:10F6E000FAD057E6049B009A013304933123137038
:10F6F00050E6BAF1000F00F0238102F23342069B7C
:10F7000009931344DDF820A00693904492E507EE98
:10F71000900AB1EE0C5BB8EEE77BA6EE075B15EE48
:10F72000902A51EC150BA2F1507141EC150BB1EE82
:10F73000047B36EE477BB4EEC57BF1EE10FA00F3A6
:10F740003781B1EE455BB4EEC57BF1EE10FA7FF583
:10F75000FBAC4FF0000A564615E500F0F580049B1F
:10F7600051495A4202F00F0001EBC00191ED006BCC
:10F77000121128EE066B00F04281B0EE467B4B4939
:10F7800000260220D30705D591ED005B013001264C
:10F7900027EE057B521001F10801F3D1002E06FE81
:10F7A000076B1EE4029B002B7FF437AEDDE90201FC
:10F7B000C1F31302002A40F037813D4A0A40002A73
:10F7C00000F0FA80069B01330693012308F101083B
:10F7D00008936FE52946089A2046FBF7FFF805468F
:10F7E0005AE5002A12DD2946012220460193FBF743
:10F7F00055F951460546FBF7C9F90028019B40F32E
:10F80000E180392B00F0CA800BF13103B94609F8C9
:10F81000013B049B0133374604934646BAE538EE74
:10F82000088BB4EEC68BF1EE10FA0ADCB4EE468B10
:10F83000F1EE10FA7FF4DCAC17EE103AD8077FF542
:10F84000D7AC009A54E471682046FAF719FF0746CE
:10F85000002800F0DE80336902339A0006F10C01C3
:10F860000C30FBF717FC394601222046FBF716F94E
:10F870008046FEE5069BA3EB09030993DAE4392BE6
:10F8800000F08C80B9460133C1E7049A0132374653
:10F89000049246465FE529462046FBF79FF8054659
:10F8A000FAE400BF7C430020380C0020100C00203C
:10F8B0000000F07F5E4BFDEEC65B03EBC20C1CED5F
:10F8C000023BB8EEE57B36EE477B41EC160B15EEBE
:10F8D000901A23EE063B00983031012A00F8011BF4
:10F8E00000F08380B2EE044B009B991827EE047B56
:10F8F000FDEEC76B16EE903A303300F8013B8142C3
:10F90000B8EEE65B37EE457BF0D1B6EE006B33EE3A
:10F91000065BB4EEC75BF1EE10FA3FF5E3AB36EEF3
:10F92000436BB4EEC76BF1EE10FA7FF70DAC89466E
:10F93000013919F8013C302BF9D0731C049339E5D7
:10F940000C9AC2F13602DAE60220B0EE486BFFF7FD
:10F9500048BBB9F1000F3FF4DAAE0B9A002A7FF7EB
:10F96000F3ABB2EE044B26EE046B013007EE900AC7
:10F97000049BB8EEE75BB1EE0C7BA6EE057B17EEC1
:10F9800090CA51EC170B5E1EACF15071FFF747BBEC
:10F99000049B013304933123FFF7B1BB049BBB46A7
:10F9A00001330493392337460BF8013B4646E1E423
:10F9B0004FF0000A564653E608927BE4731C04930A
:10F9C0008946F7E47FF422AFDA077FF51FAF18E727
:10F9D000392BE3D0B9F1000F3FF716AF16E7019BC3
:10F9E000022B3FF728AE0497BAE501468DE7019B4D
:10F9F000022B3FF720AEDDF82C9004972BE5022078
:10FA0000FFF7EFBA0B4B0C48002240F2AF11FAF7A8
:10FA10002FFD084B08483A4640F2EF21FAF728FD3F
:10FA2000064B0093FFF7D2B9029B0893F7E400BF9F
:10FA3000380C0020FC41002080430020704300204F
:10FA400038B5074D0022044608462A60EAF7ACFFA5
:10FA5000431C00D038BD2B68002BFBD0236038BD81
:10FA6000C4350220B1F90C202DE9F0410C461107F4
:10FA7000804647D4636842F40062002BA2815EDDB9
:10FA8000A56A002D58D00023D8F80060C8F80030CF
:10FA900093B212F4805256D10123E1694046A8473F
:10FAA000431C67D0A389A56A5F0705D56368C01AA0
:10FAB000236B0BB1E36BC01AE16902460023404699
:10FAC000A847411C41D1D8F80030002B3DD01D2B58
:10FAD00001D0162B56D1A3892269226023F400633A
:10FAE00000216160A381216BC8F8006021B304F19B
:10FAF0004003994202D04046FBF742FC00202063BD
:10FB0000BDE8F0812669BEB193B2256826609A07E8
:10FB10000CBF63690023AD1BA3600BE02B4632468C
:10FB2000E169676A4046B847B0F1000CA5EB0C05E7
:10FB3000664417DD002DF1DC0020BDE8F081E36BA9
:10FB4000002B9DDCF8E7206DAEE7B4F90C3022699C
:10FB5000226023F40063A3810022DB046260C2D52B
:10FB60002065C0E7A38943F040034FF0FF30A38135
:10FB7000BDE8F081D8F80030002B93D01D2B06D0C3
:10FB8000162B04D0A38943F04003A381D5E7C8F81E
:10FB90000060D1E738B50C46054608B1436B03B3A6
:10FBA000B4F90C0088B1636EDB0701D481050FD571
:10FBB00028462146FFF756FF636EDA07054602D452
:10FBC000A3899B0508D5284638BD0546284638BD7B
:10FBD000A06DFAF7EDFCEBE7A06DFAF7EBFC284619
:10FBE00038BDFBF7FBF9DBE7000000000000000078
:10FBF0000000000001F0FF01102A2BDB10F0070FBE
:10FC000008D010F8013B013A8B422DD010F0070FBD
:10FC100042B3F6D1F0B441EA012141EA014122F0B8
:10FC200007047FF000070023F0E80256083C85EA4D
:10FC3000010586EA010685FA47F5A3FA87F586FAF3
:10FC400047F6A5FA87F68EB9EED1F0BC01F0FF01B8
:10FC500002F0070232B110F8013B013A83EA0103D6
:10FC600013B1F8D10020704701387047002D06BF4E
:10FC700035460338073815F0010F07D1013015F468
:10FC8000807F02BF013015F4C03F0130F0BC013865
:10FC9000704700BF30B482B08DED000B019A194C53
:10FCA00022F000430021A342016021DC009C1C43A0
:10FCB0001ED0154C144054B99FED107B20EE077BED
:10FCC0008DED007B019A6FF0350122F0004322F0A8
:10FCD000FF42DDE9004522F4E00242F07F551B15AA
:10FCE00045F40015A3F2FE33CDE900450B44036053
:10FCF0009DED000B02B030BC704700BF000000005B
:10FD000000005043FFFFEF7F0000F07F2DE9F84F28
:10FD10001746002900F098800C4607F10B05804635
:10FD2000FEF76AFF162D54F8041C5BD810252A46EE
:10FD3000AF425CD821F003069642A4F1080962DACA
:10FD4000BC4BD3F808C009EB0600844500F097804F
:10FD5000D0F804C02CF0010303445B68DB0768D4CF
:10FD60002CF0030C06EB0C03934247DACB0710D4BC
:10FD700054F8083CA9EB030ADAF8043023F0030135
:10FD80008C44B444944580F211817318934280F2FC
:10FD9000E88039464046FEF709FB0746E0B154F8D3
:10FDA000043C23F001034B44A0F10802934200F00D
:10FDB000D280321F242A00F2F580132A00F2AC8090
:10FDC00003462246116819605168596092689A602A
:10FDD00021464046FBF7D4FA4046FEF713FF38466B
:10FDE000BDE8F88F25F00705002D2A46A0DA0C2380
:10FDF000C8F8003000273846BDE8F88F1E46D0E925
:10FE00000223D3609A60731B0F2B22D8D9F80430D9
:10FE100003F0010333434E44C9F80430736843F0E0
:10FE20000103736040462746FEF7ECFE3846BDE806
:10FE3000F88FC907ADD454F8083CA9EB030ADAF8E7
:10FE4000041021F00301A0E7BDE8F84F1146FEF7CA
:10FE5000ADBAD9F8042009EB050102F001024E44C5
:10FE600043F001032A43C9F804204B60736843F050
:10FE70000103083173604046FBF782FAD2E7DCF8F1
:10FE8000040020F0030B06EB0B0C05F11000844579
:10FE90004DDAC9073FF57DAF54F8081CA9EB010AFC
:10FEA000DAF8041021F003018B44B34458453FF7BE
:10FEB0006CAF5746DAF80C1057F8080F321F242A97
:10FEC000C160886000F2DB80132A40F2D68021688E
:10FED000CAF808106168CAF80C101B2A00F2DF800B
:10FEE00008340AF110022168116061685160A1684C
:10FEF00091600AEB0501ABEB050242F0010299604B
:10FF00004A60DAF8043003F001032B434046CAF894
:10FF10000430FEF777FE6EE7236803606368436092
:10FF20001B2A68D804F1080200F108034AE709EB2C
:10FF300005029A60ACEB050343F00103536054F8EB
:10FF4000043C03F001032B43404644F8043CFEF715
:10FF500059FE27464FE750F8043C23F003031E44A4
:10FF600051E75746DAF80C1057F8080F321F242AC9
:10FF7000C16088604CD8132A48D92168CAF8081093
:10FF80006168CAF80C101B2A56D808340AF110020E
:10FF90001E462368136063685360A3689360D1466C
:10FFA0003C4630E7214600F0CDFB11E7D0E90213D3
:10FFB0005746CB60996057F8081FDAF80C30CB60D1
:10FFC000321F242A99602DD8132A29D92368CAF808
:10FFD00008306368CAF80C301B2A42D808340AF18A
:10FFE000100322681A6062685A60A2689A606646C6
:10FFF000D1463C4607E7A3688360E368C360242AD0
:02000004600397
:1000000026D004F1100200F11003DBE63A46BFE708
:10001000214638461E46D14600F094FB3C46F2E6A7
:100020003B46DEE7214638466646D14600F08AFB6D
:100030003C46E8E69C4C0020A168CAF81010E16834
:10004000CAF81410242A20D010340AF118029FE7AD
:10005000236903616169416104F1180200F1180329
:10006000B0E6A368CAF81030E368CAF81430242A4E
:1000700021D010340AF11803B3E73A4633E721469A
:10008000384600F05FFB164B33E72269CAF81820A8
:100090006269CAF81C2018340AF1200278E7A168C6
:1000A000CAF81010E168CAF81410242A0DD01034D0
:1000B0000AF1180217E72369CAF818306369CAF809
:1000C0001C3018340AF120038BE72269CAF8182083
:1000D0006269CAF81C2018340AF1200203E700BF45
:1000E0009C4C002070B50C46084D03460026204667
:1000F00011461C462E60EAF75BFC431C00D070BD25
:100100002B68002BFBD0236070BD00BFC4350220DC
:1001100038B5074D0022044608462A60EAF74EFC2F
:10012000431C00D038BD2B68002BFBD0236038BDAA
:10013000C435022038B50C46084D84461146204689
:100140001A4600232B606446EAF73AFC431C00D0B1
:1001500038BD2B68002BFBD0236038BDC43502208E
:1001600038B50C46084D8446114620461A460023F1
:100170002B606446EAF716FC431C00D038BD2B68A0
:10018000002BFBD0236038BDC43502202DE9F04799
:1001900082B0824688461446FAF70EFA012803D147
:1001A00008F1FF33FE2B36D90DF10409424604F164
:1001B0005C0349465046FEF7BFFB421C064632D060
:1001C00020B39DF804C0002509E023685A1C226072
:1001D00083F800C00135B54218D219F801CFA368E1
:1001E000013B002BA360F0DAA769BB4261462246BF
:1001F000504602DBBCF10A0FE7D100F04BFA431C7A
:10020000E8D10646304602B0BDE8F08746463046A3
:1002100002B0BDE8F0875FFA88FC8DF804C006469E
:100220000DF10409CFE7A389304643F04003A381D1
:1002300002B0BDE8F08700BF30B5536E13F0010F78
:10024000B2F90C30144683B005469AB201D1980534
:100250001CD5900406D4626E43F4005342F400525D
:10026000A381626622462846FFF790FF636EDA0795
:10027000054602D4A3899B0502D5284603B030BDAC
:10028000A06DFAF797F9284603B030BDA06D019133
:10029000FAF78EF9B4F90C3001999AB2D9E700BF98
:1002A0009368002B00F085802DE9F04FB1F90C30F8
:1002B0000C461907804683B0174698B225D52369A6
:1002C0001BB310F002033D682DD04FF0000ADFF899
:1002D000C0B25646B9465E453346524628BF5B46D5
:1002E0004046002E52D0E169676AB847002856DDC3
:1002F000D9F808301B1A8244361AC9F80830002B86
:10030000E9D1002003B0BDE8F08F21464046FEF75A
:10031000A1FB002840F03881B4F90C303D6898B258
:1003200010F00203D1D110F0010944D14E460097DC
:1003300046B38205D4F808B040F18580B3455A46EB
:1003400000F2B48010F4906F40F0C18020680192F8
:10035000494600F0F7F9A368019AA3EB0B01236863
:10036000A1601344B24623600026009A9368A3EB71
:100370000A03D1449360002BC3D0B4F90C0080B2BF
:10038000002ED6D1D5E900960835D1E7D5E900A6EB
:100390000835A0E721464046FFF7FCFB88B3B4F9D7
:1003A0000C3043F040034FF0FF30A38103B0BDE8B1
:1003B000F08F002070471E46BA46994618460095B1
:1003C0001F4666B3002832D04A46D4E90413206899
:1003D000A568B24228BF3246884204D905EB030B18
:1003E0005A4500F3A780934264DCE169656A3A46A6
:1003F0004046A847B0F1000BD1DDB9EB0B09C9D0DD
:100400000120DAF80830A3EB0B035F44A6EB0B06E0
:10041000CAF80830002B3FF474AF002ED2D1009AF6
:100420005668134608320092002EF8D01F683246F4
:100430000A213846FFF7DEFB002800F09C800130DF
:10044000A0EB0709C0E720682369984216D86269C3
:10045000B24213D86FF00043B34228BF3346E1697C
:1004600093FBF2F3676A02FB03F340464A46B84740
:10047000B0F1000A93DDA6EB0A0676E7B345DA464B
:1004800028BFB2465246494600F05CF9A36822688C
:10049000A3EB0A035244A3602260002BEBD1214658
:1004A0004046FFF777FB0028E5D078E72068B346A1
:1004B00032464CE73946019200F044F9019AA368AC
:1004C0009B1AA360236813442360934695E723682F
:1004D0002169A3EB010B636903EB430A0AEBDA7AA8
:1004E0000BF101034FEA6A0A33445345524684BF75
:1004F0009A46524643052CD511464046FDF756FF15
:1005000000283BD05A4621690190FAF7C3FDA28921
:10051000019B22F4906242F08002A28103EB0B0067
:100520002361AAEB0B03C4F814A0A3602060B346B8
:1005300032460CE739465A4600F004F923685B441A
:10054000236021464046FFF725FB00283FF455AFC6
:1005500025E74046FFF7DAFB03460028DED1216994
:100560004046FAF70DFFB4F90C300C2223F080035B
:10057000C8F8002015E7721C914626E70C22B4F952
:100580000C30C8F800200CE74FF0FF30BAE600BF8F
:1005900000FCFF7F2DE9F04F9368176883B0924607
:1005A000002B70D081468A6808680C46083743E003
:1005B000A38913F4906F2ED0D4E90416A0EB0108A0
:1005C00006EB460606EBD67608F1010076102844C5
:1005D000B042324684BF064632465B0537D51146E7
:1005E0004846FDF7E3FE019000283AD042462169D3
:1005F000FAF750FDA289019B22F4906242F080023A
:10060000A281A6EB080203EB08006661A2602361E9
:1006100020602E46A8464246594600F093F8DAF884
:100620000830A2682068921B40445B1BA2602060D7
:10063000CAF808303BB3083757E902B5002DFAD0A5
:10064000AA4216469046B3D92E46A846E3E7484646
:10065000FFF75CFB03460028D3D121694846FAF72F
:100660008FFEA3890C2243F04003C9F800204FF00D
:10067000FF30A38100220023CAF80820CAF8043002
:1006800003B0BDE8F08F00200023CAF8043003B0A7
:10069000BDE8F08FF8B50D461446064610B1436B21
:1006A000002B4CD0B4F90C20A369A360170790B2BB
:1006B0001BD52369CBB1EDB281042F4622D5226828
:1006C0006169D31A994229DD0133A1680139A1601A
:1006D000511C2160157062699A4227D0A389DB07FB
:1006E00001D50A2D22D03846F8BD21463046FEF706
:1006F000B1F908BBB4F90C20236990B2EDB28104C2
:100700002F46DCD442F40052A281626E616922F469
:10071000005262662268D31A9942D5DC21463046DF
:10072000FFF738FA40B922680123CEE72146304668
:10073000FFF730FA0028D6D04FF0FF37D3E7FAF7AB
:100740004DFCAFE788420DD98B1883420AD900EBE4
:10075000020CBAB1624613F801CD02F801CD9942FC
:10076000F9D170470F2A0ED8034602F1FF3C4AB177
:100770000CF1010C013B8C4411F8012B03F8012F03
:100780006145F9D1704740EA01039B0750D1A2F1BE
:10079000100370B501F1200C23F00F0501F1100ECC
:1007A00000F11004AC441B095EF8105C44F8105CC6
:1007B0005EF80C5C44F80C5C5EF8085C44F8085C7D
:1007C0005EF8045C44F8045C0EF1100EE64504F19A
:1007D0001004E9D1013312F00C0F01EB031102F008
:1007E0000F0400EB031327D0043C24F003064FEA68
:1007F000940C1E441C1F8E465EF8045B44F8045F94
:10080000B442F9D10CF1010402F0030203EB8403BA
:1008100001EB840102F1FF3C4AB10CF1010C013BF8
:100820008C4411F8012B03F8012F6145F9D170BDFB
:1008300002F1FF3C03469BE72246EBE72DE9F04F30
:100840008BB0DDE9158A149F0391814605921E46FF
:10085000B8F1000F5CD0039B002B5ED0059B1D6898
:10086000002F6AD0741E4EB3039B0493043D0026F0
:1008700001950BE0039B2BBB019B1A68002A3AD021
:10088000BC455CD2013C631C664617D0D8F80030EA
:100890000293019BDAF8E05053F8042F019307A963
:1008A00043464846D8F804B0A847421C3AD000EB6B
:1008B000060CBC45DED9029BC8E9003B30460BB0B4
:1008C000BDE8F08F00280EDD049B019D18445A1EE0
:1008D00007A900F1FF3E11F8013B02F8013F724504
:1008E000F9D101950490059B1A6804321A60019BA6
:1008F0001A68002AC4D1039B0BB1059B1A600CF146
:10090000FF3600223046C8F800200BB0BDE8F08F5B
:10091000039B00F58678002BA0D1059B4FF0FF3795
:100920001D689FE706468A2100223046C9F800105C
:10093000C8F800200BB0BDE8F08F3E46BEE7664623
:10094000BCE700BF10B584B0054C0698009007982E
:100950000190044800680294FFF770FF04B010BDD6
:10096000304B0020B8500020024B01461868FDF7BC
:100970001DBD00BFB8500020024B01461868FAF7B1
:10098000FFBC00BFB850002010B4044C03460A4618
:1009900020685DF8044B1946FFF7B8B9B85000203D
:1009A000000000005FF800F0451D00605FF800F0F7
:1009B000951C00605FF800F0C11D00605FF800F05A
:0409C000451E006070
:0409C400F8B500BFC3
:0809C8006C85FF7F01000000B7
:1009D0000000000000000000000000000000000017
:1009E0000000000000000000000000000000000007
:1009F00000000000000000000000000000000000F7
:100A000000000000000000000000000000000000E6
:100A100000000000000000000000000000000000D6
:100A200000000000000000000000000000000000C6
:100A300000000000000000000000000000000000B6
:100A400000000000000000000000000000000000A6
:100A50000000000000000000000000000000000096
:100A60000000000000000000000000000000000086
:100A70000000000000000000000000000000000076
:100A80000000000000000000000000000000000066
:100A90000000000000000000000000000000000056
:100AA0000000000000000000000000000000000046
:100AB0000000000000000000000000000000000036
:100AC0000000000000000000000000000000000026
:100AD0000000000000000000000000000000000016
:100AE0000000000000000000000000000000000006
:100AF00000000000000000000000000000000000F6
:100B000000000000000000000000000000000000E5
:100B100000000000000000000000000000000000D5
:100B200000000000000000000000000000000000C5
:100B300000000000000000000000000000000000B5
:100B400000000000000000000000000000000000A5
:100B50000000000000000000000000000000000095
:100B60000000000000000000000000000000000085
:100B70000000000000000000000000000000000075
:100B80000000000000000000000000000000000065
:100B90000000000000000000000000000000000055
:100BA0000000000000000000000000000000000045
:100BB0000000000000000000000000000000000035
:100BC0000000000000000000000000000000000025
:100BD0000000000000000000000000000000000015
:100BE0000000000000000000000000000000000005
:100BF00000000000000000000000000000000000F5
:100C000000000000000000000000000000000000E4
:100C100000000000000000000000000000000000D4
:100C200000000000000000000000000000000000C4
:100C300000000000000000000000000000000000B4
:100C400000000000000000000000000000000000A4
:100C5000FE822B6547156740000000000000384306
:100C60000000FAFE422E76BF3A3B9EBC9AF70CBDBE
:100C7000BDFDFFFFFFFFDF3F3C5455555555C53FB8
:100C8000912B17CF5555A53F17D0A4671111813F60
:100C9000000000000000C842EF39FAFE422EE63F95
:100CA00024C482FFBDBFCE3FB5F40CD7086BAC3F68
:100CB000CC5046D2ABB2833F843A4E9BE0D7553FEF
:100CC0000000000000000000000000000000F03FF5
:100CD0006EBF881A4F3B9B3C3533FBA93DF6EF3F77
:100CE0005DDCD89C136071BC6180773E9AECEF3F6D
:100CF000D16687107A5E90BC857F6EE815E3EF3F82
:100D000013F6673552D28C3C748515D3B0D9EF3FBA
:100D1000FA8EF92380CE8BBCDEF6DD296BD0EF3F57
:100D200061C8E6614EF7603CC89B751845C7EF3F48
:100D300099D3335BE4A3903C83F3C6CA3EBEEF3F36
:100D40006D7B835DA69A973C0F89F96C58B5EF3F90
:100D5000FCEFFD921AB58E3CF747722B92ACEF3F39
:100D6000D19C2F703DBE3E3CA2D1D332ECA3EF3FCD
:100D70000B6E908934036ABC1BD3FEAF669BEF3FBA
:100D80000EBD2F2A525695BC515B12D00193EF3FF6
:100D900055EA4E8CEF8050BCCC316CC0BD8AEF3F21
:100DA00016F4D5B923C991BCE02DA9AE9A82EF3FC4
:100DB000AF555CE9E3D3803C518EA5C8987AEF3FEC
:100DC0004893A5EA151B80BC7B517D3CB872EF3F70
:100DD0003D32DE55F01F8FBCEA8D8C38F96AEF3F4B
:100DE000BF53133F8C898B3C75CB6FEB5B63EF3F3D
:100DF00026EB11769CD996BCD45C0484E05BEF3F73
:100E0000602F3A3EF7EC9A3CAAB968318754EF3F1D
:100E10009D3886CB82E78FBC1DD9FC22504DEF3F19
:100E20008DC3A644416F8A3CD68C62883B46EF3F17
:100E30007D04E4B0057A803C96DC7D91493FEF3F2C
:100E400094A8A8E3FD8E963C3862756E7A38EF3F21
:100E50007D4874F2185E873C3FA6B24FCE31EF3F1B
:100E6000F2E71F982B47803CDD7CE265452BEF3F86
:100E70005E08713F7BB896BC8163F5E1DF24EF3FEC
:100E800031AB096DE1F7823CE1DE1FF59D1EEF3FBE
:100E9000FABF6F1A9B213DBC90D9DAD07F18EF3F83
:100EA000B40A0C7282378B3C0B03E4A68512EF3F29
:100EB0008FCBCE8992146E3C562F3EA9AF0CEF3FDC
:100EC000B6ABB04D754D833C15B7310AFE06EF3F0A
:100ED0004C74ACE20142863C31D84CFC7001EF3FCF
:100EE0004AF8D35D39DD8F3CFF1664B208FCEE3F53
:100EF000045B8E3B80A386BCF19F925FC5F6EE3FFC
:100F000068504BCCED4A92BCCBA93A37A7F1EE3FE3
:100F10008E2D511BF80799BC66D8056DAEECEE3FDF
:100F2000D236943EE8D171BCF79FE534DBE7EE3F63
:100F3000151BCEB3191999BCE5A813C32DE3EE3FD9
:100F40006D4C2AA7489F853C2234124CA6DEEE3F0A
:100F50008A69287A601293BC1C80AC0445DAEE3FA3
:100F60005B8917488FA758BC2A2EF7210AD6EE3F77
:100F70001B9A49679B2C7CBC97A850D9F5D1EE3FB2
:100F800011ACC260ED63433C2D89616008CEEE3F39
:100F9000EF64063B0966963C57001DED41CAEE3FE3
:100FA0007903A1DAE1CC6E3CD03CC1B5A2C6EE3FDC
:100FB00030120F3F8EFF933CDED3D7F02AC3EE3FB3
:100FC000B0AF7ABBCE90763C272A36D5DABFEE3F5B
:100FD00077E054EBBD1D933C0DDDFD99B2BCEE3FB7
:100FE0008EA3710034948FBCA72C9D76B2B9EE3FCE
:100FF00049A393DCCCDE87BC4266CFA2DAB6EE3FD3
:101000005F380FBDC6DE78BC824F9D562BB4EE3FD5
:10101000F65C7BEC461286BC0F925DCAA4B1EE3F33
:101020008ED7FD180535933CDA27B53647AFEE3F2E
:10103000059B8A2FB7987B3CFDC797D412ADEE3F36
:1010400009541CE2E163903C295448DD07ABEE3FB4
:10105000EAC6195085C7343CB746598A26A9EE3FDF
:1010600035C0642BE632943C4821AD156FA7EE3FA6
:101070009F7699614AE48CBC09DC76B9E1A5EE3F24
:10108000A84DEF3BC5338CBC85553AB07EA4EE3FEE
:10109000AEE92B89785384BC20C3CC3446A3EE3F01
:1010A00058585678DDCE93BC2522558238A2EE3FA3
:1010B00064197E80AA10573C73A94CD455A1EE3F09
:1010C00028225EBFEFB393BCCD3B7F669EA0EE3F70
:1010D00082B93487AD126ABCBFDA0B7512A0EE3F3D
:1010E000EEA96DB8EF6763BC2F1A653CB29FEE3F67
:1010F0005188E0543DDC80BC849451F97D9FEE3FE3
:10110000CF3E5A7E641F78BC745FECE8759FEE3F5B
:10111000B07D8BC04AEE86BC7481A5489A9FEE3F95
:101120008AE6551E321986BCC9674256EB9FEE3FD0
:10113000D3D4095ECB9C903C3F5DDE4F69A0EE3F6F
:101140001DA54DB9DC327BBC8701EB7314A1EE3FCA
:101150006BC06754FDEC943C32C13001EDA1EE3F11
:10116000556CD6ABE1EB653C624ECF36F3A2EE3F59
:1011700042CFB32FC5A188BC121A3E5427A4EE3F1C
:1011800034373BF1B66993BC13CE4C9989A5EE3F39
:101190001EFF193A845E80BCADC723461AA7EE3FF6
:1011A0006E5772D850D494BCED92449BD9A8EE3FB0
:1011B000008A0E5B67AD903C99668AD9C7AAEE3F5C
:1011C000B4EAF0C12FB78D3CDBA02A42E5ACEE3F7C
:1011D000FFE7C59C60B665BC8C44B51632AFEE3FE8
:1011E000445FF35983F67B3C36771599AEB1EE3FF9
:1011F000833D1EA71F0993BCC6FF910B5BB4EE3F56
:10120000291E6C8BB8A95DBCE5C5CDB037B7EE3FE4
:1012100059B9907CF9236CBC0F52C8CB44BAEE3F4D
:10122000AAF9F422434392BC504EDE9F82BDEE3FAA
:101230004B8E66D76CCA85BCBA07CA70F1C0EE3F48
:1012400027CE912BFCAF713C90F0A38291C4EE3F6E
:10125000BB730AE135D26D3C2323E31963C8EE3F2B
:101260006322622204C587BC65E55D7B66CCEE3FE8
:10127000D531E2E3861C8B3C332D4AEC9BD0EE3F0C
:1012800015BBBCD3D1BB91BC5D253EB203D5EE3FAF
:10129000D231EE9C31CC903C58B330139ED9EE3F06
:1012A000B35A736E8469843CBFFD79556BDEEE3FA3
:1012B000B49D8E97CDDF82BC7AF3D3BF6BE3EE3F54
:1012C0008733CB92771A8C3CADD35A999FE8EE3F87
:1012D000FAD9D14A8F7B90BC66B68D2907EEEE3FD6
:1012E000BAAEDC56D9C355BCFB154FB8A2F3EE3FDE
:1012F00040F6A63D0EA490BC3A59E58D72F9EE3F3A
:101300003493AD38F4D668BC475EFBF276FFEE3F0F
:10131000358A586BE2EE91BC4A06A130B005EF3F2A
:10132000CDDD5F0AD7FF743CD2C14B901E0CEF3F5E
:10133000AC9892FAFBBD91BC091ED75BC212EF3F7D
:10134000B30CAF30AE6E733C9C5285DD9B19EF3F02
:1013500094FD9F5C32E38E3C7AD0FF5FAB20EF3F81
:10136000AC5909D18FE0843C4BD1572EF127EF3F88
:10137000671A4E38AFCD633CB5E706946D2FEF3F4B
:101380006819926C2C6B673C6990EFDC2037EF3F5B
:10139000D2B5CC83188A80BCFAC35D550B3FEF3FB2
:1013A0006FFAFF3F5DAD8FBC7C89074A2D47EF3F49
:1013B00049A97538AE0D90BCF2890D08874FEF3FF3
:1013C000A7073DA685A3743C87A4FBDC1858EF3F14
:1013D0000F2240209E9182BC9883C916E360EF3FA4
:1013E000AC92C1D5505A8E3C8532DB03E669EF3FA3
:1013F0004B6B01AC593A843C60B401F32173EF3F6D
:101400001F3EB40721D582BC5F9B7B33977CEF3FA7
:10141000C90D473BB92A89BC29A1F5144686EF3F7F
:10142000D3883A6004B6743CF63F8BE72E90EF3FCA
:1014300071729D51ECC5833C834CC7FB519AEF3FC1
:10144000F091D38F12F78FBCDA90A4A2AFA4EF3F34
:101450007D7423E298AE8DBCF1678E2D48AFEF3FCF
:101460000820AA41BCC38E3C275A61EE1BBAEF3F4D
:1014700032EBA9C3942B843C97BA6B372BC5EF3F53
:10148000EE85D131A9648A3C40456E5B76D0EF3F52
:10149000EDE33BE4BA378EBC14BE9CADFDDBEF3F01
:1014A0009DCD914D3B89773CD8909E81C1E7EF3F20
:1014B00089CC6041C105533CF1718F2BC2F3EF3FE2
:1014C000BEF3F879EC61F63FDEAA8C80F77BD5BFDE
:1014D0003D88AF4AED71F53FDB6DC0A7F0BED2BFCE
:1014E000B010F0F03995F43F673A517FAE1ED0BF8F
:1014F0008503B8B095C9F33FE92482A6D831CBBFA4
:10150000A564880C190DF33F5877C00A4F57C6BF22
:10151000A08E0B7B225EF23F00819CC72BAAC1BF2D
:101520003F341A4A4ABBF13F5E0E8CCE764EBABFAC
:10153000BAE58AF05823F13FCC1C615A3C97B1BF01
:10154000A70099413F95F03F1E0CE138F452A2BF2D
:10155000000000000000F03F00000000000000005C
:10156000AC479AFD8C60EE3F8459F25DAAA5AA3F74
:10157000A06A021FB3A4EC3FB42E36AA535EBC3F50
:10158000E6FC6A573620EB3F08DB2077E526C53FAF
:101590002DAAA163D1C2E93F7047220D86C2CB3F7D
:1015A000ED417803E686E83FE17EA0C88B05D13F98
:1015B000624853F5DC67E73F09EEB6573004D43F85
:1015C000EF39FAFE422EE63F3483B848A30ED0BF6F
:1015D0006A0BE00B5B57D53F23410AF2FEFFDFBFEA
:1015E0000080E03779C34143176E05B5B5B893461F
:1015F000F5F93FE9034F384D321D30F94877825AEB
:101600003CBF737FDD4F1575000000000000F03F08
:1016100000000000000024400000000000005940CD
:101620000000000000408F40000000000088C34020
:1016300000000000006AF8400000000080842E4195
:1016400000000000D01263410000000084D79741E1
:101650000000000065CDCD41000000205FA00242E7
:10166000000000E876483742000000A2941A6D425C
:10167000000040E59C30A2420000901EC4BCD6424F
:1016800000003426F56B0C430080E03779C34143FA
:1016900000A0D8855734764300C84E676DC1AB4370
:1016A000003D9160E458E143408CB5781DAF15448E
:1016B00050EFE2D6E41A4B4492D54D06CFF0804469
:1016C000F64AE1C7022DB544B49DD9794378EA447E
:1016D0000038FAFE422EE63F3067C79357F32E3D9F
:1016E000000000000000E0BF605555555555E5BFAE
:1016F000060000000000E03F4E5559999999E93FD6
:101700007AA429555555E5BFE945489B5B49F2BF89
:10171000C33F268B2B00F03F0000000000A0F63FE7
:10172000000000000000000000C8B9F2822CD6BF03
:101730008056372824B4FA3C000000000080F63FB1
:101740000000000000000000000858BFBDD1D5BF58
:1017500020F7E0D808A51CBD000000000060F63F9F
:101760000000000000000000005845177776D5BF44
:101770006D50B6D5A46223BD000000000040F63FC6
:10178000000000000000000000F82D87AD1AD5BF52
:10179000D567B09EE484E6BC000000000020F63F60
:1017A0000000000000000000007877955FBED4BF05
:1017B000E03E2993691B04BD000000000000F63FD5
:1017C000000000000000000000601CC28B61D4BF5C
:1017D000CC844C482FD8133D0000000000E0F53FBA
:1017E000000000000000000000A886863004D4BF7E
:1017F0003A0B82EDF342DC3C0000000000C0F53FF4
:101800000000000000000000004869554CA6D3BF4E
:1018100060945186C6B1203D0000000000A0F53F55
:1018200000000000000000000080989ADD47D3BF50
:101830009280C5D44D59253D000000000080F53F41
:1018400000000000000000000020E1BAE2E8D2BF82
:10185000D82BB7991E7B263D000000000060F53FA5
:1018600000000000000000000088DE135A89D2BF8B
:101870003FB0CFB614CA153D000000000060F53F30
:1018800000000000000000000088DE135A89D2BF6B
:101890003FB0CFB614CA153D000000000040F53F30
:1018A00000000000000000000078CFFB4129D2BFFB
:1018B00076DA5328245A16BD000000000020F53FB8
:1018C0000000000000000000009869C198C8D1BF66
:1018D0000454E768BCAF1FBD000000000000F53FE6
:1018E000000000000000000000A8ABAB5C67D1BFA7
:1018F000F0A88233C61F1F3D0000000000E0F43F47
:1019000000000000000000000048AEF98B05D1BFC8
:10191000665A05FDC4A826BD0000000000C0F43FC3
:101920000000000000000000009073E224A3D0BF7C
:101930000E03F47EEE6B0CBD0000000000A0F43F2F
:10194000000000000000000000D0B4942540D0BF8B
:101950007F2DF49EB836F0BC0000000000A0F43FDC
:10196000000000000000000000D0B4942540D0BF6B
:101970007F2DF49EB836F0BC000000000080F43FDC
:10198000000000000000000000405E6D18B9CFBFED
:10199000873C99AB2A570D3D000000000060F43FE2
:1019A00000000000000000000060DCCBADF0CEBF06
:1019B00024AF869CB7262B3D000000000040F43F7A
:1019C000000000000000000000F02A6E0727CEBFD4
:1019D00010FF3F544F2F17BD000000000020F43FC0
:1019E000000000000000000000C04F6B215CCDBF74
:1019F0001B68CABB91BA213D000000000000F43F03
:101A0000000000000000000000A09AC7F78FCCBFC4
:101A100034849F684F79273D000000000000F43FA8
:101A2000000000000000000000A09AC7F78FCCBFA4
:101A300034849F684F79273D0000000000E0F33FA9
:101A4000000000000000000000902D7486C2CBBF93
:101A50008FB78B31B04E193D0000000000C0F33F3E
:101A6000000000000000000000C0804EC9F3CABFA3
:101A70006690CD3F634EBA3C0000000000A0F33FEB
:101A8000000000000000000000B0E21FBC23CABF3D
:101A9000EAC146DC648C25BD0000000000A0F33FD5
:101AA000000000000000000000B0E21FBC23CABF1D
:101AB000EAC146DC648C25BD000000000080F33FD5
:101AC00000000000000000000050F49C5A52C9BF02
:101AD000E3D4C104D9D12ABD000000000060F33F67
:101AE000000000000000000000D02065A07FC8BFFB
:101AF00009FADB7FBFBD2B3D000000000040F33F33
:101B0000000000000000000000E0100289ABC7BF29
:101B1000584A537290DB2B3D000000000040F33F19
:101B2000000000000000000000E0100289ABC7BF09
:101B3000584A537290DB2B3D000000000020F33F19
:101B4000000000000000000000D019E70FD6C6BF5B
:101B500066E2B2A36AE410BD000000000000F33F9B
:101B600000000000000000000090A77030FFC5BF1B
:101B70003950109F439E1EBD000000000000F33F3F
:101B800000000000000000000090A77030FFC5BFFB
:101B90003950109F439E1EBD0000000000E0F23F40
:101BA000000000000000000000B0A1E3E526C5BF72
:101BB0008F5B07908BDE20BD0000000000C0F23F6D
:101BC00000000000000000000080CB6C2B4DC4BF63
:101BD0003C783561C10C173D0000000000C0F23FA9
:101BE00000000000000000000080CB6C2B4DC4BF43
:101BF0003C783561C10C173D0000000000A0F23FA9
:101C0000000000000000000000901E20FC71C3BF17
:101C10003A54274D8678F13C000000000080F23FE6
:101C2000000000000000000000F01FF85295C2BF45
:101C300008C47117308D24BD000000000060F23F21
:101C4000000000000000000000602FD52AB7C1BFCF
:101C500096A31118A4802EBD000000000060F23F82
:101C6000000000000000000000602FD52AB7C1BFAF
:101C700096A31118A4802EBD000000000040F23F82
:101C800000000000000000000090D07C7ED7C0BFA4
:101C9000F45BE88896690A3D000000000040F23FCE
:101CA00000000000000000000090D07C7ED7C0BF84
:101CB000F45BE88896690A3D000000000020F23FCE
:101CC000000000000000000000E0DB3191ECBFBF2D
:101CD000F233A35C547525BD000000000000F23F04
:101CE000000000000000000000002B6E0727BEBFB0
:101CF0003C00F02A2C342A3D000000000000F23F96
:101D0000000000000000000000002B6E0727BEBF8F
:101D10003C00F02A2C342A3D0000000000E0F13F96
:101D2000000000000000000000C05B8F545EBCBFDC
:101D300006BE5F58570C1DBD0000000000C0F13FFB
:101D4000000000000000000000E04A3A6D92BABFB7
:101D5000C8AA5BE83539253D0000000000C0F13F0E
:101D6000000000000000000000E04A3A6D92BABF97
:101D7000C8AA5BE83539253D0000000000A0F13F0E
:101D8000000000000000000000A031D645C3B8BF2D
:101D900068562F4D297C133D0000000000A0F13F44
:101DA000000000000000000000A031D645C3B8BF0D
:101DB00068562F4D297C133D000000000080F13F44
:101DC00000000000000000000060E58AD2F0B6BF0D
:101DD000DA7333C9379726BD000000000060F13F79
:101DE00000000000000000000020063F071BB5BFF8
:101DF000575EC6615B021F3D000000000060F13FBE
:101E000000000000000000000020063F071BB5BFD7
:101E1000575EC6615B021F3D000000000040F13FBD
:101E2000000000000000000000E01B96D741B3BF97
:101E3000DF13F9CCDA5E2C3D000000000040F13FDA
:101E4000000000000000000000E01B96D741B3BF77
:101E5000DF13F9CCDA5E2C3D000000000020F13FDA
:101E600000000000000000000080A3EE3665B1BF56
:101E700009A38F765E7C143D000000000000F13F56
:101E80000000000000000000008011C0300AAFBF59
:101E9000918E36839E592D3D000000000000F13FD9
:101EA0000000000000000000008011C0300AAFBF39
:101EB000918E36839E592D3D0000000000E0F03FDA
:101EC000000000000000000000801971DD42ABBF7F
:101ED0004C70D6E57A821C3D0000000000E0F03F27
:101EE000000000000000000000801971DD42ABBF5F
:101EF0004C70D6E57A821C3D0000000000C0F03F27
:101F0000000000000000000000C032F65874A7BFB7
:101F1000EEA1F23446FC2CBD0000000000C0F03FF2
:101F2000000000000000000000C032F65874A7BF97
:101F3000EEA1F23446FC2CBD0000000000A0F03FF2
:101F4000000000000000000000C0FEB9879EA3BF93
:101F5000AAFE26F5B702F53C0000000000A0F03F05
:101F6000000000000000000000C0FEB9879EA3BF73
:101F7000AAFE26F5B702F53C000000000080F03F05
:101F800000000000000000000000780E9B829FBF50
:101F9000E4097E7C268029BD000000000080F03F1F
:101FA00000000000000000000000780E9B829FBF30
:101FB000E4097E7C268029BD000000000060F03F1F
:101FC00000000000000000000080D5071BB997BF8B
:101FD00039A6FA93548D28BD000000000040F03F60
:101FE00000000000000000000000FCB0A8C08FBF8F
:101FF0009CA6D3F67C1EDFBC000000000040F03F32
:1020000000000000000000000000FCB0A8C08FBF6E
:102010009CA6D3F67C1EDFBC000000000020F03F31
:1020200000000000000000000000106B2AE07FBFED
:10203000E440DA0D3FE219BD000000000020F03F4F
:1020400000000000000000000000106B2AE07FBFCD
:10205000E440DA0D3FE219BD000000000000F03F4F
:102060000000000000000000000000000000000070
:102070000000000000000000000000000000F03F31
:102080000000000000000000000000000000000050
:1020900000000000000000000000000000C0EF3F52
:1020A0000000000000000000000089751510803F4E
:1020B000E82B9D996BC710BD000000000080EF3F2A
:1020C0000000000000000000008093585620903F60
:1020D000D2F7E2065BDC23BD000000000040EF3FCA
:1020E00000000000000000000000C9282549983FBA
:1020F000340C5A32BAA02ABD000000000000EF3FA5
:1021000000000000000000000040E7895D41A03FA2
:1021100053D7F15CC011013D0000000000C0EE3F4C
:10212000000000000000000000002ED4AE66A43FB6
:1021300028FDBD7573162CBD000000000080EE3F29
:10214000000000000000000000C09F14AA94A83FF7
:102150007D265AD0957919BD000000000040EE3F61
:10216000000000000000000000C0DDCD73CBAC3FDC
:102170000728D847F2681ABD000000000020EE3F93
:10218000000000000000000000C006C031EAAE3FC1
:102190007B3BC94F3E110EBD0000000000E0ED3F4B
:1021A0000000000000000000006046D13B97B13FF6
:1021B0009B9E0D565D3225BD0000000000A0ED3F46
:1021C000000000000000000000E0D1A7F5BDB33F13
:1021D000D74EDBA55EC82C3D000000000060ED3F3F
:1021E000000000000000000000A0974D5AE9B53F34
:1021F0001E1D5D3C06692CBD000000000040ED3F47
:10220000000000000000000000C0EA0AD300B73F51
:1022100032ED9DA98D1EEC3C000000000000ED3F5A
:1022200000000000000000000040595D5E33B93F2F
:10223000DA47BD3A5C11233D0000000000C0EC3FCE
:1022400000000000000000000060AD8DC86ABB3FC8
:10225000E568F72B809013BD0000000000A0EC3F64
:1022600000000000000000000040BC015888BC3F96
:10227000D3AC5AC6D146263D000000000060EC3FBA
:10228000000000000000000000200A8339C7BE3FA4
:10229000E045E6AF68C02DBD000000000040EC3F07
:1022A000000000000000000000E0DB3991E8BF3FC3
:1022B000FD0AA14FD63425BD000000000000EC3F10
:1022C000000000000000000000E027828E17C13FE0
:1022D000F2072DCE78EF213D0000000000E0EB3F3B
:1022E000000000000000000000F0237E2BAAC13F88
:1022F000349938448EA72C3D0000000000A0EB3F2D
:1023000000000000000000000080860C61D1C23F88
:10231000A1B481CB6C9D033D000000000080EB3F29
:102320000000000000000000009015B0FC65C33FF5
:1023300089724B23A82FC63C000000000040EB3FF1
:10234000000000000000000000B033833D91C43F56
:1023500078B6FD547983253D000000000020EB3F56
:10236000000000000000000000B0A1E4E527C53F28
:10237000C77D69E5E833263D0000000000E0EA3F44
:10238000000000000000000000108CBE4E57C63F49
:10239000782E3C2C8BCF193D0000000000C0EA3F96
:1023A00000000000000000000070758B12F0C63FB6
:1023B000E1219CE58D1125BD0000000000A0EA3F51
:1023C0000000000000000000005044858D89C73FD8
:1023D0000543917010661CBD000000000060EA3FDC
:1023E0000000000000000000000039EBAFBEC83F55
:1023F000D12CE9AA543D07BD000000000040EA3F8F
:1024000000000000000000000000F7DC5A5AC93F3D
:102410006FFFA05828F2073D000000000000EA3FCF
:10242000000000000000000000E08A3CED93CA3F7D
:1024300069215650437228BD0000000000E0E93FCA
:10244000000000000000000000D05B57D831CB3FF7
:10245000AAE1AC4E8D350CBD0000000000C0E93F84
:10246000000000000000000000E03B3887D0CB3FB8
:10247000B6125459C44B2DBD0000000000A0E93F26
:1024800000000000000000000010F0C6FB6FCC3F11
:10249000D22B96C572ECF1BC000000000060E93F51
:1024A00000000000000000000090D4B03DB1CD3F1E
:1024B00035B015F72AFF2ABD000000000040E93FB3
:1024C00000000000000000000010E7FF0E53CE3FA8
:1024D00030F441602712C23C000000000020E93FB8
:1024E00000000000000000000000DDE4ADF5CE3F7C
:1024F000118EBB651521CABC000000000000E93F39
:10250000000000000000000000B0B36C1C99CF3F39
:1025100030DF0CCAECCB1B3D0000000000C0E83FE0
:10252000000000000000000000584D603871D03FEE
:10253000914EED16DB9CF83C0000000000A0E83F47
:102540000000000000000000006061672DC4D03F63
:10255000E9EA3C168B18273D000000000080E83FA8
:10256000000000000000000000E827828E17D13F25
:102570001CF0A5630E212CBD000000000060E83FA8
:10258000000000000000000000F8ACCB5C6BD13F05
:102590008116A5F7CD9A2B3D000000000040E83FD2
:1025A000000000000000000000685A6399BFD13F9E
:1025B000B7BD4751EDA62C3D000000000020E83FCC
:1025C000000000000000000000B80E6D4514D23F6E
:1025D000EABA46BADE870A3D0000000000E0E73FA5
:1025E00000000000000000000090DC7CF0BED23F44
:1025F000F404504AFA9C2A3D0000000000C0E73F66
:1026000000000000000000000060D3E1F114D33F9F
:10261000B83C21D37AE228BD0000000000A0E73FCB
:1026200000000000000000000010BE76676BD33F82
:10263000C877F1B0CD6E113D000000000080E73F8B
:1026400000000000000000000030337752C2D33F8A
:102650005CBD06B6543B183D000000000060E73F3B
:10266000000000000000000000E8D523B419D43FAA
:102670009DE090EC36E4083D000000000040E73F9C
:10268000000000000000000000C871C28D71D43F3E
:1026900075D66709CE272FBD000000000020E73F58
:1026A00000000000000000000030179EE0C9D43F89
:1026B000A4D80A1B89202EBD000000000000E73FBF
:1026C000000000000000000000A03807AE22D53F47
:1026D00059C7648170BE2E3D0000000000E0E63F57
:1026E000000000000000000000D0C853F77BD53F79
:1026F000EF405DEEEDAD1F3D0000000000C0E63F85
:102700000000000000000000006059DFBDD5D53F8B
:10271000DC65A4082A0B0ABD000000000000F03FA1
:10272000000000000000F0BF000000000000F0BF4B
:10273000000000000000F03F83C8C96D305F6441B5
:10274000182D4454FB21F93F000000000000F03F29
:102750001C620CFDFFFFDFBF198F06E15355A53F3B
:102760009D359AE887C056BFC3F87B024393F93E74
:1027700003A695595455C5BFC40B23057610813F58
:1027800024CF7437EB9429BF000000000000F03F15
:10279000000000000000F0BF000000000000F0BFDB
:1027A000000000000000F03F83C8C96D305F644145
:1027B000182D4454FB21F93F000000000000F0BF39
:1027C0001C620CFDFFFFDF3F198F06E15355A5BFCB
:1027D0009D359AE887C0563FC3F87B024393F9BE04
:1027E00003A695595455C5BFC40B23057610813FE8
:1027F00024CF7437EB9429BF0406C000000000000A
:10280000082500608820006000000042C8801F404A
:10281000B8821F400800000000000042C4801F4032
:10282000B4821F400400000000C0004224801F400A
:1028300014821F401000000000C0004228801F408A
:1028400018821F402000000000C000422C801F4062
:102850001C821F404000000000C0004234801F4026
:1028600024821F40000100000040004264811F409C
:1028700054831F40000400000040004280811F403C
:1028800070831F4000000200004000427C811F4016
:102890006C831F40000001000040004268811F401F
:1028A00058831F4000080000004000423C811F4048
:1028B0002C831F40010000000040004244811F4063
:1028C00034831F40040000000040004240811F404C
:1028D00030831F40020000000040004248811F403A
:1028E00038831F40080000000000004204811F40A0
:1028F000F4821F40000004000000004208811F40D5
:10290000F8821F40000008000000004218811F40AC
:1029100008831F40000080000000004214811F4017
:1029200004831F40000040000000004200811F405F
:10293000F0821F400000020000000042FC801F40A7
:10294000EC821F40000001000000004224811F4073
:1029500014831F40000000040000004228811F4033
:1029600018831F4000000008000000421C811F4027
:102970000C831F40000000010000004220811F4026
:1029800010831F400000000200000042EC801F4046
:10299000DC821F400010000000000042F0801F4059
:1029A000E0821F40002000000000004234811F40F0
:1029B00024831F40000000400000004238811F4077
:1029C00028831F40000000800080004294801F4048
:1029D00084821F400000040000C0004290801F401D
:1029E00080821F400000008000800042A8801F40BD
:1029F00098821F400000800000800042A4801F4099
:102A000094821F4000004000004000426C811F4043
:102A10005C831F400010000000C0004230801F4057
:102A200020821F408000000000800042C8811F40BB
:102A3000B8831F400080000000800042C4811F4016
:102A4000B4831F400040000000800042C0811F404E
:102A5000B0831F400020000000800042BC811F4066
:102A6000AC831F400010000000800042D0811F4056
:102A7000C0831F400000020000800042CC811F4044
:102A8000BC831F40000001000000000000000000A7
:102A90005133010061C7000051330100513301007F
:102AA000513301005133010000000000000000001C
:102AB00095C000006DFA000025C60000000000006F
:102AC000000000008DEE000041FA0000E1C50000AA
:102AD0000000000000000000E1C200006D250100C0
:102AE00071C6000000000000000000006D460100FB
:102AF0000000000000000000057C01001D1F000018
:102B0000A535010015340100FD7901006D5C01005F
:102B1000DD330100C93401000000000000000000A6
:102B2000C92C01000101000401000004013201016F
:102B30000132020101100101011101010112010222
:102B40000103020601030106011202020200000154
:102B50000202000102010001021000010222000134
:102B6000022300010000000000000000022100011B
:102B700002200001000000000000000001300101FF
:102B80000131010101020004010300040000000002
:102B900000000000012102010121010100000000EC
:102BA000000000000000000001100201010102010C
:102BB0000101010101000201010001010102020104
:102BC0000102010135FA8E3C6F12833A00000000C9
:102BD00000000000A5F10000552501009DC6000081
:102BE00000000000000000005133010051330100DB
:102BF0000000000000000000E1F200003D2501009F
:102C000051C60000D9B90000C5B90000000000009D
:102C1000000000004531000061C70000391F0000BE
:102C2000690000006900000069000000FFFF7F7F6D
:102C300000000000D8399D270054EA2A00A4781F1C
:102C4000007B9A17000000000000000010310020F7
:102C50000831002000310020F8300020F030002042
:102C6000E8300020E0300020D8300020D0300020B4
:102C7000C8300020C0300020B8300020742200206E
:102C8000742200207422002074220020742200206C
:102C900074220020B0300020A8300020A030002096
:102CA00098300020903000208830002080300020B4
:102CB0007830002070300020683000206030002024
:102CC0005830002050300020483000204030002094
:102CD0003830002030300020283000202030002004
:102CE0001830002010300020083000200030002074
:102CF000F82F0020F02F0020E82F002008310020BE
:102D000000310020F8300020F0300020E8300020B2
:102D1000E0300020B0300020A8300020A03000209B
:102D20009830002090300020883000208030002033
:102D300078300020703000206830002060300020A3
:102D40005830002050300020483000204030002013
:102D50003830002030300020283000202030002083
:102D600018300020103000200830002000300020F3
:102D7000F82F0020F02F0020E82F0020D83000206E
:102D8000D0300020C8300020C0300020FFFFFFFFFF
:102D9000FFFFFFFFFFFFFFFFFFFFFFFFC00000017E
:102DA000800000018000000180000003BFFFFFFEE3
:102DB0007FFFFFFE7FFFFFFE7FFFFFFDA3623FFF60
:102DC000CCC6547FC4464447D645447DAEAEFFFED4
:102DD000556DD6FE5DDDEF5E55DC6DFDA62E7FFFE9
:102DE000CCED46FFCDCEEECFD6CC6DFDAEAEFFFE28
:102DF000556D56FE5DDF6DDE575D6DFDAEA23FFF8A
:102E0000CD4656FFDC44C447C4C5447DBFFFFFFE2A
:102E10007FFFFFFE7FFFFFFE7FFFFFFDBFFFFFFF86
:102E2000FFFFFFFFFFFFFFFFFFFFFFFDBFFFFFFEF5
:102E30007FFFFFFE7FFFFFFE7FFFFFFDBFFFFFFF66
:102E4000FFFFFFFFFFFFFFFFFFFFFFFDBFFFFFFED5
:102E50007FFFFFFE7FFFFFFE7FFFFFFDBFFFFFFF46
:102E6000FFFFFFFE7FFFFFFFFFFFFFFDBFFFFFFE36
:102E70007FFFFFFFFFFFFFFE7FFFFFFDD55555558D
:102E8000AAAAAAAA55555555AAAAAAABD5555555C9
:102E9000AAAAAAAA55555555AAAAAAABBFFFFFFED2
:102EA0007FFFFFFFFFFFFFFE7FFFFFFDA222223F0C
:102EB000E4CC6546444445CFD644C445AEEEEF7EEF
:102EC0005D56DD6E5DDDD5D655DD5555A6666F7F49
:102ED000ECCED46FCDCDD5CFD6CCD545AEEEEF7EF2
:102EE0007556D56E5DDDD5D6575D555DA2EE237F57
:102EF000CCD4656FDC444457C4C4C45DBFFFFFFE3F
:102F00007FFFFFFE7FFFFFFE7FFFFFFDBFFFFFFF95
:102F1000FFFFFFFFFFFFFFFFFFFFFFFDBFFFFFFE04
:102F20007FFFFFFE7FFFFFFE7FFFFFFDBFFFFFFF75
:102F3000FFFFFFFFFFFFFFFFFFFFFFFDBFFFFFFEE4
:102F40007FFFFFFE7FFFFFFE7FFFFFFDBFFFFFFF55
:102F5000FFFFFFFFFFFFFFFFFFFFFFFDBFFFFFFEC4
:102F60007FFFFFFE7FFFFFFE7FFFFFFDC000000130
:102F7000800000018000000180000003FFFFFFFFD0
:102F8000FFFFFFFFFFFFFFFFFFFFFFFFFFFFFFFF51
:102F9000FFFFFFFFFFFFFFFFFFFFFFFFC00000017C
:102FA000800000018000000000000003BFFFFFFE62
:102FB0007FFFFFFE7FFFFFFFFFFFFFFDAAA226238B
:102FC000D445D5FE7FFFFFFFFFFFFFFDAAAEEAB6A7
:102FD00046DDD5FE7FFFFFFFFFFFFFFDA2A666B720
:102FE000C6DDD5FE7FFFFFFFFFFFFFFDAAAEEAB6FD
:102FF00056DDD5FE7FFFFFFFFFFFFFFDAA22EAB7E8
:10300000D4446C7E7FFFFFFFFFFFFFFDBFFFFFFE8D
:103010007FFFFFFE7FFFFFFFFFFFFFFDBFFFFFFF03
:10302000FFFFFFFE7FFFFFFFFFFFFFFDBFFFFFFE74
:103030007FFFFFFE7FFFFFFFFFFFFFFDBFFFFFFFE3
:10304000FFFFFFFE7FFFFFFFFFFFFFFDBFFFFFFE54
:103050007FFFFFFE7FFFFFFFFFFFFFFDBFFFFFFFC3
:10306000FFFFFFFE7FFFFFFFFFFFFFFDBFFFFFFE34
:103070007FFFFFFE7FFFFFFFFFFFFFFDD55555558B
:10308000AAAAAAAA7FFFFFFFFFFFFFFDD55555554E
:10309000AAAAAAAA7FFFFFFFFFFFFFFDBFFFFFFE57
:1030A0007FFFFFFE7FFFFFFFFFFFFFFDAAA2762B42
:1030B000C6C644FE7FFFFFFFFFFFFFFDAAAEAAEAE0
:1030C0005D55D57E7FFFFFFFFFFFFFFDA2A66AE7EC
:1030D000CC56C57E7FFFFFFFFFFFFFFDAAAEA2EA31
:1030E0005D575D7E7FFFFFFFFFFFFFFDAA226A2B7A
:1030F000DD54DCFE7FFFFFFFFFFFFFFDBFFFFFFE94
:103100007FFFFFFE7FFFFFFFFFFFFFFDBFFFFFFF12
:10311000FFFFFFFE7FFFFFFFFFFFFFFDBFFFFFFE83
:103120007FFFFFFE7FFFFFFFFFFFFFFDBFFFFFFFF2
:10313000FFFFFFFE7FFFFFFFFFFFFFFDBFFFFFFE63
:103140007FFFFFFE7FFFFFFFFFFFFFFDBFFFFFFFD2
:10315000FFFFFFFE7FFFFFFFFFFFFFFDBFFFFFFE43
:103160007FFFFFFE7FFFFFFFFFFFFFFDC0000001AD
:10317000800000018000000000000003FFFFFFFF4F
:10318000FFFFFFFFFFFFFFFFFFFFFFFF07080C0B25
:1031900006050F000D0E0102838407080C0B0605BF
:1031A0000F000D0E010283846C78002050780020FF
:1031B0001478002008780020FFFFFFFFF1FFFF7F59
:1031C0001FFFFF4310000FFFFFFFFFE1CF9FFFBB7B
:1031D000F7FFFE90700007FFFFFFFF803FBFFF97E4
:1031E000F9FFFEF80E0003FFFFFFFF001FBFFFDF28
:1031F000FEFFFFFE0C0001FFFFFFFF01CC7FFF7F02
:10320000FF7FFFFF040000FFFFFFFE07F3FFFEFF4D
:10321000FFBFF7FFC000007FFFFFFE0FFFFFF83F7B
:10322000FFDFFDFFF000003FFFFFFE1FFFFFF01F6D
:10323000FFD7FE7FF800001FFFFFFE1FFFFFC00F3C
:10324000FFEFFF9FFE00000FFFFFFF3FFFFF800724
:10325000FFF3E00FFF800007FFFFFF3FFFFF0003CA
:10326000FFF3C001FFF00003FFFFFF7EF87E0003C5
:10327000FFF780007FFC0001FFFFFF7DF03C0001B5
:10328000FFF7000007FF8000FFFFFF7FE01E000147
:10329000FFEC000030FFF800FFFFFEFFE01F000121
:1032A000FF9800001F03FFC1FFFFFEFFE01F80002B
:1032B000FE70000007F8001FFFFFFEFFC01FC000E8
:1032C000FDF0000003FFFFFFFFFFFEFFC03EF00127
:1032D000F3E0000000FFFFFFFFFFFEFF80383C012E
:1032E0008FF00000007FFFFFFFFFFEDF00780F8000
:1032F00067F00000003FFFFFFFFFFEFE007001FFD0
:10330000CFB00000001FFFFFFFFFFF7C00E0000FB9
:103310000F9C80000007FFFFFFFFFF3803F000064F
:103320001F9E40000003FFFFFFFFFF9FFE0C000EEB
:103330001FDF30000001FFFFFFFFFFE03F62001CC6
:103340003FBF8E000000FFFFFFFFFFFFC1B1807E87
:10335000FE7F83C000007FFFFFFFFFFFFF5840FF9D
:10336000F9FFC07800007FFFFFFFFFFFFFCE20FFC7
:1033700087FFE0E00000FFFFFFFFFFFFFFF311FF0B
:10338000BFFFF83FFFC3FFFFFFFFFFFFFFFDCFFFC2
:10339000DFFFFE07FF07FFFFFFFFFFFFFFFE767F58
:1033A000BFFFFF80001FFFFFFFFFFFFFFFFF943EF7
:1033B000FFFFFFFC02FFFFFFFFFFFFFFFFFFE83DF6
:1033C000FFFFFFFFFF7FFFFFFFFFFFFFFFFFF07823
:1033D000FFFFFFBFFF3FFFFFFFFFFFFFFFFFF8F90A
:1033E000FFFFFF3FFF9FFFFFFFFFFFFFFFFFFCF718
:1033F000FFFFFC3FFFCFFFFFE03FFFE03FFFFF0F7E
:10340000FFFFF007FFC7FFFFCF9FFFEF3FFFFFBFAB
:10341000FFFFE000BFE7FFFFD8C03003301FFF7F92
:10342000FFFFF000FF1FFFFFD8CF87C327CFFF7F2D
:10343000FFFFF00060FFFFFFD818CC632E6FFF7F07
:10344000FFFFF8020FFFFFFFD818CC63206FFFBF0C
:10345000FFFFF00DFFFFFFFFD818CC63306FFFBFF9
:10346000FFFFF81BFFFFFFFFD818CFE327EFFF9FF9
:10347000FFFE4067FFFFFFFFD8D8CC032C6FFFDFB4
:10348000FFFE018FFFFFFFFFD8D8CCE30C6FFFEDED
:10349000FFFFC03FFFFFFFFFCF8F87CFC7EFFFE5E5
:1034A000FBFF81FFFFFFFFFFE0000000000FFFF0C8
:1034B000FCFE7FFFFFFFFFFFE00000000067FFFD55
:1034C0001E01FFFFFFFFFFFFEF80000C30F7FFFF43
:1034D000C1FFFFFFFFE1FFFFCF80000C30F7C0010D
:1034E000FFFE1FFFFFEDFFFFD8C0000C30F7DFBD70
:1034F000FFFEDFFFFFEDFFFFD8CF8FC5FEF7D80D32
:103500008000C01000010207D81CCC683067D80DBD
:103510003C73F7C79F3C78F3D800CC63B06FD80DED
:1035200066C8C66CD98CCD9BD80FCC6FB06FDF0D41
:1035300066C8C66CD98CCD83D818CC6FB06FD80D47
:103540007EC0C60CD98CC0F3D8D8CC6FB00FD80CC5
:1035500060C8C6ECD98CCC1BD8D8CC6FB06FD80C57
:1035600066C8C6ECD98CCD9BCF8FCC6F9E6FDFBF6A
:103570003C7276E799BE78F3E020000FC00FC000E0
:10358000010700F000008207FFFFFFFFFFFFFFFFC2
:10359000FFFFFFFFFFFFFFFFFFFFFFFFFFFFFFFF3B
:1035A000FFFFFFFFFFFFFFFFFFFFFFFFFFFFFFFF2B
:1035B000FFFFFFFFFFFFFFFFFFFFFFFFFFFFFFFF1B
:1035C000FFFFFFFFFFFFFFFFFFFFFFFFFFFFFFFF0B
:1035D000FFFFFFFFFFFFFFFFFFFFFFFFFFFFFFFFFB
:1035E000FFFFFFFFFFFFFFFFF800FFFFFE03FFF0FD
:1035F0001FFFFFFFFFFFFFFFF0007FFFFE01FFF057
:103600000FFFFFFFFFFFFFFFF1FC3FFFFE71FFF326
:103610008FFFFFFFFFFFFFFFF1FC000000700003C2
:10362000800100200800007FF1C700000070000347
:10363000800000000000003FF1C77F87E3FE3F1FCE
:10364000F3F83F0FC1F8FE1FF1C77F87E3FE3F1F6E
:10365000F3F83F0FC1F8FE1FF1C771CE387071C388
:10366000838EE39C771CE39FF1FC71CE387071C3AD
:10367000838E039C771CE39FF1FC71CE387071C37D
:10368000838E039C771CE39FF1C0700E387071C36A
:1036900083803F9C07FCE01FF1C0700E387071C33F
:1036A0008380E39C7700E03FF1CE718E387071C368
:1036B000839CE39C7700E7FFF1CE718E387071C375
:1036C000839CE39C771CE7FFF1CE7187E01E3F00EF
:1036D000F39C3F8FC1F8E7FFF1CE71C7E01E3F00BA
:1036E000F39C3F8FC1F8E7FFF80E03E00780001C52
:1036F000001F0000000007FFF81F03F00780003CD8
:10370000003F000008000FFFFFFFFFFFFFFFFFFF6C
:10371000FFFFFFFFFFFFFFFFFFFFFFFFFFFFFFFFB9
:10372000FFFFFFFFFFFFFFFFFFFFFFFFFFFFFFFFA9
:10373000FFFFFFFFFFFFFFFFFFFFFFFFFFFFFFFF99
:10374000FFFFFFFFFFFFFFDFFFFFFFFFFFFFFFFFA9
:10375000FFFFFFFFFFFFFC77FFFFFFFFFFE0000021
:1037600000000000000003FFFFFFFFFFFFE000007C
:103770000000001000008FFBFFFFFFFFFFE00000D4
:103780000000001000023FFBFFFFFFFFFFE000E72B
:10379000FE7FE6100008FFFBFFFFFFFFFFE001E6F2
:1037A00006606E100011FFF7E00000003FC003EE5E
:1037B00006606C180043C3E7EFEF423FBFC0036EE3
:1037C0000EE0EC38008303EFE821A120BFC006CC57
:1037D0000CC0CC380304079FEBA553AEBFC00CCC84
:1037E00000C0DC3804000F1FEBA344AEBF8018CC30
:1037F00000C0DC3808001FDFEBA3BF2EBF8030DC29
:1038000001C1D83C10003FFFE82506A0BF806198A9
:10381000FDFFD83C3000FFDFEFEAAABFBF80FF9872
:1038200019FF183C6001C7DFE00CD8003F01FF988A
:103830001980383CC00207BFEDA4AC20BF0301B81B
:103840001980301EC0000FBFE8C2335B3F0603384B
:103850003B80301D80001F7FEB7CF21A3F0C033051
:103860003380301F80003EFFE7082574BF18033FF8
:10387000F3007F9B8000FDFFECFE11B0BE30031F04
:10388000E3007F9F8003FBFFE10AFA3FBE000000D8
:1038900000000017800FE7FFE52673EABE00000076
:1038A00000000007C07FCFFFEE9A911ABE00000013
:1038B00000000007FFFFBFFFEAA9C1C43FFFFFFFF1
:1038C000FFFFFFF7FFFE7FFFEC95330B3FFFFFFF8E
:1038D000FFFFFFF7FFF9FFFFEC2AB90CBFFFFFFF67
:1038E000FFFFFFF7FFE7FFFFED0373263FFFFFFF3B
:1038F000FFFFFFFBFF9FFFFFEEF954FF3FFFFFFFBE
:10390000FFFFFFFCF87FFFFFE00EF08C3FFFFFFFA3
:10391000FFFFFFFF07FFFFFFEFE755AC3FFFFFFF94
:10392000FFFFFFFFFFFFFFFFE823CF89BFFFFFFF80
:10393000F7FFFFFFDFFFFFFFEBABD3FD387FFFFF9C
:10394000E7F87FFF9FFFFFFFEBA86840BBECE7CCE9
:10395000FF7BECEF39E9FFFFEBA1D2DBB88AD72B75
:10396000E8788A94A5A5FFFFE8291036B3B0874907
:10397000E973B085AD2DFFFFEFEE23A837B3BE4C42
:10398000CB77B7BD2D6DFFFFE000000037B88F117A
:10399000DB77388C2369FFFFFFFFFFFFFFFFFFFF8F
:1039A000FFFFFFFFFFFFFFFFFFFFFFFFFFFFFFFF27
:1039B000FFFFFFFFFFFFFFFFFF060C183060C0FF97
:1039C000C3663C1818181818C3663C18183C66C320
:1039D000C3C3C3C3DBFFE7C3C3C3C36666663C3C64
:1039E000C3C3C3C3C3C3FF7EFF1818181818181821
:1039F0007FC0C07E030303FEFEC3C3FED8CCC6C394
:103A00007EFFC3C3C3CEFA79FEC3C3FEC0C0C0C02D
:103A10007EFFC3C3C3C3FF7EC3C3E3F3DBCFC7C310
:103A2000E7FFDBDBC3C3C3C3C0C0C0C0C0C0C0FFAF
:103A3000C6CCD8F0D8CCC6C3FF1818181818D87040
:103A4000FF181818181818FFC3C3C3FFC3C3C3C394
:103A50007EC3C0C0C6C3C37EFFC0C0FFC0C0C0C05D
:103A6000FFC0C0FFC0C0C0FFFCC6C3C3C3C3C6FC09
:103A70007EC3C0C0C0C0C37EFEC3C3FCC3C3C3FEFD
:103A80003C66C3C3FFC3C3C30000383800003838E6
:103A90007EC3C37F060C18307EC3C37E7EC3C37E45
:103AA000FF03060C183060C03F60C0C0FEC3C37E79
:103AB000FFC0C0FC06C3663C060E1E3666FF0C0C3B
:103AC0007EC30C380CC3663C3C7EC303061860FF03
:103AD0001878D818181818FF7EFFC3C3C3C3FF7E19
:103AE0000103060C183060C0DB0F494000010000E4
:103AF000B84A0020120000000006000004300060F8
:103B00000A000000000200006C2F0060620000004C
:103B100000070000082F006062000000EE030000B4
:103B2000144B002012000000000004EEEC4A0020BC
:103B300028000000000300000030006000000000CA
:103B400001030904E82F00600000000002030904DB
:103B5000D02F00600000000003030904D44A0020B5
:103B60000000000000000000000000000000000055
:103B700000000000003E5B4F5B3E3E6B4F6B3E1C07
:103B80003E7C3E1C183C7E3C181C577D571C1C5E1E
:103B90007F5E1C00183C1800FFE7C3E7FF001824F5
:103BA0001800FFE7DBE7FF30483A060E262979299F
:103BB00026407F050507407F05253F5A3CE73C5AD4
:103BC0007F3E1C1C08081C1C3E7F14227F22145FB1
:103BD0005F005F5F06097F017F006689956A60600C
:103BE00060606094A2FFA29408047E040810207E06
:103BF000201008082A1C08081C2A08081E1010108B
:103C0000100C1E0C1E0C30383E3830060E3E0E06D0
:103C1000000000000000005F000000070007001423
:103C20007F147F14242A7F2A1223130864623649E2
:103C30005620500008070300001C224100004122CA
:103C40001C002A1C7F1C2A08083E080800807030CF
:103C5000000808080808000060600020100804023E
:103C60003E5149453E00427F400072494949462144
:103C700041494D331814127F1027454545393C4AB8
:103C800049493141211109073649494936464949CF
:103C9000291E000014000000403400000008142217
:103CA0004114141414140041221408020159090685
:103CB0003E415D594E7C1211127C7F494949363E86
:103CC000414141227F4141413E7F494949417F096C
:103CD0000909013E414151737F0808087F00417F77
:103CE00041002040413F017F081422417F40404075
:103CF000407F021C027F7F0408107F3E4141413E0D
:103D00007F090909063E4151215E7F09192946268E
:103D10004949493203017F01033F4040403F1F2092
:103D200040201F3F4038403F631408146303047869
:103D300004036159494D43007F4141410204081089
:103D400020004141417F04020102044040404040C4
:103D5000000307080020545478407F284444383832
:103D600044444428384444287F38545454180008A4
:103D70007E090218A4A49C787F0804047800447D7E
:103D800040002040403D007F1028440000417F401B
:103D9000007C047804787C0804047838444444386F
:103DA000FC1824241818242418FC7C08040408484F
:103DB0005454542404043F44243C4040207C1C20A0
:103DC00040201C3C4030403C44281028444C9090FB
:103DD000907C4464544C4400083641000000770055
:103DE00000004136080002010204023C2623263C62
:103DF0001EA1A161123A4040207A385454555921ED
:103E000055557941225454784221555478402054D4
:103E10005579400C1E527212395555555939545422
:103E2000545939555454580000457C410002457D91
:103E3000420001457C407D1211127DF0282528F0BA
:103E40007C545545002054547C547C0A097F4932E7
:103E5000494949323A4444443A324A4848303A415E
:103E600041217A3A42402078009DA0A07D3D424207
:103E7000423D3D4040403D3C24FF2424487E494390
:103E8000662B2FFC2F2BFF0929F620C0887E090303
:103E900020545479410000447D413048484A32382A
:103EA0004040227A007A0A0A727D0D19317D262956
:103EB000292F28262929292630484D40203808084E
:103EC000080808080808382F10C8ACBA2F10283482
:103ED000FA00007B000008142A142222142A140875
:103EE0005500550055AA55AA55AAFF55FF55FF0084
:103EF0000000FF00101010FF00141414FF00101039
:103F0000FF00FF1010F010F0141414FC001414F74C
:103F100000FF0000FF00FF1414F404FC1414171039
:103F20001F10101F101F1414141F00101010F00089
:103F30000000001F101010101F10101010F01000C3
:103F40000000FF101010101010101010FF100000D3
:103F500000FF140000FF00FF00001F10170000FC0E
:103F600004F414141710171414F404F40000FF00E0
:103F7000F714141414141414F700F7141414171469
:103F800010101F101F141414F4141010F010F0006F
:103F9000001F101F0000001F14000000FC14000090
:103FA000F010F01010FF10FF141414FF1410101074
:103FB0001F00000000F010FFFFFFFFFFF0F0F0F027
:103FC000F0FFFFFF0000000000FFFF0F0F0F0F0FBB
:103FD0003844443844FC4A4A4A347E020206060207
:103FE0007E027E0263554941633844443C04407E6E
:103FF000201E2006027E020299A5E7A5991C2A49E7
:104000002A1C4C7201724C304A4D4D303048784871
:1040100030BC625A463D3E494949007E0101017E5D
:104020002A2A2A2A2A44445F444440514A444040B0
:10403000444A51400000FF0103E080FF00000808EF
:104040006B6B083612362436060F090F060000186F
:10405000180000001010003040FF0101001F010196
:104060001E00191D1712003C3C3C3C0000000000E3
:10407000000000000000000025820100CD2F01009B
:10408000C52F0100C92F0100414001000137010087
:10409000A53E01000D3A01005139010065390100CA
:1040A000E13E010001370100953D01004D85010011
:1040B00085440100C9420100793901006D3B0100CE
:1040C0001D3C0100C13C0100000000000000000098
:1040D000C1150000C9150000C9AF0000CD150000D2
:1040E000D1AF000039150000D1150000D515000032
:1040F0000000000000000000C5AF0000C9AF0000D4
:10410000CDAF0000D1AF000039150000D5AF0000E1
:10411000D9AF000000000000000000008DB90000D1
:1041200065FA00000DC6000019BA000089B9000048
:104130000000000000000000D9DF0000D5F90000F9
:10414000A5C500000000000000000000B5A60000AA
:10415000D1F9000099C5000097A0895B5A0F830D23
:10416000C95F6035C2E907E18C24671E458E08638C
:1041700025F0150A17BE0694F778EA4B001AC53EDB
:104180005EFCDBCB75230B2039B12158ED953857F8
:10419000AE147D88ABA844AF4AA547868B301BA6DA
:1041A0004D929EE7536FE57A3CD385E6DC695C2946
:1041B000372EF528F4668F3641193FA101D85049B2
:1041C000D14C84BBD05912A9C8C4878274BC9F56F5
:1041D000A4646DC6ADBA034034D9E2FA7C7B05CA4B
:1041E0002693767EFF5255D4CFCE3BE32F103A1163
:1041F000B6BD1C2ADFB7AAD577F898022C9AA34639
:10420000DD99659BA72BAC09811627FD13626C6EA7
:104210004F71E0E8B2B97068DAF661E4FB22F2C1EE
:10422000EED2900CBFB3A2F1513391EBF90EEF6BCC
:1042300031C0D61FB5C76A9DB854CCB07379322D42
:104240007F0496FE8AECCD5DDE72431D1848F38D27
:1042500080C34E42D73D9CB4000000000000000027
:10426000C1DF000069FA000019C6000029970000AC
:10427000A5B90000000000000000000089A50000B2
:10428000C9F9000081C50000000000000000000026
:10429000119D0000C5F9000075C500000000000078
:1042A000000000007D9B00000000000000000000F6
:1042B000259C0000619C0000A59C00005597000013
:1042C000E597000019980000E99C000075BE000009
:1042D000A1BA00000000000000000000DDAF0000F7
:1042E0004047002044470020484700204C4700201A
:1042F0005047002054470020584700205C470020CA
:104300006047002064470020F0460020F846002067
:1043100000470020084700201047002018470020D1
:104320002047002028470020304700203847002041
:10433000A4460020AC460020B4460020BC46002025
:10434000C4460020CC460020D4460020D846002099
:10435000E0460020E8460020544600205C4600204D
:10436000644600206C460020744600207C460020F5
:10437000844600208C460020944600209C46002065
:104380000000000000000000110E0000410E0000BF
:10439000F9000000650E0000410800004D08000013
:1043A000290F0000E5040000350F00009D0F0000FC
:1043B000E90F000005100000211000003D10000072
:1043C000591000005111000049120000C9120000EC
:1043D00049130000B5480000D5400000000000006F
:1043E00000000000ED040000AD0500006D060000B7
:1043F0008D2E0000E92F0000B9060000190700000B
:104400000000000000000000BD0200007903000071
:1044100035040000D52B0000312D00008104000080
:10442000E1040000000000000000000095580000BA
:104430003D8F0000E1000000CD0000000000000002
:10444000000000004D150000551500002915000062
:104450005D150000351500003915000065150000D8
:104460006D15000000000000000000002115000094
:10447000291500002D150000351500003915000024
:104480003D1500004515000010000000110000005F
:1044900012000000130000000000000001000000F6
:1044A00002000000030000000400000005000000FE
:1044B00006000000070000000800000009000000DE
:1044C0000A0000000B0000000C0000000D000000BE
:1044D0000E0000000F00000010000000110000009E
:1044E000120000001300000014000000150000007E
:1044F000160000001700000018000000190000005E
:104500001A0000001B0000001C0000001D0000003D
:104510001E0000001F00000020000000210000001D
:1045200022000000230000002400000025000000FD
:1045300026000000270000002800000011000000F5
:10454000120000001300000014000000150000001D
:104550001D0000001E0000001F00000020000000E1
:1045600021000000220000002300000024000000C1
:1045700025000000260000002700000028000000A1
:1045800010000000110000001200000013000000E5
:1045900014000000150000001D0000001E000000B7
:1045A0001F00000020000000210000002200000089
:1045B0002300000024000000250000002600000069
:1045C0002700000028000000000000001600000086
:1045D0001700000018000000190000001A00000079
:1045E0001B0000001C000000010000000200000091
:1045F00003000000040000000500000006000000A9
:104600000700000008000000090000000A00000088
:104610000B0000000C0000000D0000000E00000068
:104620000F000000290000002A0000002B000000FD
:104630002C0000002D0000002E0000002F000000C4
:1046400030000000310000003200000033000000A4
:104650003400000000000000000000009915000078
:10466000A11500007D150000A915000085150000AA
:1046700039150000B1150000B91500000000000058
:1046800000000000751500007D1500008115000078
:1046900085150000391500008915000091150000EE
:1046A0005B5C5D5E5F607B7C7D7E00000000800067
:1046B0000000000000000000513301000000000075
:1046C000000000001D0700004D070000D1010000A0
:1046D00071070000410800004D080000510800006B
:1046E000B902000059080000C10800000D090000CF
:1046F000250900003D090000550900006D09000072
:10470000590A0000450B0000C10B00003D0C0000E1
:1047100061460000C54300000000000000000000EA
:10472000C1DD0000CDF900008DC5000000000000D3
:1047300000000000A1A50000DDA500001DA60000EE
:1047400045980000CD98000061A600008DA60000ED
:1047500085BF00008DBC00000000000000000000CC
:10476000C9B900009125010069C500006CC00F4067
:10477000C0000000504F0000094A01000C0000007A
:10478000130000000000000024851F400B00000003
:10479000130000000000000028851F400D000000ED
:1047A000130000000000000020851F400A000000E8
:1047B00013000000010000001C851F406CC00F406A
:1047C00030000000100F0000554B010001000000F8
:1047D000170000000000000014851F401A000000B0
:1047E000120000000100000018851F401B0000009F
:1047F000120000000100000010851F4000000000B2
:1048000017000000010000000C851F407CC00F4015
:104810000C0000005A0000008948010000004040E0
:104820000203040521FFFFFFFFFFFFFFFFFF040559
:10483000060807FFFFFFFFFFFFFFFFFF141414141C
:1048400014FFFFFFFFFFFFFFFFFF000074C00F40DA
:10485000030000005B000000094901000101414123
:10486000060708090A0B0C0D20FFFFFFFFFF0A11C6
:10487000100B000201030CFFFFFFFFFF14141414C0
:104880001414141414FFFFFFFFFF000084C00F4036
:10489000003000009C00000089490100FFFFFFFF7D
:1048A00007080E0F10111213141516171A1B1110EA
:1048B0000203070601000A0B08090E0F191919193E
:1048C00019191919191919191919000000000000EE
:1048D0000000000005370100A95D0100C52F01009F
:1048E000C92F0100BD360100C9360100E9360100BB
:1048F0000000000000000000ADB900003DFA00001B
:10490000D5C50000F9F20000A9B9000000000000C0
:1049100000000000BDE1000039FA0000C9C5000038
:1049200000000000000000003DAB0000D1F90000D5
:10493000BDC5000097A0895B5A0F830DC95F603524
:10494000C2E907E18C24671E458E086325F0150A2D
:1049500017BE0694F778EA4B001AC53E5EFCDBCB27
:1049600075230B2039B12158ED953857AE147D8849
:10497000ABA844AF4AA547868B301BA64D929EE755
:10498000536FE57A3CD385E6DC695C29372EF52840
:10499000F4668F3641193FA101D85049D14C84BBF0
:1049A000D05912A9C8C4878274BC9F56A4646DC62E
:1049B000ADBA034034D9E2FA7C7B05CA2693767EF1
:1049C000FF5255D4CFCE3BE32F103A11B6BD1C2A6F
:1049D000DFB7AAD577F898022C9AA346DD99659B94
:1049E000A72BAC09811627FD13626C6E4F71E0E8AE
:1049F000B2B97068DAF661E4FB22F2C1EED2900C33
:104A0000BFB3A2F1513391EBF90EEF6B31C0D61F5A
:104A1000B5C76A9DB854CCB07379322D7F0496FE29
:104A20008AECCD5DDE72431D1848F38D80C34E4283
:104A3000D73D9CB40000000000000000BDE3000072
:104A400035FA0000B1C500000000000000000000C1
:104A500065B100000000000000000000B12A010064
:104A6000000000000000000045640100000000009C
:104A700000000000552601000000000000000000BA
:104A8000D52801000000000000000000B52A010048
:104A90000000000000000000A14C01000000000028
:104AA00000000000C96D01000000000000000000CF
:104AB000696901000000000000000000C96B0100EE
:104AC0000000000000000000F1650100000000008F
:104AD000000000008D7001000000000000000000D8
:104AE000652A01000000000000000000E51500003C
:104AF000B516000025160000751E00004146010095
:104B000069460100111F0000151F0000DB0F49BF9F
:104B1000E4CB1640E4CB16C000000080DB0F494018
:104B2000DB0F49C000000000000000802C206675EB
:104B30006E6374696F6E3A200000000061737365E4
:104B40007274696F6E2022257322206661696C651C
:104B5000643A2066696C6520222573222C206C69DA
:104B60006E65202564257325730A0000A2000000ED
:104B7000F9A2000083F9A2006E83F9A24E6E83F9B8
:104B8000444E6E8315444E6E2915444EFC2915443F
:104B900027FC29155727FC29D15727FCF5D1572782
:104BA00034F5D157DD34F5D1C0DD34F5DBC0DD346B
:104BB00062DBC0DD9562DBC0999562DB3C99956252
:104BC000433C999590433C994190433C42616C6CC5
:104BD0006F6320737563636565646564000000003E
:104BE0002F646174612F6A656E6B696E732F776FC6
:104BF000726B73706163652F474E552D746F6F6CC8
:104C0000636861696E2F61726D2D31312F7372632C
:104C10002F6E65776C69622D63796777696E2F6E89
:104C200065776C69622F6C6962632F7374646C6959
:104C3000622F6D707265632E6300000000202020DB
:104C4000202020202020282828282820202020203C
:104C5000202020202020202020202020208810100C
:104C60001010101010101010101010101004040468
:104C70000404040404040410101010101010414126
:104C80004141414101010101010101010101010114
:104C90000101010101010101101010101010424228
:104CA00042424242020202020202020202020202E4
:104CB0000202020202020202101010102000000084
:104CC00000000000000000000000000000000000E4
:104CD00000000000000000000000000000000000D4
:104CE00000000000000000000000000000000000C4
:104CF00000000000000000000000000000000000B4
:104D000000000000000000000000000000000000A3
:104D10000000000000000000000000000000000093
:104D20000000000000000000000000000000000083
:104D30000000000000000000000000000000000073
:104D4000496E66696E697479000000004E614E001C
:104D50002F646174612F6A656E6B696E732F776F54
:104D6000726B73706163652F474E552D746F6F6C56
:104D7000636861696E2F61726D2D31312F737263BB
:104D80002F6E65776C69622D63796777696E2F6E18
:104D900065776C69622F6C6962632F7374646C69E8
:104DA000622F64746F612E6300000000494E46005C
:104DB000696E66004E414E006E616E0030313233D6
:104DC0003435363738396162636465660000000047
:104DD0003031323334353637383941424344454631
:104DE00000000000286E756C6C2900003000000087
:104DF0003863ED3EDA0F493F5E987B3FDA0FC93FDB
:104E00006937AC3168212233B40F14336821A233DF
:104E10002020202020202020202020202020202092
:104E20002020202020202020202020202020202082
:104E300005000000190000007D0000004572726F3F
:104E4000723A20696E636F727265637420466C6596
:104E500078494F2070696E20636F6E66696775725E
:104E60006174696F6E210000466C6578494F53503C
:104E700049202D204D6F73692070696E20646F6525
:104E800073206E6F74206D617020746F20666C6586
:104E90007820636F6E74726F6C6C65720A0000002C
:104EA000466C6578494F535049202D206E6F742011
:104EB000616C6C2070696E73206D61707065642028
:104EC000746F2073616D6520466C657820636F6E2A
:104ED00074726F6C6C65720A00000000466C657835
:104EE000494F535049202D206E6F7420616C6C2007
:104EF00070696E7328435329206D6170706564205A
:104F0000746F2073616D6520466C657820636F6EE9
:104F100074726F6C6C65720A00000000466C6578F4
:104F2000494F535049202D204661696C65642074B7
:104F30006F20616C6C6F636174652074696D65725C
:104F400073206F7220736869667465727300000065
:104F50002020204F4E206F66662020200000000099
:104F60002020206F6E204F464620202000000000A9
:104F700020202020202020202020202000000000B1
:104F80000A5374617274696E672E2E2E0000000041
:104F90004650533A200000006F7666002C20416E88
:104FA000696D6174656420696E200000732C205265
:104FB000656E646572656420696E2000732C204400
:104FC0006973706C6179656420696E20000000006F
:104FD0004F46464C494E45004F4E4C494E45000009
:104FE00044454641554C5400414E4752590000003B
:104FF000444F55425400000046524F574E000000A7
:105000004C4F4F4B555000005341440041554449CB
:105010004F310000415544494F3200004155444949
:105020004F33000030204445470000003336204411
:1050300045470000373220444547000031303820D2
:10504000444547003134342044454700313830204E
:10505000444547003231362044454700323532203E
:105060004445470032383820444547003332342025
:105070004445470047524449454E540059454C4C1D
:105080004F5700004F52414E474500005748495482
:1050900045000000475245454E0000005055525013
:1050A0004C45000052454400424C5545000000006C
:1050B0005241494E424F57004E4F49534500000060
:1050C0004E4F4E45000000005048415345590000E6
:1050D0005048415345580000504841534552000044
:1050E000474C4954434858004D41474E45540000F1
:1050F0004649534845594500424C55524800000026
:10510000424C555256000000424C5552520000008D
:105110003130250032302500333025003430250071
:105120003530250036302500373025003830250051
:1051300039302500313030250000000020202020AB
:105140002020202020202020202020425249474893
:10515000542020202053444520425249474854209F
:10516000202020204D49432020202020204D49434D
:10517000204C4556454C202020202020424F4F50A7
:105180002020202020202020535045432020202074
:105190002020202053495A45202020202020204331
:1051A0004F4C4F522020202020202048554520469B
:1051B000202020202020204855452042202020204B
:1051C0002020204546464543542020202046414E7D
:1051D00020535045454420200000000020612062FB
:1051E000206320642065206620202031325E343523
:1051F0002020202020202031325E34352020202025
:105200002020204F4E206F66662020202020313243
:10521000333435367C3820202020206F6E204F46D6
:10522000462020202020204F4E206F666620202020
:1052300020202031325E34352020202020203132C1
:10524000333435367C382020202031323334353623
:105250007C38202020203132333435367C382020F1
:1052600020203132333435367C3820202020313232
:10527000333435367C382020000000002E0000003A
:105280004C435F434F4C4C41544500004C435F43FB
:1052900054595045000000004C435F4D4F4E45545B
:1052A000415259004C435F4E554D45524943000011
:1052B0004C435F54494D45004C435F4D455353416A
:1052C00047455300303030303030303030303030BF
:1052D00030303030303030303030303030303030CE
:1052E0003030303000000000000000008834022020
:1052F000F0340220583502200000000000000000B9
:10530000000000000000000000000000000000009D
:10531000000000000000000000000000000000008D
:10532000000000000000000000000000000000007D
:10533000000000000000000000000000000000006D
:10534000000000000000000000000000000000005D
:10535000000000000000000000000000000000004D
:10536000000000000000000000000000000000003D
:10537000000000000000000000000000000000002D
:1053800001000000000000000E33CDAB34126DE6CA
:10539000ECDE05000B000000000000000000000033
:1053A00000000000000000000000000000000000FD
:1053B00000000000000000000000000000000000ED
:1053C00000000000000000000000000000000000DD
:1053D00000000000000000000000000000000000CD
:1053E00000000000000000000000000000000000BD
:1053F00000000000000000000000000000000000AD
:1054000000000000000000000029DE07F00001019C
:105410003C00F000010100002821002000000000F5
:10542000E803000000000000502100200000000000
:10543000000000000000000000000000000000006C
:1054400000000000000000000000000080000000DC
:10545000FFFFFFFF3C000000000048420000F04258
:10546000401F00000000000080000000000000005D
:10547000800000000000803F0000803F0000803F6F
:105480000000C843007B9A1712010002EF0201409E
:10549000C01683047902010203010000E0672020A6
:1054A000010000000C0300000000000000000000EC
:1054B00000000000000000000000000028000000C4
:1054C0000001040001000000000000000201574933
:1054D0004E55534200000000000000000000000094
:1054E0000000000012034D0053004600540031003C
:1054F00030003000F80000004834022000000000B6
:105500004300000000000000000000000000000058
:10551000000000000000000000000000000000008B
:105520004300000000000000000000000000000038
:10553000000000000000000000000000000000006B
:105540004300000000000000000000000000000018
:10555000000000000000000000000000000000004B
:1055600043000000000000000000000000000000F8
:10557000000000000000000000000000000000002B
:1055800043000000000000000000000000000000D8
:10559000000000000000000000000000000000000B
:1055A00043000000000000000000000000000000B8
:1055B00000000000000000000000000000000000EB
:1055C0004300000000000000000000000000000098
:1055D00000000000000000000000000000000000CB
:1055E000A185020009B80200000000006C42002002
:1055F000AC48002048450020484500204845002090
:1056000048450020484500204845002048450020E6
:105610004845002048450020FFFFFFFFFFFFFFFF38
:10562000FFFFFFFFFFFF0000010041534349490016
:10563000000000000000000000000000000000006A
:1056400000000000000000000000415343494900F1
:10565000000000000000000000000000000000004A
:10566000000000000000000000000000000000003A
:10567000000000009C4C00209C4C0020A44C00200A
:10568000A44C0020AC4C0020AC4C0020B44C0020BA
:10569000B44C0020BC4C0020BC4C0020C44C00206A
:1056A000C44C0020CC4C0020CC4C0020D44C00201A
:1056B000D44C0020DC4C0020DC4C0020E44C0020CA
:1056C000E44C0020EC4C0020EC4C0020F44C00207A
:1056D000F44C0020FC4C0020FC4C0020044D002029
:1056E000044D00200C4D00200C4D0020144D0020D6
:1056F000144D00201C4D00201C4D0020244D002086
:10570000244D00202C4D00202C4D0020344D002035
:10571000344D00203C4D00203C4D0020444D0020E5
:10572000444D00204C4D00204C4D0020544D002095
:10573000544D00205C4D00205C4D0020644D002045
:10574000644D00206C4D00206C4D0020744D0020F5
:10575000744D00207C4D00207C4D0020844D0020A5
:10576000844D00208C4D00208C4D0020944D002055
:10577000944D00209C4D00209C4D0020A44D002005
:10578000A44D0020AC4D0020AC4D0020B44D0020B5
:10579000B44D0020BC4D0020BC4D0020C44D002065
:1057A000C44D0020CC4D0020CC4D0020D44D002015
:1057B000D44D0020DC4D0020DC4D0020E44D0020C5
:1057C000E44D0020EC4D0020EC4D0020F44D002075
:1057D000F44D0020FC4D0020FC4D0020044E002024
:1057E000044E00200C4E00200C4E0020144E0020D1
:1057F000144E00201C4E00201C4E0020244E002081
:10580000244E00202C4E00202C4E0020344E002030
:10581000344E00203C4E00203C4E0020444E0020E0
:10582000444E00204C4E00204C4E0020544E002090
:10583000544E00205C4E00205C4E0020644E002040
:10584000644E00206C4E00206C4E0020744E0020F0
:10585000744E00207C4E00207C4E0020844E0020A0
:10586000844E00208C4E00208C4E0020944E002050
:10587000944E00209C4E00209C4E0020A44E002000
:10588000A44E0020AC4E0020AC4E0020B44E0020B0
:10589000B44E0020BC4E0020BC4E0020C44E002060
:1058A000C44E0020CC4E0020CC4E0020D44E002010
:1058B000D44E0020DC4E0020DC4E0020E44E0020C0
:1058C000E44E0020EC4E0020EC4E0020F44E002070
:1058D000F44E0020FC4E0020FC4E0020044F00201F
:1058E000044F00200C4F00200C4F0020144F0020CC
:1058F000144F00201C4F00201C4F0020244F00207C
:10590000244F00202C4F00202C4F0020344F00202B
:10591000344F00203C4F00203C4F0020444F0020DB
:10592000444F00204C4F00204C4F0020544F00208B
:10593000544F00205C4F00205C4F0020644F00203B
:10594000644F00206C4F00206C4F0020744F0020EB
:10595000744F00207C4F00207C4F0020844F00209B
:10596000844F00208C4F00208C4F0020944F00204B
:10597000944F00209C4F00209C4F0020A44F0020FB
:10598000A44F0020AC4F0020AC4F0020B44F0020AB
:10599000B44F0020BC4F0020BC4F0020C44F00205B
:1059A000C44F0020CC4F0020CC4F0020D44F00200B
:1059B000D44F0020DC4F0020DC4F0020E44F0020BB
:1059C000E44F0020EC4F0020EC4F0020F44F00206B
:1059D000F44F0020FC4F0020FC4F0020045000201A
:1059E000045000200C5000200C50002014500020C7
:1059F000145000201C5000201C5000202450002077
:105A0000245000202C5000202C5000203450002026
:105A1000345000203C5000203C50002044500020D6
:105A2000445000204C5000204C5000205450002086
:105A3000545000205C5000205C5000206450002036
:105A4000645000206C5000206C50002074500020E6
:105A5000745000207C5000207C5000208450002096
:105A6000845000208C5000208C5000209450002046
:105A700094500020FFFFFFFF000002000000000024
:105A800003000000883402201849002000000000B4
:105A90000000000000000000000000000000000006
:105AA00000000000000000000000000000000000F6
:105AB00000000000000000000000000000000000E6
:105AC00000000000000000000000000000000000D6
:105AD00000000000000000000000000000000000C6
:105AE00000000000000000000000000000000000B6
:105AF00000000000000000000000000000000000A6
:105B00000000000000000000000000000000000095
:105B10000000000000000000000000000000000085
:105B20000000000000000000000000000000000075
:105B30000000000000000000000000000000000065
:105B40000000000000000000000000000000000055
:105B50000000000000000000000000000000000045
:105B60000000000000000000000000000000000035
:105B70000000000000000000000000000000000025
:105B80000000000000000000000000000000000015
:105B90000000000000000000000000000000000005
:105BA00000000000000000000000000000000000F5
:105BB00000000000000000000000000000000000E5
:105BC00000000000000000000000000000000000D5
:105BD00000000000000000000000000000000000C5
:105BE00000000000000000000000000000000000B5
:105BF00000000000000000000000000000000000A5
:105C00000000000000000000000000000000000094
:105C10000000000000000000000000000000000084
:105C20000000000000000000000000000000000074
:105C30000000000000000000000000000000000064
:105C40000000000000000000000000000000000054
:105C50000000000000000000000000000000000044
:105C60000000000000000000000000000000000034
:105C70000000000000000000000000000000000024
:105C80000000000000000000000000000000000014
:105C90000000000000000000000000000000000004
:105CA00000000000000000000000000000000000F4
:105CB00000000000000000000000000000000000E4
:105CC00000000000000000000000000000000000D4
:105CD00000000000000000000000000000000000C4
:105CE00000000000000000000000000000000000B4
:105CF00000000000000000000000000000000000A4
:105D00000000000000000000000000000000000093
:105D10000000000000000000000000000000000083
:105D20000000000000000000000000000000000073
:105D30000000000000000000000000000000000063
:105D40000000000000000000000000000000000053
:105D50000000000000000000000000000000000043
:105D60000000000000000000000000000000000033
:105D70000000000000000000000000000000000023
:105D80000000000000000000000000000000000013
:105D90000000000000000000000000000000000003
:105DA00000000000000000000000000000000000F3
:105DB00000000000000000000000000000000000E3
:105DC00000000000000000000000000000000000D3
:105DD00000000000000000000000000000000000C3
:105DE00000000000000000000000000000000000B3
:105DF00000000000000000000000000000000000A3
:105E00000000000000000000000000000000000092
:105E10000000000000000000000000000000000082
:105E20000000000000000000000000000000000072
:105E30000000000000000000000000000000000062
:105E40000000000000000000000000000000000052
:105E50000000000000000000000000000000000042
:105E60000000000000000000000000000000000032
:105E70000000000000000000000000000000000022
:105E80000000000000000000000000000000000012
:105E90000000000000000000000000000000000002
:105EA00000000000000000000000000000000000F2
:105EB00000000000000000000000000000000000E2
:105EC00000000000000000000000000000000000D2
:105ED00000000000000000000000000000000000C2
:105EE00000000000000000000000000000000000B2
:105EF00000000000000000000000000000000000A2
:105F00000000000000000000000000000000000091
:105F10000000000000000000000000000000000081
:105F20000000000000000000000000000000000071
:105F30000000000000000000000000000000000061
:105F40000000000000000000000000000000000051
:105F50000000000000000000000000000000000041
:105F60000000000000000000000000000000000031
:105F70000000000000000000000000000000000021
:105F80000000000000000000000000000000000011
:105F90000000000000000000000000000000000001
:105FA00000000000000000000000000000000000F1
:105FB00000000000000000000000000000000000E1
:105FC00000000000000000000000000000000000D1
:105FD00000000000000000000000000000000000C1
:105FE00000000000000000000000000000000000B1
:105FF00000000000000000000000000000000000A1
:106000000000000000000000000000000000000090
:106010000000000000000000000000000000000080
:106020000000000000000000000000000000000070
:106030000000000000000000000000000000000060
:106040000000000000000000000000000000000050
:106050000000000000000000000000000000000040
:106060000000000000000000000000000000000030
:106070000000000000000000000000000000000020
:106080000000000000000000000000000000000010
:10609000FFFFFFFFFFFFFFFFFFFFFFFFFFFFFFFF10
:1060A000FFFFFFFFFFFFFFFFFFFFFFFFFFFFFFFF00
:1060B000FFFFFFFFFFFFFFFFFFFFFFFFFFFFFFFFF0
:1060C000FFFFFFFFFFFFFFFFFFFFFFFFFFFFFFFFE0
:1060D000FFFFFFFFFFFFFFFFFFFFFFFFFFFFFFFFD0
:1060E000FFFFFFFFFFFFFFFFFFFFFFFFFFFFFFFFC0
:1060F000FFFFFFFFFFFFFFFFFFFFFFFFFFFFFFFFB0
:10610000FFFFFFFFFFFFFFFFFFFFFFFFFFFFFFFF9F
:10611000FFFFFFFFFFFFFFFFFFFFFFFFFFFFFFFF8F
:10612000FFFFFFFFFFFFFFFFFFFFFFFFFFFFFFFF7F
:10613000FFFFFFFFFFFFFFFFFFFFFFFFFFFFFFFF6F
:10614000FFFFFFFFFFFFFFFFFFFFFFFFFFFFFFFF5F
:10615000FFFFFFFFFFFFFFFFFFFFFFFFFFFFFFFF4F
:10616000FFFFFFFFFFFFFFFFFFFFFFFFFFFFFFFF3F
:10617000FFFFFFFFFFFFFFFFFFFFFFFFFFFFFFFF2F
:10618000FFFFFFFFFFFFFFFFFFFFFFFFFFFFFFFF1F
:10619000FFFFFFFFFFFFFFFFFFFFFFFFFFFFFFFF0F
:1061A000FFFFFFFFFFFFFFFFFFFFFFFFFFFFFFFFFF
:1061B000FFFFFFFFFFFFFFFFFFFFFFFFFFFFFFFFEF
:1061C000FFFFFFFFFFFFFFFFFFFFFFFFFFFFFFFFDF
:1061D000FFFFFFFFFFFFFFFFFFFFFFFFFFFFFFFFCF
:1061E000FFFFFFFFFFFFFFFFFFFFFFFFFFFFFFFFBF
:1061F000FFFFFFFFFFFFFFFFFFFFFFFFFFFFFFFFAF
:10620000FFFFFFFFFFFFFFFFFFFFFFFFFFFFFFFF9E
:10621000FFFFFFFFFFFFFFFFFFFFFFFFFFFFFFFF8E
:10622000FFFFFFFFFFFFFFFFFFFFFFFFFFFFFFFF7E
:10623000FFFFFFFFFFFFFFFFFFFFFFFFFFFFFFFF6E
:10624000FFFFFFFFFFFFFFFFFFFFFFFFFFFFFFFF5E
:10625000FFFFFFFFFFFFFFFFFFFFFFFFFFFFFFFF4E
:10626000FFFFFFFFFFFFFFFFFFFFFFFFFFFFFFFF3E
:10627000FFFFFFFFFFFFFFFFFFFFFFFFFFFFFFFF2E
:10628000FFFFFFFFFFFFFFFFFFFFFFFFFFFFFFFF1E
:10629000FFFFFFFFFFFFFFFFFFFFFFFFFFFFFFFF0E
:1062A000FFFFFFFFFFFFFFFFFFFFFFFFFFFFFFFFFE
:1062B000FFFFFFFFFFFFFFFFFFFFFFFFFFFFFFFFEE
:1062C000FFFFFFFFFFFFFFFFFFFFFFFFFFFFFFFFDE
:1062D000FFFFFFFFFFFFFFFFFFFFFFFFFFFFFFFFCE
:1062E000FFFFFFFFFFFFFFFFFFFFFFFFFFFFFFFFBE
:1062F000FFFFFFFFFFFFFFFFFFFFFFFFFFFFFFFFAE
:10630000FFFFFFFFFFFFFFFFFFFFFFFFFFFFFFFF9D
:10631000FFFFFFFFFFFFFFFFFFFFFFFFFFFFFFFF8D
:10632000FFFFFFFFFFFFFFFFFFFFFFFFFFFFFFFF7D
:10633000FFFFFFFFFFFFFFFFFFFFFFFFFFFFFFFF6D
:10634000FFFFFFFFFFFFFFFFFFFFFFFFFFFFFFFF5D
:10635000FFFFFFFFFFFFFFFFFFFFFFFFFFFFFFFF4D
:10636000FFFFFFFFFFFFFFFFFFFFFFFFFFFFFFFF3D
:10637000FFFFFFFFFFFFFFFFFFFFFFFFFFFFFFFF2D
:10638000FFFFFFFFFFFFFFFFFFFFFFFFFFFFFFFF1D
:10639000FFFFFFFFFFFFFFFFFFFFFFFFFFFFFFFF0D
:1063A000FFFFFFFFFFFFFFFFFFFFFFFFFFFFFFFFFD
:1063B000FFFFFFFFFFFFFFFFFFFFFFFFFFFFFFFFED
:1063C000FFFFFFFFFFFFFFFFFFFFFFFFFFFFFFFFDD
:1063D000FFFFFFFFFFFFFFFFFFFFFFFFFFFFFFFFCD
:1063E000FFFFFFFFFFFFFFFFFFFFFFFFFFFFFFFFBD
:1063F000FFFFFFFFFFFFFFFFFFFFFFFFFFFFFFFFAD
:10640000000000000000000000000000000000008C
:10641000000000000000000000000000000000007C
:10642000000000000000000000000000000000006C
:10643000000000000000000000000000000000005C
:10644000000000000000000000000000000000004C
:10645000000000000000000000000000000000003C
:10646000000000000000000000000000000000002C
:10647000000000000000000000000000000000001C
:10648000000000000000000000000000000000000C
:1064900000000000000000000000000000000000FC
:1064A00000000000000000000000000000000000EC
:1064B00000000000000000000000000000000000DC
:1064C00000000000000000000000000000000000CC
:1064D00000000000000000000000000000000000BC
:1064E00000000000000000000000000000000000AC
:1064F000000000000000000000000000000000009C
:10650000000000000000000000000000000000008B
:10651000000000000000000000000000000000007B
:10652000000000000000000000000000000000006B
:10653000000000000000000000000000000000005B
:10654000000000000000000000000000000000004B
:10655000000000000000000000000000000000003B
:10656000000000000000000000000000000000002B
:10657000000000000000000000000000000000001B
:10658000000000000000000000000000000000000B
:1065900000000000000000000000000000000000FB
:1065A00000000000000000000000000000000000EB
:1065B00000000000000000000000000000000000DB
:1065C00000000000000000000000000000000000CB
:1065D00000000000000000000000000000000000BB
:1065E00000000000000000000000000000000000AB
:1065F000000000000000000000000000000000009B
:10660000000000000000000000000000000000008A
:10661000000000000000000000000000000000007A
:10662000000000000000000000000000000000006A
:10663000000000000000000000000000000000005A
:10664000000000000000000000000000000000004A
:10665000000000000000000000000000000000003A
:10666000000000000000000000000000000000002A
:10667000000000000000000000000000000000001A
:10668000000000000000000000000000000000000A
:1066900000000000000000000000000000000000FA
:1066A00000000000000000000000000000000000EA
:1066B00000000000000000000000000000000000DA
:1066C00000000000000000000000000000000000CA
:1066D00000000000000000000000000000000000BA
:1066E00000000000000000000000000000000000AA
:1066F000000000000000000000000000000000009A
:106700000000000000000000000000000000000089
:106710000000000000000000000000000000000079
:106720000000000000000000000000000000000069
:106730000000000000000000000000000000000059
:106740000000000000000000000000000000000049
:106750000000000000000000000000000000000039
:106760000000000000000000000000000000000029
:106770000000000000000000000000000000000019
:106780000000000000000000000000000000000009
:1067900000000000000000000000000000000000F9
:1067A00000000000000000000000000000000000E9
:1067B00000000000000000000000000000000000D9
:1067C00000000000000000000000000000000000C9
:1067D00000000000000000000000000000000000B9
:1067E00000000000000000000000000000000000A9
:1067F0000000000000000000000000000000000099
:106800000000000000000000000000000000000088
:106810000000000000000000000000000000000078
:106820000000000000000000000000000000000068
:106830000000000000000000000000000000000058
:106840000000000000000000000000000000000048
:106850000000000000000000000000000000000038
:106860000000000000000000000000000000000028
:106870000000000000000000000000000000000018
:106880000000000000000000000000000000000008
:1068900000000000000000000000000000000000F8
:1068A00000000000000000000000000000000000E8
:1068B00000000000000000000000000000000000D8
:1068C00000000000000000000000000000000000C8
:1068D00000000000000000000000000000000000B8
:1068E00000000000000000000000000000000000A8
:1068F0000000000000000000000000000000000098
:106900000000000000000000000000000000000087
:106910000000000000000000000000000000000077
:106920000000000000000000000000000000000067
:106930000000000000000000000000000000000057
:106940000000000000000000000000000000000047
:106950000000000000000000000000000000000037
:106960000000000000000000000000000000000027
:106970000000000000000000000000000000000017
:106980000000000000000000000000000000000007
:1069900000000000000000000000000000000000F7
:1069A00000000000000000000000000000000000E7
:1069B00000000000000000000000000000000000D7
:1069C00000000000000000000000000000000000C7
:1069D00000000000000000000000000000000000B7
:1069E00000000000000000000000000000000000A7
:1069F0000000000000000000000000000000000097
:106A00000000000000000000000000000000000086
:106A10000000000000000000000000000000000076
:106A20000000000000000000000000000000000066
:106A30000000000000000000000000000000000056
:106A40000000000000000000000000000000000046
:106A50000000000000000000000000000000000036
:106A60000000000000000000000000000000000026
:106A70000000000000000000000000000000000016
:106A80000000000000000000000000000000000006
:106A900000000000000000000000000000000000F6
:106AA00000000000000000000000000000000000E6
:106AB00000000000000000000000000000000000D6
:106AC00000000000000000000000000000000000C6
:106AD00000000000000000000000000000000000B6
:106AE00000000000000000000000000000000000A6
:106AF0000000000000000000000000000000000096
:106B00000000000000000000000000000000000085
:106B10000000000000000000000000000000000075
:106B20000000000000000000000000000000000065
:106B30000000000000000000000000000000000055
:106B40000000000000000000000000000000000045
:106B50000000000000000000000000000000000035
:106B60000000000000000000000000000000000025
:106B70000000000000000000000000000000000015
:106B80000000000000000000000000000000000005
:106B900000000000000000000000000000000000F5
:106BA00000000000000000000000000000000000E5
:106BB00000000000000000000000000000000000D5
:106BC00000000000000000000000000000000000C5
:106BD00000000000000000000000000000000000B5
:106BE00000000000000000000000000000000000A5
:106BF0000000000000000000000000000000000095
:106C00000000000000000000000000000000000084
:106C10000000000000000000000000000000000074
:106C20000000000000000000000000000000000064
:106C30000000000000000000000000000000000054
:106C40000000000000000000000000000000000044
:106C50000000000000000000000000000000000034
:106C60000000000000000000000000000000000024
:106C70000000000000000000000000000000000014
:106C80000000000000000000000000000000000004
:106C900000000000000000000000000000000000F4
:106CA00000000000000000000000000000000000E4
:106CB00000000000000000000000000000000000D4
:106CC00000000000000000000000000000000000C4
:106CD00000000000000000000000000000000000B4
:106CE00000000000000000000000000000000000A4
:106CF0000000000000000000000000000000000094
:106D00000000000000000000000000000000000083
:106D10000000000000000000000000000000000073
:106D20000000000000000000000000000000000063
:106D30000000000000000000000000000000000053
:106D40000000000000000000000000000000000043
:106D50000000000000000000000000000000000033
:106D60000000000000000000000000000000000023
:106D70000000000000000000000000000000000013
:106D80000000000000000000000000000000000003
:106D900000000000000000000000000000000000F3
:106DA00000000000000000000000000000000000E3
:106DB00000000000000000000000000000000000D3
:106DC00000000000000000000000000000000000C3
:106DD00000000000000000000000000000000000B3
:106DE00000000000000000000000000000000000A3
:106DF0000000000000000000000000000000000093
:106E00000000000000000000000000000000000082
:106E10000000000000000000000000000000000072
:106E20000000000000000000000000000000000062
:106E30000000000000000000000000000000000052
:106E40000000000000000000000000000000000042
:106E50000000000000000000000000000000000032
:106E60000000000000000000000000000000000022
:106E70000000000000000000000000000000000012
:106E80000000000000000000000000000000000002
:106E900000000000000000000000000000000000F2
:106EA00000000000000000000000000000000000E2
:106EB00000000000000000000000000000000000D2
:106EC00000000000000000000000000000000000C2
:106ED00000000000000000000000000000000000B2
:106EE00000000000000000000000000000000000A2
:106EF0000000000000000000000000000000000092
:106F00000000000000000000000000000000000081
:106F10000000000000000000000000000000000071
:106F20000000000000000000000000000000000061
:106F30000000000000000000000000000000000051
:106F40000000000000000000000000000000000041
:106F50000000000000000000000000000000000031
:106F60000000000000000000000000000000000021
:106F70000000000000000000000000000000000011
:106F80000000000000000000000000000000000001
:106F900000000000000000000000000000000000F1
:106FA00000000000000000000000000000000000E1
:106FB00000000000000000000000000000000000D1
:106FC00000000000000000000000000000000000C1
:106FD00000000000000000000000000000000000B1
:106FE00000000000000000000000000000000000A1
:106FF0000000000000000000000000000000000091
:040000056000100087
:00000001FF
