:0200000460009A
:100000004643464200000156000000000103030081
:1000100000000000000000000000000000000000E0
:1000200000000000000000000000000000000000D0
:1000300000000000000000000000000000000000C0
:1000400000000000010408000000000000000000A3
:100050000000800000000000000000000000000020
:100060000000000000000000000000000000000090
:100070000000000000000000000000000000000080
:10008000EB04180A063204260000000000000000FD
:10009000050404240000000000000000000000002F
:1000A0000000000000000000000000000000000050
:1000B0000604000000000000000000000000000036
:1000C0000000000000000000000000000000000030
:1000D00020041808000000000000000000000000DC
:1000E0000000000000000000000000000000000010
:1000F0000000000000000000000000000000000000
:10010000D8041808000000000000000000000000F3
:100110000204180804200000000000000000000095
:1001200000000000000000000000000000000000CF
:10013000600400000000000000000000000000005B
:1001400000000000000000000000000000000000AF
:10015000000000000000000000000000000000009F
:10016000000000000000000000000000000000008F
:10017000000000000000000000000000000000007F
:10018000000000000000000000000000000000006F
:10019000000000000000000000000000000000005F
:1001A000000000000000000000000000000000004F
:1001B000000000000000000000000000000000003F
:1001C000000100000010000001000000000000001D
:1001D000000001000000000000000000000000001E
:1001E000000000000000000000000000000000000F
:1001F00000000000000000000000000000000000FF
:10020000FFFFFFFFFFFFFFFFFFFFFFFFFFFFFFFFFE
:10021000FFFFFFFFFFFFFFFFFFFFFFFFFFFFFFFFEE
:10022000FFFFFFFFFFFFFFFFFFFFFFFFFFFFFFFFDE
:10023000FFFFFFFFFFFFFFFFFFFFFFFFFFFFFFFFCE
:10024000FFFFFFFFFFFFFFFFFFFFFFFFFFFFFFFFBE
:10025000FFFFFFFFFFFFFFFFFFFFFFFFFFFFFFFFAE
:10026000FFFFFFFFFFFFFFFFFFFFFFFFFFFFFFFF9E
:10027000FFFFFFFFFFFFFFFFFFFFFFFFFFFFFFFF8E
:10028000FFFFFFFFFFFFFFFFFFFFFFFFFFFFFFFF7E
:10029000FFFFFFFFFFFFFFFFFFFFFFFFFFFFFFFF6E
:1002A000FFFFFFFFFFFFFFFFFFFFFFFFFFFFFFFF5E
:1002B000FFFFFFFFFFFFFFFFFFFFFFFFFFFFFFFF4E
:1002C000FFFFFFFFFFFFFFFFFFFFFFFFFFFFFFFF3E
:1002D000FFFFFFFFFFFFFFFFFFFFFFFFFFFFFFFF2E
:1002E000FFFFFFFFFFFFFFFFFFFFFFFFFFFFFFFF1E
:1002F000FFFFFFFFFFFFFFFFFFFFFFFFFFFFFFFF0E
:10030000FFFFFFFFFFFFFFFFFFFFFFFFFFFFFFFFFD
:10031000FFFFFFFFFFFFFFFFFFFFFFFFFFFFFFFFED
:10032000FFFFFFFFFFFFFFFFFFFFFFFFFFFFFFFFDD
:10033000FFFFFFFFFFFFFFFFFFFFFFFFFFFFFFFFCD
:10034000FFFFFFFFFFFFFFFFFFFFFFFFFFFFFFFFBD
:10035000FFFFFFFFFFFFFFFFFFFFFFFFFFFFFFFFAD
:10036000FFFFFFFFFFFFFFFFFFFFFFFFFFFFFFFF9D
:10037000FFFFFFFFFFFFFFFFFFFFFFFFFFFFFFFF8D
:10038000FFFFFFFFFFFFFFFFFFFFFFFFFFFFFFFF7D
:10039000FFFFFFFFFFFFFFFFFFFFFFFFFFFFFFFF6D
:1003A000FFFFFFFFFFFFFFFFFFFFFFFFFFFFFFFF5D
:1003B000FFFFFFFFFFFFFFFFFFFFFFFFFFFFFFFF4D
:1003C000FFFFFFFFFFFFFFFFFFFFFFFFFFFFFFFF3D
:1003D000FFFFFFFFFFFFFFFFFFFFFFFFFFFFFFFF2D
:1003E000FFFFFFFFFFFFFFFFFFFFFFFFFFFFFFFF1D
:1003F000FFFFFFFFFFFFFFFFFFFFFFFFFFFFFFFF0D
:10040000FFFFFFFFFFFFFFFFFFFFFFFFFFFFFFFFFC
:10041000FFFFFFFFFFFFFFFFFFFFFFFFFFFFFFFFEC
:10042000FFFFFFFFFFFFFFFFFFFFFFFFFFFFFFFFDC
:10043000FFFFFFFFFFFFFFFFFFFFFFFFFFFFFFFFCC
:10044000FFFFFFFFFFFFFFFFFFFFFFFFFFFFFFFFBC
:10045000FFFFFFFFFFFFFFFFFFFFFFFFFFFFFFFFAC
:10046000FFFFFFFFFFFFFFFFFFFFFFFFFFFFFFFF9C
:10047000FFFFFFFFFFFFFFFFFFFFFFFFFFFFFFFF8C
:10048000FFFFFFFFFFFFFFFFFFFFFFFFFFFFFFFF7C
:10049000FFFFFFFFFFFFFFFFFFFFFFFFFFFFFFFF6C
:1004A000FFFFFFFFFFFFFFFFFFFFFFFFFFFFFFFF5C
:1004B000FFFFFFFFFFFFFFFFFFFFFFFFFFFFFFFF4C
:1004C000FFFFFFFFFFFFFFFFFFFFFFFFFFFFFFFF3C
:1004D000FFFFFFFFFFFFFFFFFFFFFFFFFFFFFFFF2C
:1004E000FFFFFFFFFFFFFFFFFFFFFFFFFFFFFFFF1C
:1004F000FFFFFFFFFFFFFFFFFFFFFFFFFFFFFFFF0C
:10050000FFFFFFFFFFFFFFFFFFFFFFFFFFFFFFFFFB
:10051000FFFFFFFFFFFFFFFFFFFFFFFFFFFFFFFFEB
:10052000FFFFFFFFFFFFFFFFFFFFFFFFFFFFFFFFDB
:10053000FFFFFFFFFFFFFFFFFFFFFFFFFFFFFFFFCB
:10054000FFFFFFFFFFFFFFFFFFFFFFFFFFFFFFFFBB
:10055000FFFFFFFFFFFFFFFFFFFFFFFFFFFFFFFFAB
:10056000FFFFFFFFFFFFFFFFFFFFFFFFFFFFFFFF9B
:10057000FFFFFFFFFFFFFFFFFFFFFFFFFFFFFFFF8B
:10058000FFFFFFFFFFFFFFFFFFFFFFFFFFFFFFFF7B
:10059000FFFFFFFFFFFFFFFFFFFFFFFFFFFFFFFF6B
:1005A000FFFFFFFFFFFFFFFFFFFFFFFFFFFFFFFF5B
:1005B000FFFFFFFFFFFFFFFFFFFFFFFFFFFFFFFF4B
:1005C000FFFFFFFFFFFFFFFFFFFFFFFFFFFFFFFF3B
:1005D000FFFFFFFFFFFFFFFFFFFFFFFFFFFFFFFF2B
:1005E000FFFFFFFFFFFFFFFFFFFFFFFFFFFFFFFF1B
:1005F000FFFFFFFFFFFFFFFFFFFFFFFFFFFFFFFF0B
:10060000FFFFFFFFFFFFFFFFFFFFFFFFFFFFFFFFFA
:10061000FFFFFFFFFFFFFFFFFFFFFFFFFFFFFFFFEA
:10062000FFFFFFFFFFFFFFFFFFFFFFFFFFFFFFFFDA
:10063000FFFFFFFFFFFFFFFFFFFFFFFFFFFFFFFFCA
:10064000FFFFFFFFFFFFFFFFFFFFFFFFFFFFFFFFBA
:10065000FFFFFFFFFFFFFFFFFFFFFFFFFFFFFFFFAA
:10066000FFFFFFFFFFFFFFFFFFFFFFFFFFFFFFFF9A
:10067000FFFFFFFFFFFFFFFFFFFFFFFFFFFFFFFF8A
:10068000FFFFFFFFFFFFFFFFFFFFFFFFFFFFFFFF7A
:10069000FFFFFFFFFFFFFFFFFFFFFFFFFFFFFFFF6A
:1006A000FFFFFFFFFFFFFFFFFFFFFFFFFFFFFFFF5A
:1006B000FFFFFFFFFFFFFFFFFFFFFFFFFFFFFFFF4A
:1006C000FFFFFFFFFFFFFFFFFFFFFFFFFFFFFFFF3A
:1006D000FFFFFFFFFFFFFFFFFFFFFFFFFFFFFFFF2A
:1006E000FFFFFFFFFFFFFFFFFFFFFFFFFFFFFFFF1A
:1006F000FFFFFFFFFFFFFFFFFFFFFFFFFFFFFFFF0A
:10070000FFFFFFFFFFFFFFFFFFFFFFFFFFFFFFFFF9
:10071000FFFFFFFFFFFFFFFFFFFFFFFFFFFFFFFFE9
:10072000FFFFFFFFFFFFFFFFFFFFFFFFFFFFFFFFD9
:10073000FFFFFFFFFFFFFFFFFFFFFFFFFFFFFFFFC9
:10074000FFFFFFFFFFFFFFFFFFFFFFFFFFFFFFFFB9
:10075000FFFFFFFFFFFFFFFFFFFFFFFFFFFFFFFFA9
:10076000FFFFFFFFFFFFFFFFFFFFFFFFFFFFFFFF99
:10077000FFFFFFFFFFFFFFFFFFFFFFFFFFFFFFFF89
:10078000FFFFFFFFFFFFFFFFFFFFFFFFFFFFFFFF79
:10079000FFFFFFFFFFFFFFFFFFFFFFFFFFFFFFFF69
:1007A000FFFFFFFFFFFFFFFFFFFFFFFFFFFFFFFF59
:1007B000FFFFFFFFFFFFFFFFFFFFFFFFFFFFFFFF49
:1007C000FFFFFFFFFFFFFFFFFFFFFFFFFFFFFFFF39
:1007D000FFFFFFFFFFFFFFFFFFFFFFFFFFFFFFFF29
:1007E000FFFFFFFFFFFFFFFFFFFFFFFFFFFFFFFF19
:1007F000FFFFFFFFFFFFFFFFFFFFFFFFFFFFFFFF09
:10080000FFFFFFFFFFFFFFFFFFFFFFFFFFFFFFFFF8
:10081000FFFFFFFFFFFFFFFFFFFFFFFFFFFFFFFFE8
:10082000FFFFFFFFFFFFFFFFFFFFFFFFFFFFFFFFD8
:10083000FFFFFFFFFFFFFFFFFFFFFFFFFFFFFFFFC8
:10084000FFFFFFFFFFFFFFFFFFFFFFFFFFFFFFFFB8
:10085000FFFFFFFFFFFFFFFFFFFFFFFFFFFFFFFFA8
:10086000FFFFFFFFFFFFFFFFFFFFFFFFFFFFFFFF98
:10087000FFFFFFFFFFFFFFFFFFFFFFFFFFFFFFFF88
:10088000FFFFFFFFFFFFFFFFFFFFFFFFFFFFFFFF78
:10089000FFFFFFFFFFFFFFFFFFFFFFFFFFFFFFFF68
:1008A000FFFFFFFFFFFFFFFFFFFFFFFFFFFFFFFF58
:1008B000FFFFFFFFFFFFFFFFFFFFFFFFFFFFFFFF48
:1008C000FFFFFFFFFFFFFFFFFFFFFFFFFFFFFFFF38
:1008D000FFFFFFFFFFFFFFFFFFFFFFFFFFFFFFFF28
:1008E000FFFFFFFFFFFFFFFFFFFFFFFFFFFFFFFF18
:1008F000FFFFFFFFFFFFFFFFFFFFFFFFFFFFFFFF08
:10090000FFFFFFFFFFFFFFFFFFFFFFFFFFFFFFFFF7
:10091000FFFFFFFFFFFFFFFFFFFFFFFFFFFFFFFFE7
:10092000FFFFFFFFFFFFFFFFFFFFFFFFFFFFFFFFD7
:10093000FFFFFFFFFFFFFFFFFFFFFFFFFFFFFFFFC7
:10094000FFFFFFFFFFFFFFFFFFFFFFFFFFFFFFFFB7
:10095000FFFFFFFFFFFFFFFFFFFFFFFFFFFFFFFFA7
:10096000FFFFFFFFFFFFFFFFFFFFFFFFFFFFFFFF97
:10097000FFFFFFFFFFFFFFFFFFFFFFFFFFFFFFFF87
:10098000FFFFFFFFFFFFFFFFFFFFFFFFFFFFFFFF77
:10099000FFFFFFFFFFFFFFFFFFFFFFFFFFFFFFFF67
:1009A000FFFFFFFFFFFFFFFFFFFFFFFFFFFFFFFF57
:1009B000FFFFFFFFFFFFFFFFFFFFFFFFFFFFFFFF47
:1009C000FFFFFFFFFFFFFFFFFFFFFFFFFFFFFFFF37
:1009D000FFFFFFFFFFFFFFFFFFFFFFFFFFFFFFFF27
:1009E000FFFFFFFFFFFFFFFFFFFFFFFFFFFFFFFF17
:1009F000FFFFFFFFFFFFFFFFFFFFFFFFFFFFFFFF07
:100A0000FFFFFFFFFFFFFFFFFFFFFFFFFFFFFFFFF6
:100A1000FFFFFFFFFFFFFFFFFFFFFFFFFFFFFFFFE6
:100A2000FFFFFFFFFFFFFFFFFFFFFFFFFFFFFFFFD6
:100A3000FFFFFFFFFFFFFFFFFFFFFFFFFFFFFFFFC6
:100A4000FFFFFFFFFFFFFFFFFFFFFFFFFFFFFFFFB6
:100A5000FFFFFFFFFFFFFFFFFFFFFFFFFFFFFFFFA6
:100A6000FFFFFFFFFFFFFFFFFFFFFFFFFFFFFFFF96
:100A7000FFFFFFFFFFFFFFFFFFFFFFFFFFFFFFFF86
:100A8000FFFFFFFFFFFFFFFFFFFFFFFFFFFFFFFF76
:100A9000FFFFFFFFFFFFFFFFFFFFFFFFFFFFFFFF66
:100AA000FFFFFFFFFFFFFFFFFFFFFFFFFFFFFFFF56
:100AB000FFFFFFFFFFFFFFFFFFFFFFFFFFFFFFFF46
:100AC000FFFFFFFFFFFFFFFFFFFFFFFFFFFFFFFF36
:100AD000FFFFFFFFFFFFFFFFFFFFFFFFFFFFFFFF26
:100AE000FFFFFFFFFFFFFFFFFFFFFFFFFFFFFFFF16
:100AF000FFFFFFFFFFFFFFFFFFFFFFFFFFFFFFFF06
:100B0000FFFFFFFFFFFFFFFFFFFFFFFFFFFFFFFFF5
:100B1000FFFFFFFFFFFFFFFFFFFFFFFFFFFFFFFFE5
:100B2000FFFFFFFFFFFFFFFFFFFFFFFFFFFFFFFFD5
:100B3000FFFFFFFFFFFFFFFFFFFFFFFFFFFFFFFFC5
:100B4000FFFFFFFFFFFFFFFFFFFFFFFFFFFFFFFFB5
:100B5000FFFFFFFFFFFFFFFFFFFFFFFFFFFFFFFFA5
:100B6000FFFFFFFFFFFFFFFFFFFFFFFFFFFFFFFF95
:100B7000FFFFFFFFFFFFFFFFFFFFFFFFFFFFFFFF85
:100B8000FFFFFFFFFFFFFFFFFFFFFFFFFFFFFFFF75
:100B9000FFFFFFFFFFFFFFFFFFFFFFFFFFFFFFFF65
:100BA000FFFFFFFFFFFFFFFFFFFFFFFFFFFFFFFF55
:100BB000FFFFFFFFFFFFFFFFFFFFFFFFFFFFFFFF45
:100BC000FFFFFFFFFFFFFFFFFFFFFFFFFFFFFFFF35
:100BD000FFFFFFFFFFFFFFFFFFFFFFFFFFFFFFFF25
:100BE000FFFFFFFFFFFFFFFFFFFFFFFFFFFFFFFF15
:100BF000FFFFFFFFFFFFFFFFFFFFFFFFFFFFFFFF05
:100C0000FFFFFFFFFFFFFFFFFFFFFFFFFFFFFFFFF4
:100C1000FFFFFFFFFFFFFFFFFFFFFFFFFFFFFFFFE4
:100C2000FFFFFFFFFFFFFFFFFFFFFFFFFFFFFFFFD4
:100C3000FFFFFFFFFFFFFFFFFFFFFFFFFFFFFFFFC4
:100C4000FFFFFFFFFFFFFFFFFFFFFFFFFFFFFFFFB4
:100C5000FFFFFFFFFFFFFFFFFFFFFFFFFFFFFFFFA4
:100C6000FFFFFFFFFFFFFFFFFFFFFFFFFFFFFFFF94
:100C7000FFFFFFFFFFFFFFFFFFFFFFFFFFFFFFFF84
:100C8000FFFFFFFFFFFFFFFFFFFFFFFFFFFFFFFF74
:100C9000FFFFFFFFFFFFFFFFFFFFFFFFFFFFFFFF64
:100CA000FFFFFFFFFFFFFFFFFFFFFFFFFFFFFFFF54
:100CB000FFFFFFFFFFFFFFFFFFFFFFFFFFFFFFFF44
:100CC000FFFFFFFFFFFFFFFFFFFFFFFFFFFFFFFF34
:100CD000FFFFFFFFFFFFFFFFFFFFFFFFFFFFFFFF24
:100CE000FFFFFFFFFFFFFFFFFFFFFFFFFFFFFFFF14
:100CF000FFFFFFFFFFFFFFFFFFFFFFFFFFFFFFFF04
:100D0000FFFFFFFFFFFFFFFFFFFFFFFFFFFFFFFFF3
:100D1000FFFFFFFFFFFFFFFFFFFFFFFFFFFFFFFFE3
:100D2000FFFFFFFFFFFFFFFFFFFFFFFFFFFFFFFFD3
:100D3000FFFFFFFFFFFFFFFFFFFFFFFFFFFFFFFFC3
:100D4000FFFFFFFFFFFFFFFFFFFFFFFFFFFFFFFFB3
:100D5000FFFFFFFFFFFFFFFFFFFFFFFFFFFFFFFFA3
:100D6000FFFFFFFFFFFFFFFFFFFFFFFFFFFFFFFF93
:100D7000FFFFFFFFFFFFFFFFFFFFFFFFFFFFFFFF83
:100D8000FFFFFFFFFFFFFFFFFFFFFFFFFFFFFFFF73
:100D9000FFFFFFFFFFFFFFFFFFFFFFFFFFFFFFFF63
:100DA000FFFFFFFFFFFFFFFFFFFFFFFFFFFFFFFF53
:100DB000FFFFFFFFFFFFFFFFFFFFFFFFFFFFFFFF43
:100DC000FFFFFFFFFFFFFFFFFFFFFFFFFFFFFFFF33
:100DD000FFFFFFFFFFFFFFFFFFFFFFFFFFFFFFFF23
:100DE000FFFFFFFFFFFFFFFFFFFFFFFFFFFFFFFF13
:100DF000FFFFFFFFFFFFFFFFFFFFFFFFFFFFFFFF03
:100E0000FFFFFFFFFFFFFFFFFFFFFFFFFFFFFFFFF2
:100E1000FFFFFFFFFFFFFFFFFFFFFFFFFFFFFFFFE2
:100E2000FFFFFFFFFFFFFFFFFFFFFFFFFFFFFFFFD2
:100E3000FFFFFFFFFFFFFFFFFFFFFFFFFFFFFFFFC2
:100E4000FFFFFFFFFFFFFFFFFFFFFFFFFFFFFFFFB2
:100E5000FFFFFFFFFFFFFFFFFFFFFFFFFFFFFFFFA2
:100E6000FFFFFFFFFFFFFFFFFFFFFFFFFFFFFFFF92
:100E7000FFFFFFFFFFFFFFFFFFFFFFFFFFFFFFFF82
:100E8000FFFFFFFFFFFFFFFFFFFFFFFFFFFFFFFF72
:100E9000FFFFFFFFFFFFFFFFFFFFFFFFFFFFFFFF62
:100EA000FFFFFFFFFFFFFFFFFFFFFFFFFFFFFFFF52
:100EB000FFFFFFFFFFFFFFFFFFFFFFFFFFFFFFFF42
:100EC000FFFFFFFFFFFFFFFFFFFFFFFFFFFFFFFF32
:100ED000FFFFFFFFFFFFFFFFFFFFFFFFFFFFFFFF22
:100EE000FFFFFFFFFFFFFFFFFFFFFFFFFFFFFFFF12
:100EF000FFFFFFFFFFFFFFFFFFFFFFFFFFFFFFFF02
:100F0000FFFFFFFFFFFFFFFFFFFFFFFFFFFFFFFFF1
:100F1000FFFFFFFFFFFFFFFFFFFFFFFFFFFFFFFFE1
:100F2000FFFFFFFFFFFFFFFFFFFFFFFFFFFFFFFFD1
:100F3000FFFFFFFFFFFFFFFFFFFFFFFFFFFFFFFFC1
:100F4000FFFFFFFFFFFFFFFFFFFFFFFFFFFFFFFFB1
:100F5000FFFFFFFFFFFFFFFFFFFFFFFFFFFFFFFFA1
:100F6000FFFFFFFFFFFFFFFFFFFFFFFFFFFFFFFF91
:100F7000FFFFFFFFFFFFFFFFFFFFFFFFFFFFFFFF81
:100F8000FFFFFFFFFFFFFFFFFFFFFFFFFFFFFFFF71
:100F9000FFFFFFFFFFFFFFFFFFFFFFFFFFFFFFFF61
:100FA000FFFFFFFFFFFFFFFFFFFFFFFFFFFFFFFF51
:100FB000FFFFFFFFFFFFFFFFFFFFFFFFFFFFFFFF41
:100FC000FFFFFFFFFFFFFFFFFFFFFFFFFFFFFFFF31
:100FD000FFFFFFFFFFFFFFFFFFFFFFFFFFFFFFFF21
:100FE000FFFFFFFFFFFFFFFFFFFFFFFFFFFFFFFF11
:100FF000FFFFFFFFFFFFFFFFFFFFFFFFFFFFFFFF01
:10100000D10020436D2000600000000000000000BF
:101010002010006000100060004803600000000025
:10102000000000600054030000000000FFFFFFFF0D
:10103000FFFFFFFFFFFFFFFFFFFFFFFFFFFFFFFFC0
:10104000FFFFFFFFFFFFFFFFFFFFFFFFFFFFFFFFB0
:10105000FFFFFFFFFFFFFFFFFFFFFFFFFFFFFFFFA0
:10106000FFFFFFFFFFFFFFFFFFFFFFFFFFFFFFFF90
:10107000FFFFFFFFFFFFFFFFFFFFFFFFFFFFFFFF80
:10108000FFFFFFFFFFFFFFFFFFFFFFFFFFFFFFFF70
:10109000FFFFFFFFFFFFFFFFFFFFFFFFFFFFFFFF60
:1010A000FFFFFFFFFFFFFFFFFFFFFFFFFFFFFFFF50
:1010B000FFFFFFFFFFFFFFFFFFFFFFFFFFFFFFFF40
:1010C000FFFFFFFFFFFFFFFFFFFFFFFFFFFFFFFF30
:1010D000FFFFFFFFFFFFFFFFFFFFFFFFFFFFFFFF20
:1010E000FFFFFFFFFFFFFFFFFFFFFFFFFFFFFFFF10
:1010F000FFFFFFFFFFFFFFFFFFFFFFFFFFFFFFFF00
:10110000FFFFFFFFFFFFFFFFFFFFFFFFFFFFFFFFEF
:10111000FFFFFFFFFFFFFFFFFFFFFFFFFFFFFFFFDF
:10112000FFFFFFFFFFFFFFFFFFFFFFFFFFFFFFFFCF
:10113000FFFFFFFFFFFFFFFFFFFFFFFFFFFFFFFFBF
:10114000FFFFFFFFFFFFFFFFFFFFFFFFFFFFFFFFAF
:10115000FFFFFFFFFFFFFFFFFFFFFFFFFFFFFFFF9F
:10116000FFFFFFFFFFFFFFFFFFFFFFFFFFFFFFFF8F
:10117000FFFFFFFFFFFFFFFFFFFFFFFFFFFFFFFF7F
:10118000FFFFFFFFFFFFFFFFFFFFFFFFFFFFFFFF6F
:10119000FFFFFFFFFFFFFFFFFFFFFFFFFFFFFFFF5F
:1011A000FFFFFFFFFFFFFFFFFFFFFFFFFFFFFFFF4F
:1011B000FFFFFFFFFFFFFFFFFFFFFFFFFFFFFFFF3F
:1011C000FFFFFFFFFFFFFFFFFFFFFFFFFFFFFFFF2F
:1011D000FFFFFFFFFFFFFFFFFFFFFFFFFFFFFFFF1F
:1011E000FFFFFFFFFFFFFFFFFFFFFFFFFFFFFFFF0F
:1011F000FFFFFFFFFFFFFFFFFFFFFFFFFFFFFFFFFF
:10120000FFFFFFFFFFFFFFFFFFFFFFFFFFFFFFFFEE
:10121000FFFFFFFFFFFFFFFFFFFFFFFFFFFFFFFFDE
:10122000FFFFFFFFFFFFFFFFFFFFFFFFFFFFFFFFCE
:10123000FFFFFFFFFFFFFFFFFFFFFFFFFFFFFFFFBE
:10124000FFFFFFFFFFFFFFFFFFFFFFFFFFFFFFFFAE
:10125000FFFFFFFFFFFFFFFFFFFFFFFFFFFFFFFF9E
:10126000FFFFFFFFFFFFFFFFFFFFFFFFFFFFFFFF8E
:10127000FFFFFFFFFFFFFFFFFFFFFFFFFFFFFFFF7E
:10128000FFFFFFFFFFFFFFFFFFFFFFFFFFFFFFFF6E
:10129000FFFFFFFFFFFFFFFFFFFFFFFFFFFFFFFF5E
:1012A000FFFFFFFFFFFFFFFFFFFFFFFFFFFFFFFF4E
:1012B000FFFFFFFFFFFFFFFFFFFFFFFFFFFFFFFF3E
:1012C000FFFFFFFFFFFFFFFFFFFFFFFFFFFFFFFF2E
:1012D000FFFFFFFFFFFFFFFFFFFFFFFFFFFFFFFF1E
:1012E000FFFFFFFFFFFFFFFFFFFFFFFFFFFFFFFF0E
:1012F000FFFFFFFFFFFFFFFFFFFFFFFFFFFFFFFFFE
:10130000FFFFFFFFFFFFFFFFFFFFFFFFFFFFFFFFED
:10131000FFFFFFFFFFFFFFFFFFFFFFFFFFFFFFFFDD
:10132000FFFFFFFFFFFFFFFFFFFFFFFFFFFFFFFFCD
:10133000FFFFFFFFFFFFFFFFFFFFFFFFFFFFFFFFBD
:10134000FFFFFFFFFFFFFFFFFFFFFFFFFFFFFFFFAD
:10135000FFFFFFFFFFFFFFFFFFFFFFFFFFFFFFFF9D
:10136000FFFFFFFFFFFFFFFFFFFFFFFFFFFFFFFF8D
:10137000FFFFFFFFFFFFFFFFFFFFFFFFFFFFFFFF7D
:10138000FFFFFFFFFFFFFFFFFFFFFFFFFFFFFFFF6D
:10139000FFFFFFFFFFFFFFFFFFFFFFFFFFFFFFFF5D
:1013A000FFFFFFFFFFFFFFFFFFFFFFFFFFFFFFFF4D
:1013B000FFFFFFFFFFFFFFFFFFFFFFFFFFFFFFFF3D
:1013C000FFFFFFFFFFFFFFFFFFFFFFFFFFFFFFFF2D
:1013D000FFFFFFFFFFFFFFFFFFFFFFFFFFFFFFFF1D
:1013E000FFFFFFFFFFFFFFFFFFFFFFFFFFFFFFFF0D
:1013F000FFFFFFFFFFFFFFFFFFFFFFFFFFFFFFFFFD
:10140000884207D0904205D251F8043B40F8043B93
:101410008242F9D8704700BF884204D2002340F8C6
:10142000043B8142FBD87047BC4B0824BC4ABD49F1
:10143000BD4880B5C3F8544184B0FFF7E1FFBB4A13
:10144000BB49BC48FFF7DCFFBB49BC48FFF7E4FFE2
:10145000BB4C4FF0E0214FF470000023B94AC1F8B3
:10146000880D44F823200133B02BFAD1B64B8021EC
:10147000B64A03F8011B9342FBD14FF0E023A74A81
:101480004FF08031B248C3F8084DC2F80411C2F8D9
:101490000001B048C2F8F410C2F8F000D3F8241DDF
:1014A000AD4841F4E021C3F8241DC16921F07F015A
:1014B00041F04001C161416A21F07F0141F04001EA
:1014C00041624FF0FF30A5498866C86608674867E3
:1014D00000211020C3F8941DC3F89C0DA048C3F848
:1014E000A00D1120C3F89C0D9E48C3F8A00D12203A
:1014F000C3F89C0D9C48C3F8A00D9C48C3F89C0DF4
:101500009B48C3F8A00D9B48C3F89C0D9A48C3F8AC
:10151000A00D894840F01500C3F89C0D9748C3F80A
:10152000A00D00F181500D30C3F89C0D9448C3F814
:10153000A00D9448C3F89C0D9348C3F8A00D9348A0
:10154000C3F89C0D9248C3F8A00D9248C3F89C0DB7
:101550009148C3F8A00D0120C3F8940DBFF34F8F3D
:10156000BFF36F8FC3F8501FBFF34F8FBFF36F8F61
:10157000D3F8140D4FF0400E4FF4805C4FF4005739
:1015800040F440304FF44046C3F8140D8348A06344
:101590008348E063632058610320996118618148A2
:1015A0008149C3F8200DD3F8FC0D40F08070C3F8DA
:1015B000FC0D0B687D4843F001030B604B684FF452
:1015C0008031036043F2420013699D0700F12A82D3
:1015D0009D0440F12B82DD0440F12A82002BF3DAD6
:1015E00013F4803540F027825B0640F1D6844FF03B
:1015F000803357496E48C2F80431C2F8001155498A
:10160000C2F8F430C2F8F01000F02AFE5248694BDC
:10161000C16E694A41F44051C1661D60C3F808516A
:10162000C3F81851C3F82851C3F83851936BDB073E
:1016300008D442F61563614951651365936B43F015
:10164000010393635C485E4B82685E4942F001127D
:101650005D4D5E4E826018225D48C3F85C12C3F88F
:101660006062C3F86412C3F868524FF0FF35C3F8E4
:101670006C025849C3F87002C3F87402C3F87802C8
:10168000DA661A675A679A67DA67C3F88020C3F880
:101690008420C3F8882001232F4AC1F82C33C1F8D5
:1016A0003033C1F83433C1F83833C1F83C33C1F8B2
:1016B000503349499069494B014048F20C700B4343
:1016C00047499361D2F8843043F00C03C2F8843068
:1016D0000A68444B42F002020A600A68024042482B
:1016E00013430B604D60414B8268414D1340414AAA
:1016F00043F000538B60CB6823F07803CB600B6A18
:101700002B4013430B620B6A2B404FF400551343DD
:10171000394A4B628A62CA6270E000BF00800D40A5
:1017200048BB02001C35006000000000C0560020CD
:1017300068F002600000002080360220C0560020C1
:1017400000540020A13B010000E400E0A0E400E020
:101750001B1018200C0D111300C00F4000C00A40D0
:101760003F000010250008030900100013002000AE
:1017700021000207140000202500081309000010B2
:1017800027000B13170000403300101318000060EF
:101790002F000B07190000702F000B130110010020
:1017A0004D10010000002020001000E060C3012067
:1017B0000046C3230040084000400D400000C056D2
:1017C00000801F40F9B00100F9000100F91001008C
:1017D000F970010000841F40FFFCFF1F000300A000
:1017E00000402A401200FFFF00802A40FF37F70028
:1017F00000FFF07C40000080FF000F830022D0F843
:10180000B83023F03F0343F00103C1F8B830D0F8FB
:10181000BC308A4823F03F0343F00103C1F8BC30D9
:1018200040F205630A610D660867C1F880304D66B5
:101830004867C1F884300B68814823F002030B60CD
:10184000886102207F4BC86101F5407143F8042B89
:101850008B42FBD17C4A136843F001031360136889
:1018600013F00103FBD176480221906140F2F5604C
:10187000D16140F26641C2F8000240F29940C2F8DC
:1018800010127249C2F8200242F20140C2F830122E
:1018900040F23541C2F83402C2F840126C486D493A
:1018A000C2F85002B338C2F8541242F20121C2F811
:1018B0006002C2F8641201216348C2F8A030C2F885
:1018C000A430C2F8B0104369DF07FCD50123002122
:1018D0004FF480324361C0F8A0105B49C0F8A420E7
:1018E000C0F8B0304B69DE07FCD501234FF400325D
:1018F00000204B61C1F8A000C1F8A420524AC1F8F1
:10190000B0305369DD07FCD50121534B00205161F4
:10191000C2F8A000C2F8A4304B4BC2F8B0105E6908
:1019200016F00106FBD0D3F80021212192B25961B3
:1019300045F60D518A4240F0278300214FF4802262
:10194000C3F8A010C3F8A42001223F49C3F8B02077
:101950004B69D807FCD501234FF400024B61C1F855
:10196000A0200022C1F8A420374AC1F8B030536942
:10197000D907FCD501234FF400015361C2F8A01030
:101980004FF48031C2F8A4102F49C2F8B0304B692F
:10199000DA07FCD501234FF400024B61C1F8A02007
:1019A0004FF40032C1F8A420274AC1F8B03053697F
:1019B000DB07FCD501234FF400015361C2F8A010EE
:1019C0002549C2F8A4102049C2F8B0304B69DF079E
:1019D000FCD5D1F8003121229BB24A6145F60D5267
:1019E000934200F0DE8208221C4B1D491D4F5B1AFA
:1019F00087F8D72513EB025340F0E682D7F8D805D5
:101A000090B3D7F8DC257AB30C23B2FBF3F103FBD8
:101A1000112149BBD7F8E035002B00F0B68200F069
:101A200027FCB2E2966151619061CDE55761CBE54B
:101A3000C2F814C0C8E59161C6E500BF63000200AA
:101A4000F05AF05A00422A4000402A409F041830C1
:101A5000EB06180A0632012604000300000000709D
:101A60000000007000A7002000F012FC16230360A5
:101A7000D44BDA6E42F44032DA66DA6E42F44072E7
:101A8000DA6640F23763D04A5364A0239364936CC0
:101A90001906FCD4CD4B40F237625A64A0229A64F6
:101AA0009D6C15F08005FBD1C94B4FF00F08C94A5A
:101AB000F3EE097A1D70C34BC748996FDFEDC75A23
:101AC00041F47F019FEDC67A9967D3F880100A43ED
:101AD000C3F8802000F0D0FB00F5804000F0CCFB84
:101AE00000F5804000F0C8FB00F5804000F0C4FB2A
:101AF000BC49BD4A41F2010E45F6C05C43F22600E6
:101B00008D814D81A1F80E80A1F814E0A1F806C0E6
:101B10000D800D8288818D854D85A1F82E80A1F8DC
:101B200034E0A1F826C00D840D868885A1F84C50BC
:101B3000A1F84A50A1F84E80A1F854E0A1F846C09F
:101B4000A1F84050A1F85050A1F84C00A1F86C50F9
:101B5000A1F86A50A1F86E80A1F874E0A1F866C0FF
:101B6000A1F86050A1F87050A1F86C0001F5C231E5
:101B700095815581A2F80E80A2F814E0A2F806C063
:101B800015801582908195855585A2F82E80A2F842
:101B900034E0A2F826C0158415869085A2F84C5032
:101BA000A2F84A50A2F84E80A2F854E0A2F846C02B
:101BB000A2F84050A2F85050A2F84C00A2F86C5085
:101BC000A2F86A50A2F86E80A2F874E0A2F866C08B
:101BD000A2F86050A2F87050A2F86C00A2F583122F
:101BE000824BA2F5F8529D815D81A3F80E80A3F887
:101BF00014E0A3F806C01D801D8298819D855D8537
:101C0000A3F82E80A3F834E0A3F826C01D841D8617
:101C10009885A3F84C50A3F84A50A3F84E80A3F837
:101C200054E0A3F846C0A3F84050A3F85050A3F8DE
:101C30004C00A3F86C50A3F86A50A3F86E80A3F888
:101C400074E0A3F866C0A3F86050A3F87050A3F83E
:101C50006C000320D2F88030DFF8A8E123F0010304
:101C6000DFF8A4C1C2F88030C2F89000D1F8E030AB
:101C70005F48D9B206EE901AC7F8C415C3F30B211A
:101C80001B0DF8EEE66AC7F8C81576EEE55A36EE93
:101C9000C77A76EEE76A07EE901A5649B8EEE76A19
:101CA00007EE903AEEEC016AF8EEE77AD2F880306F
:101CB00077EEC67A65EEA75ACEED007A27EE277A40
:101CC00066EEA77A85EEA65AC7EE265A87EEA67A62
:101CD00035EE065ABCEEC55A75EE866A15EE107AD8
:101CE000FCEEE66A43EA075377EE067AC2F88030E4
:101CF00016EE903AD2F890710CEA0343FCEEE77AC4
:101D00003B43C2F8903117EE903AD2F89071C3F38A
:101D10000B033B43C2F89031D2F8803043F002030A
:101D2000C2F8803080F84050C4F840114FF0E023F2
:101D30000122314FC3F808213B68132BFCD92F4BEC
:101D400040F66172C3F8202103F58E13D3F82026E4
:101D500003F580632A4B22F07F429A4280F00A8189
:101D60000A2000FB02F1B1FBF0F300FB1313092979
:101D700003F130038DF8043040F23D8101A84FF0AB
:101D8000000CDFF888908646A9FB023A904661462F
:101D90000CF1010C4FEADA0AB8F1090F0AEB8A03D9
:101DA000A2EB4303524603F130030EF8013FEBD898
:101DB00001AB01F110029C446A44002302F80A3C82
:101DC00026E000BF00C00F4000400C4000800C40E7
:101DD000846A0020000003FC00C03D400000AA42CD
:101DE0000000B44200C01D4000001E4000401E40E4
:101DF00000E400E0993D01005CC3012000800D403B
:101E000080969800CCAC00200000FF0FCDCCCCCC4D
:101E10001A46013390F800E08A1A9CF80080934239
:101E200000F8018B0CF801E9F2DB9DF80420002A90
:101E300000F0F180824B5A849DF80520002A00F0C2
:101E4000EC809DF806109A84002900F0EA809DF845
:101E50000720D984002A00F0E2809DF808101A8536
:101E6000002900F0E6809DF809205985002A00F03D
:101E7000DA809DF80A109A85002900F0D6809DF836
:101E80000B00D985002800F0D2809DF80C20188620
:101E9000002A00F0D0809DF80D105A86002900F02D
:101EA000CC800A2599866A1C6649520083F8202056
:101EB000D1F88030644A43F00303C1F8803040F227
:101EC0000441624BC2F860111968614B194203D199
:101ED000D2F8A8319A071BD05B4A4FF000415B4B08
:101EE0005963D2F8403143F00203C2F84031D2F8CE
:101EF00040319B07FBD44FF0E0224FF40031534BAD
:101F00001920C2F88C124FF000429A6300F0BCF91D
:101F10004E4A00214FF080404B4D4E4B9063116074
:101F20000A221846C5F8A8214FF4207200F0A0F943
:101F30004FF48102484B02604FF48002C5F858010B
:101F4000026440F24312C5F84821C4F804324FF04D
:101F5000E0224FF400310123C2F80C11C5F84031E2
:101F60003B68B3F5967FFBD300F098F800F088F952
:101F700000F07AF90A23B2FBF3F103FB11230A46BE
:101F800030338DF80430F9E6344F0023344AC7F873
:101F9000D835D360C2E901336AE5C2F814E0FFF72F
:101FA00013BB4FF480234FF400022E48C1F8A02049
:101FB000C1F8A4300123C1F8B0304369DD07FCD576
:101FC0000123102243610FE50022C7F8D8150C2128
:101FD000C7F8DC35C7F8E425B3FBF1F201FB123298
:101FE0007AB90123D7F8DC2500211F48C7F8E0356E
:101FF00000F03EF93CE500239DF804208DF8053003
:1020000018E79B1AF02BC7F8DC35EAD800F040F946
:102010001C2303602CE50A4B45E7354643E70325BF
:1020200041E702253FE705253DE706253BE7072574
:1020300039E7042537E7082535E7092533E700BFE9
:10204000844C002000C00F4000002E4000900D4046
:10205000001C1E0000000020C930010000A7002065
:10206000D8AC002000402A4000000070074B4FF41D
:102070002A01074A07485A641864074A9963954633
:10208000BFF34F8FBFF36F8FFFF7CEF900C00A4049
:10209000FFAFAAAA070020000000052000BF70477C
:1020A000264942698B6B23F47C0370B543F480238B
:1020B0001468234D8B6321685368194303692160B9
:1020C0000221002419611F491C6199640121596290
:1020D0009D624FF43035DD624FF001159E6C1E6538
:1020E0001C629D651961037E174D02EB031E174BA1
:1020F0009EF808C003EB0C1CDCF808402560DCF8F7
:102100000440DEF80C502560DEF8104014B1DEF813
:1021100014102160407E0C4C02EB001191F8280055
:102120000A4603EB0013D3E901300460C96A196061
:10213000136B0BB1526B1A6070BD00BF00C00F4033
:10214000B80B05053B37281961F80100441E002033
:102150001B494B690A7E03EB0212127A122A2DD018
:10216000187AFF282AD0122825D0187EFF2825D0DB
:102170000120844630B41C685D6824682C4203D179
:1021800081F818C030BC704703EB00130D480524DC
:1021900000EB0212526814601A7A0B4C00EB021228
:1021A000D2E901200460D86810601A69002AE7D0DB
:1021B0005B691360E4E700208446DBE7704700BFFB
:1021C000E05E0020441E002061F801001D494B69BB
:1021D0004A7E03EB021292F82820132A30D093F89B
:1021E0002800FF282CD0132827D093F83800FF2888
:1021F00026D00120844630B41C685D6824682C42D7
:1022000003D181F819C030BC704703EB00130E48AE
:10221000052400EB02125268146093F828200B4C3E
:1022200000EB0212D2E901200460D86A10601A6B38
:10223000002AE6D05B6B1360E3E700208446DAE710
:10224000704700BFE05E0020441E002061F80100DE
:10225000F8B500BFF8BC08BC9E46704700000000FF
:102260005FF800F09D1201005FF800F0356F01008B
:102270005FF800F0555602005FF800F00915010004
:102280005FF800F0055702005FF800F0055C010000
:102290005FF800F0A155020045000000FD34020087
:1022A0000000000000000100020004000600080019
:1022B0000B000F00140019001F0026002E0037002D
:1022C00041004B0057006300710080008F00A000A8
:1022D000B200C500DA00EF0006011E01370152010D
:1022E0006E018B01A901C901EB010E0232025702F6
:1022F0007F02A702D202FD022B0359038A03BC030B
:10230000EF0325045C049404CF040B0548058805FD
:10231000C9050C0651069806E0062A077607C40789
:1023200014086608B9080F096709C0091B0A790A69
:10233000D80A3A0B9D0B030C6A0CD40C3F0DAD0D63
:102340001D0E8F0E030F790FF20F6C10E91068113C
:10235000E9116C12F2127A13041490141F15B015BF
:102360004316D91671170B18A7184619E8198B1AB6
:10237000321BDA1B851C331DE21D951E491F0120EF
:10238000BB2077213622F722BB2381244A2516263B
:10239000E426B52788285E29362A112BEF2BD02C6E
:1023A000B32D992E812F6D305A314B323F33353456
:1023B0002E352936283729382D39333A3D3B493CCB
:1023C000593D6B3E803F9740B241D042F0431345A8
:1023D0003A4663478F48BE49F04A254C5D4D974EBB
:1023E000D54F16515A52A153EB5438568757DA58E5
:1023F000315A8A5BE65C455EA75F0D617662E163F8
:102400005065C2663768AF692B6BAA6C2B6EB06FD4
:102410003971C4725374E5757A771279AE7A4C7C4F
:10242000EF7D947F3D81E98298844B860188BA894B
:10243000768B368DFA8EC0908A9258942996FD97A5
:10244000D499B09B8E9D709F55A13EA32AA51AA733
:102450000DA904ABFEACFBAEFCB001B309B515B7DA
:1024600024B937BB4DBD67BF84C1A5C3CAC5F2C778
:102470001ECA4DCC80CEB7D0F1D22FD571D7B6D9E8
:10248000FEDB4BDE9BE0EFE247E5A2E701EA63EC0F
:10249000CAEE34F1A2F313F688F802FB7EFDFFFFCB
:1024A000A000A000A000000000000000404040008C
:1024B0004000A0A000000000A0F0A0F0A00040E0BC
:1024C000C020E04080204080200040A040A050007C
:1024D00040400000000020404040402080404040FC
:1024E0004080A040E040A0004040E04040000000AC
:1024F000000040800000E0000000000000004000FC
:1025000020204080800040A0E0A0400040C040402B
:10251000E00040A02040E000E0204020C000A0A05B
:10252000E0202000E080C020C0006080C0A040000B
:10253000E0204080800060A040A0C00040A060205B
:10254000C0000040000040000040000040802040EB
:102550008040200000E000E000008040204080003B
:10256000C0204000400060A0A080600040A0E0A02B
:10257000A000C0A0C0A0C00040A080A04000C0A09B
:10258000A0A0C000E080C080E000E080C0808000AB
:102590006080A0A06000A0A0E0A0A000E0404040BB
:1025A000E000202020A04000A0A0C0A0A0008080CB
:1025B0008080E000A0E0E0A0A00020A0E0A08000DB
:1025C00040A0A0A04000C0A0C080800040A0A0A06B
:1025D0004020C0A0C0A0A00060804020C000E0401B
:1025E00040404000A0A0A0A0E000A0A0A0E04000CB
:1025F000A0A0E0E0A000A0A040A0A000A0A04040BB
:102600004000E0204080E00060404040600080806A
:1026100040202000C0404040C00040A0000000001A
:102620000000000000E04020000000000060A0A0CA
:10263000600080C0A0A0C0000060808060002060BA
:10264000A0A060000040A0C060002040E04040002A
:102650000060A06020C080C0A0A0A0004000C040DA
:10266000E0002000202020C080A0C0A0A000C0402A
:102670004040E00000A0E0A0A00000C0A0A0A0009A
:102680000040A0A0400000C0A0C080800060A0A0CA
:10269000602000A0C08080000060C020C00040E03A
:1026A0004040200000A0A0A0600000A0A0A040002A
:1026B00000A0A0E0A00000A04040A00000A0A060FA
:1026C00020C000E02040E0002040C04040204040CA
:1026D0004040400080406040408050A0000000002A
:1026E00000000000000040004040400040E080E06A
:1026F000400020406040A000009060609000A0403A
:10270000E040400040400040400060C0A06020C069
:10271000A000000000006090D0D0906060A0600039
:10272000E0000050A05000000000E0200000000089
:10273000E000000060F0D0600000E0000000000059
:1027400040A04000000040E04000E000C04080C0E9
:102750000000C0408040800020400000000000A039
:10276000A0A0C08070D0D0505000000040000000F9
:1027700000000020400040C04040000040A0400059
:10278000E00000A050A00000808080507010808089
:10279000B0102030C0408050B01040004080600039
:1027A0008040A0E0A0002040A0E0A000C040A0E049
:1027B000A00060C0A0E0A000A040A0E0A0004040B9
:1027C000A0E0A00070A0F0A0B00040A080A04080D9
:1027D00080E0C080E00020E0C080E00060E0C080D9
:1027E000E000A0E0C080E00080E04040E00020E0A9
:1027F0004040E00040E04040E000A0404040E000B9
:10280000E050D050E00050A0E0E0A0008040A0A048
:1028100040002040A0A040004040A0A0400070E048
:10282000A0A04000A040A0A0400000A040A0000048
:1028300060A0E0A0C0008040A0A0E0002040A0A0D8
:10284000E0004000A0A0E000A000A0A0E000200068
:10285000A040400080C0A0C0800040A0C0A0E08098
:10286000804060A06000204060A06000600060A028
:10287000600050A060A06000A00060A06000400068
:1028800060A060000070B0A070000040A0806040B8
:102890008040A0C060002040A0C06000C040A0C038
:1028A0006000A040A0C0600080404040E00020C028
:1028B0004040E00040A04040E000A000C040E000F8
:1028C000A04060A0400050A0C0A0A000804040A058
:1028D0004000204040A04000400040A04000E000F8
:1028E00040A04000A00040A040004000E0004000A8
:1028F0000060A0A0C0008040A0A060002040A0A078
:1029000060004000A0A06000A000A0A060002040E7
:10291000A0E020C08080C0A0C080A000A0E020C0B7
:1029200000002000210022002300240025002600B2
:102930002700280029002A002B002C002D002E0043
:102940002F003000310032003300340035003600F3
:102950003700380039003A003B003C003D003E00A3
:102960003F00400041004200430044004500460053
:102970004700480049004A004B004C004D004E0003
:102980004F005000510052005300540055005600B3
:102990005700580059005A005B005C005D005E0063
:1029A0005F00600061006200630064006500660013
:1029B0006700680069006A006B006C006D006E00C3
:1029C0006F00700071007200730074007500760073
:1029D0007700780079007A007B007C007D007E0023
:1029E000A000A100A200A300A400A500A600A700CB
:1029F000A800A900AA00AB00AC00AD00AE00AF007B
:102A0000B000B100B200B300B400B500B600B7002A
:102A1000B800B900BA00BB00BC00BD00BE00BF00DA
:102A2000C000C100C200C300C400C500C600C7008A
:102A3000C800C900CA00CB00CC00CD00CE00CF003A
:102A4000D000D100D200D300D400D500D600D700EA
:102A5000D800D900DA00DB00DC00DD00DE00DF009A
:102A6000E000E100E200E300E400E500E600E7004A
:102A7000E800E900EA00EB00EC00ED00EE00EF00FA
:102A8000F000F100F200F300F400F500F600F700AA
:102A9000F800F900FA00FB00FC00FD00FE00FF005A
:102AA000DB40A4A62EAF0000000000000001800063
:102AB0000000000000000000038000000000000093
:102AC00000000007C000000000000000000007C078
:102AD0000000000000000000000FC0000000000027
:102AE000000000001FE00000000000000000001FC8
:102AF000E00000000000000000003FE000000000D7
:102B000000000000003FF000000000000000000096
:102B10007FF0000000000000001FF87FF0000000C0
:102B2000000000003FFE7FF0000000000000003FBA
:102B3000FF7FF0000000000000001FFFFBE000002E
:102B400000000000000FFFF9FFC0000000000000BF
:102B50000FFFF9FFF800000000000007FFF1FFFF82
:102B600000000000000003FC73FFFF800000000075
:102B70000001FE3FFFFF80000000000000FF1E0F6D
:102B8000FF000000000000007FFE1FFC00000000AE
:102B90000000003FFFFFF8000000000000000FDF12
:102BA000FFE0000000000000001F19FFC00000004F
:102BB000000000003F3CFF00000000000000007E1D
:102BC0007CF800000000000000007FFE7C00000098
:102BD0000000000000FFFFFC0000000000000000FB
:102BE000FFFFFE0000000000000000FFFFFE0000ED
:102BF000000000000001FFEFFE00000000000000E8
:102C000001FFCFFE0000000000000003FF07FE00F0
:102C100000000000000003FC07FE000000000000B0
:102C20000003F003FE00000000000000018000FE31
:102C3000000000000000000000007E000000000016
:102C400000000000003E0000000000000000000046
:102C50000C000000000000078000FC000003C00022
:102C60000000078001FC000003C000000007800195
:102C7000FC000003C0000000078001E00000001E0F
:102C8000000000078001E00000001E007FE3F79FC6
:102C9000F9FDE7787BDFC0FFF7FFBFFDFDFF787B25
:102CA000DFC0FFF7FFBFFDFDFF787BDFC0F0F787D8
:102CB000BC3DE1FF787BDE00F0F787BC3DE1F078BA
:102CC0007BDE0000F787803DE1E0787BDE007FF768
:102CD000879FFDE1E0787BDE00FFF787BFFDE1E045
:102CE000787BDE00F0F787BC3DE1E0787BDE00F02A
:102CF000F787BC3DE1E0787BDE00F0F787BC3DE183
:102D0000E0787BDE00FFF7FFBFFDE1E07FFBDFC087
:102D1000FFF7FFBFFDE1E07FFBDFC07CF3F39F3DEA
:102D2000E1E03E7BCFC0000000000000000000009A
:102D300000FFFFFFFFFFFFFFFFFFFFC0FFFFFFFFE1
:102D4000FD68DB111A31C0FFFFFFFFFD2B5AFB6A44
:102D5000EFC0FFFFFFFFFD4B5B3B1A33C0FFFFFFE0
:102D6000FFFD6B5BDB6AFDC000006000000000003F
:102D7000000000000000000000E000000000000073
:102D80000000000000000001E00000000000000062
:102D900000000000000001F0000000000000000042
:102DA000000000000003F000000000000000000030
:102DB0000000000007F0000000000000000000001C
:102DC00000000007F8000000000000000000000004
:102DD00000000FF800000003C0007E000001E000CA
:102DE0007F0FF800000003C000FE000001E000FFBC
:102DF000EFF800000003C000FE000001E000FFFF4C
:102E0000F800000003C000F00000000F007FFE7F0C
:102E1000C0000003C000F00000000F003FFE7FF87C
:102E20003FF1FBCFFCFEF3BC3DEFE01FFE7FFF7FD9
:102E3000FBFFDFFEFEFFBC3DEFE01FC6FFFF7FFB99
:102E4000FFDFFEFEFFBC3DEFE00FE3C7FE787BC374
:102E5000DE1EF0FFBC3DEF0007FF87FC787BC3DE82
:102E60001EF0F83C3DEF0001FFFFF0007BC3C01EE9
:102E7000F0F03C3DEF0001F37FE03FFBC3CFFEF0FD
:102E8000F03C3DEF0003E33F807FFBC3DFFEF0F04B
:102E90003C3DEF0007E73C00787BC3DE1EF0F03CD2
:102EA0003DEF0007FFBE00787BC3DE1EF0F03C3D27
:102EB000EF0007FFFE00787BC3DE1EF0F03C3DEF25
:102EC000000FFFFE007FFBFFDFFEF0F03FFDEFE0B5
:102ED0000FFFFF007FFBFFDFFEF0F03FFDEFE00F95
:102EE000F9FF003E79F9CF9EF0F01F3DE7E01FF1BA
:102EF000FF0000000000000000000000001F80FF35
:102F0000007FFFFFFFFFFFFFFFFFFFE01C007F00D0
:102F10007FFFFFFFFEB46D888D18E000001F007F6B
:102F2000FFFFFFFE95AD7DB577E000000F007FFF4E
:102F3000FFFFFEA5AD9D8D19E0000006007FFFFF9D
:102F4000FFFEB5ADEDB57EE0AED580A8D300408DD7
:102F50002000A1C85C320060642F006020007E0069
:102F60000700000000000000020001000000010551
:102F70000200FC00010003020400FC000200050541
:102F80000600FC00060003060400FC00090003051F
:102F90000400FC000B0004050500FC000E0001020B
:102FA0000200FC000F0002050300FC0011000205F6
:102FB0000300FC00130003030400FD0015000303DD
:102FC0000400FD00170002020300000018000301C6
:102FD0000400FE0019000101020000001A000305B0
:102FE0000400FC001C0003050400FC001E00020598
:102FF0000300FC00200003050400FC002200030580
:103000000400FC00240003050400FC002600030566
:103010000400FC00280003050400FC002A0003054E
:103020000400FC002C0003050400FC002E00030536
:103030000400FC00300001030200FD003100020426
:103040000300FD00320002030300FD003300030310
:103050000400FD00350002030300FD0036000305F7
:103060000400FC00380003050400FC003A000305DE
:103070000400FC003C0003050400FC003E000305C6
:103080000400FC00400003050400FC0042000305AE
:103090000400FC00440003050400FC004600030596
:1030A0000400FC00480003050400FC004A00010580
:1030B0000200FC004B0003050400FC004D0003056A
:1030C0000400FC004F0003050400FC00510005054E
:1030D0000600FC00550004050500FC00580003052F
:1030E0000400FC005A0003050400FC005C00030619
:1030F0000400FC005F0003050400FC006100030500
:103100000400FC00630003050400FC0065000305E7
:103110000400FC00670003050400FC0069000505CD
:103120000600FC006D0003050400FC006F000305B1
:103130000400FC00710003050400FC00730002059C
:103140000300FC00750003050400FC007700020585
:103150000300FC00790003020400FC007A00040173
:10316000040001007B0002020300FC007C00030459
:103170000400FD007E0003050400FC008000030342
:103180000400FE00820003050400FC008400030428
:103190000400FD00860002050300FC008800030512
:1031A0000400FD008A0003050400FC008C000105FA
:1031B0000200FC008D0002060300FC008F000305E6
:1031C0000400FC00910002050300FC0093000503CD
:1031D0000600FE00950003030400FE0097000303B1
:1031E0000400FE00990003040400FE009B00030499
:1031F0000400FE009D0002030300FE009E00030485
:103200000400FD00A00002050300FC00A20003036F
:103210000400FE00A40003030400FE00A600050352
:103220000600FE00A80003030400FE00AA00030439
:103230000400FE00AC0003040400FD00AE00030522
:103240000400FC00B00001060200FC00B100030510
:103250000400FC00B30004020500FD00E8B457D5EB
:10326000F5004E3E80A54A4A5A50C06A409580AA51
:10327000805D0060E080254856D47540C54EC51C71
:103280009792F31C5354E54855545594A04664E373
:103290008098C50456C657DAD75C7246D6DCF3CEA2
:1032A000F34872D4B7DAF824D4BB5A924E8EEB5856
:1032B000809DB99056D4D74856D440D75A711CE94E
:1032C00024B6D4B6A48C6B5500B55AB524E54EEAA5
:1032D000C09112D5C054F090C7F0935E718025DE86
:1032E0005E306E80779C935AB8456092EAAA40D5CA
:1032F0006AD6805500D7407590E871E0BA40B58035
:10330000B5008D54AA80ACE0E5706A26FCC8AC5AC2
:103310000080C0E0F0F8FCFE000103070F1F3F7FB4
:1033200009026200030100C032080B000202020120
:10333000000904000001020201000524001001053B
:103340002401010104240206052406000107058268
:103350000310001009040100020A00000007050321
:103360000240000007058402400000090402000238
:10337000FF6AFF00070581024000010705010240C6
:103380000001000009026200030100C032080B00C6
:1033900002020201000904000001020201000524EA
:1033A0000010010524010101042402060524060081
:1033B000010705820310000509040100020A00004C
:1033C000000705030200020007058402000200094D
:1033D00004020002FF6AC70007058102000201071C
:1033E00005010200020100001603550053004200CF
:1033F0002000530065007200690061006C0000004D
:1034000018035400650065006E00730079006400C5
:10341000750069006E006F00040309040A060002CB
:10342000EF020140010000002200FF2170C00F40A8
:10343000C00000001200000013000000D0841F40F4
:1034400001000000FF000000FF000000000000007D
:10345000000000001300000013000000CC841F4097
:1034600001000000FF000000FF000000000000005D
:10347000000000001C000000D119010070C00F40C6
:10348000000C00001100000011000000E0841F404B
:10349000020000002C00000012000000E0841F4029
:1034A000010000001000000011000000DC841F403B
:1034B000020000002D00000012000000DC841F400C
:1034C000010000001E000000811A010080C00F40B2
:1034D000000000031900000010000000E8841F40F5
:1034E00001000000FF000000FF00000000000000DD
:1034F000000000001800000010000000E4841F40DD
:1035000001000000FF000000FF00000000000000BC
:0C351000000000001F000000391B01003B
:10351C00000000000000000000000000000000009F
:10352C00000000000000000000000000000000008F
:10353C000548064B1B1AD90F01EBA301491002D009
:10354C00034B03B118477047C0560020C0560020EB
:10355C000000000008B5054B1BB105490548AFF349
:10356C000080BDE80840FFF7E3BF00BF000000008B
:10357C00383602200054036010B5002100F5805449
:10358C0000F64C2C0A4694F8E4E102E0CAB29645E7
:10359C0020D302F5CB73013100EB8303D3F83C3B12
:1035AC009C45F3D1B4F8844092B29CB141F25A01DB
:1035BC000023014404E001331FFA83FC644509D95C
:1035CC0031F802CF9445F6D100EB8300024B00F6A4
:1035DC000870036010BD00BFCDCC4C3F01EB410126
:1035EC00037D89000531C9B2C17403B141747047C0
:1035FC0001EB8101037D01EB81010531C9B28174BD
:10360C0003B10174704700BF01F5E043B2F5006FE0
:10361C0010B493F82440A8BF4FF40062BCB90B7AE5
:10362C005BB12E4C4B68A41A03EBC4035DF8044B3E
:10363C001A685B680260436070474B685DF8044B26
:10364C0003EBC2031A685B68026043607047D98C55
:10365C0007EE902AD3ED0D4AB8EEE74A07EE901A22
:10366C0007EE101A93ED0E6AB8EEE73AD3ED0B7A2B
:10367C00F8EE473AD3ED0C6A74EEA77A76EE266A2A
:10368C00B2FBF1F401FB142237EEE47A198D76EEDD
:10369C00C66A92B25DF8044B05EE901A07EE902ABA
:1036AC00F8EE655AF8EEE77A34EE674A67EE277A59
:1036BC0084EE035A87EEA37A65EE266AC6EEA57AE7
:1036CC0037EE247A83ED0F7A77EE867AC3ED107A93
:1036DC0080ED007AC0ED017A704700BFFF07002033
:1036EC00582A91F8F434A8BF582210B4BBB90B7AFD
:1036FC005BB1344C4B68A41A03EBC4035DF8044B68
:10370C001A685B680260436070474B685DF8044B55
:10371C0003EBC2031A685B68026043607047B1F840
:10372C00F63407EE902A01F5A06CF8EEE73A07EEB6
:10373C00903A9CED006AF8EE676AB8EEE73AB2FB95
:10374C00F3F403FB142201F2045401F20C5392B271
:10375C0094ED005A01F2FC4407EE902A01F5A162A7
:10376C0094ED007A01F5A261F8EEE77AD2ED005AF9
:10377C0035EE077A31F8184C35EE866A73EEE73A77
:10378C0004EE904A37EE457A5DF8044B36EE656AE6
:10379C0083EE834A67EE277AF8EE644A87EEA67AC0
:1037AC0064EE066AC6EEA47A37EE057A83ED007AEB
:1037BC0077EEA57AC1ED007A80ED007AC0ED017A42
:1037CC00704700BF57000020582070472DE9F0418A
:1037DC0091F8356084B00C460746002E4AD1DFF8CC
:1037EC00A48035E0AB422A46684606F101063ED974
:1037FC00216A0B689B689847D4ED0B7A9DED007A93
:10380C002A4602A8B4EEE77AF1EE10FA05D5216A41
:10381C000B689B689847DDED027A216A2A46684658
:10382C00C4ED0B7A0B689B689847D4ED0C7A9DED30
:10383C00017A2A4602A8B4EEE77AF1EE10FA05D521
:10384C00216A0B689B689847DDED037AC4ED0C7A0E
:10385C00206AB5B258230268D2694245C2D090475B
:10386C0003462A466846AB4206F10106C0D801233E
:10387C0084F83530E26A3846236B3A607B6004B0DA
:10388C00BDE8F081B90200002DE9F04191F83460F7
:10389C0084B00C460746002E4AD1DFF8A48035E0F0
:1038AC00AB422A46684606F101063ED9216A0B68EE
:1038BC009B689847D4ED097A9DED007A2A4602A8B8
:1038CC00B4EEE77AF1EE10FA05DD216A0B689B681D
:1038DC009847DDED027A216A2A466846C4ED097ADA
:1038EC000B689B689847D4ED0A7A9DED017A2A46BD
:1038FC0002A8B4EEE77AF1EE10FA05DD216A0B6846
:10390C009B689847DDED037AC4ED0A7A206AB5B25C
:10391C0058230268D2694245C2D0904703462A46D2
:10392C006846AB4206F10106C0D8012384F8343056
:10393C00626A3846A36A3A607B6004B0BDE8F081E5
:10394C00B902000030B50B6885B00D4604461B6803
:10395C00684698472B6802A829465B6898479DEDF6
:10396C00017ADDED035AF6EE006ADDED007A2046B1
:10397C009DED026A37EE257A77EE867A27EE267A67
:10398C0067EEA67A84ED017AC4ED007A05B030BDFD
:10399C0030B50B6887B00D460446DB68684698471F
:1039AC002B6803A829461B699847DDED016ADDEDFC
:1039BC00044AB6EE006A9DED027A20469DED055A4A
:1039CC0076EEA46ADDED007ADDED035A37EE057A6A
:1039DC0066EE866A77EEA57A27EE067AC4ED016A62
:1039EC0067EE867A84ED027AC4ED007A07B030BDBA
:1039FC00006A70474FF40060704700BF2DE9F0413A
:103A0C0091F8356084B00C460746002E4BD1DFF898
:103A1C00A88035E0AB422A46684606F101063FD93C
:103A2C00216A0B689B689847D4ED0B7A9DED007A60
:103A3C002A4602A8B4EEE77AF1EE10FA05D5216A0F
:103A4C000B689B689847DDED027A216A2A46684626
:103A5C00C4ED0B7A0B689B689847D4ED0C7A9DEDFE
:103A6C00017A2A4602A8B4EEE77AF1EE10FA05D5EF
:103A7C00216A0B689B689847DDED037AC4ED0C7ADC
:103A8C00206AB5B24FF400630268D2694245C1D0D6
:103A9C00904703462A466846AB4206F10106BFD85A
:103AAC00012384F83530E26A3846236B3A607B6038
:103ABC0004B0BDE8F08100BFE50400002DE9F04141
:103ACC0091F8346084B00C460746002E4BD1DFF8D9
:103ADC00A88035E0AB422A46684606F101063FD97C
:103AEC00216A0B689B689847D4ED097A9DED007AA2
:103AFC002A4602A8B4EEE77AF1EE10FA05DD216A47
:103B0C000B689B689847DDED027A216A2A46684665
:103B1C00C4ED097A0B689B689847D4ED0A7A9DED41
:103B2C00017A2A4602A8B4EEE77AF1EE10FA05DD26
:103B3C00216A0B689B689847DDED037AC4ED0A7A1D
:103B4C00206AB5B24FF400630268D2694245C1D015
:103B5C00904703462A466846AB4206F10106BFD899
:103B6C00012384F83430626A3846A36A3A607B6079
:103B7C0004B0BDE8F08100BFE504000030B50B686F
:103B8C0085B00D4604461B68684698472B6802A80A
:103B9C0029465B6898479DED017ADDED035AF6EEF8
:103BAC00006ADDED007A20469DED026A37EE257A3B
:103BBC0077EE867A27EE267A67EEA67A84ED017A7E
:103BCC00C4ED007A05B030BD30B50B6887B00D463A
:103BDC000446DB68684698472B6803A829461B698E
:103BEC009847DDED016ADDED044AB6EE006A9DED05
:103BFC00027A20469DED055A76EEA46ADDED007A38
:103C0C00DDED035A37EE057A66EE866A77EEA57A15
:103C1C0027EE067AC4ED016A67EE867A84ED027AA5
:103C2C00C4ED007A07B030BD006A704791ED067A9A
:103C3C00F6EE006AD1ED045AD1ED057A91ED036AE6
:103C4C0037EE257A77EE867A27EE267A67EEA67A15
:103C5C0080ED017AC0ED007A704700BF91ED067AD5
:103C6C0091ED046AD1ED057AD1ED036A37EE467A0F
:103C7C0077EEE67A80ED017AC0ED007A704700BFEE
:103C8C0000F2045300F2FC4291ED006A00F5A16CC5
:103C9C0093ED004A00F5A063D2ED006AB0F8F82469
:103CAC0036EE446A74EE266A9CED005AD3ED007A27
:103CBC0004EE902A91ED017A75EE277ADFED233A26
:103CCC0037EE457A76EEC46AB8EE643A77EEC57A8A
:103CDC0000B5B0F8F6E427EE037A05EE90EAF8EEBC
:103CEC00652AF8EEE55A26EE226A86EE265AC7EECB
:103CFC00276A35EE237AF0EE477A76EEA36AE5EE84
:103D0C00A67AFCEEE77A17EE903A98B2431E562B41
:103D1C0019D8B4EEE37AF1EE10FA14DDF4EEC75ACA
:103D2C00F1EE10FA0FDDF4EEE36AF1EE10FA0ADDB3
:103D3C00F8EEE44AF4EEE64AF1EE10FAD8BF4FF092
:103D4C00FF305DF804FB4FF0FF30FAE70000000095
:103D5C0001EB410124310844704700BF2430704707
:103D6C0000F59670704700BFD0ED056A91ED007AB2
:103D7C00D1ED017AF4EEC76AF1EE10FA09DC90EDA0
:103D8C00067A0023B4EEE77AF1EE10FA13DC002089
:103D9C00704791ED027AD0ED036AF4EEC76A90EDAC
:103DAC00067AF1EE10FAB4EEE77A4CBF0123002349
:103DBC00F1EE10FAEBDD90ED047A03F00100D1ED99
:103DCC00037AB4EEE77AF1EE10FA58BF0020704790
:103DDC0090ED037AD1ED007A90ED046AF4EEC77A97
:103DEC00D0ED056AD0ED065AF1EE10FA13DDF4EEC3
:103DFC00E67AF1EE10FA0ED5D1ED017AF4EEC67A30
:103E0C00F1EE10FA07DDF4EEE57AF1EE10FA4CBFA4
:103E1C000120002070470020704700BF00EB4101DB
:103E2C004FF6FF7CB1F834021080B0EB0C0018BFD9
:103E3C000120704700EB41014FF6FF7CB1F8E40222
:103E4C001080B0EB0C0018BF0120704700EB410153
:103E5C004FF6FF7CB1F894031080B0EB0C0018BF48
:103E6C000120704700EB41014FF6FF7CB1F8440490
:103E7C001080B0EB0C0018BF012070472DE9F04109
:103E8C004F0882B01646ADF8061030D001F0010490
:103E9C0005468CBBDFF8C8802B681B6B43451BD1D8
:103EAC0005EB41014FF6FF72B1F8941391420ED01D
:103EBC00631C9BB29F4202D119E09F4217D905EBBC
:103ECC0041010133B1F894139BB29142F5D100201A
:103EDC00318002B0BDE8F0810DF1060228460134B4
:103EEC009847A8B3A4B2BDF80610A742D4D10120BC
:103EFC00318002B0BDE8F0810024DFF868802B68C7
:103F0C005B6B434518D105EB41014FF6FF72B1F8DD
:103F1C0044149142DBD0631C9BB2BB4202D1E6E756
:103F2C009F42E4D905EB41010133B1F844149BB233
:103F3C009142F5D10020CBE70DF1060228469847B7
:103F4C00631C28B19CB2BDF80610A742D7D1CEE7AE
:103F5C00BDF806100020318002B0BDE8F08100BF32
:103F6C003D090000550900002DE9F0414F0882B0D1
:103F7C001646ADF8061030D001F0010405468CBB96
:103F8C00DFF8C8802B68DB6A43451BD105EB410188
:103F9C004FF6FF72B1F8E41291420ED0631C9BB243
:103FAC009F4202D119E09F4217D905EB4101013321
:103FBC00B1F8E4129BB29142F5D10020318002B0ED
:103FCC00BDE8F0810DF10602284601349847A8B3EC
:103FDC00A4B2BDF80610A742D4D10120318002B0A2
:103FEC00BDE8F0810024DFF868802B689B6A4345AC
:103FFC0018D105EB41014FF6FF72B1F83412914222
:10400C00DBD0631C9BB2BB4202D1E6E79F42E4D9F2
:10401C0005EB41010133B1F834129BB29142F5D159
:10402C000020CBE70DF1060228469847631C28B107
:10403C009CB2BDF80610A742D7D1CEE7BDF806104A
:10404C000020318002B0BDE8F08100BF25090000DE
:10405C000D0900002DE9F0411F1E82B01646ADF887
:10406C0006102EDD05460024DFF860802B685B6BA4
:10407C0043451BD105EB41014FF6FF70B1F84414D9
:10408C0081420ED004F1010C674502D119E067455D
:10409C0017DD05EB41010CF1010CB1F84414814220
:1040AC00F5D10020318002B0BDE8F0810DF106029F
:1040BC00284698470134BDF806100028F2D0A742D4
:1040CC00D4D10120318002B0BDE8F0815509000047
:1040DC002DE9F0411F1E82B01646ADF806102EDDFC
:1040EC0005460024DFF860802B689B6A43451BD192
:1040FC0005EB41014FF6FF70B1F8341281420ED03E
:10410C0004F1010C674502D119E0674517DD05EB99
:10411C0041010CF1010CB1F834128142F5D10020AF
:10412C00318002B0BDE8F0810DF1060228469847B7
:10413C000134BDF806100028F2D0A742D4D10120DA
:10414C00318002B0BDE8F0810D0900002DE9F0438B
:10415C00002B83B083EAE377044690460A9EA7EBD4
:10416C00E377ADF8061000F0C68040F3958000258B
:10417C00DFF8A49123685B6B4B4542D104EB410102
:10418C004FF6FF72B1F844149142ADF8061000F0EE
:10419C00B4806B1C9F4203D1ADE09F4240F3A780DB
:1041AC0004EB41010133B1F844149142F5D10020E4
:1041BC00ADF8061086EAE677002EA7EBE6771BD063
:1041CC002BDD0025524E23689B6AB3424DD104EB84
:1041DC0041014FF6FF72B1F8341291423FD06B1C83
:1041EC009F4208D004EB41010133B1F834129142E3
:1041FC0035D09F42F6DC0120A8F8001003B0BDE8D2
:10420C00F0830DF10602204601359847002876D040
:10421C00AF42BDF80610ADD1CCE7EDD000253D4E38
:10422C002268D36AB3422CD104EB41014FF6FF72E2
:10423C00B1F8E412914212D06B1C9F42DBD004EB1C
:10424C0041010133B1F8E412914208D0BB42D2DAF9
:10425C0004EB41010133B1F8E4129142F6D1002094
:10426C00A8F8001003B0BDE8F0830DF1060220465B
:10427C0001359847002846D0AF42BDF80610A2D1B0
:10428C00BAE70DF10602204601359847D8B3AF4284
:10429C00BDF80610C4D1AFE72DD00025DFF87C9017
:1042AC0023681B6B4B4517D104EB41014FF6FF7292
:1042BC00B1F894139142ADF806101ED06B1C9F42BE
:1042CC0002D118E09F4212DD04EB41010133B1F839
:1042DC0094139142F6D16AE70DF10602204601359E
:1042EC00984760B1AF42BDF80610D9D162E7012002
:1042FC00ADF806105EE701205CE700205AE7BDF838
:10430C000610002056E7BDF80610002074E700BF29
:10431C000D09000025090000550900003D090000A9
:10432C0091ED067AF6EE006AD1ED045AD1ED057ADC
:10433C0091ED036A37EE257A77EE867A27EE267AA8
:10434C0067EEA67A80ED017AC0ED007A704700BF67
:10435C0091ED067A91ED046AD1ED057AD1ED036AFF
:10436C0037EE467A77EEE67A80ED017AC0ED007A88
:10437C00704700BF00F5E04091ED006A91ED017AC5
:10438C0040F2FE72C38C90ED0D4A05EE903AD0EDE2
:10439C000B6A038D36EE446AF8EE652A90ED0E5AE0
:1043AC0074EE266A04EE903AD0ED0C7A37EE457A2C
:1043BC00B8EE643ADFED1F3A75EE277A76EEC46AF2
:1043CC0026EE226A77EEC57A27EE037A86EE265A17
:1043DC00C7EE276AF8EEE55A35EE237AF0EE477A07
:1043EC0076EEA36AE5EEA67AFCEEE77A17EE903A43
:1043FC0098B2431E9BB2934218D8B4EEE37AF1EE16
:10440C0010FA13DDF4EEC75AF1EE10FA0EDDF4EEED
:10441C00E36AF1EE10FA09DDF8EEE44AF4EEE64A4E
:10442C00F1EE10FAD8BF4FF0FF3070474FF0FF306D
:10443C00704700BF00000000034641F624001844FA
:10444C00704700BFD0ED056A91ED007AD1ED017A8D
:10445C00F4EEC76AF1EE10FA09DC90ED067A00234F
:10446C00B4EEE77AF1EE10FA13DC0020704791ED10
:10447C00027AD0ED036AF4EEC76A90ED067AF1EE9B
:10448C0010FAB4EEE77A4CBF01230023F1EE10FAD8
:10449C00EBDD90ED047A03F00100D1ED037AB4EE7C
:1044AC00E77AF1EE10FA58BF0020704790ED037ACE
:1044BC00D1ED007A90ED046AF4EEC77AD0ED056A7E
:1044CC00D0ED065AF1EE10FA13DDF4EEE67AF1EEC9
:1044DC0010FA0ED5D1ED017AF4EEC67AF1EE10FA9F
:1044EC0007DDF4EEE57AF1EE10FA4CBF0120002066
:1044FC0070470020704700BF41F610030B444FF685
:10450C00FF7100EB430080881080401A18BF012017
:10451C00704700BF42F210030B444FF6FF7100EBE3
:10452C00430080881080401A18BF0120704700BFDC
:10453C0042F610030B444FF6FF7100EB43008088EA
:10454C001080401A18BF0120704700BF43F21003BF
:10455C000B444FF6FF7100EB430080881080401A2B
:10456C0018BF0120704700BF2DE9F0414F0882B001
:10457C001646ADF8061034D001F001040546002CA7
:10458C0034D1DFF8D4802B681B6B43451DD142F628
:10459C0010024FF6FF70114405EB410189888142EE
:1045AC000ED0631C9BB29F4202D11AE09F4218D9D5
:1045BC001144013305EB41019BB289888142F5D14D
:1045CC000020318002B0BDE8F0810DF106022846D2
:1045DC0001349847002837D0A4B2BDF80610A74282
:1045EC00D1D10120318002B0BDE8F0810024DFF888
:1045FC006C802B685B6B43451AD143F210024FF66B
:10460C00FF70114405EB410189888142D8D0631CAD
:10461C009BB2BB4202D1E4E79F42E2D91144013381
:10462C0005EB41019BB289888142F5D10020C8E796
:10463C000DF1060228469847631C28B19CB2BDF8C0
:10464C000610A742D5D1CCE7BDF80610002031806A
:10465C0002B0BDE8F08100BF211000003D10000049
:10466C002DE9F0414F0882B01646ADF8061034D053
:10467C0001F001040546002C34D1DFF8D4802B68FE
:10468C00DB6A43451DD142F210024FF6FF70114414
:10469C0005EB4101898881420ED0631C9BB29F427D
:1046AC0002D11AE09F4218D91144013305EB4101A4
:1046BC009BB289888142F5D10020318002B0BDE8DF
:1046CC00F0810DF10602284601349847002837D0B6
:1046DC00A4B2BDF80610A742D1D10120318002B09E
:1046EC00BDE8F0810024DFF86C802B689B6A4345A1
:1046FC001AD141F610024FF6FF70114405EB41013F
:10470C0089888142D8D0631C9BB2BB4202D1E4E7BA
:10471C009F42E2D91144013305EB41019BB28988D8
:10472C008142F5D10020C8E70DF1060228469847D2
:10473C00631C28B19CB2BDF80610A742D5D1CCE7BA
:10474C00BDF806100020318002B0BDE8F08100BF3A
:10475C0005100000E90F00002DE9F0411E1E82B08B
:10476C001546ADF8061030DD04460027DFF86480EE
:10477C0023685B6B43451DD143F210034FF6FF7268
:10478C00194404EB4101898891420ED007F1010CC8
:10479C00664502D119E0664517DD19440CF1010C90
:1047AC0004EB410189889142F5D10020298002B0A7
:1047BC00BDE8F0810DF10602204698470137BDF89F
:1047CC0006100028F2D0BE42D2D10120298002B0BE
:1047DC00BDE8F0813D1000002DE9F0411E1E82B0B5
:1047EC001546ADF8061030DD04460027DFF864806E
:1047FC0023689B6A43451DD141F610034FF6FF72A7
:10480C00194404EB4101898891420ED007F1010C47
:10481C00664502D119E0664517DD19440CF1010C0F
:10482C0004EB410189889142F5D10020298002B026
:10483C00BDE8F0810DF10602204698470137BDF81E
:10484C0006100028F2D0BE42D2D10120298002B03D
:10485C00BDE8F081E90F00002DE9F043002B83B097
:10486C0083EAE377044690460A9EA7EBE377ADF81C
:10487C00061000F0C98040F396800025DFF8A8915F
:10488C0023685B6B4B4546D143F210024FF6FF7029
:10489C00114404EB410189888142ADF8061000F007
:1048AC00B5806B1C9F4203D1AEE09F4240F3A880C1
:1048BC001144013304EB410189888142F5D1002078
:1048CC00ADF8061086EAE677002EA7EBE6771DD04A
:1048DC002DDD0025524E23689B6AB34245D141F62B
:1048EC0010024FF6FF70114404EB4101898881429C
:1048FC0053D06B1C9F4208D01144013304EB41018F
:10490C008988814249D09F42F6DC0120A8F800102A
:10491C0003B0BDE8F0830DF106022046013598473F
:10492C00002875D0AF42BDF80610A9D1CAE7EDD06A
:10493C0000253C4E2268D36AB34222D142F21002C7
:10494C004FF6FF70114404EB41018988814224D059
:10495C006B1C9F42D9D01144013304EB410189886F
:10496C0081421AD0BB42F6DBCFE70DF1060220469E
:10497C000135984700284FD0AF42BDF80610AAD198
:10498C00C4E70DF10602204601359847002843D0B4
:10499C00AF42BDF80610CDD1B8E70020A8F8001042
:1049AC0003B0BDE8F0832FD00025DFF8809023689A
:1049BC001B6B4B4519D142F610024FF6FF70114498
:1049CC0004EB410189888142ADF806101ED06B1CA6
:1049DC009F4202D118E09F4212DD1144013304EBD7
:1049EC00410189888142F6D169E70DF10602204622
:1049FC000135984760B1AF42BDF80610D7D161E7D9
:104A0C000120ADF806105DE701205BE7002059E7B7
:104A1C00BDF80610002055E7BDF80610002075E71C
:104A2C00E90F0000051000003D10000021100000EF
:104A3C00D0F88C0D704700BF2C20704700F6043066
:104A4C00704700BF3620704704307047D0F8940D83
:104A5C00704700BFD0F8900D704700BF90F8140B52
:104A6C00704700BFD0F8080B704700BFD0F8040B9C
:104A7C00704700BFD0F8100B704700BFD0F80C0B7C
:104A8C00704700BFD0F8B400704700BF02207047D9
:104A9C008430704704207047D0F8BC00704700BFCA
:104AAC00D0F8B800704700BF90F89400704700BF72
:104ABC00D0F88800704700BFD0F88400704700BF62
:104ACC00D0F89000704700BFD0F88C00704700BF42
:104ADC0090F85400704700BF806C7047406C704772
:104AEC00006D7047C06C7047014B01221A70704703
:104AFC0070B10120084A002301210263026A80F888
:104B0C003C30826180F83D1080F83E3010B4446A2D
:104B1C00C4615DF8044B7047281E0020014B012234
:104B2C005A70704770B10120014B00205B68184728
:104B3C0070B1012030B54489C56904FB01F101EB6A
:104B4C0041012944C57DDDB9CCB104EB44040833E3
:104B5C000C4491F801E0033111F801CC063211F844
:104B6C00030C0EFA03FE0CFA03FCA14200FA03F04C
:104B7C0022F804EC22F802CC22F8060CE9D130BD64
:104B8C00002CFCD004EB4404C56A0C4411F803EB74
:104B9C00063211F802CC0EFA03FE11F8010CA142F8
:104BAC000CFA03FC35F81EE000FA03F035F81CC0D3
:104BBC0035F8100022F806EC22F804CC22F8020C8E
:104BCC00E4D130BD90F83E30C3B190F83D300021B7
:104BDC0090F83C20DBB2D2B280F83D2080F83C301B
:104BEC0090F83D2090F83C300832083350F82220E1
:104BFC0050F8233080F83E10C0E90632C16A084AEA
:104C0C0090F828C0023902F5007032F8023F0CFB14
:104C1C0003F390424FEA232321F8023FF5D170476A
:104C2C009E22006017494FF452628B6802FB0030E1
:104C3C00D0F8102112F0010302D0087B012383402D
:104C4C00900705D591F80DC0012000FA0CF0034334
:104C5C00500705D591F80EC0012000FA0CF0034363
:104C6C00100705D591F80FC0012000FA0CF0034392
:104C7C00D20603D5087C0122824013434A69C2F84C
:104C8C001032704770B10120D74BD8491A68B3F86D
:104C9C0004C052081868B2FBFCF252094008120317
:104CAC00B0FBFCF02DE9F043A1FB0241400B521A82
:104CBC0001EB520100EBD1209FEDC75B9FEDC86B60
:104CCC0080B21C681A6819685208490807EE102A45
:104CDC00620804EE101AB8EEC77BB8EEC44B27EE90
:104CEC00057B24EE064BFCEEC77BB2FBFCF2A0EB83
:104CFC00523217EE904ABCEEC44BC2F3C42190B2B0
:104D0C000C4414EE102AA4B294420CD21A68520825
:104D1C0007EE102AB8EEC77B27EE067BBCEEC77BEE
:104D2C0017EE102A94B21A681968520807EE102A66
:104D3C004A08B8EEC77B04EE102AB8EEC44B27EE37
:104D4C00057B24EE064BFCEEC77B17EE901ABCEEEF
:104D5C00C44B01EB902114EE102A89B291420CD273
:104D6C001A68520807EE102AB8EEC77B27EE067BAE
:104D7C00BCEEC77B17EE102A91B21A680C441D6862
:104D8C00520807EE102A6A08B8EEC77B04EE102A08
:104D9C00B8EEC44B27EE057B24EE064BFCEEC77B2E
:104DAC0017EE901ABCEEC44B01EB502114EE102AF6
:104DBC0089B291420CD21A68520807EE102AB8EE4A
:104DCC00C77B27EE067BBCEEC77B17EE102A91B291
:104DDC001A680C441D68520807EE102A6A08B8EECF
:104DEC00C77B04EE102AB8EEC44B27EE057B24EEED
:104DFC00064BFCEEC77B17EE901ABCEEC44B01EBD6
:104E0C00102114EE102A89B291420CD21A68520861
:104E1C0007EE102AB8EEC77B27EE067BBCEEC77BED
:104E2C0017EE102A91B21A680C441D68520807EE4E
:104E3C00102A6A08B8EEC77B04EE102AB8EEC44BF1
:104E4C0027EE057B24EE064BFCEEC77B17EE901A83
:104E5C00BCEEC44B01EBD01114EE102A89B2914276
:104E6C000CD21A68520807EE102AB8EEC77B27EE50
:104E7C00067BBCEEC77B17EE102A91B21A680C4465
:104E8C001D68520807EE102A6A08B8EEC77B04EEBC
:104E9C00102AB8EEC44B27EE057B24EE064BFCEE35
:104EAC00C77B17EE901ABCEEC44B01EB901114EEBD
:104EBC00102A89B291420CD21A68520807EE102AB5
:104ECC00B8EEC77B27EE067BBCEEC77B17EE102A2D
:104EDC0091B21A680C441D68520807EE102A6A0831
:104EEC00B8EEC77B04EE102AB8EEC44B27EE057B58
:104EFC0024EE064BFCEEC77B17EE901ABCEEC44BAF
:104F0C0001EB501114EE102A89B291420CD21A689E
:104F1C00520807EE102AB8EEC77B27EE067BBCEED4
:104F2C00C77B17EE102A91B21A680C441D68520800
:104F3C0007EE102A6A08B8EEC77B04EE102AB8EE0A
:104F4C00C44B27EE057B24EE064BFCEEC77B17EE1D
:104F5C00901ABCEEC44B01EB101114EE102A89B25E
:104F6C0091420CD21A68520807EE102AB8EEC77B91
:104F7C0027EE067BBCEEC77B17EE102A91B21A689F
:104F8C000C441D68520807EE102A6A08B8EEC77B5D
:104F9C0004EE102AB8EEC44B27EE057B24EE064B2C
:104FAC00FCEEC77B17EE901ABCEEC44B01EBD001A4
:104FBC0014EE102A89B291421AD21A68520807EEDE
:104FCC00102AB8EEC77B27EE067BBCEEC77B17EE2C
:104FDC00102A91B20CE000BF48AFBC9AF2D77A3ECF
:104FEC00F9978B952411E23E084C0020010110002A
:104FFC001A680C441D68520807EE102A6A08B8EEAD
:10500C00C77B04EE102AB8EEC44B27EE057B24EECA
:10501C00064BFCEEC77B17EE901ABCEEC44B01EBB3
:10502C00900114EE102A89B291420CD21A685208DF
:10503C0007EE102AB8EEC77B27EE067BBCEEC77BCB
:10504C0017EE102A91B21A6821441D68520807EE17
:10505C00102A6A08B8EEC77B04EE102AB8EEC44BCF
:10506C0027EE057B24EE064BFCEEC77B17EE902A51
:10507C00BCEEC44B02EB500214EE104A92B2A242A8
:10508C000CD21A68520807EE102AB8EEC77B27EE2E
:10509C00067BBCEEC77B17EE102A92B21C680A4442
:1050AC001D68610807EE101A6908B8EEC77B04EE9C
:1050BC00101AB8EEC44B27EE057B24EE064BFCEE23
:1050CC00C77B17EE901ABCEEC44B014414EE104A89
:1050DC0089B2A14280F0818019681C68490807EEEA
:1050EC00101A6108B8EEC77BB1FBFCF127EE067B0A
:1050FC00BCEEC77B17EE104A12FA84F2B2EB111F0A
:10510C003FF6DFAD3E4A4FF0000C3E4C956902F184
:10511C001C0E9FED374B9FED383B1968CCF10B08FB
:10512C001A680EEB8C0749081E68520840FA08F8FA
:10513C0006EE101A07EE102A7208B8EEC66B05FBC5
:10514C0008F105EE102AB8EEC77B84FB01924FEAFA
:10515C00E17926EE046B0A44B8EEC55BC9EBE219A3
:10516C0027EE047B25EE035BFCEEC66BFCEEC77BE7
:10517C0016EE901ABCEEC55B17EE902A41444A44D9
:10518C0015EE109A89B292B2494501F1FF3819D245
:10519C001E68760807EE106AB8EEC77B27EE037B15
:1051AC00BCEEC77B17EE106AB6B2711A013E114401
:1051BC007E802EF82C100CF1010CBCF10C0FACD134
:1051CC00BDE8F083A7F802802EF82C200CF1010C1E
:1051DC00BCF10C0FA1D1BDE8F0831C680A44610836
:1051EC00B1FBFCF1B2EB111F3FF66BAD8AE700BFD0
:1051FC0048AFBC9AF2D77A3EF9978B952411E23ED0
:10520C0070B1012081808080294A2A49136810B42A
:10521C005B08294CA4FB03C3DB0BDB01A1FB03C321
:10522C00DB09013398420DD810684008A4FB0040FC
:10523C00C00BC001A1FB0010C00901305DF8044B8C
:10524C00908021E5136811685B081C4C490807EE37
:10525C00101A9FED156BB8EEC77B27EE067BBCEEE4
:10526C00C77B17EE101AB3FBF1F3A4FB0313DB0996
:10527C00013B9842E2D31068136840085B0807EEC4
:10528C00103AB8EEC77B27EE067BBCEEC77B17EE59
:10529C00103AB0FBF3F0A4FB00405DF8044BC009DE
:1052AC00013880B29080EFE4F9978B952411E23E9F
:1052BC00084C00200980000801800080ABAAAAAA33
:1052CC00094B0020D3E9131210B4013292FBF1F414
:1052DC0001FB1422D3E915140139C3E91421234627
:1052EC005DF8044B184700BF70B1012010B5224C7B
:1052FC00224A636E94F86010D177DA8ADB8B92B213
:10530C009BB29A4200D010BDD4E91B20636F0130D0
:10531C00013B90FBF2F102FB110063672067E3B9DC
:10532C00A26F04F180036FF00300D4F884101360B3
:10533C00938BD06023F020031B041B0C93838847B2
:10534C0094F87C2001210E4B03EB521302F01F0248
:10535C009B0001FA02F21A6010BDA3684FF452616F
:10536C00E26D01FB0033136003F58A73A26F1360C7
:10537C00FFF758FCE4E700BF70B1012000800E403D
:10538C008038003830B54589C46905FB01F101EB63
:10539C0041012144C47DD4B9C5B105EB45050D448B
:1053AC0091F801E0033111F801CC033211F8030C30
:1053BC000EFA03FE0CFA03FCA94200FA03F002F801
:1053CC0002EC02F801CC02F8030CE9D130BD002D3F
:1053DC00FCD005EB4505C46A0D4491F801E003319E
:1053EC0011F801CC033211F8030C0EFA03FE0CFA7F
:1053FC0003FCA94200FA03F034F81EE034F81CC098
:10540C0034F810004FEA1E2E4FEA1C2C4FEA1020E5
:10541C0002F802EC02F801CC02F8030CDDD130BD2D
:10542C00406B704790F83E00704700BF054B084634
:10543C00114693F8883003F0FF020BB113F0CABE8B
:10544C001046704770B1012000F5804C43F6C673CE
:10545C00BCF8402003443B2A2DE9F04112D8002A25
:10546C0000F08C85541E43F6C8751946A4B2054449
:10547C0005EB440502E0A94200F0808531F8024FAB
:10548C00042CF8D11D469E46002104E001318CB25B
:10549C00A24240F2B6813EF8024F042CF6D100F540
:1054AC00405E03243B2A714481F88C4F40F2AC815E
:1054BC00BCF84020002A00F09A851D469E4600212B
:1054CC0004E001318CB2A24240F279813EF8024FE5
:1054DC00032CF6D100F5405E00243B2A714481F880
:1054EC008C4F40F26F81BCF84060002E00F07B8541
:1054FC001D461946002204E0013294B2A64240F245
:10550C00918131F8024F022CF6D100F5405E032157
:10551C003B2E724482F88C1F40F28781BCF84050BD
:10552C00002D00F058851E461946002204E0013279
:10553C0094B2A54240F2548131F8024F012CF6D1BD
:10554C0000F5405E03213B2D724482F88C1F40F223
:10555C004A81BCF84060002E00F04D851D4619466E
:10556C00002204E0013294B2A64240F2178131F8D5
:10557C00024F002CF6D100F5405E03213B2E724405
:10558C0082F88C1F40F20D81BCF84040002C00F0DA
:10559C0026851E461946002204E0013295B2AC4223
:1055AC0040F2518131F802EFBEF1150FF5D100F543
:1055BC00405E03213B2C724482F88C1F40F26C85B8
:1055CC00BCF840601D461946002204E0013294B23A
:1055DC00B44280F0768131F802EFBEF1140FF5D1B0
:1055EC0000F5405E03213B2E724482F88C1F40F282
:1055FC000685BCF840501E461946002204E00132D4
:10560C0094B2A54240F29B8131F802EFBEF1190F22
:10561C00F5D100F5405E00213B2D724482F88C1FC1
:10562C0040F2F784BCF840601D461946002204E0A5
:10563C00013294B2B44280F0258131F802EFBEF110
:10564C00640FF5D100F5405E02213B2E724482F8C6
:10565C008C1F40F21785BCF840501E46194600229C
:10566C0004E0013294B2A54240F2888131F802EF95
:10567C00BEF1690FF5D100F5405E02213B2D72445D
:10568C0082F88C1F40F2CF84BCF840601D4619464E
:10569C00002204E0013294B2A64240F2318131F88A
:1056AC0002EFBEF1660FF5D100F5405E02213B2EF4
:1056BC00724482F88C1F40F2DB84BCF840501E46CA
:1056CC001946002204E0013294B2AC4280F075819C
:1056DC0031F802EFBEF1670FF5D100F5405E022103
:1056EC003B2D724482F88C1F40F2AE84BCF84060B3
:1056FC001D461946002204E0013294B2B44280F0F7
:10570C007B8131F802EFBEF1680FF5D100F5405EF8
:10571C0002213B2E724482F88C1F40F29F84BCF80D
:10572C0040501E461946002204E0013294B2AC42AD
:10573C0080F0818131F802EFBEF16A0FF5D100F5EE
:10574C00405E02213B2D724482F88C1F40F275841E
:10575C00BCF84040002203E0013291B2A14209D2D0
:10576C0033F8021F6B29F7D100F540530221134483
:10577C0083F88C1F00F5005292F8FD35012B08D8E8
:10578C00B74902EB830401330144C4F8941582F841
:10579C00FD35012380F8A932BDE8F0813C2E3FF4A1
:1057AC00F3AEB04F0022074402E0A64240F2508212
:1057BC0035F8021F0132152994B2F6D1E4E63C2AE1
:1057CC003FF491AEA84F0021074402E0B24240F2F0
:1057DC00EA8135F8024F0131022C8EB2F6D182E605
:1057EC003C2D3FF4B6AEA14F0022074402E0AC4280
:1057FC0080F05982013236F8021F94B20029F6D19A
:10580C00A7E63C2A3FF454AE994F0021074402E02E
:10581C00B24240F2F38135F8024F0131032C8EB2C3
:10582C00F6D145E63C2E3FF479AE924F0022074468
:10583C0002E0A64240F25F8135F8021F01320129D5
:10584C0094B2F6D16AE64BF6B4528B4F3C2C024420
:10585C0007440BD0002102E0744540F2518236F827
:10586C00025F0131142D1FFA81FEF5D1BCF84060A6
:10587C00002E7FF4A7AE44F28447012500F5405E6C
:10588C0017446CE24BF6B4527C4F3C2E0244074456
:10589C000BD0002102E0764540F2B58235F8024F7C
:1058AC000131692C1FFA81FEF5D1BCF84050002D56
:1058BC007FF4D3AE44F29437012600F5405E1744D2
:1058CC00D3E24BF6B4526E4F3C2E024407440BD03D
:1058DC00002102E0B64580F03E8235F8024F0131DE
:1058EC00192C1FFA81FEF5D1BCF84050002D7FF425
:1058FC0082AE44F21447012600F5405E174459E28B
:10590C004BF6B4525F4F3C2E024407440BD000219F
:10591C0002E0B64580F0D68235F8024F0131672C93
:10592C001FFA81FEF5D1BCF84050002D7FF4C7AEB4
:10593C0044F2D437012600F5405E1744F4E24BF6EE
:10594C00B452514F3C2D024407440BD0002102E0CD
:10595C00AE4580F02B8236F8024F0131642C1FFAD1
:10596C0081FEF5D1BCF84060002E7FF45DAE44F2B0
:10597C002447012500F5405E174448E24BF6B4522B
:10598C00424F3C2D024407440BD0002102E07545E8
:10599C0040F2678236F8024F0131662C1FFA81FE05
:1059AC00F5D1BCF84060002E7FF470AE44F2843721
:1059BC00012500F5405E174488E24BF6B452344F93
:1059CC003C2D024407440BD0002102E0AE4580F090
:1059DC00A78236F8024F0131682C1FFA81FEF5D1EF
:1059EC00BCF84060002E7FF483AE44F2F4370125FE
:1059FC0000F5405E1744ADE04BF6B452254F3C2EFB
:105A0C00024407440BD0002102E0B64580F09E8092
:105A1C0035F8024F01316A2C1FFA81FEF5D1BCF822
:105A2C004050002D7FF47DAE44F27437012400F514
:105A3C00405E174436E0184F3C2D074409D0002235
:105A4C0001E0AC422AD236F8021F01326B2994B223
:105A5C00F7D1BCF84040002C7FF47CAE8AE600BF46
:105A6C0008020100F8010100C8000100A8000100B3
:105A7C00D8000100B8000100E8010100D8010100C4
:105A8C003802010038010100C80101004801010081
:105A9C0088010100A8010100280101006C1C00F51F
:105AAC00405EA4B200EB85020026F7EE007A05EB0F
:105ABC00450102F540520EEB45050EEB81014FF00E
:105ACC007C5E02F6AC5801F60C01C8F8006002F6D8
:105ADC009C68C8ED007AC2F8DC7A02F6CC3702F684
:105AEC00BC423E6016606B22A5F8C82FC1F800E0DE
:105AFC00ACF840402EE6751CADB200EB860200F50A
:105B0C00405E06EB4601002402F540520EEB4606C1
:105B1C000EEB8101F7EE007A02F6AC5E01F60C0199
:105B2C00CEF8004002F69C6ECEED007AC2F8DC7A1C
:105B3C0002F6CC3702F6BC423C6014600122A6F897
:105B4C00C82FDF4A0A60ACF84050ECE4751C00F535
:105B5C00405EADB200EB86020024F7EE007A06EB55
:105B6C00460102F540520EEB46060EEB81014FF05A
:105B7C007C5E02F6AC5801F60C01C8F8004002F647
:105B8C009C68C8ED007AC2F8DC7A02F6CC3702F6D3
:105B9C00BC423C6014606A22A6F8C82FC1F800E031
:105BAC00ACF84050BDE5561CB6B200EB820100F5D6
:105BBC00405E02EB4204002501F540510EEB42021F
:105BCC000EEB8404F7EE007A01F6AC5E04F60C04DE
:105BDC00CEF8005001F69C6ECEED007AC1F8DC7A5E
:105BEC0001F6CC3701F6BC413D600D600221A2F8F4
:105BFC00C81FB34A2260ACF8406079E400EB820124
:105C0C000025F7EE007A00F5405E01F5405102EBFD
:105C1C00420401F6AC560EEB84040EEB420E01323C
:105C2C00356001F69C6604F60C0492B2C6ED007A5F
:105C3C0001F6CC36C1F8DC7A01F6BC4135600D605A
:105C4C000321AEF8C81F9E492160ACF8402034E413
:105C5C00741CA4B200EB860200F5405E06EB460114
:105C6C00002502F540520EEB46060EEB8101F7EED5
:105C7C00007A02F6AC5E01F60C01CEF8005002F68A
:105C8C009C6ECEED007AC2F8DC7A02F6CC3702F6C6
:105C9C00BC423D6015601522A6F8C82F884A0A60E0
:105CAC00ACF8404075E46E1CB6B200EB850200F512
:105CBC00405E05EB450105F5F46502F54052002404
:105CCC000EEB8101F7EE007A0EEB450502F6AC5EA9
:105CDC0001F60C01CEF8004002F69C6ECEED007A77
:105CEC00C2F8DC7A02F6CC3702F6BC423C60146097
:105CFC000022A5F88820724A0A60ACF840602DE4B6
:105D0C00661CB6B200EB840200F5405E04EB440165
:105D1C00002502F540520EEB44040EEB8101F7EE28
:105D2C00007A02F6AC5E01F60C01CEF8005002F6D9
:105D3C009C6ECEED007AC2F8DC7A02F6CC3702F615
:105D4C00BC423D6015601422A4F8C82F5C4A0A605E
:105D5C00ACF8406036E4751C00F5405EADB200EB6B
:105D6C008602F7EE007A06EB4601002402F540525B
:105D7C000EEB46060EEB810102F6AC5E01F60C0151
:105D8C00CEED007A02F69C6ECEF80040C2F8DC7ABA
:105D9C0002F6CC3702F6BC423C6014601922A6F81D
:105DAC00C82F474A0A60ACF8405024E46E1C00F53A
:105DBC00405EB6B200EB85020024F7EE007A05EBEC
:105DCC00450102F540520EEB45050EEB81014FF0FB
:105DDC007C5E02F6AC5801F60C01C8F8004002F6E5
:105DEC009C68C8ED007AC2F8DC7A02F6CC3702F671
:105DFC00BC423C6014606422A5F8C82FC1F800E0D6
:105E0C00ACF8406010E4751C00F5405EADB200EBE0
:105E1C0086020024F7EE007A06EB460102F54052AA
:105E2C000EEB46060EEB81014FF07C5E02F6AC5891
:105E3C0001F60C01C8F8004002F69C68C8ED007A27
:105E4C00C2F8DC7A02F6CC3702F6BC423C60146035
:105E5C006922A6F8C82FC1F800E0ACF84050FFF753
:105E6C00FCBB6E1C00F5405EB6B200EB8502002454
:105E7C00F7EE007A05EB450102F540520EEB4505B5
:105E8C000EEB81014FF07C5E02F6AC5801F60C0172
:105E9C00C8F8004002F69C68C8ED007AC2F8DC7ABB
:105EAC0002F6CC3702F6BC423C6014606622A5F8C0
:105EBC00C82FC1F800E0ACF84060FFF7E7BB00BFAB
:105ECC008988883D751C00F5405EADB200EB8602FA
:105EDC000024F7EE007A06EB460102F540520EEB79
:105EEC0046060EEB81014FF07C5E02F6AC5801F6D3
:105EFC000C01C8F8004002F69C68C8ED007AC2F8A4
:105F0C00DC7A02F6CC3702F6BC423C6014606722A5
:105F1C00A6F8C82FC1F800E0ACF84050FFF7CFBB93
:105F2C006E1C00F5405EB6B200EB85020024F7EE65
:105F3C00007A05EB450102F540520EEB45050EEBE0
:105F4C0081014FF07C5E02F6AC5801F60C01C8F8EA
:105F5C00004002F69C68C8ED007AC2F8DC7A02F6C2
:105F6C00CC3702F6BC423C6014606822A5F8C82FFE
:105F7C00C1F800E0ACF84060FFF7BABB00EB82015F
:105F8C000025494EF7EE007A01F5405100F5405ED0
:105F9C00064402EB420401F6AC570EEB84043D6060
:105FAC0001F69C670EEB420E0132C7ED007A04F647
:105FBC000C04C1F8DC6A01F6CC3601F6BC4192B295
:105FCC0035600D600421AEF8C81F38492160ACF86B
:105FDC004020FFF757BA364F0126074465E6354F88
:105FEC00012607448EE6344F0125074485E5334FDF
:105FFC0001260744D9E5324F012407442AE64BF623
:10600C00B452304F02440744002E7FF461AC01259A
:10601C00A5E64BF6B4522C4F02440744002D7FF4F6
:10602C0095AC0126C6E64BF6B452284F0244074401
:10603C00002D7FF4AAAC012617E7254F0744002D4D
:10604C007FF4FDAC01242DE54BF6B452214F0244F4
:10605C000744002D7FF4B8AC012665E74BF6B4522B
:10606C001D4F02440744002E7FF4CDAC012571E591
:10607C004BF6B452194F02440744002E7FF447AC40
:10608C00012523E74BF6B452154F02440744002E6A
:10609C007FF4FFAB0125BAE64BF6B452054F024430
:1060AC000744FFF7D7BB00BFE80001008988883D93
:1060BC00A8000100E8010100B8000100C8000100BF
:1060CC00F801010038020100C8010100480101007B
:1060DC002801010088010100A8010100380101001C
:1060EC00D801010030B50B688DB00C4605461B6815
:1060FC00684698476468F7EE007A9FED4F7AD4EDC6
:10610C00005A94ED015A75EEE77AF0EEE77AF4EE68
:10611C00C77AF1EE10FA72D5F0EEC57AD4ED024AD8
:10612C00F4EEC77AF1EE10FA6CD494ED034AD4ED88
:10613C00057AD4ED042A25EE676A94ED063A67EEEB
:10614C00A56AD4ED073A24EE677A67EEA47AA2EE3C
:10615C00A56AE2EE856AA2EEA47AE2EE847AA3EE58
:10616C00646AE3EE046AA3EE257AE3EE457AA3EEC5
:10617C00C46AE3EEE46AA3EE857AE3EEA57A8DEDCC
:10618C00086ACDED096A8DED0A7ACDED0B7A94EDA6
:10619C000C5A02A894ED0B6A05AADDED016A08A958
:1061AC00D4ED0D7A9DED007A66EE856ADFED235A0B
:1061BC0027EE067A67EEA57ACDED066A8DED057AA7
:1061CC00CDED077A11F0E6F994ED095A2846D4ED95
:1061DC000A5A94ED086ADDED036A9DED047ADDED53
:1061EC00027A76EE856A37EE257A77EE867AC5EDF9
:1061FC00016A85ED027AC5ED007A0DB030BDD4EDA3
:10620C00024A92E7F0EEE47A94ED034AF4EEC77A90
:10621C00F1EE10FA8BD5F0EEC47AF4EEC77AF1EE0B
:10622C0010FA84D563692169A2690993E36908911D
:10623C000A920B93ABE700BF6F12833A0000000089
:10624C0030B50B688DB00C4605465B6868469847C0
:10625C006468F7EE007A9FED4F7AD4ED005A94ED16
:10626C00015A75EEE77AF0EEE77AF4EEC77AF1EEC2
:10627C0010FA72D5F0EEC57AD4ED024AF4EEC77A74
:10628C00F1EE10FA6CD494ED034AD4ED057AD4ED0A
:10629C00042A25EE676A94ED063A67EEA56AD4EDFA
:1062AC00073A24EE677A67EEA47AA2EEA56AE2EECC
:1062BC00856AA2EEA47AE2EE847AA3EE646AE3EE37
:1062CC00046AA3EE257AE3EE457AA3EEC46AE3EE04
:1062DC00E46AA3EE857AE3EEA57A8DED086ACDED3E
:1062EC00096A8DED0A7ACDED0B7A94ED0C5A02A861
:1062FC0094ED0B6A05AADDED016A08A9D4ED0D7ABF
:10630C009DED007A66EE856ADFED235A27EE067A5C
:10631C0067EEA57ACDED066A8DED057ACDED077A9F
:10632C0011F038F994ED095A2846D4ED0A5A94ED37
:10633C00086ADDED036A9DED047ADDED027A76EEF6
:10634C00856A37EE257A77EE867AC5ED016A85ED9A
:10635C00027AC5ED007A0DB030BDD4ED024A92E759
:10636C00F0EEE47A94ED034AF4EEC77AF1EE10FA0B
:10637C008BD5F0EEC47AF4EEC77AF1EE10FA84D530
:10638C0063692169A2690993E36908910A920B93E5
:10639C00ABE700BF6F12833A0000000030B50B680A
:1063AC008DB00C4605461B68684698476468F7EE46
:1063BC00007A9FED4F7AD4ED005A94ED015A75EEA8
:1063CC00E77AF0EEE77AF4EEC77AF1EE10FA72D5CE
:1063DC00F0EEC57AD4ED024AF4EEC77AF1EE10FA7B
:1063EC006CD494ED034AD4ED057AD4ED042A25EE51
:1063FC00676A94ED063A67EEA56AD4ED073A24EE87
:10640C00677A67EEA47AA2EEA56AE2EE856AA2EE3E
:10641C00A47AE2EE847AA3EE646AE3EE046AA3EE55
:10642C00257AE3EE457AA3EEC46AE3EEE46AA3EEC2
:10643C00857AE3EEA57A8DED086ACDED096A8DEDCE
:10644C000A7ACDED0B7A94ED0C5A02A894ED0B6AF6
:10645C0005AADDED016A08A9D4ED0D7A9DED007A4F
:10646C0066EE856ADFED235A27EE067A67EEA57A8B
:10647C00CDED066A8DED057ACDED077A11F08AF82F
:10648C0094ED095A2846D4ED0A5A94ED086ADDEDCC
:10649C00036A9DED047ADDED027A76EE856A37EEBD
:1064AC00257A77EE867AC5ED016A85ED027AC5ED1F
:1064BC00007A0DB030BDD4ED024A92E7F0EEE47AEA
:1064CC0094ED034AF4EEC77AF1EE10FA8BD5F0EEA8
:1064DC00C47AF4EEC77AF1EE10FA84D563692169B7
:1064EC00A2690993E36908910A920B93ABE700BF89
:1064FC006F12833A0000000030B50B688DB00C466B
:10650C0005465B68684698476468F7EE007A9FED2D
:10651C004F7AD4ED005A94ED015A75EEE77AF0EE0D
:10652C00E77AF4EEC77AF1EE10FA72D5F0EEC57A8E
:10653C00D4ED024AF4EEC77AF1EE10FA6CD494ED75
:10654C00034AD4ED057AD4ED042A25EE676A94ED5E
:10655C00063A67EEA56AD4ED073A24EE677A67EE41
:10656C00A47AA2EEA56AE2EE856AA2EEA47AE2EE25
:10657C00847AA3EE646AE3EE046AA3EE257AE3EE72
:10658C00457AA3EEC46AE3EEE46AA3EE857AE3EE01
:10659C00A57A8DED086ACDED096A8DED0A7ACDEDFF
:1065AC000B7A94ED0C5A02A894ED0B6A05AADDED5A
:1065BC00016A08A9D4ED0D7A9DED007A66EE856A24
:1065CC00DFED235A27EE067A67EEA57ACDED066A43
:1065DC008DED057ACDED077A10F0DCFF94ED095ABC
:1065EC002846D4ED0A5A94ED086ADDED036A9DED58
:1065FC00047ADDED027A76EE856A37EE257A77EE4F
:10660C00867AC5ED016A85ED027AC5ED007A0DB08A
:10661C0030BDD4ED024A92E7F0EEE47A94ED034AF1
:10662C00F4EEC77AF1EE10FA8BD5F0EEC47AF4EEF4
:10663C00C77AF1EE10FA84D563692169A2690993CE
:10664C00E36908910A920B93ABE700BF6F12833A90
:10665C0000000000934B0021934A034402442DE9AF
:10666C00F04F2DED048BB0EE408A8BB0074643F80B
:10667C00101B9A42FBD18D4C94F88930002B40F0C2
:10668C00118394F88D3007F5304294F88C1003EB9D
:10669C00830392F8B00D03EB83030533DBB282F86E
:1066AC00AE3D002840F01C8294F88E3003EB43037F
:1066BC009B00053382F8AF3D97F8A832002B00F011
:1066CC002182062940F0FE8207F58054784A41F673
:1066DC00105541F6145604F58053B7EE003A9FED71
:1066EC00754A3D44DFED743A3E4493F839E102F5C6
:1066FC00007CC4F8342FBEF1000F40F019821368EF
:10670C00C6F82432043204369445F4D107F580439C
:10671C0007F54052B3F8406092F878E05EB343F668
:10672C00C67100233944084605E001331FFA83FC87
:10673C00664540F2878530F802CFF445F5D103F277
:10674C00D2234FF07E5002EB8303C3F8840092F8FF
:10675C007AC0002303E0013398B286420BD931F89A
:10676C00020F6045F7D103F2D2234FF07E5102EBBA
:10677C008303C3F884100020D2F870E094F8E4117D
:10678C00024602E0C2B2914221D302F5CB73013032
:10679C0007EB8303D3F83C3B9D42F3D1B4F884C0A0
:1067AC0092B2BCF1000F12D041F25A0000233844CF
:1067BC0003E001339EB2B44509D930F8026F96421A
:1067CC00F7D107EB830303F60873C3F800E000204E
:1067DC0094F89068024602E0C2B296421CD304EBD5
:1067EC0082030130D3F840389D42F5D1B4F83067BC
:1067FC0092B28EB141F206700023384403E00133AB
:10680C009DB2AE4208D930F8025F9542F7D1F2330F
:10681C0004EB8303C3F8ECE13B68284A1B69934201
:10682C0040F02C85002007F64C25024602F5CB7370
:10683C00013007EB8303D3F83C3B9D4200F0098504
:10684C00C2B29142F2D207F5005A0025B0EE480AC6
:10685C00384607F55046A8460AF066FD13E0D6F810
:10686C00700B03689B689847D6F86C3B44191A6800
:10687C001846D368984728440C35016842688368E9
:10688C0021606260A360D6F8700B0368DB689847E0
:10689C00804508F10108E2DB094DDFF828803D4412
:1068AC00B84414E0A80001004802010070B10120B6
:1068BC000CB20120CDCCCC3D0000000069000000E2
:1068CC009C0001003C0201001035A8454BD0D5EDD1
:1068DC00037AF5EEC07AF1EE10FAF5DD2B68D6F8F6
:1068EC00709B002BF0DD0024D9F8003048469B68E3
:1068FC0098476A68D9F80030834652F824204846F5
:10690C009B6802EB42020BEB820B984795ED036AF6
:10691C0004EB4401D5E9012352F8242003EB810355
:10692C000134296802EB4202D3ED004A93ED015A7F
:10693C008C4200EB8200D3ED025AD0ED006A90ED50
:10694C00017AD0ED027AE4EE866AA6EE057AE6EEDE
:10695C00257ACBED006A8BED017ACBED027AC3DBA5
:10696C001035A845B3D10AF20C63CD4A4DF60C395B
:10697C0004209A634FF08142B9440025DA6328F071
:10698C0039FB0446C0F8009042F20C602146A84640
:10699C00384415F04BFD204628F034FB012342F21D
:1069AC00F0608AF854364DF61C3A384411F064F80D
:1069BC0007F51C50B0EE408A11F05EF806F62C3349
:1069CC000022BA4483ED008A83ED010A9A6076E0D6
:1069DC00D6F8700B03689B68984706F65431284428
:1069EC0006F63833D1ED006A4A4691ED017AD1EDC5
:1069FC00027A5146D0ED015A90ED026A90ED005AA0
:106A0C0075EEC75A36EE676AD3ED003A35EE665A24
:106A1C0093ED014AD3ED024A06A8A5EE847AE5EE81
:106A2C00236AE6EE247AF0EE478AB0EE669AB0EE70
:106A3C00678A10F0A3FE94ED017A6A46D4ED027ACF
:106A4C0006A9D4ED006A38EEC77A78EE677A03A807
:106A5C0079EE666A8DED017ACDED027ACDED006AA4
:106A6C0010F098FDD4ED006A06F62C3394ED017A03
:106A7C00D4ED027A9DED039ADDED048A9DED058A35
:106A8C0039EE269AD6F8700B78EE878A38EE278A7C
:106A9C00D3ED006A93ED017AD3ED027A39EE269AA2
:106AAC00026878EE878A38EE278A936898472844DC
:106ABC000C3580ED009AC0ED018A80ED028AD6F883
:106ACC00700B06F536640368DB689847804508F15F
:106ADC000108FFF67DAF0BB0BDEC048BBDE8F08F69
:106AEC0082F8AC3D94F88E3003EB43039B000533E6
:106AFC00DBB282F8AF3D82F8AD3D97F8A832002B9F
:106B0C007FF4DFAD072900F2BF8301A353F821F016
:106B1C00373300008D380000E73C0000BB3C000020
:106B2C00773C0000C33B0000B9310000193900006C
:106B3C00336892ED006A93F82C10D3ED005A0929B2
:106B4C0033EE655A40F28A8093ED037A5869D3ED9F
:106B5C00024AF0EE476A83ED027A93ED047A74EE02
:106B6C00A37A1861986977EEA67AC3ED014A586149
:106B7C00D86983ED037A9861186AD861586A1862EB
:106B8C00986A83ED0A6A5862032977EE877A27D0D0
:106B9C0093ED047A042977EE877A21D093ED057A68
:106BAC00052977EE877A1BD093ED067A062977EEC6
:106BBC00877A15D093ED077A072977EE877A0FD06D
:106BCC0093ED087A082977EE877A09D093ED097A44
:106BDC00092977EE877A03D093ED0A7A77EE877AD4
:106BEC0007EE101AD3ED116AF8EEC74A87EEA47AB5
:106BFC0027EE057AA6EE257A77EE667AC7EE846ADA
:106C0C00F5EEC06AF1EE10FA01D5F0EE636AD3ED41
:106C1C000F5A93ED0E6AE5EEC46AD3ED0D7A26EEAB
:106C2C00866AC3ED0C6AE6EE047AF5EEC07AC3ED23
:106C3C000D7AF1EE10FA29D4F4EEC37AF1EE10FAD3
:106C4C0005DDF7EE007AC3ED0C3A83ED0D3A77EEE5
:106C5C00277A83ED117AC6ED897A53E5481C03EB4C
:106C6C008101C0B283F82C00012881ED016AD3EDBB
:106C7C00017A77EEA37A10D093ED027A022877EEA0
:106C8C00877A0AD0014693ED037A7DE7F0EE637ABA
:106C9C00C3ED0C3AC3ED0D3AD9E70146A0E700BFAE
:106CAC000000F0C007F53043052293F8B01D83F8BF
:106CBC00AE2D002967D183F8AF2D97F8A832002BA1
:106CCC003FF4C1AD07F58043B3F8401041B343F630
:106CDC00C67200233A44104603E001339CB2A14231
:106CEC000CD930F8024F022CF7D107EB830343F693
:106CFC00483018444FF07E53C0F88430002303E032
:106D0C00013398B288420BD232F8020F1928F7D10E
:106D1C0007EB830343F6483200211A44C2F884106F
:106D2C0007F58054002107F6F81594F8E4010A469B
:106D3C0003E0CAB29042FFF486AD02F5CB73013189
:106D4C0007EB8303D3F83C3B9D42F2D1B4F884406B
:106D5C0092B2002C3FF477AD41F25A010023394432
:106D6C0004E0013398B2A042BFF46DAD31F8020FCC
:106D7C009042F6D107EB8303C94A07F5005A03F694
:106D8C0008731A6061E540F2055183F8AF2DA3F842
:106D9C00AC1D97F8A832002B94D154E507F580432D
:106DAC00B3F84000A8B143F6C67200233A4403E09E
:106DBC00013399B281420CD232F8021F0429F7D167
:106DCC0007EB830343F648324FF07E511A44C2F866
:106DDC00841007F58054002107F6A42094F8E451A0
:106DEC000A4603E0CAB2AA423FF62DAD02F5CB73B8
:106DFC00013107EB8303D3F83C3B9842F2D1B4F852
:106E0C00844092B2002C3FF41EAD41F25A01002393
:106E1C00394404E0013398B2A042BFF414AD31F808
:106E2C00020F9042F6D1A5E707F5005A42F29015F1
:106E3C009AF8BC333D445B0805F53A7004EB8303C8
:106E4C0093EDA80A974BCAF8B4330AF0F9F90AF291
:106E5C00845383ED000A9AF8BC339AF874645B0887
:106E6C00272E04EB8303D3F8A08240F2DA8142F29E
:106E7C00C83442F2C4309C223C443844214627F0AA
:106E8C00A7FF0AF58C633146DAEDF18AC3F800806E
:106E9C0023460122F3EC017A0132F4EE687AD0B287
:106EAC00F1EE10FA77FEA88A8142F3D8DAF8C043E3
:106EBC0007EB840606F5005606F58C63D3ED007AD5
:106ECC00F4EE687AF1EE10FA17D042F2644314F043
:106EDC00FF083B4408D042F2684118464FEA88024A
:106EEC00394427F075FF034603EB880306F58C66DF
:106EFC00002243F8042CC6ED008A002CDFED6A7AE0
:106F0C000DDD00231A46283201330AEB8202DBB274
:106F1C0092EDF17A9C421A4677EE877AF3DC07EE13
:106F2C00104A0AF5B163B6EE006A07F54052B8EEA6
:106F3C00C77AC7EE876AC3ED006A0AF28453D3EDB1
:106F4C00007A07F5804376EEE76AB3F84040E6EE48
:106F5C00867ACAEDEE7A92F878C054B343F6C671CD
:106F6C0000233944084604E001339EB2A64280F067
:106F7C006D8130F8026F6645F6D103F2D2234FF0E3
:106F8C007E5002EB8303C3F8840092F87B600023ED
:106F9C0003E0013398B2A0420BD231F8020FB04299
:106FAC00F7D103F2D2234FF07E5102EB8303C3F8E7
:106FBC00841007F580540020D2F874E094F8E411A2
:106FCC00024602E0C2B2914221D302F5CB730130EA
:106FDC0007EB8303D3F83C3B9D42F3D1B4F884C058
:106FEC0092B2BCF1000F12D041F25A000023384487
:106FFC0003E001339EB2B44509D930F8026F9642D2
:10700C00F7D107EB830303F60873C3F800E0002005
:10701C0094F89068024602E0C2B2B2421CD804EB6B
:10702C0082030130D3F840389D42F5D1B4F8306773
:10703C0092B28EB141F206700023384403E0013362
:10704C009DB2B54208D230F8025F9542F7D1F233C7
:10705C0004EB8303C3F8ECE13B68144A5B6993428D
:10706C0040F0A681002007F64C25024603E0C2B290
:10707C009142FFF4EAAB02F5CB73013007EB8303CB
:10708C00D3F83C3B9D42F2D1B4F8844092B2002C30
:10709C003FF4DBAB41F25A01002339440DE000BF51
:1070AC00CDCC4C3F0CB40120000000006900000066
:1070BC00013398B284427FF6C8AB31F8020F90428C
:1070CC00F6D107EB8303BC4A03F608731A60FFF78B
:1070DC00BCBB07F58043B3F8400048B343F6C67217
:1070EC0000233A44114603E001339CB2A0420CD970
:1070FC0031F8024F032CF7D107EB830343F64831E9
:10710C0019444FF07E53C1F88430002303E001335F
:10711C0099B288420CD932F8021F0029F7D107EB3B
:10712C00830343F648324FF07E511A44C2F8841060
:10713C0007F58054002107F6D42094F8E4510A4650
:10714C0003E0CAB2AA423FF67EAB02F5CB73013123
:10715C0007EB8303D3F83C3B9842F2D1B4F884405C
:10716C0092B2002C3FF46FAB41F25A010023394428
:10717C0004E0013398B284427FF665AB31F8020F1C
:10718C009042F6D1F6E507F58043B3F840000028AD
:10719C003FF459AB43F6C67200233A4404E0013382
:1071AC0099B28142BFF44FAB32F8021F1529F6D1C8
:1071BC0007EB830343F648324FF07E5107F5005A34
:1071CC001A44C2F88410FFF740BB07F58043B3F8AC
:1071DC00400000283FF437AB43F6C67200233A4414
:1071EC0004E0013399B28142BFF42DAB32F8021F97
:1071FC000029F6D1DCE707F58043B3F840000028FE
:10720C003FF421AB43F6C67200233A4404E0013349
:10721C0099B28142BFF417AB32F8021F0129F6D1A3
:10722C00C6E7721C0AEB8603D1B201298AF87414E2
:10723C00C3F8C483DAEDF18A3FF438AE42F2C834B5
:10724C003C4425E692F87AC0FFF783BA92F87B604B
:10725C009DE6B4F8844092B2002C3FF4F4AA41F2BB
:10726C005A010023394404E0013398B284427FF67A
:10727C00EAAA31F8020F9042F6D17BE5384607F5C1
:10728C00005A9847FFF7E1BA4C4D07F5805441F688
:10729C00940141F69806B7EE004ADFED494A9FED9E
:1072AC004A5A39443E4494F8BBEC05F5007CC4F8CA
:1072BC00B45ABEF1000F40F089802A68C6F820222B
:1072CC0004350436AC45F4D107F5804307F540523C
:1072DC00B3F8406092F878C00EB343F6C67500233D
:1072EC003D44284630F802EFE64540F0368103F283
:1072FC00D2234FF07E5002EB8303C3F8840092F844
:10730C007900002335F802CF844540F04F8103F219
:10731C00D2234FF07E5002EB8303C3F88400002588
:10732C00D66E94F8E4012B4603F5CB72013507EBCE
:10733C008202D2F83C2B914240F00581B4F884C013
:10734C009AB2BCF1000F0DD041F25A0500233D4416
:10735C0035F802EF964540F0098107EB830303F6FD
:10736C0008731E60002294F890C8134604EB830542
:10737C000132D5F84058A94240F0EA80B4F83057B1
:10738C009AB26DB141F206710023394431F802CF43
:10739C00944540F00481F23304EB8303C3F8EC61B1
:1073AC003B68084ADB68934200F0E78007F5005A17
:1073BC0038469847FFF749BACDCC4C3F0CB2012068
:1073CC00CDCCCC3D69000000000000003368D5ED49
:1073DC00001A93F82C2093ED001A092A74EE413A06
:1073EC0000F28780501C03EB8202C0B283F82C00A1
:1073FC000128C2ED011AD3ED017A77EE857A00F0FF
:10740C00A08093ED027A022877EE877A00F09980BB
:10741C00024693ED037A032A77EE877A27D093ED11
:10742C00047A042A77EE877A21D093ED057A052A1F
:10743C0077EE877A1BD093ED067A062A77EE877A59
:10744C0015D093ED077A072A77EE877A0FD093ED54
:10745C00087A082A77EE877A09D093ED097A092AF7
:10746C0077EE877A03D093ED0A7A77EE877A07EE78
:10747C00102AD3ED115A5FED2C2AB8EEC72A93EDE2
:10748C000F3AD3ED0D6A93ED0E6A87EE827A67EEB2
:10749C00237AE1EE817A77EEE55A85EEA47AB4EEA2
:1074AC00627AF1EE10FA48BFB0EE457AA3EE647A38
:1074BC0027EE066A83ED0C7AB0EE667AA6EE247A95
:1074CC00B4EEE27A83ED0D7AF1EE10FA32D4B4EE2A
:1074DC00C47AF1EE10FA05DDB7EE007A83ED0C5AA2
:1074EC0083ED0D4AC3ED117A77EE877AC6ED887A73
:1074FC00E6E693ED037A586993ED026AF0EE476A7B
:10750C0083ED027A93ED047A76EE057A1861986928
:10751C0077EEA67A83ED016A5861D86983ED037A18
:10752C009861186AD861586A1862986AC3ED0A1A89
:10753C00586270E7B0EE457A83ED0C5A83ED0D5A24
:10754C00D0E7024693E7EBB283427FF6EDAE09E754
:10755C00D3B263457FF60AAF22E701331FFA83FEED
:10756C00B645FFF4BFAE92F87900CAE601331FFAB4
:10757C0083FEE645FFF4ECAEF4E6002107F64C255D
:10758C000B4603F5CB72013107EB8202D2F83C2B90
:10759C00954212D0CBB28342F3D9FFF754B90133E1
:1075AC001FFA83FCAC45FFF4F1AEF9E601331FFA88
:1075BC0083FCB445FFF4A6AEB1E6B4F884009AB2ED
:1075CC0000283FF440A941F25A010023394431F814
:1075DC00024F94423FF4CEAB01339CB28442F6D3BB
:1075EC00FFF731B92DE9F04F00F5E04B82469BF8DF
:1075FC0024302DED0E8B85B0002B40F025810093AF
:10760C00009ADFEDB2DA9FEDB2BA95B2002B40F0E2
:10761C00D2809AF80830002B40F0FC80DAF8043065
:10762C0003EBC203D3ED009A93ED019A4FF0FF36B2
:10763C00B7EE00EAB0EE6DDA0024B0EE6DCA374654
:10764C00F0EE6DCAB146F0EE6DBAB04648E09AF86D
:10765C000830002B40F0BE80DAF8043003EBC40392
:10766C0093ED00AAD3ED01AA79EECA8A39EE6A8AA3
:10767C0028EE080AA8EEA80AB5EE400AF1EE10FAB8
:10768C0000F1DD80F1EEC07AF0EEE88AF4EECE8AFD
:10769C00F1EE10FA0CD5F4EEC9AAF1EE10FA3DDDBC
:1076AC00F4EEEB7AF1EE10FA38D5F0EE67BAA046AC
:1076BC00B0EEC88AB4EECE8AF1EE10FA0CD5B4EE68
:1076CC00E9AAF1EE10FA37D5F4EECC7AF1EE10FA15
:1076DC0032D5B0EE67CA27460134B4F5006F3CD002
:1076EC00A2B29542F8D09BF82430002BAFD09AF878
:1076FC000830002B78D1DAF80030514602A89B688C
:10770C009847DDED029AF0EE4BAA9DED039AB0EE90
:10771C004BAAF0EE698AB0EE498AA9E7F4EEC9AA41
:10772C00F1EE10FAC4D5F4EEEC7AF1EE10FABFD506
:10773C00F0EE67CAA146BBE7B4EEE9AAF1EE10FA87
:10774C00CADDF4EECD7AF1EE10FAC5D52646013439
:10775C00B0EE67DAB4F5006FC2D1B8F1FF3F05D0D7
:10776C0043F22403009A534423F81280B9F1FF3FEB
:10777C0005D044F22403009A534423F812907A1C47
:10778C0005D045F22403009A534423F81270731C5D
:10779C0035D046F22403009A534423F81260531C4C
:1077AC00B3F5006F009330D0009A9BF8243095B25B
:1077BC00002B3FF42EAF9AF80830ABBBDAF8003050
:1077CC002A46514602A89B689847DDED029A9DED2A
:1077DC00039A2BE7C4EB447143F6F872DAF80430E1
:1077EC0002EBC10213443BE740F2FF70DAF80030C1
:1077FC005146801A9B6882B202A8984781E7009B89
:10780C000133B3F5006F0093CED105B0BDEC0E8BF8
:10781C00BDE8F08FC2EB427043F6F872DAF8043030
:10782C0002EBC0021344FDE640F2FF72DAF80030BE
:10783C00514602A8521B9B6892B29847C5E71FF0AD
:10784C0009FFF0EE407A1FE743F22403BBF8260051
:10785C0046F2220544F224095344C0EBC036554489
:10786C00D144019345F22403760002460AEB03014E
:10787C004FEA400BB6B2002340F2FE7840F2FF7E96
:10788C008A4600954245A2EB0B0406EB020C03F171
:10789C00FF37B3FBF0F102DC019D25F81320012C1E
:1078AC0000FB1131C8BF29F813C019B1012B01DD40
:1078BC002AF81370734503F1010102F10102A4D0FF
:1078CC00009C0B4624F8021F0094DBE7FFFF7F7F30
:1078DC000000000090F8F4342DE9F04F2DED0E8BE4
:1078EC0085B0002B40F01481019300F50D79019ABD
:1078FC008346DFED9DDA9FED9DBA1FFA82FA002BCD
:10790C0040F0C3809BF80830002B40F0E980DBF896
:10791C00043003EBC203D3ED009A93ED019A4FF0C0
:10792C00FF35B7EE00EAB0EE6DDA0024B0EE6DCAAA
:10793C002E46F0EE6DCAA846F0EE6DBA2F4647E023
:10794C009BF80830002B40F0AF80DBF8043003EBE1
:10795C00C40393ED00AAD3ED01AA79EECA8A39EEDD
:10796C006A8A28EE080AA8EEA80AB5EE400AF1EEDB
:10797C0010FA00F1C880F1EEC07AF0EEE88AF4EE6D
:10798C00CE8AF1EE10FA0CD5F4EEC9AAF1EE10FA8B
:10799C003CDDF4EEEB7AF1EE10FA37D5F0EE67BA87
:1079AC002746B0EEC88AB4EECE8AF1EE10FA0CD5AA
:1079BC00B4EEE9AAF1EE10FA36D5F4EECC7AF1EE8B
:1079CC0010FA31D5B0EE67CA26460134582C3BD09C
:1079DC00A2B29245F9D09BF8F434002BB0D09BF8AE
:1079EC000830002B69D1DBF80030594602A89B689F
:1079FC009847DDED029AF0EE4BAA9DED039AB0EE9E
:107A0C004BAAF0EE698AB0EE498AAAE7F4EEC9AA4D
:107A1C00F1EE10FAC5D5F4EEEC7AF1EE10FAC0D511
:107A2C00F0EE67CAA046BCE7B4EEE9AAF1EE10FA94
:107A3C00CBDDF4EECD7AF1EE10FAC6D52546013445
:107A4C00B0EE67DA582CC3D1781C019B18BFA9F88B
:107A5C000070B8F1FF3F03F1010318BFA9F8B08023
:107A6C00711C019318BFA9F860616A1C2FD0582BA8
:107A7C00A9F8105209F102092DD0019A9BF8F4349F
:107A8C001FFA82FA002B3FF43DAF9BF8083083BB02
:107A9C00DBF800305246594602A89B689847DDED4A
:107AAC00029A9DED039A3AE7C4EB4472DBF804307A
:107ABC00D20002F52E7213444BE7DBF80030C2F112
:107ACC005702594602A89B6892B2984791E7582BE7
:107ADC0009F10209D1D105B0BDEC0E8BBDE8F08FD8
:107AEC00C2EB4272DBF80430D20002F52E72134462
:107AFC0011E7CAF15702DBF80030594602A89B681F
:107B0C0092B29847CBE71FF0A5FDF0EE407A34E730
:107B1C00B0F8F64400F50D710023C4EBC4372246CF
:107B2C004FEA440E7F00BFB2562AA2EB0E0507EBBC
:107B3C00020603F1FF3CD8BF0A80012DB3FBF4F021
:107B4C0004FB1030C8BFA1F8B06018B1012B01DDE7
:107B5C00A1F860C1572B02F1010203F10103BAD065
:107B6C00A1F810320231DFE7FFFF7F7F0000000039
:107B7C00DFED8F7A2DE9F04F2DED028B60EE278A29
:107B8C0089B007EE903A984600910446B0EE680A28
:107B9C000592B8EEE78A20F07BF9F0EE407AB0EE71
:107BAC00680A68EE277AFDEEE77ACDED037A20F0CD
:107BBC006BF828EE000A0099B8F1000FADF81E1012
:107BCC00FDEEC07ACDED047A40F3C2800023039A17
:107BDC00DFF8E09100929B461F461A46CDED027AE3
:107BEC000193D51A002DB8BF6D429A422BD000F3E9
:107BFC00B18028DA0026DFF8C0A12368DB6A534580
:107C0C0040F0978004EB41014FF6FF73B1F8E4129A
:107C1C009942ADF81E100CD00136B54202D112E0DB
:107C2C00B5420EDD04EB41010136B1F8E412994284
:107C3C00F6D10020059B198009B0BDEC028BBDE884
:107C4C00F08FADF81E100137B84500F08180009B15
:107C5C0093FBF8FAAAEB0B06002EB8BF7642DA4576
:107C6C004AD01FDC48DA0025DFF850B123681B6BC3
:107C7C005B4552D104EB41014FF6FF73B1F89413FD
:107C8C009942ADF81E10D4D00135AE4202D133E08A
:107C9C00AE423FDD04EB41010135B1F8941399423A
:107CAC00F6D1C6E70025DFF818B123685B6B5B459E
:107CBC0017D104EB41014FF6FF73B1F8441499420C
:107CCC00ADF81E10B5D00135B54202D114E0AE426C
:107CDC0020DD04EB41010135B1F844149942F6D191
:107CEC00A7E70DF11E0220460135984700285BD00E
:107CFC00B542BDF81E10D8D1DDE900230398D34658
:107D0C00049D02440298009290FBF8F22844CDE9BD
:107D1C00012066E7ADF81E10EEE70DF11E022046BD
:107D2C000135984700283FD0AE42BDF81E109DD1BA
:107D3C00E2E70DF11E02204601369847A0B3B5428A
:107D4C00BDF81E107FF459AF0137B8457FF47FAFF3
:107D5C0001206FE7002623689B6A4B4519D104EB81
:107D6C0041014FF6FF73B1F834129942ADF81E1071
:107D7C003FF45FAF0136AE4203D164E7AE42BFF6CB
:107D8C0060AF04EB41010136B1F834129942F5D1E0
:107D9C004FE70DF11E0220460136984720B1AE4246
:107DAC00BDF81E10D7D14EE7BDF81E10002041E7DC
:107DBC0035FA8E3C0D090000250900003D09000034
:107DCC0055090000DFED937A2DE9F04F2DED028B74
:107DDC0060EE278A89B007EE903A984600910446E7
:107DEC00B0EE680A0592B8EEE78A20F051F8F0EE92
:107DFC00407AB0EE680A68EE277AFDEEE77ACDEDB0
:107E0C00037A1FF041FF28EE000A0099B8F1000F29
:107E1C00ADF81E10FDEEC07ACDED047A40F3C880AB
:107E2C000023039ADFF8F09100929B461F461A46F6
:107E3C00CDED027A0193D51A002DB8BF6D429A424E
:107E4C002DD000F3B7802ADA0026DFF8D0A1236802
:107E5C00DB6A534540F09D8042F210034FF6FF72EF
:107E6C00194404EB410189889142ADF81E100CD0E5
:107E7C000136B54202D112E0B5420EDD194401368D
:107E8C0004EB410189889142F6D10020059B1980B1
:107E9C0009B0BDEC028BBDE8F08FADF81E100137B8
:107EAC00B84500F08580009B93FBF8FAAAEB0B0613
:107EBC00002EB8BF7642DA454ED021DC4CDA0025D4
:107ECC00DFF85CB123681B6B5B4556D142F610039F
:107EDC004FF6FF72194404EB410189889142ADF8C9
:107EEC001E10D2D00135AE4202D135E0AE4241DD9A
:107EFC001944013504EB410189889142F6D1C4E75C
:107F0C000025DFF820B123685B6B5B4519D143F288
:107F1C0010034FF6FF72194404EB4101898891421A
:107F2C00ADF81E10B1D00135B54202D114E0AE420D
:107F3C0020DD1944013504EB410189889142F6D1C9
:107F4C00A3E70DF11E0220460135984700285DD0AD
:107F5C00B542BDF81E10D6D1DDE900230398D346F7
:107F6C00049D02440298009290FBF8F22844CDE95B
:107F7C00012060E7ADF81E10EEE70DF11E02204661
:107F8C0001359847002841D0AE42BDF81E1099D15A
:107F9C00E2E70DF11E02204601369847B0B3B54218
:107FAC00BDF81E107FF453AF0137B8457FF47BAF9B
:107FBC0001206BE7002623689B6A4B451BD141F6D9
:107FCC0010034FF6FF72194404EB4101898891426A
:107FDC00ADF81E103FF459AF0136AE4203D15EE747
:107FEC00AE42BFF65AAF1944013604EB4101898801
:107FFC009142F5D149E70DF11E0220460136984712
:10800C0020B1AE42BDF81E10D5D148E7BDF81E1008
:10801C0000203BE735FA8E3CE90F0000051000000C
:10802C00211000003D1000002DE9F04FDFF8A49363
:10803C00D9F84C10D9F8543099422DED028B85B0FB
:10804C0000F01D81DFF890A309F6C82409F5D56866
:10805C00D9F85020002513444FF4327289F8A056F9
:10806C0093FBF1F001FB1033D9F8CC1A02FB03F2AD
:10807C009AF80630039102928A180192002B40F074
:10808C00CE81D9F89C76002F00F0AA81CA4D00262B
:10809C009AF80730002B00F025813B68C7485A69D5
:1080AC009AF80810824240F01B81B9755B68AB42AC
:1080BC0040F01D8197F83E30BBB197F83D3097F8F2
:1080CC003C20DBB2D2B287F83D2087F83C3097F8E1
:1080DC003D2097F83C300832083357F8222057F8E7
:1080EC00233087F83E60C7E90632B54AF96A97F83B
:1080FC00280002F5007C023932F8023F00FB03F342
:10810C0094454FEA232321F8023FF5D17F68002FD5
:10811C00BED1D9F8A436D9F89C56D90799F8A066DF
:10812C008AF807700DD4A74B002203F5846143F83D
:10813C00042C43E903220C338B42F8D10123C9F8F8
:10814C00A4364FF484620021404620F00BFD002D34
:10815C0000F05581B3B29C4F08EE103A2B68D3F85F
:10816C0008B0BB4540F0B1806989EB6906FB01F2B0
:10817C00E87D02EB42021344002840F08580C9B12F
:10818C0001EB4101914A03EB010C033313F802ECB0
:10819C0013F8010C063213F8031C4FEA0E2E0002E2
:1081AC009C454FEA012122F804EC22F8020C22F83B
:1081BC00061CEAD16D68002DD0D199F8A016D9F81B
:1081CC00C82A8348002E40F09980C2F1FF024FF07C
:1081DC00FF35DDE90273C2EB4212DE513346019EDC
:1081EC00C6F8C45280FB0250D5170244C5EBE21509
:1081FC00EDB20133019A754F02EB830CBE884FF040
:10820C00000E788837F8062BB042034605FB00F0C9
:10821C0038BF334605FB06F6934238BF134605FBC1
:10822C0002F2BC4205FB03F34FEA234303F10103C3
:10823C00B6FBF3F6B0FBF3F0B2FBF3F263F01F0303
:10824C004FEA26264FEA202063F3070E4FEA22223C
:10825C0066F30F2E60F3174E62F31F6E4CF804EBAF
:10826C00CCD14B1CDBB289F8A036002B40F09680A9
:10827C00D9F85430D9F84C108B427FF4E9AE05B0E4
:10828C00BDEC028BBDE8F08F002993D001EB4101CE
:10829C00E86A4E4A194413F803CB063230F81CB086
:1082AC008B4213F802CC30F81CE013F801CC30F8F8
:1082BC001CC022F806BC22F804EC22F802CCEAD14D
:1082CC006D68002D7FF44AAF77E7284600234246BD
:1082DC0018EE101AD8476D68002D7FF43FAF6CE78D
:1082EC00384690473B685B68AB423FF4E3AE384698
:1082FC0098477F68002F7FF4CBAE0AE7C2F1FF02EC
:10830C00B023C2EB421206FB03F380FB0250D517DD
:10831C000244C5EBE215F207EDB27FF56AAFB0335C
:10832C00019A2A4F02EB830CBE884FF0000E78881E
:10833C00334637F8062B864205FB06F638BF034654
:10834C0005FB00F0934238BF134605FB02F2BC421A
:10835C0005FB03F34FEA234303F10103B6FBF3F6EA
:10836C00B0FBF3F0B2FBF3F263F01F034FEA2626E7
:10837C004FEA202063F3070E4FEA222266F30F2EFA
:10838C0060F3174E62F31F6E4CF804E9CCD14B1C12
:10839C00DBB289F8A036002B3FF46AAFD9F8543021
:1083AC000022D9F84C1089F8A0268B4229D0013331
:1083BC00C9F8543060E700BFB51600000929010068
:1083CC009E22006024B801202516000018B8012058
:1083DC008180808070B10120084C00208AF80670E2
:1083EC00D9F8A436002199F8A06613F001038AF895
:1083FC00071033D04FF48462404620F0B3FB314673
:10840C00DDE6D9F85020013292FBF3F103FB112287
:10841C00C9F8502005B0BDEC028BBDE8F08FD9F83F
:10842C009C76002FDAD00E4E3B681B69B3420BD101
:10843C00D7F80A303D72C7F812307F68002FF3D19D
:10844C0000238AF806301CE63846002198477F68DE
:10845C00002FE9D100238AF8063012E61D4662E6A9
:10846C00E12801005A4B2DE9F04FDD6E5C6F2DEDCC
:10847C00028BAC4299B0149000F0A480544BD3F80A
:10848C00D83A129301231393129B002B00F0AE8366
:10849C004F4A4FF45260136F91682344D2F8E02A8C
:1084AC0093FBF5F405FB143312F0010200FB0313EC
:1084BC0007930DD1474B03F5407143F8042C43E966
:1084CC0003220C339942F8D10123414AC2F8E03A15
:1084DC003F4BD3F8E42D12F001020ED103F6F45306
:1084EC0003F5407143F8042C43E903220C33994201
:1084FC00F8D10123364AC2F8E43D4FF44072002112
:10850C00354820F02FFB4FF440720021334820F007
:10851C0029FB2F4BD3F8D05A002D00F00884129A67
:10852C00DFF8B4A093B23032DFF8B4B008EE103AF2
:10853C00103390469BB208EE903A1CE028461C463D
:10854C0013F010FB4A463946284613F00BFB7EB954
:10855C0004F5C07418EE101A28460AEB040213F046
:10856C0001FB1E4B18EE901A28461A1913F0FAFA52
:10857C006D68002D36D01FFA88F7DFF86090002662
:10858C002968A7F1100206EB46038C6891B20AEB3E
:10859C00C3125C454FEAC313D0D028460023A04732
:1085AC002B684A4639469C68284600235C4500F0F7
:1085BC00EB83203FA047002EDAD1BFB209F5C0797A
:1085CC000126DDE719B0BDEC028BBDE8F08F00BFD2
:1085DC0070B1012060BC012054BC012058BF0120A7
:1085EC002516000019494FF45260D1E91C3213448E
:1085FC00CA6E896893FBF2F402FB143300FB03137D
:10860C001793134B134A13F8101C13F80D0C0F91FE
:10861C0013F80F1C13F80C9C13F80B8C029113F825
:10862C000E1CA2F5C27315920E930023059116939E
:10863C000890CDE910980E9BA3F5C0730493169B7C
:10864C0008330693159B039306E000BF70B101201D
:10865C0068C2012058BF012004990B88063131F8FB
:10866C00042C31F8026C03F0100002F01004049199
:10867C00019602F400650F9902F4804B029E88402B
:10868C00B440B54044EA000802F0200403F0200096
:10869C00B440884044EA000C02F0400403F040006F
:1086AC00B440884044EA000E02F0800403F08000DD
:1086BC00B440884044EA000702F4807403F48070EC
:1086CC00B4408840204302F40074099003F4007015
:1086DC00B4408840044303F480600A9402F480643C
:1086EC008840B440044303F400608840284302F4FB
:1086FC0080550B9003F48050B54002F4005688402E
:10870C0022F4FF422843029D22F07F02AE4003F484
:10871C0000558D4046EA0509029E03F4804523F47A
:10872C00FF43B2400BFA06FB23F07F03019E8D4002
:10873C00CDF830908B4006F0100A059906F0200910
:10874C004BEA050B099D0AFA01FA09FA01F91343E0
:10875C00039A48EA0A0A06F040084CEA090906F4AA
:10876C00807C08FA01F812880CFA01FC4EEA080821
:10877C0006F0800E45EA0C0C0A9D0EFA01FE47EA43
:10878C000E0E06F400778F402F43354606F48066B4
:10879C0005F400658E408D4026430B9C2543019CBF
:1087AC0004F480548C4020430C9C0990019800F4F4
:1087BC000050884001992043059C0A9001F48040A8
:1087CC0021F4FF41A04021F07F014BEA0000A140C1
:1087DC00089C019043EA010B02F01001039BA1409D
:1087EC005B884AEA010A02F020010998A14049EA93
:1087FC00010902F04001A14048EA010802F08001A1
:10880C00A1404EEA010E02F48071A1404CEA010C29
:10881C0002F40071A1400F4302F48061A1400E43A9
:10882C0002F40061A1400D4302F48051A1400843C1
:10883C0002F400510B90A14020460A9C2143019C5C
:10884C000C9102F4804122F4FF42814022F07F021D
:10885C002143109C824003984BEA020B063030F8FF
:10886C00022C039003F01000A0404AEA000003F031
:10887C00200A0AFA04FA49EA0A0A03F0400909FA3A
:10888C0004F948EA090903F0800808FA04F84EEAEA
:10889C00080803F4807E0EFA04FE4CEA0E0E03F474
:1088AC00007C0CFA04FC47EA0C07019703F4806780
:1088BC00A7403E43099603F40066A64045EA060726
:1088CC0003F480552646A5400B9C0A972C4335464D
:1088DC000B9403F40054B4400C9E264303F48044E0
:1088EC0023F4FF43AC400C9623F07F0341EA040CC5
:1088FC001199AB40019DCDF834C04BEA030B02F04B
:10890C0010038B401843DDE90634C0F30F1024F834
:10891C00130002F020030A988B404AEA030A02F083
:10892C0040038B40CAF34F1A49EA030902F0800353
:10893C008B40C9F38F1948EA030C02F480738B4007
:10894C00CCF3CF1C4EEA030702F4007302F4804E02
:10895C008B40C7F30F2745EA030602F48063099D99
:10896C008B40C6F34F261D4302F400638B40C5F3C6
:10897C008F2540EA030402F480500B46C4F3CF2445
:10898C00884002F4005122F4FF4201940EFA03FED7
:10899C000B9C994022F07F02204302FA03F3C0F3B0
:1089AC000F380C984BEA030301430D98C3F3CF33F4
:1089BC0040EA0E0EC1F34F31DDE90604CEF38F32DF
:1089CC0004EB400EAEF818A1AEF83092AEF848C3E6
:1089DC00019CAEF86074AEF87865AEF89056AEF8BF
:1089EC00A847AEF8C088AEF8D819AEF8F02AAEF8A1
:1089FC00083C431C049906930E9B99427FF42CAEC1
:108A0C00169B159A403302F5C072802B1693159263
:108A1C0001F5C0720E927FF40EAEB649079B129A06
:108A2C00C3F81021179ACB8BA2F816318B8BA2F8B6
:108A3C0014314B8CA2F82E320B8CA2F82C32CB8C2E
:108A4C00A2F846338B8CA2F844334B8DA2F85E34DB
:108A5C000B8DA2F85C34CB8DA2F876358B8DA2F8F9
:108A6C0074354B8EA2F88E360B8EA2F88C36CB8ECC
:108A7C00A2F8A6378B8EA2F8A4374B8FA2F8BE387B
:108A8C000B8FA2F8BC38CB8FA2F8D6398B8FA2F8FB
:108A9C00D439B1F84230A2F8EE3AB1F84030A2F82D
:108AAC00EC3AB1F84630A2F8063CB1F84430A2F8E2
:108ABC00043CB1F84A30A2F81E3DB1F84830A2F897
:108ACC001C3D134622F01F0203F55263BFF34F8F78
:108ADC004FF0E021C1F8682F20329342FAD8BFF34F
:108AEC004F8FBFF36F8F834B5C6FDD6EAC4200F02A
:108AFC00D98001347F4B5C677E4AD2F8D83A013377
:108B0C000F2B129300F2C880C2F8D83A794B5B78DD
:108B1C00002B46D0784E794A33685B08A2FB0323BE
:108B2C00774ADB0BDB01A2FB03237289DB090133E0
:108B3C009A4200F2EF80734B4FF452666D4F53F82C
:108B4C00080C13F8042C4FF48073396F9340B0F871
:108B5C00882103F4706392B222EA0302A0F8882100
:108B6C00BA6806FB01224FF48A76B96F02EB060C49
:108B7C00FF6DC1F800C03A608A8B5E4F22F0800214
:108B8C00CE601204120C8A838A8B92B242F02002BD
:108B9C008A83B0F8882192B21343A0F8883100235D
:108BAC007B70A5423FF40EAD139B0133DBB2062B59
:108BBC0013937FF469AC149B002B40F0B3804E4EA2
:108BCC004E4A33685B08A2FB03234D4ADB0BDB01E7
:108BDC00A2FB03237289DB0901339A4200F2C6809F
:108BEC00149B1393129B002B7FF452AC424E737B5D
:108BFC00002B40F09F803F4BD3F8D07A002F3DD014
:108C0C00414D0024337B002B57D03B683F485A69B9
:108C1C00B17A82424FD1B9755B68AB4251D197F8AA
:108C2C003E30BBB197F83D3097F83C20DBB2D2B266
:108C3C0087F83D2087F83C3097F83D30083357F8DB
:108C4C002330FB6197F83C30083357F8233087F812
:108C5C003E40BB612E4AF96A97F8280002F5007C69
:108C6C00023932F8023F00FB03F394454FEA232309
:108C7C0021F8023FF5D17F68002FC3D11D4B002492
:108C8C0093F8D43A347313BB1A4BD3F8D82A5C6FCD
:108C9C00DD6E1292FFF7FCBB0023164A1293C2F84A
:108CAC00D83A33E719461B6F013393FBF4F204FBFC
:108CBC0012330B6720E7384690473B685B68AB4242
:108CCC00ADD0384698477F68002F9BD1D6E7094A2C
:108CDC0092F8DC3A1546C3F1FF039361FBF7D4FF1E
:108CEC00D5F8D82A85F8D44A12926C6FED6EFFF73E
:108CFC00CFBB00BF70B10120084C00200180008068
:108D0C000980000868C20120B5160000092901007D
:108D1C009E220060013A90B27081FCF775FA012333
:108D2C00337308E70023CDE91333FFF7ADBB079B83
:108D3C00179366E4194BD3F8D04A14B3129F184D0D
:108D4C0023681B69AB420AD1D4F80A302772C4F8E5
:108D5C0012306468002CF3D1002373734BE7204668
:108D6C00002198476468002CEAD1F5E7013A90B2EB
:108D7C007081FCF749FA01233373149B1393FFF7AB
:108D8C0083BB129B737379E712F0ECFE002E7FF419
:108D9C00EFAB203F09F5C079BFB211E470B10120EF
:108DAC00E12801002DE9F04FB34D87B0D5F8D04A3A
:108DBC00002C00F0C58023461A465B68002BFBD1C3
:108DCC00AE4B5360AE4F00264FF00109DFF8D48252
:108DDC0023681B68BB4240F0AC8084F83C60C4F84C
:108DEC00308084F83D9084F83E60D4E90823A26179
:108DFC00E3616468002CEBD1A24C0023DFF8A8825D
:108E0C00A14AA146B8F804006A60C5E91C3394F87D
:108E1C009030EB669D4BC5F88430FCF7F5F90120DA
:108E2C00FFF720FB9A4A9B4B3820516841F40031E4
:108E3C0051601521C3F87003C3F88011566846F0D1
:108E4C0001065660C3F82C03C3F83C11566846F46F
:108E5C0080665660C3F85403C3F86411566846F034
:108E6C0002065660C3F83003C3F84011566846F446
:108E7C0000665660C3F85803C3F86811566846F08C
:108E8C0004065660C3F83403C3F84411566846F020
:108E9C0008065660804EC3F83803C3F84811D6F85C
:108EAC0004C07E4A4CF0100C0192FF22C6F804C09C
:108EBC00C3F814025962D6F804C04CF0200CC6F862
:108ECC0004C0764EC3F81802B6469962C3F87023F4
:108EDC00C3F82C23C3F85423C3F83023C3F8582306
:108EEC00C3F83423C3F83823C3F81422C3F8182268
:108EFC0066686FF0120106F11303891B06F1290C49
:108F0C0001E063450ED0C81813F8012F072AF8D1D9
:108F1C00D6E90021304413680B43136090F82A30D3
:108F2C00FF2B12D15E4B734501F0ED835EF8044FBD
:108F3C00DEE7204698476468002C7FF449AF5BE776
:108F4C004E4B1C46C5F8D03A3CE703934B46A14622
:108F5C001C46D9F800B04846C5F814B01CF0C6FF42
:108F6C00D9F804E06FF012007646A0EB0E000EF17B
:108F7C0013030EF1290C01E063450CD0C11813F852
:108F8C00012F072AF8D18E44424B9EF84020C3F89B
:108F9C008021D9F8046006F113016FF0120306F179
:108FAC0029029B1B084601E0904215D003EB000EF2
:108FBC0010F801CFBCF10A0FF6D1B644354B9EF830
:108FCC004020C3F83C216FF01203D9F804609B1BBE
:108FDC0006F1130106F12902084601E0824215D080
:108FEC0003EB000E10F801CFBCF1060FF6D1B6441E
:108FFC00284B9EF84020C3F864216FF01203D9F877
:10900C0004609B1B06F1130106F12902084601E0DE
:10901C00904215D003EB000E10F801CFBCF10C0FF1
:10902C00F6D1B6441B4B9EF84020C3F840216FF09C
:10903C001203D9F804609B1B06F1130106F12902F7
:10904C00084601E0824215D003EB000E10F801CF68
:10905C00BCF1090FF6D1B6440E4B9EF84020C3F874
:10906C0068216FF01203D9F804609B1B06F1130101
:10907C0006F1290208461BE070B10120B8C201209C
:10908C00E515000068C20120554F00000D160000C8
:10909C000040004200801F4000C00042381E0020EB
:1090AC00401E0020281E0020084C002082421DD0AB
:1090BC0003EB000E10F801CFBCF10B0FF6D1B64448
:1090CC00C34B9EF84020C3F844216FF01203D9F82B
:1090DC00046006F113019B1B06F1290203EB010C42
:1090EC0011F8010F0D2807D08A420DD003EB010CAB
:1090FC0011F8010F0D28F7D1B444B54B9CF8402062
:10910C00C3F84821D9F804606FF012010520D6E9A4
:10911C000026136833431360D9F804E0CBF8080039
:10912C00A1EB0E01F4460EF113030EF1290602E039
:10913C009E4200F0DD85C81813F8012F0A2AF7D1DA
:10914C00DEE90021704413680B43136090F82A6029
:10915C00D9F804C00CF113016FF012030CF12902C1
:10916C00A3EB0C03084602E0824200F0C48503EB3B
:10917C00000A10F801EFBEF1060FF5D1DCE9001082
:10918C00E2446FF012030A6802430A609AF82A203C
:10919C00D9F804C0B2421146A3EB0C0338BF3146D8
:1091AC009642029128BF16460CF113010CF12902CC
:1091BC00084602E0824200F0A28503EB000A10F898
:1091CC0001EFBEF10C0FF5D1DCE90010E2446FF0B9
:1091DC0012030A6802430A6002999AF82A20D9F805
:1091EC0004C09142A3EB0C0338BF11469642029186
:1091FC0028BF16460CF113010CF12902084602E0B7
:10920C00824200F0808503EB000A10F801EFBEF1FA
:10921C00090FF5D1DCE90010E2446FF012030A6883
:10922C0002430A6002999AF82A20D9F804C09142A4
:10923C00A3EB0C0338BF11469642029128BF164689
:10924C000CF113010CF12902084602E0904200F0E7
:10925C005E8503EB000A10F801EFBEF10B0FF5D1A0
:10926C00DCE90010E2446FF012030A6802430A6062
:10927C009AF82AE0029A7645D9F804C028BF7646B7
:10928C009645A3EB0C030CF1130138BF96460CF179
:10929C00290202E08A4200F03E8503EB010A11F834
:1092AC00010F0D28F6D1DCE90021E24413680B43D1
:1092BC0013609AF82A309E4228BF1E46734538BF69
:1092CC00734606F1080E9E45B8BF9E465FFA8EF3B4
:1092DC001A46029306F10F039342C0F28A86039951
:1092EC008A422CBF002301238E4288BF43F0010326
:1092FC00002B00F07E86D9F804A06FF01201D44642
:10930C00A1EB0A010AF113030AF1290E02E07345DD
:10931C0000F01C85C81813F8012F062AF7D1DAE9DA
:10932C000021504413680B43136090F82A30D9F88D
:10933C0004C09B1B0CF113010CF1290204F8103C26
:10934C006FF012030846A3EB0C0302E0824200F01C
:10935C00008503EB000A10F801EFBEF1090FF5D1FF
:10936C00DCE90010E2446FF012030A6802430A6061
:10937C00D9F804C09AF82A00A3EB0C030CF11301E2
:10938C000CF12902801B04F80F0C084602E0824203
:10939C0000F0E28403EB000A10F801EFBEF10A0FB3
:1093AC00F5D1DCE90010E2446FF012030A680243C5
:1093BC000A60D9F804C09AF82A00A3EB0C030CF14C
:1093CC0013010CF12902801B04F80E0C084604E072
:1093DC0000801F40824200F0C28403EB000A10F8A8
:1093EC0001EFBEF10C0FF5D1DCE90010E2446FF097
:1093FC0012030A6802430A60D9F804C09AF82A00DA
:10940C00A3EB0C030CF113010CF12902801B04F8E3
:10941C000D0C084602E0824200F0A48403EB000A23
:10942C0010F801EFBEF10B0FF5D1DCE90010E244AE
:10943C006FF012030A6802430A60D9F804C09AF864
:10944C002A00A3EB0C030CF113010CF12902801B75
:10945C0004F80C0C084602E0824200F0868403EB10
:10946C00000A10F801EFBEF10D0FF5D1DCE9001088
:10947C00E2446FF012030A6802430A60D9F804C090
:10948C009AF82A00A3EB0C030CF113010CF129023E
:10949C00801B04F80B0C084602E0824200F0688442
:1094AC0003EB000A10F801EFBEF1060FF5D1DCE971
:1094BC000010E2446FF012030A6802430A60D9F804
:1094CC0004C09AF82A00A3EB0C030CF113010CF165
:1094DC002902801B2873084602E0824200F00684B1
:1094EC0003EB000A10F801EFBEF1090FF5D1DCE92E
:1094FC000010E2446FF012030A6802430A60D9F8C4
:10950C0004C09AF82A00A3EB0C030CF113010CF124
:10951C002902801B6873084602E0824200F02F8407
:10952C0003EB000A10F801EFBEF10A0FF5D1DCE9EC
:10953C000010E2446FF012030A6802430A60D9F883
:10954C0004C09AF82A00A3EB0C030CF113010CF1E4
:10955C002902801BA873084602E0824200F00B84AB
:10956C0003EB000A10F801EFBEF10C0FF5D1DCE9AA
:10957C000010E2446FF012030A6802430A60D9F843
:10958C0004C09AF82A00A3EB0C030CF113010CF1A4
:10959C002902801BE87302E08A4200F0EE8303EBA1
:1095AC00010E11F8010F0B28F6D1DCE90021E6447D
:1095BC0013680B4313609EF82A10029B891B039AB5
:1095CC004FF0020A9B1B3602297412021B0406F48C
:1095DC00F856D54902F4F85203F4F81304F804AC25
:1095EC003143012643F480734FF4826CCBF8003185
:1095FC00CBF88010CD49CBF804311143CC4ACBF8D1
:10960C008420CBF80831CBF88820CBF80C31CBF880
:10961C008C20CBF81031C74BCBF89020CBF8803492
:10962C0040F60C73CBF80014CBF80035DBF8303077
:10963C0043F00803CBF83030BF4BB3F8882144F823
:10964C00083C22F480621204120CA3F88821BB4A55
:10965C0056629662D8F80020F24007EE102AD8F82D
:10966C0000209FEDAD5BB8EEC77BF2409FEDAC4B9D
:10967C0027EE057BBCEEC76B07EE102AD8F800204E
:10968C00B8EEC77BF24027EE057BFCEEC76B07EE0E
:10969C00102AB3F88821B8EEC77B92B227EE047B70
:1096AC0042F04002A3F8882116EE102AA3F8C6C097
:1096BC0090B216EE902ABCEEC77B91B2A3F8CE0006
:1096CC00A3F8D61017EE102A9D4892B2A3F8DE200C
:1096DC00B3F8802192B242F48062A3F88021B3F8EF
:1096EC00802192B242F04002A3F88021B3F8882185
:1096FC0092B242F00402A3F88821B3F8E82092B2A7
:10970C0042F40072A3F8E8204FF48873A4F8923066
:10971C001CF04CFB8B481CF049FB8B481CF046FBA7
:10972C0095F87C20AB6895F868E0DFF830C203F55B
:10973C008A7095F86010AB6F8CF81A208CF81AE0D0
:10974C00DFF830E28CF81A100FFA82FC186001F086
:10975C001F01C3F810E04FF0040EDE83DE71DE82D1
:10976C009E714FF48A76A3F804A0784A7848C3E92E
:10977C0002E64FF6F8769E8210269E61002342F890
:10978C002C30744B42F82C3020F01F0384F89410CA
:10979C00411CBFF34F8F4FF0E022C2F8683F2033DB
:1097AC009942FAD8BFF34F8FBFF36F8F00216B6EC6
:1097BC00B0F1804F18609980D971C0F047829A68D7
:1097CC00002A00F04382644AD960998299711A6127
:1097DC0000229A61DA8B110400F1D4820C22DA8314
:1097EC00DA82A96F4FF0000E95F868308A8B1B0255
:1097FC00E86D92B2B4F892C003F4F853DFF878B184
:10980C0022F4FC52134343F020038B8353496B69BE
:10981C000A6803F5007342F080020A60AA68D9F85E
:10982C0004606FF00F0902604FEA1C120361CCF563
:10983C008C73C283C360C282838BC0F818909BB2B6
:10984C0043F008038383042383808382022395F8E7
:10985C006020C37183710FFA82FC414B02F1100A34
:10986C008360F37C394E03F07F0346F82CE043F021
:10987C000043DFF808E146F82C3002F01F0C868B11
:10988C00384BB6B246F00206868303EB5210012623
:10989C00800006FA0CFC344E46F82AB0C0F800C022
:1098AC00602002F80E0095F87C2002F80E904FF024
:1098BC00010995F87C20DFF8C8E003EB521302F0A5
:1098CC001F0002F1100C9B0009FA00F046F82CE086
:1098DC00186095F86830CB76CA76286FFBF7A2F93A
:1098EC0014F8043C54F8086C09FA03F31F49B6F851
:1098FC0088011B021E4A80B203F470630343A6F86E
:10990C008831D8F8003023FA09F3A1FB0303DB0BF1
:10991C00DB0137E0AFF30080F9978B952411E23E21
:10992C0048AFBC9AF2D77A3E020083000100C30D07
:10993C00020080000022000100803E4000801F4099
:10994C00E8B10120D4B10120CCB1012000C00E40FF
:10995C00FCC201206E0000801B800E4000800E4077
:10996C0010C0FF7F40380038005400200180008078
:10997C0009800008D6803E40DD1D000000E400E0B8
:10998C0019160000A2FB0303DB094B44EF2B40F23A
:10999C007981D8F8000020FA09F0A1FB0010C00B67
:1099AC00C001A2FB0020C00948440123A8F80A000A
:1099BC0088F80C30FBF728FC94F88E30002BFBD188
:1099CC00012384F88E3094F88E30002BFBD194F860
:1099DC008C30B4F85A20002B00F04181B4F85C3084
:1099EC0003FB02F2D4E91C1002EB42021FF0ACFEA6
:1099FC00D5F89C66002E00F0418133461A465B6810
:109A0C00002BFBD1C84B53604FF000094FF0010BFA
:109A1C00DFF834A333681B68BB4244D1736A86F801
:109A2C003C90F361336A86F83DB0C6F830A086F8F6
:109A3C003E90B3617668002EECD194F895300120FD
:109A4C004FF0FF0AEB640023C5E91433B74BAB6549
:109A5C00FEF7EAFA94F89CC0B54CDDF804E0A14698
:109A6C00D9F804706FF0120107F11303C91B07F149
:109A7C00290601E09E421CD0C81813F8012F62453C
:109A8C00F8D1D7E90021384413680B43136090F8E0
:109A9C002A30FF2B84F8C4301AD1A64B9E450DD02A
:109AAC005EF8049FDCE7304698477668002EB1D10B
:109ABC00C3E7A04B84F8C4A09E45F1D100239E4976
:109ACC009E48C4F8C0301CF045FAD4F8C0909FE111
:109ADC00D9F804C06FF0120194F8A070A1EB0C013E
:109AEC0066460CF113030CF1290EC4F8C09002E089
:109AFC009E4500F06C82C81813F8012FBA42F7D1BA
:109B0C00DCE90021604413680B43136090F82AC011
:109B1C00D9F804606FF0120194F8A47006F11303E5
:109B2C0006F1290E891B84F8C5C002E09E4500F0A1
:109B3C003681C81813F8012FBA42F7D1D6E90021A3
:109B4C003044BCF1FF0F136843EA0103136090F833
:109B5C002A3084F8C63000F02881FF2B00F05F8299
:109B6C00D4F8A8104A1C40F094820123FE20D9F8A6
:109B7C0000B002221F460190012B99F80C000CBF7B
:109B8C000426032610EA070300F0FA820123104290
:109B9C0000F0F78201335200DBB2D2B29E42F6DC07
:109BAC00FF2384F8C83099F80D2012F0010000F062
:109BBC00C98212F0020600F0628412F0040C00F06C
:109BCC009F8412F0080F02F0080700F0A28402969E
:109BDC00FF2684F8C960BCF1000F00F07485FF26E5
:109BEC00B64603960646039807F0FF0A5FB9BEF126
:109BFC00FF0F00F05885D9F80470FF7C774540F0D2
:109C0C0052854FF0000A002E00F0C182029F002FF7
:109C1C0000F08284BCF1000F00F05285BAF1000F05
:109C2C0000F05D85FF26B34284F8CB6000F05E85C2
:109C3C0099F80C30FF28019A02EA030289F80C20EB
:109C4C0084F8C86040F0268400F032BC0022DA6050
:109C5C009A829A7101229A60394A1A61B8E5B4F86D
:109C6C005C3003FB02F2D4E91C0102EB42021FF050
:109C7C006BFDD5F89C66002E7FF4BFAE2A4EC5F85E
:109C8C009C66C1E6D8F80030D8F800205B08520872
:109C9C0007EE102A2B4A9FED226BB8EEC77B27EEFE
:109CAC00067BBCEEC77B17EE101AB3FBF1F3A2FBDD
:109CBC000313DB09013BF02B00F26782D8F800009C
:109CCC00D8F8003040085B0807EE103AB8EEC77BB6
:109CDC0027EE067BBCEEC77B17EE103AB0FBF3F019
:109CEC00A2FB0020C009013880B25EE6FF2010E420
:109CFC00FF26FFF72FBAFF200290FFF759BAFF207B
:109D0C000290FFF77BBAFF200290FFF79DBA4FF04D
:109D1C00FF0EFFF7C2BAFF23FFF7D3BAAFF30080F1
:109D2C00F9978B952411E23E78C20120194B000063
:109D3C0068C20120401E002018470020184C00204B
:109D4C001B800E40ABAAAAAA281E0020FF23FFF7F7
:109D5C00F0BAFF20FFF716BBFF20FFF734BBFF2044
:109D6C00FFF754BBFF20FFF772BBFF20FFF790BB40
:109D7C00FF20FFF7AEBBFF200BE4FF211DE4FF200B
:109D8C00FFF7E7BBDA8B02F47E4242F00C02DA8377
:109D9C00DA8A02F47E4242F00C02DA8221E5FF23D9
:109DAC009C4584F8C63040F03A81019B4FF0FF0C83
:109DBC0003F10C079E46BA465EF8049B6FF0120145
:109DCC00D9F80470C91B07F1130307F1290602E047
:109DDC009E4200F01F83C81813F8012FFF2AF7D1F9
:109DEC00D7E90021384413680B43136090F82A30EC
:109DFC00FF2B84F8C53040F05384F245DCD10023AE
:109E0C00C4F8C030BA49BB481CF0A4F8D4F8C090D0
:109E1C0048461CF06BF8B84BD4F8B0209A4203D1EA
:109E2C0094F8B530002B3AD0B34BC4F8B0300023C3
:109E3C0084F8B530B14BD9F80010994200F01D816F
:109E4C00AF4B186A9A6A9B6AC0F3C140C2F34222B4
:109E5C00C3F342630133AB4D02FB0333AA4A01281F
:109E6C0018BF2A46B2FBF3F2A84B5208A3FB02031D
:109E7C00A74882424FEA535306D90130B2FBF3F2A2
:109E8C00824298BF03F1FF33012B94F8C82038BFEE
:109E9C00012302F5A07243F4706341F8223094F868
:109EAC00B430012B12D0012384F8B43094F8C930AB
:109EBC00D9F80020E03302EB8303C4F8BC3094F8EB
:109ECC00CB30A03302EB8302C4F8B820EFF310813F
:109EDC0072B698F83C30012B7CD0032B00F08982B1
:109EEC008C4B4FF0E022C8F82830032388F83C3024
:109EFC00D2F8203D43F47F03C2F8203D864B874ABD
:109F0C00D36301B962B6E022D8F8401088F8442037
:109F1C00C9B1834B83480B4408EB231383F84820C7
:109F2C0098F8493098F8481098F84A208B4228BF86
:109F3C000B46934228BF134698F84B20934228BFF8
:109F4C00134680F87A3098F84C20774C774878494B
:109F5C00B4FBF2F202EB4202D200013A1CF0D6FA48
:109F6C00D8F8003073495B08734AA1FB0303DB0B81
:109F7C00DB01A2FB0303DB090133EF2B10D8F0212B
:109F8C006E4A0B46012088F80830D8F8403088F823
:109F9C004C1088F8070003B11A6007B0BDE8F08FC9
:109FAC00D8F800305B08A1FB0313DB0BDB01A2FB31
:109FBC000323DB090133DBB2012B194638BF012126
:109FCC00B4FBF1F404EB4404E200013ADAE74FF09D
:109FDC00FF0C9FE598F83D30002B81D0D8E90D237C
:109FEC00002B00F093825A61002A00F08C8293615E
:109FFC0076E795F888301BB12A2151480FF0EAF822
:10A00C0040F60D23ADF8143095F888301BB10221C1
:10A01C0005A80FF0DFF8D5F814B0FFF76CB9019B69
:10A02C004FF0FF0CA14603F10C079E46BA465EF8B2
:10A03C00044B6FF012016768C91B07F1130307F19A
:10A04C00290601E09E4215D0C81813F8012FFF2AEB
:10A05C00F8D1D7E90021384413680B43136090F80A
:10A06C002A30FF2B89F8C63040F07082F245DED1E1
:10A07C004C46C4E689F8C6C0F8E7A3F53023186B44
:10A08C001A6B1B6BC0F3C110C2F30232C3F3422331
:10A09C00E0E6D9F804C06FF01200C9B2A0EB0C00D6
:10A0AC000CF113030CF1290702E09F4200F0CC8263
:10A0BC00C61813F8012F8A42F7D1DCE90021664457
:10A0CC0013680B43136096F82A30FF2B84F8C730C3
:10A0DC0000F0BD82D4F8A810D9F800B04B1C00F0E9
:10A0EC000B83FC23062203270193022344E500BFC4
:10A0FC0068460020184C0020404B4C0000C01A4011
:10A10C0000C00F4000389C1C80204B1E6BCA5F6B3C
:10A11C003F4B4C00B11D00006D100100005400209D
:10A12C0000BFF7BF00E400E040420F00484C0020A5
:10A13C00BD75000001800080098000088F86010039
:10A14C003C4600200126324389F80D2012F0010A0A
:10A15C0084F8C900D9F8047007EB000696F810E0F3
:10A16C0000F05B8112F0020600F0768112F0040C14
:10A17C0040F0D481BEF1FF0F00F0AD82D4465AE11D
:10A18C003A46104389F80C000BE5F0200DE401274A
:10A19C00174389F80D70FF2B84F8CB6000F07681A3
:10A1AC00FF2800F0A481012584F8CA5040B1024672
:10A1BC00013A6D0012F0FF02EDB2F9D184F8CA50E9
:10A1CC00012584F8CC5046B13246013A6D0012F0AC
:10A1DC00FF02EDB2F9D184F8CC5000B294F8C6204D
:10A1EC001D06DFF864C30BEB800794F8C400120261
:10A1FC0005F0E0650002013102F4F85236B200F4C9
:10A20C00F8500BEB830342EA05020BEB860640EA9F
:10A21C00050094F8C55042F001024FEA052540EACA
:10A22C000C0CC24805F4F85540EA05004FF0000547
:10A23C00C7F80051C7F880C0C6F80051C6F8802096
:10A24C0040F60172C3F80025C3F8000400F04B81FE
:10A25C0094F8C720B649120202F4F8521143B54AD9
:10A26C00C3F880244FF6FF72C3F804254FF48852CC
:10A27C00C3F88424C3F80414D9F804C001236FF084
:10A28C00120194F89C00CBF808306646A1EB0C0147
:10A29C000CF113030CF1290702E0BB4200F0F18032
:10A2AC00CD1813F8012F8242F7D1A34FAC4407EB22
:10A2BC0000109CF84020036A1A60D9F8046006F17B
:10A2CC0013036FF0120094F8A0C006F12905801B4F
:10A2DC001A4601E0AA4216D000EB020E12F8011F3A
:10A2EC006145F7D1B64407EB0C1C6FF01200DCF89B
:10A2FC0020309EF840201A60D9F80460801B06F1CB
:10A30C00130306F1290594F8A41001E0AB420CD01C
:10A31C0000EB030C13F8012F8A42F7D1664407EBCC
:10A32C00011196F840200B6A1A60D4F89C30B822C0
:10A33C0007EB03135B6A1A60D4F8A03007EB031326
:10A34C005B6A1A604EF2B802D4F8A43007EB031320
:10A35C005B6A1A60D4F8A8104B1C19D0D9F804C049
:10A36C006FF01200C9B2A0EB0C000CF113030CF14E
:10A37C00290601E09E420BD0C51813F8012F8A4222
:10A38C00F8D107EB0117AC443B6A9CF840201A60EB
:10A39C00D9F80830694A1968002900F061819142A6
:10A3AC0013D05968181D002900F0598191420CD026
:10A3BC00996803F10800002900F05181914204D002
:10A3CC00D9680C33002900F04B81012384F8B43098
:10A3DC0094F8C930D9F80020E03302EB8303C4F8B9
:10A3EC00BC3094F8CB30A03302EB8302C4F8B82015
:10A3FC000EE598F83D30002B3FF472ADD8E90D23F3
:10A40C00002B00F01B815A61002A7FF4F0ADC4F8D8
:10A41C00EC3065E584F8C5C0EFE4BEF1FF0F00F049
:10A42C004B813E7C764540F0478112F0020618D0F5
:10A43C0012F0040C72D1B2466646D44697F812A0BC
:10A44C00F24540F0488112F0080ACDF808C01AD045
:10A45C004FF0000CFFF7D7BBBEF1FF0F00F04281AD
:10A46C00564697F811C0F44540F0318112F0040CB7
:10A47C00E4D00027029702F00807FFF7B5BB0226CD
:10A48C0061E62D4F1BE7D446FFF7B7BBFF2884F8D6
:10A49C00C83007D099F80D30FF2E23F0010389F84E
:10A4AC000D3005D099F80D3023F0010389F80D30EB
:10A4BC00FF2384F8C93084F8CB3095F888301BB171
:10A4CC0031211F480EF086FE40F60D2295F888309B
:10A4DC00ADF81420002B3FF4F8AA022105A80EF0C9
:10A4EC0079FEFFF7F2BA174AC3F88024C4E699F84C
:10A4FC000C30019A1A4089F80C2084F8C800D1E776
:10A50C00022004261FE6C4F8E430E9E4C4F8E02095
:10A51C006AE50320082616E6022739E6CDE9026033
:10A52C0002F008075046FFF75DBB00BF0100C301F6
:10A53C008300030022220001281E002000C30120FA
:10A54C00E446002000220001020083004B46A14695
:10A55C001C46C3F8C090D9F804E06FF0120194F8CF
:10A56C009C70A1EB0E0176460EF113030EF1290C33
:10A57C0001E09C455CD0C81813F8012FBA42F8D101
:10A58C00DEE90021704413680B43136090F82AC075
:10A59C00D9F8046006F113036FF0120094F8A0A030
:10A5AC0006F12907801B1A4684F8C4C001E09742C3
:10A5BC0041D000EB020E12F8011F5145F7D1D6E93C
:10A5CC000021B6446FF0120013680B431360D9F8E6
:10A5DC0004609EF82AE0801B06F1130306F129079C
:10A5EC0094F8A4A084F8C5E001E09F421BD0C118E8
:10A5FC0013F8012F5245F8D1D6E900203144BCF1B3
:10A60C00FF0F18BFBEF1FF0F136843EA000313607E
:10A61C0091F82A3084F8C6303FF4F4ABFF2B7FF46A
:10A62C009FAAFFF7EFBBFF2384F8C630FFF7EABB06
:10A63C004FF0FF0CAEE74FF0FF0ED1E7C4F8E82067
:10A64C00002A7FF4D4ACE2E6FF2384F8C7302F490C
:10A65C002F481BF07FFCD4F8C090FFF7D9BB034602
:10A66C001A6099F80E30002B7FF4AFAED9F80420A5
:10A67C002849137AD268103341F82320D9F80430D2
:10A68C000121254A1B7A02EB531203F01F0392009F
:10A69C0001FA03F3136089F80E10D4F8C09094E615
:10A6AC00C4F8C09057E7074608260320164389F8DC
:10A6BC000D60064638466EE5074601265046F5E71E
:10A6CC000226042764E5FF2702200426EEE707464E
:10A6DC0002260120EAE7074604260220E6E70326C5
:10A6EC00082755E5074602265046DFE7FF2884F881
:10A6FC00C8307FF4D7AEDBE60123FE2002221F46D2
:10A70C000190FFF739BA00231B68FFDEA446002036
:10A71C00184C00200054002040380038437D2DE9AF
:10A72C00F04F044687B0DFF800B3002B00F028810F
:10A73C00237D002B00F04881227C637CB749C3F158
:10A74C00FF0300274FF01F09C1F8C83A4FF03F082C
:10A75C00E36881F8DC2A01221B6881F8D42A186886
:10A76C0003689B699847E36805461B68586803684B
:10A77C009B699847E36802901B68986803689B691B
:10A78C0098470390002429E0BBF85A000CFB0033D7
:10A79C00DBF8680003EB4303C654034483F801A0C1
:10A7AC009A70C4F13F00814215DDBBF8641043463A
:10A7BC00884510DA9BF85810002944D1BBF85A1080
:10A7CC0001FB0303DBF8681003EB4303CE540B448B
:10A7DC0083F801A09A700134402C6BD039192B6886
:10A7EC00284689B21B69019198472B68024601994A
:10A7FC001B692846167898472B680246019928460B
:10A80C001B6992F801A09847BBF862102346827826
:10A81C008C42C6DABBF86400CC468145C1DA9BF8A1
:10A82C0058000028B0D002281AD00128BBF85A00D2
:10A83C003AD0BBF85CC04B460CF1FF3CACEB040CC3
:10A84C000FFA8CFCA2E7022918D0012924D0BBF8FE
:10A85C005C30BBF85A10013B1B1A40461BB2AFE7E9
:10A86C00BBF85A00BBF85CC0431E0CF1FF3C1B1B31
:10A87C00ACEB090C1BB20FFA8CFC87E7BBF85A1037
:10A88C00BBF85C3001F1FF3C013BACEB0000A3EBEF
:10A89C00080300B21BB293E7BBF85A100346481EDC
:10A8AC00A0EB080000B28BE7431EA446A3EB090300
:10A8BC001BB26BE708F1FF38403709F1FF39B8F1EB
:10A8CC001F0FBFB27FF45EAF9BF88E3003F0FF0515
:10A8DC00002BF9D10123DDE902678BF88E30ACB285
:10A8EC003368304621461B69984733680246214637
:10A8FC001B69304692F8008098473368024621461F
:10A90C0030461B6992F8019098473B682146827843
:10A91C0038461B698DF814808DF815908DF816202B
:10A92C0098473B68024621461B69384692F80090CE
:10A93C0098473B680246214638461B6992F80180CD
:10A94C009847034605A928B28DF810909B780135DD
:10A95C008DF811808DF812301AF094F904F158002A
:10A96C0004A900B21AF08EF9582DB8D19BF84E30CC
:10A97C00002BFBD101238BF84E3007B0BDE8F08FD4
:10A98C0001210BF1F002417552E8003FDBF8F43085
:10A99C00DBF8F80042E80015002DF5D1204A52688A
:10A9AC004FF47A71121A01FB03F3DBF8FC10A2FBD3
:10A9BC000121B1F57A7F94BF5B1803F57A73A3601C
:10A9CC00237D002B7FF4B8AE164A012552E8003FD8
:10A9DC00DBF8F430DBF8F80042E800510029F5D13F
:10A9EC000F494968091ADBF8FC00A1FB00104FF471
:10A9FC007A7101FB03F3884294BF1B185B18D4E9EE
:10AA0C0001100144994211D8237D002B7FF494AEA0
:10AA1C00A27CE37C2575227463748FE670B10120EF
:10AA2C00001000E058C3012068C20120012152E847
:10AA3C00003FDBF8F430DBF8F80042E80015002D9D
:10AA4C00F5D121494968091A4FF47A7000FB03F3D8
:10AA5C00DBF8FC00A1FB0010A1685B1AA17CB0F52F
:10AA6C007A7F94BF1B1803F57A73012001FB03F363
:10AA7C006168B3FBF1F3237452E8003FDBF8F43068
:10AA8C00DBF8F81042E80005002DF5D10E4A5268AB
:10AA9C00521A4FF47A71E07C01FB03F3A1685B1A44
:10AAAC00DBF8FC10A2FB01216268B1F57A7F94BF40
:10AABC005B1803F57A7300FB03F3B3FBF2F3DBB221
:10AACC00227C63743AE600BF001000E02DE9F041EF
:10AADC00B24CB34B94F8CD601F6DD3F8CC5A26B161
:10AAEC00022E40F0A280BDE8F081082024F082FA0A
:10AAFC0080461BF05BF90820C4F8D48024F07AFA65
:10AB0C0080461BF053F9D4F8C000C4F8D880A0429A
:10AB1C000BD004F58073984200F0678104F58876B9
:10AB2C00B04214BF4FF0FF36022698F804204FF0C5
:10AB3C00000C9C4B9A76D4F8B810D8F80030B1F1D0
:10AB4C00804F1960A3F804C083F807C080F0088117
:10AB5C0001219960998B89B241F0080199830021F8
:10AB6C00D96094F8CBC0BCF1030F00F209814168A5
:10AB7C00614491F810C00CF07F0C4CF0004C11B2F9
:10AB8C00DFF82CE24FF000084EF821804EF821C07F
:10AB9C00854901EB52118900002E00F0D08002F0A3
:10ABAC001F0C01261032DFF828E206FA0CF6DFF84B
:10ABBC0018C24CF822E07D4A0E60C4F824219A8B0E
:10ABCC00D4F8BC1092B2774EB1F1804F42F0020231
:10ABDC009A83D4F8D4301A79B2764FF000061B68F9
:10ABEC0019619E829E7101D3996809B901219960FE
:10ABFC00998B89B241F0080199830021996194F8ED
:10AC0C00C930032B00F2BF8041680B44197C01F062
:10AC1C007F0141F0004113B20020654A42F8230045
:10AC2C0042F82310012384F8CD30EFF3108272B672
:10AC3C00604B93F83D1051B193F83C10012900F092
:10AC4C009480032900F0A180002183F83D1002B903
:10AC5C0062B6D4F8D4604FF432700021336800FB34
:10AC6C000757C4F8D0109971002F54D0524DD97198
:10AC7C00D960AF424FF001011F60D8839980D88210
:10AC8C0099600FD927F01F033A18BFF34F8F4FF07D
:10AC9C00E021C1F8683F20339A42FAD8BFF34F8FB6
:10ACAC00BFF36F8FD4F8D810002244480B68B0F172
:10ACBC00804FDA7118619A829A7129D39A683AB3E3
:10ACCC000A680020D18B98610B0403D44FF43273C3
:10ACDC00D383D3823A4BC4F8DC300EF0D3F9D4F8DA
:10ACEC00C01094F8CA20096894F8CC30D4F8D80075
:10ACFC0013430A6B13432B4A0B630221D4F8D43051
:10AD0C000079D0761B7984F8CD10D376BDE8F0812C
:10AD1C0001229A60D4E72B499F80B1F1804FDF71FB
:10AD2C0019602AD39A6842B332680020D18BD8605C
:10AD3C000904B7D44FF43273D383D382B2E702F051
:10AD4C001F0E012602F1100C1F4A06FA0EF6DFF850
:10AD5C0084E042F82CE0154A0E60C4F820212EE75E
:10AD6C00996800297FF4F6AEF2E6D3E90D010029CB
:10AD7C0038D0486198B3816166E701229A60D3E7C5
:10AD8C00DFF848C0FBE6114945E7D3E90D0119B3DB
:10AD9C0048610028EFD1C4F8EC1055E768C20120D7
:10ADAC0070B1012000800E404038003800C30120F3
:10ADBC0000C00E40084C0020FFFF1F2094C3012050
:10ADCC00284C002014C30120005400207F00008078
:10ADDC001D2A010011290100C4F8E800D9E7C4F8C4
:10ADEC00E41031E7C4F8E000C4E701269DE600BF9B
:10ADFC00F8B5244B42F2901442F2903500F5005213
:10AE0C0003F120010646044405440360C2F8901186
:10AE1C0054F8040F08B124F0F5F8AC42F8D141F61F
:10AE2C00105441F6107506F58057174B34443544D1
:10AE3C00C7F8103D54F8040F08B124F0E3F8AC4205
:10AE4C00F8D141F6940441F69425104B3444354422
:10AE5C00C7F8943854F8040F08B124F0D3F8AC4276
:10AE6C00F8D1D6F8240A08B124F0CCF8D6F8280A80
:10AE7C0008B124F0C7F8306908B124F0C3F83046A3
:10AE8C00F8BD00BFBC210020F021002004220020CE
:10AE9C001C4A836A02605BB3016990F8302001316F
:10AEAC0027D0FF2A03D0FC22197B0A401A7390F892
:10AEBC003120FF2A03D05A7B22F001025A7390F8FA
:10AECC003320FF2A03D05A7B22F001025A739B686D
:10AEDC001A68904212D05A68191D90420DD09A6887
:10AEEC0003F10801904208D0DA680C33904205D087
:10AEFC007047FF2ADBD0FE22D6E70B4600221A60F1
:10AF0C00704700BF18220020B7EE007AD0ED157AFA
:10AF1C0006490022064B77EEC77A8164826343644C
:10AF2C00C0ED157AC0ED0D7A704700BF0000B44239
:10AF3C000000C04270B5B0F8BC5F3B2D11D88DB18C
:10AF4C0005F1FF3C00F644741FFA8CFC04EB4C0436
:10AF5C0000F6427C01E0A44504D03CF802EF964593
:10AF6C00F9D170BD07EE903AF7EE006A00EB85035D
:10AF7C0005F1010EF8EEE77A05EB450403F62856C9
:10AF8C004FF0000C00EB840486EEA77A86ED000AE5
:10AF9C0003F6186604F5F16400EB4505C6ED000AEE
:10AFAC00C3F8581A03F6483103F63843C1F800C009
:10AFBC00C3F800C0A5F8442F84ED007AA0F8BCEFCC
:10AFCC0070BD00BF10B4B0F8BC4F94B100F6427223
:10AFDC00002304E001331FFA83FC644509D932F8DD
:10AFEC0002CF8C45F6D103F2D22300EB830080ED27
:10AFFC00000A5DF8044B704710B5B0F8BC4F7CB13B
:10B00C0000F6427C002304E001331FFA83FE7445F2
:10B01C0006D93CF802EF8E45F6D1184480F8082F7B
:10B02C0010BD00BF70B5B0F84455132D11D88DB1BB
:10B03C0005F1FF3C00F21C541FFA8CFC04EB4C0491
:10B04C0000F21A5C01E0A44504D03CF802EF9645EE
:10B05C00F9D170BD07EE903AF7EE006A00EB85036C
:10B06C004FF0000CF8EEE77A05EB450403F58D661E
:10B07C0005F1010E00EB840486EEA77A86ED000A3A
:10B08C0003F5976600EB450503F58363C6ED000AEF
:10B09C0043F8A01C43F850CCC3F800C0A5F81C25FD
:10B0AC0084EDA27AA0F844E570BD00BF10B4B0F8EE
:10B0BC00444584B100F21A52002304E001331FFA14
:10B0CC0083FC644507D932F802CF8C45F6D100EBEE
:10B0DC00830080EDF20A5DF8044B704790F86C2009
:10B0EC00092A00F28280D0ED187A034690ED177A87
:10B0FC00F4EEE07A70B5F1EE10FA77D593ED1A7A9A
:10B10C00002A7DD0B4EEC07AF1EE10FA7DD4D3EDE6
:10B11C00036AB4EEE60AF1EE10FA00F1F880012AA7
:10B12C004DD0D3ED056AB4EEE60AF1EE10FA00F15B
:10B13C008380022A43D0D3ED076AB4EEE60AF1EE1F
:10B14C0010FA00F1E780032A39D0D3ED096AB4EE86
:10B15C00E60AF1EE10FA00F1E080042A2FD0D3EDCC
:10B16C000B6AB4EEE60AF1EE10FA00F1D980052A6A
:10B17C0025D0D3ED0D6AB4EEE60AF1EE10FA00F12B
:10B18C00D280062A1BD0D3ED0F6AB4EEE60AF1EE9C
:10B19C0010FA00F1CB80072A11D0D3ED116AB4EE6E
:10B1AC00E60AF1EE10FA00F1C480092A07D1D3EDBA
:10B1BC00136AB4EEE60AF1EE10FA00F19E80D3EDBC
:10B1CC00197A0132F4EE407A83F86C20F1EE10FA21
:10B1DC00B4EEC70A70FE277AC3ED197AF1EE10FAB5
:10B1EC0030FE070A83ED1A0A70BD7047B4EEE07AA0
:10B1FC00F1EE10FA77FE207A93ED1A7A002A81D1BB
:10B20C0083ED030AC3ED047AD9E703EBC2010132E3
:10B21C0081ED030AC1ED047AD3ED197A83F86C2021
:10B22C00B4EE670A83ED1A0AF1EE10FA48BFF0EE9D
:10B23C00407AC3ED197A70BD4FF0010C03EBCC0EC4
:10B24C000CF101055FFA8CF47146AA420EF1140E52
:10B25C0001F10C0103C98EE8030047D9A61C03EBCE
:10B26C00CC05F6B21C359EE80300B24285E803001B
:10B27C003CD9E61C03EBCC0EF6B20EF1240EB24216
:10B28C008EE8030032D9261D03EBCC05F6B22C3523
:10B29C00B24285E8030029D9661D03EBCC0EF6B249
:10B2AC000EF1340EB2428EE803001FD9A61D03EB3B
:10B2BC00CC05F6B23C35B24285E8030016D9E61D42
:10B2CC0003EBCC0EF6B20EF1440EB2428EE8030044
:10B2DC000CD9083403EBCC05E4B24C35A24285E81A
:10B2EC00030003D903F1540484E8030003EBCC0CF2
:10B2FC008CED030ACCED047A61E703F14C0103F108
:10B30C0054044FF0080C03C984E80300EEE74FF037
:10B31C00000C93E74FF0020C90E74FF0030C8DE715
:10B32C004FF0040C8AE74FF0050C87E74FF0060C42
:10B33C0084E703F1440103F14C04082A03C984E8AF
:10B34C00030008D903F154054FF0070C94E80300EF
:10B35C00C5E90001CAE74FF0070CC7E710B59FED30
:10B36C00246A041DF0EE460A2046B0EE460AFFF7AA
:10B37C00B5FE2046B0EE060AFFF7B0FE2046B0EE52
:10B38C00080AF7EE000AFFF7A9FEF0EE460A20467F
:10B39C00B0EE0A0AFFF7A2FE20469FED160AFFF751
:10B3AC009DFE2046B2EE040AF7EE000AFFF796FE69
:10B3BC00F0EE460A20469FED100AFFF78FFE20465E
:10B3CC009FED0E0AFFF78AFE2046B2EE060AF7EE54
:10B3DC00000AFFF783FE20469FED090AF0EE460AAD
:10B3EC00FFF77CFE2046B2EE0E0ABDE8104075E673
:10B3FC000000000000001C410000244100002C4112
:10B40C000000344110B4B0F8BC4FB4B100F6427235
:10B41C00002304E001331FFA83FC64450DD932F894
:10B42C0002CF8C45F6D1B1EE400A00EB4312F1EE9F
:10B43C00600A82ED040AC2ED080A5DF8044B7047FD
:10B44C0010B4B0F8BC4FACB100F64272002304E06B
:10B45C0001331FFA83FC64450CD932F802CF8C45BA
:10B46C00F6D103F296235DF8044B50F8233093ED9C
:10B47C00000A70479FED020A5DF8044B704700BF4D
:10B48C000000000010B4B0F8BC4FACB100F6427232
:10B49C00002304E001331FFA83FC64450CD932F815
:10B4AC0002CF8C45F6D103F286335DF8044B00EBEA
:10B4BC00830090ED000A70479FED020A5DF8044B83
:10B4CC00704700BF00000000B0F8BC3F73B1013BF7
:10B4DC0000F6582100F654209BB201EB8301043096
:10B4EC00D0F8D022036888421A60F8D1704700BFA8
:10B4FC002DE9F04FDFEDAB7A80462DED048B89B052
:10B50C0091F8B870DDF858A0CDED057ACDED067A3E
:10B51C00CDED077A002F00F0F7830E4691469B463F
:10B52C009FEDA18ADFEDA18A00249FEDA19A06EB85
:10B53C008405D5ED1A7AF4EEC87AF1EE10FA1DDD19
:10B54C0033191B790C2B19D8DFE813F0980355032A
:10B55C001003CD028A024002EA0195013401C500B4
:10B56C00840050000D00A9695B464A4604A80D688A
:10B57C00CDF800A02D68A84796F8B870394601346C
:10B58C008C42D4DBDDED057A9FED887AF4EEC77A38
:10B59C00F1EE10FA40F3AD839DED067AFF27DDED59
:10B5AC00077ADFED826AB4EEE67AF1EE10FA40F338
:10B5BC009983FF229FED7D7AF4EEC77AF1EE10FAB3
:10B5CC0007DCF5EEC07AF1EE10FA40F1848300232B
:10B5DC0000E0FF23404688F8007088F8012088F8C6
:10B5EC00023009B0BDEC048BBDE8F08FA9695B4655
:10B5FC004A4604A80F68CDF800A03F68B8479DF8EC
:10B60C0010309DF81120802B9DF81210B4D9802A8F
:10B61C00B2D98029B0D906EE901A07EE903A07EE0F
:10B62C00102A95ED1A6AF8EE677A96F8B840B8EEDB
:10B63C00477AF8EE666A274667EE867A214627EE49
:10B64C00067A66EE866ACDED057A8DED067ACDED3D
:10B65C00076A94E7A9695B464A4604A80F68CDF8C7
:10B66C0000A03F68B847F7EE007A95ED1A6ADDED59
:10B67C00055A77EEC67ADDED066A9DED077A9DF8E0
:10B68C00103067EEA66A96F8B87027EE877A67EEE8
:10B69C00A57A05EE903A9DF811303946F8EE655AC8
:10B6AC00E5EE867A05EE903A9DF81230F8EE655A82
:10B6BC00CDED057AF0EE667A06EE903AE5EE867AF6
:10B6CC00F8EE666ACDED067AF0EE477AE6EE867A0B
:10B6DC00CDED077A53E7A9695B464A4604A80F6883
:10B6EC00CDF800A03F68B847F7EE007AD5ED1A6A9E
:10B6FC00B0EE004A9DED055AF0EE681A77EEE67A48
:10B70C00DDED065A9DED076A25EE052A9DF81030F1
:10B71C0065EEA52A65EEA73A96F8B87066EE274A4C
:10B72C0025EE277A07EE903A9DF8113026EE063A70
:10B73C00F8EEE77A3946E7EEC41A67EE857A77EECB
:10B74C00A77AE1EE827AA7EEA67A07EE903A9DF8F8
:10B75C001230F8EEE77A8DED057AB0EE687AA7EE46
:10B76C00C47A67EEA57A77EEA77AE7EE227AB0EE86
:10B77C00637AA7EEA67A07EE903AF8EEE77A8DEDAB
:10B78C00067AB0EE687AA7EEC47A67EE867A77EE20
:10B79C00A77AE7EE037AB0EE647AA7EEA67A8DED7F
:10B7AC00077AECE600000000CDCCCC3C00007F43D7
:10B7BC0000000043A9695B464A4604A80F68CDF80F
:10B7CC0000A03F68B847DDED057A9DF81010F4EE47
:10B7DC00C97A9DF8112007EE101A9DF81230F1EE7F
:10B7EC0010FAB8EEC77A00F1988278EEE76A38EE74
:10B7FC00C77AB0EE685A76EEA66AA6EEC75ADDEDA9
:10B80C00066A07EE102AF4EEC96AB8EEC77AF1EEB2
:10B81C0010FA40F1928236EEA64A24EE074A9DEDCC
:10B82C00077A06EE103AB4EEC97AB8EEC66AF1EEB3
:10B83C0010FA40F1778277EE074A64EE864AB7EE4B
:10B84C00006AD5ED1A5A96F8B87036EE656A394624
:10B85C0066EE866A27EE067A67EE867AE5EE846AED
:10B86C00A5EEA47AE5EE857ACDED066A8DED077A24
:10B87C00CDED057A83E6A9695B464A4604A80F68B4
:10B88C00CDF800A03F68B847B7EE006AD5ED1A5A5C
:10B89C00B0EE684ADDED056A36EE656A9DED067A16
:10B8AC00DDED077A78EEE63A9DF8103078EEC74A6F
:10B8BC0038EEE75A96F8B87027EE067A67EE867A75
:10B8CC00394666EE866A06EE103A9DF81130B8EEEF
:10B8DC00C66A38EEC66AA3EEC64AB0EE686AE4EEF3
:10B8EC00256ACDED056A06EE903A9DF81230F8EE19
:10B8FC00E66A78EEE66AA4EEE66AF0EE686AA6EE10
:10B90C00257A8DED067A07EE103AB8EEC77A38EE46
:10B91C00C77AE5EE476AE6EEA57ACDED077A2EE614
:10B92C00A9695B464A4604A80F68CDF800A03F6899
:10B93C00B8479DF810309DED054AF7EE007A07EEFA
:10B94C00103AD5ED1A6ADDED064AB8EE477ADDED10
:10B95C00075A77EEE67A9DF81130B4EE447A27EE6A
:10B96C00A45A27EEA56AF1EE10FA67EE847A48BF66
:10B97C00B0EE447AE6EE877AB0EE457ACDED057AF4
:10B98C0007EE903A9DF81230F8EE677AF4EE647A8E
:10B99C00F1EE10FA48BFF0EE647AA6EEA77A07EE45
:10B9AC00903AF8EE677AF4EE657A8DED067AF1EE60
:10B9BC0010FA48BFF0EE657AB0EE467A96F8B87099
:10B9CC003946A6EEA77A8DED077AD8E5A9695B46CC
:10B9DC004A4604A80F68CDF800A03F68B8479DF808
:10B9EC001030F7EE007A9DED054A07EE103AD5EDD2
:10B9FC001A6ADDED064AB8EE477ADDED075A77EEA6
:10BA0C00E67A9DF81130B4EE447A27EEA45A27EE6C
:10BA1C00A56AF1EE10FA67EE847A34FE077AE6EE48
:10BA2C00877AB0EE457ACDED057A07EE903A9DF81F
:10BA3C001230F8EE677AF4EE647AF1EE10FA74FED6
:10BA4C00A77AA6EEA77A07EE903AF8EE677AF4EEAC
:10BA5C00657A8DED067AF1EE10FA75FEA77AABE7F2
:10BA6C00A9695B464A4604A80F68CDF800A03F6858
:10BA7C00B8479DF810309DED054AF7EE007A05EEBB
:10BA8C00903A95ED1A7A9DF81130F8EEE55ADDED05
:10BA9C00064A77EEC77A9DED075A96F8B870C4EE51
:10BAAC00253A394624EE276A67EEA46A67EE857A52
:10BABC00A3EE876A8DED056A06EE103A9DF81230FA
:10BACC00B8EEC66AC4EE865AE7EE256ACDED066A74
:10BADC0006EE903AF8EEE66A85EE266AE7EE067A0E
:10BAEC00CDED077A4BE5A9695B464A4604A80F6879
:10BAFC00CDF800A03F68B8479DF81030F7EE007AFB
:10BB0C00D5ED1A6A07EE103A9DED054A9DF81130F5
:10BB1C0077EEE67ADDED064AB8EEC77A9DED075A68
:10BB2C0096F8B87064EE275A27EE047A394627EE59
:10BB3C00A46A67EE857AE7EE265A07EE103A9DF86E
:10BB4C001230B8EEC77A27EE247ACDED055AA6EE60
:10BB5C00876A07EE103AB8EEC77A27EE057A8DEDB4
:10BB6C00066AE6EE877ACDED077A08E5A9695B46A9
:10BB7C004A4604A80F68CDF800A03F68B8479DF866
:10BB8C001030F7EE007AD5ED1A6A04EE103ADDEDBE
:10BB9C00055A9DF8113077EEE67A9DED066AB8EEFF
:10BBAC00C44A9DED077A96F8B87065EEA74A75EE13
:10BBBC00C45A394627EE865A67EE877AE5EEA64ACE
:10BBCC0005EE903A9DF81230F8EEE55A36EE656ABD
:10BBDC00F0EE455ACDED054AE6EE865A06EE103AE1
:10BBEC00B8EEC66A37EE467ACDED065AE6EE877A9F
:10BBFC00CDED077AC3E4A9695B464A4604A80F68F1
:10BC0C00CDF800A03F68B8479DF81030F7EE007AE9
:10BC1C00D5ED1A6A07EE103A9DED054A9DF81130E4
:10BC2C0077EEE67ADDED064AB8EEC77A9DED075A57
:10BC3C0096F8B87064EE275A37EE047A394627EE38
:10BC4C00A46A67EE857AE7EE265A07EE103A9DF85D
:10BC5C001230B8EEC77A37EE247ACDED055AA6EE3F
:10BC6C00876A07EE103AB8EEC77A37EE057A8DED93
:10BC7C00066AE6EE877ACDED077A80E4A9695B4621
:10BC8C004A4604A80F68CDF800A03F68B8479DF855
:10BC9C00103095ED1A7A07EE903A9DF8113096F81F
:10BCAC00B870F8EE677A394667EE877ACDED057A8B
:10BCBC0007EE903A9DF81230F8EE677A67EE877AC5
:10BCCC00CDED067A07EE903AF8EE677A67EE877A52
:10BCDC00CDED077A53E4FCEEE77ACDED037A9DF8CF
:10BCEC000C3077E4B5EEC07AF1EE10FA0ED50022E6
:10BCFC0060E4F5EEC07AF1EE10FA29D59DED067AE6
:10BD0C000027DDED077A4CE4B0EE677ABCEEC77A1B
:10BD1C008DED037A9DF80C204CE437EEA75A25EEF6
:10BD2C00075A6CE578EEC75A38EEC66AF0EE684AE8
:10BD3C0075EEA55AE5EEC64A81E538EEE66A38EEB0
:10BD4C00C77AB0EE684A36EE066AA6EE474A66E552
:10BD5C00FCEEE77A9DED067ACDED037ADDED077A00
:10BD6C009DF80C701DE400BF30B583B0044601F2A1
:10BD7C004C51069D0095FFF7BBFB204603B030BD30
:10BD8C0010B4B0F84445B4B100F21A52002304E0E8
:10BD9C0001331FFA83FC64450DD932F802CF8C4570
:10BDAC00F6D1B1EE400A00EB4312F1EE600A82EDDF
:10BDBC00040AC2ED080A5DF8044B704710B4B0F8E1
:10BDCC004445A4B100F21A52002304E001331FFAD7
:10BDDC0083FC64450BD932F802CF8C45F6D1DE33A7
:10BDEC005DF8044B50F8233093ED000A70479FED3B
:10BDFC00020A5DF8044B70470000000010B4B0F864
:10BE0C004445ACB100F21A52002304E001331FFA8E
:10BE1C0083FC64450CD932F802CF8C45F6D103F57E
:10BE2C0097735DF8044B00EB830090ED000A7047AC
:10BE3C009FED020A5DF8044B704700BF0000000044
:10BE4C0010B5B0F844457CB100F21A5C002304E054
:10BE5C0001331FFA83FE744506D93CF802EF8E4578
:10BE6C00F6D1184480F8082510BD00BFB0F8443551
:10BE7C0073B1013B00F55E7100F55D709BB201EB97
:10BE8C0083010430D0F8F020036888421A60F8D19E
:10BE9C00704700BFD2ED006A92ED017A91ED024A33
:10BEAC00D1ED037A24EE264AD1ED093A67EE877A72
:10BEBC00D1ED076A2DE9F04134EE277A8EB037EEDA
:10BECC00237A27EE267A77EE045AFDEEE56AB8EE71
:10BEDC00E66AF4EEC65AF1EE10FA06D516EE903A72
:10BEEC00013B06EE903AB8EEE66A77EE276ABDEEB5
:10BEFC00C66AFDEEE65A16EE104AB8EEE56AF4EEA6
:10BF0C00C66AF1EE10FA06D515EE903A013B05EE35
:10BF1C00903AB8EEE56A33EE877AFDEEC66ABDEE6E
:10BF2C00C76A16EE905AF8EEC66AB4EEE67AF1EEEF
:10BF3C0010FA06D516EE103A013B06EE103AF8EE62
:10BF4C00C66ABDEEE67A631906EE904A91ED086A70
:10BF5C0017EE10CAB8EEC75AF8EEE65A06EE905A2B
:10BF6C006344F8EEE66A07EE103AB8EEC77AE7EEED
:10BF7C00465AE7EE466AA7EE465A34EE654A77EE25
:10BF8C00E67A73EEC53AB4EEE74AF1EE10FAF4EE47
:10BF9C00E37A1FDBF1EE10FAC0F20081B7EE005A23
:10BFAC004FF0000E0127F0EE632AF0EE630AF04624
:10BFBC0034EE450A764637EEC53A3B46F0EE676AF4
:10BFCC003A4633EEC55AF0EE435AF0EE404AB0EE24
:10BFDC00402A1EE0F1EE10FA40F1BE80F7EE004A66
:10BFEC004FF0010E0023B0EE442AF0EE676A77465C
:10BFFC0073EEE40AF04637EEE43A1E46B0EE440A1D
:10C00C001A4674EE644AB0EE605AF0EE435AF0EE03
:10C01C00602A9FEDBF7A5FFA8CFC8844EDB2A4EEE7
:10C02C00447A8E44E0440E44E6440F4498F8B882B7
:10C03C002E44E4B20A4446449EF8B882A7EEE77A4E
:10C04C0007EB050E96F8B8622244C6440B44324402
:10C05C008C449EF8B86223440D440C44A3EEE37A5E
:10C06C00334492F8B864B0EE001A93F8B824F0EEAA
:10C07C00081A9CF8B93236EE000AA6EE012A2B44B7
:10C08C00A6EE013AB5EEC07A93F8B932E6EE012A83
:10C09C00E6EE214AF1EE10FA2344E6EE215AA6EE22
:10C0AC00215A93F8B93476EE266A76EE200A40F1DE
:10C0BC00DB809FED986ADFED967AE0EE407AE6EE53
:10C0CC00E67AE0EEE07AF5EEC07AF1EE10FA40F1A5
:10C0DC00B480DFED906ADFED8E7AE2EE427AE3EE29
:10C0EC00437AE2EEE27AF5EEC07AF1EE10FA40F124
:10C0FC008D809FED887ADFED867AE4EEE47AE5EECA
:10C10C00E57AE5EE457AF5EEC07AF1EE10FA66D5F1
:10C11C00DFED807A76EE266A9FED7F6A4968002211
:10C12C000BAD039036EE877A0C6808AB246877EE7B
:10C13C00277A06920792089267EE867A09920A92FB
:10C14C000B920C920D9205AA0095CDED057AA047A5
:10C15C0003980EB0BDE8F081B4EEE34AF1EE10FAAC
:10C16C0040F1B980F7EE004A4FF0010E0023B0EE1B
:10C17C00442AF0EE630A774677EEE46A764673EE6D
:10C18C00E42A9846B0EE440A1A4674EE644AB0EEBD
:10C19C00625AF0EE665AB0EE663A3AE7B4EEE34A0B
:10C1AC00F7EE005AB0EE673AF1EE10FA7BDB34EEA4
:10C1BC00650A4FF0010E73EEE52A0027F0EE630AD4
:10C1CC007346F0EE676A724677EEE55AB846B0EE03
:10C1DC00625A3E46F0EE404AB0EE402A19E703EBB5
:10C1EC00430367EEA77A01EB830367EEA77A93ED1F
:10C1FC000B3AD3ED0A3A65EE835A93ED0C4AE4EE12
:10C20C00A35AE5EE045A67EEA57A83E702EB4202E5
:10C21C0067EEA77A01EB820267EEA77AD2ED0B3AB2
:10C22C0092ED0A4A23EE233A92ED0C7AA2EE043AEE
:10C23C00A2EE873A27EE837A5DE706EB460467EEBB
:10C24C00A77A01EB840467EEA77AD4ED0B3A94ED50
:10C25C000A4A66EEA36A94ED0C7AE0EE046AE0EE0C
:10C26C00876A67EEA66A36E79CF8B87227EE077AFB
:10C27C003D4427EE077A95F8B8522C4494F8B8440C
:10C28C0004EB440401EB840494ED0B1AD4ED0A1A6C
:10C29C0067EE817A94ED0C6AE4EE217AE3EE867A0D
:10C2AC0027EE276A07E773EEE50A4FF0010E34EE2E
:10C2BC00652A0027F0EE676A7346B0EE440AF04632
:10C2CC0077EEE55A3E46B0EE605A3A46F0EE424AF8
:10C2DC00F0EE602A9DE6B7EE005A4FF0000E0127F3
:10C2EC00F0EE632AF0EE630AF04677EEC56A72460A
:10C2FC0034EE452A3B46B0EE440A3E4633EEC55A70
:10C30C00F0EE665AF0EE424AB0EE663A81E600BFB5
:10C31C009A99193F0000000000000042D2ED006A1B
:10C32C0092ED017A91ED024AD1ED037A24EE264A80
:10C33C00D1ED093A67EE877AD1ED076A2DE9F04124
:10C34C0034EE277A8EB037EE237A27EE267A77EE04
:10C35C00045AFDEEE56AB8EEE66AF4EEC65AF1EE62
:10C36C0010FA06D516EE903A013B06EE903AB8EE6E
:10C37C00E66A77EE276ABDEEC66AFDEEE65A16EE61
:10C38C00104AB8EEE56AF4EEC66AF1EE10FA06D57C
:10C39C0015EE903A013B05EE903AB8EEE56A33EEB5
:10C3AC00877AFDEEC66ABDEEC76A16EE905AF8EEB5
:10C3BC00C66AB4EEE67AF1EE10FA06D516EE103A2D
:10C3CC00013B06EE103AF8EEC66ABDEEE67A63194A
:10C3DC0006EE904A91ED086A17EE10CAB8EEC75AED
:10C3EC00F8EEE65A06EE905A6344F8EEE66A07EE6B
:10C3FC00103AB8EEC77AE7EE465AE7EE466AA7EE71
:10C40C00465A34EE654A77EEE67A73EEC53AB4EEE8
:10C41C00E74AF1EE10FAF4EEE37A1FDBF1EE10FAD4
:10C42C00C0F20081B7EE005A4FF0000E0127F0EE7B
:10C43C00632AF0EE630AF04634EE450A764637EE90
:10C44C00C53A3B46F0EE676A3A4633EEC55AF0EE13
:10C45C00435AF0EE404AB0EE402A1EE0F1EE10FADC
:10C46C0040F1BE80F7EE004A4FF0010E0023B0EE13
:10C47C00442AF0EE676A774673EEE40AF04637EE2C
:10C48C00E43A1E46B0EE440A1A4674EE644AB0EE24
:10C49C00605AF0EE435AF0EE602A9FEDBF7A5FFAD5
:10C4AC008CFC8844EDB2A4EE447A8E44E0440E44F5
:10C4BC00E6440F4498F8B8822E44E4B20A44464449
:10C4CC009EF8B882A7EEE77A07EB050E96F8B862ED
:10C4DC002244C6440B4432448C449EF8B862234434
:10C4EC000D440C44A3EEE37A334492F8B864B0EEF6
:10C4FC00001A93F8B824F0EE081A9CF8B93236EE0C
:10C50C00000AA6EE012A2B44A6EE013AB5EEC07A3B
:10C51C0093F8B932E6EE012AE6EE214AF1EE10FA72
:10C52C002344E6EE215AA6EE215A93F8B93476EE5E
:10C53C00266A76EE200A40F1DB809FED986ADFEDEB
:10C54C00967AE0EE407AE6EEE67AE0EEE07AF5EE08
:10C55C00C07AF1EE10FA40F1B480DFED906ADFEDB5
:10C56C008E7AE2EE427AE3EE437AE2EEE27AF5EE8E
:10C57C00C07AF1EE10FA40F18D809FED887ADFEDF4
:10C58C00867AE4EEE47AE5EEE57AE5EE457AF5EEC8
:10C59C00C07AF1EE10FA66D5DFED807A76EE266A77
:10C5AC009FED7F6A496800220BAD039036EE877AC7
:10C5BC000C6808AB246877EE277A069207920892EB
:10C5CC0067EE867A09920A920B920C920D9205AA4A
:10C5DC000095CDED057AA04703980EB0BDE8F0812B
:10C5EC00B4EEE34AF1EE10FA40F1B980F7EE004AEE
:10C5FC004FF0010E0023B0EE442AF0EE630A7746AA
:10C60C0077EEE46A764673EEE42A9846B0EE440A76
:10C61C001A4674EE644AB0EE625AF0EE665AB0EE08
:10C62C00663A3AE7B4EEE34AF7EE005AB0EE673AF0
:10C63C00F1EE10FA7BDB34EE650A4FF0010E73EE6F
:10C64C00E52A0027F0EE630A7346F0EE676A72463D
:10C65C0077EEE55AB846B0EE625A3E46F0EE404AE6
:10C66C00B0EE402A19E703EB430367EEA77A01EB20
:10C67C00830367EEA77A93ED0B3AD3ED0A3A65EE96
:10C68C00835A93ED0C4AE4EEA35AE5EE045A67EE96
:10C69C00A57A83E702EB420267EEA77A01EB8202EE
:10C6AC0067EEA77AD2ED0B3A92ED0A4A23EE233AC3
:10C6BC0092ED0C7AA2EE043AA2EE873A27EE837A38
:10C6CC005DE706EB460467EEA77A01EB840467EEA0
:10C6DC00A77AD4ED0B3A94ED0A4A66EEA36A94ED70
:10C6EC000C7AE0EE046AE0EE876A67EEA66A36E73B
:10C6FC009CF8B87227EE077A3D4427EE077A95F836
:10C70C00B8522C4494F8B84404EB440401EB840470
:10C71C0094ED0B1AD4ED0A1A67EE817A94ED0C6A3B
:10C72C00E4EE217AE3EE867A27EE276A07E773EECA
:10C73C00E50A4FF0010E34EE652A0027F0EE676A29
:10C74C007346B0EE440AF04677EEE55A3E46B0EE3C
:10C75C00605A3A46F0EE424AF0EE602A9DE6B7EE99
:10C76C00005A4FF0000E0127F0EE632AF0EE630A38
:10C77C00F04677EEC56A724634EE452A3B46B0EE7B
:10C78C00440A3E4633EEC55AF0EE665AF0EE424A83
:10C79C00B0EE663A81E600BF9A99193F000000009E
:10C7AC0000000042806E7047012070474430704793
:10C7BC0003207047006F7047C06E70472DE9F0433F
:10C7CC000646D0F8E0000C4603682DED028B1B6882
:10C7DC0083B0984723682046DB699847002800F00F
:10C7EC00918007460025DFED548A9FED548ADFF8CF
:10C7FC00508124E0F5EEC07AF1EE10FA00F187805A
:10C80C00D6ED3F5AB3EE096AD6ED3D6AFCEEE77AF7
:10C81C0037EE657A76EEE56A17EE903A27EE067AF1
:10C82C009BB2C7EE267A77EE887AF4EEC67AF1EEF2
:10C83C0010FA72DD3F2B7DD90135AF4262D01FFA61
:10C84C0085F92368214668464A469B6898472368C1
:10C85C00494620461B699847037842781343EBD02E
:10C86C00D6ED3E7ADDED006A96ED3C6A76EEE76A2F
:10C87C009DED017A36EE676A66EEA86AC6EE867A98
:10C88C0077EE887AF4EEE87AF1EE10FAB2DD202237
:10C89C00CF213A23D6ED3F7AB3EE096AD6ED3D6A45
:10C8AC0037EE677A76EEE76A27EE067AC7EE267AD7
:10C8BC0077EE887AF4EEC67AF1EE10FA1ADCF5EE21
:10C8CC00C07AF1EE10FA26D40121FCEEE77A17EECD
:10C8DC00902A92B21F2A8CBF002101F0010100297D
:10C8EC00AAD0D843DB0803EBC20100F007030122F6
:10C8FC009A40D2B218F8013001351A43AF4208F809
:10C90C0001209CD103B0BDEC028BBDE8F0838022EA
:10C91C00C8210023BEE70022E3E7F5EEC07A3F2BE7
:10C92C008CBF00210121F1EE10FACED50022002996
:10C93C0082D0D6E71922D4E700006842000000003C
:10C94C00C056002090F84420042A00F25A81D0ED01
:10C95C000E6A034690ED0D6AF5EEC06A70B5F1EE05
:10C96C0010FA40F14F81B0EE667A002A00F0558142
:10C97C00D3ED107ADFEDCC5AF4EEE57AF1EE10FA45
:10C98C0000F1C881D3ED035AF5EEC05AF1EE10FA5E
:10C99C0000F37B82012A1BD0D3ED055AF5EEC05A69
:10C9AC00F1EE10FA00F31F82022A11D0D3ED075AD0
:10C9BC00F5EEC05AF1EE10FA00F3B282042A07D158
:10C9CC00D3ED095AF5EEC05AF1EE10FA00F33E829F
:10C9DC0093ED0F7A0132B5EEC07AD2B283F84420CF
:10C9EC00F1EE10FAF5EEC07AC8BF9FEDAF7AF1EE1A
:10C9FC0010FA01D5DFEDAC7A052A83ED0F7AC3ED81
:10CA0C00107A00F0FD80F7EE005AF4EEE56AF1EED4
:10CA1C0010FA00F10981B4EEE56AB6EE005AF1EEB7
:10CA2C0010FAF4EEC57A76FE255AF1EE10FA00F102
:10CA3C000581D3ED034AF4EEC54AF1EE10FA00F38A
:10CA4C002782012A1BD0D3ED054AF4EEC54AF1EE3C
:10CA5C0010FA00F39481022A11D0D3ED074AF4EEB8
:10CA6C00C54AF1EE10FA00F37F82042A07D1D3ED08
:10CA7C00094AF4EEC54AF1EE10FA00F3F181F6EE34
:10CA8C00005A02F1010C5FFA8CFCB4EE657A83F863
:10CA9C0044C0F1EE10FAF4EE657A35FE877AF1EEC9
:10CAAC0010FA48BFF0EE657ABCF1050F83ED0F7AF2
:10CABC00C3ED107A00F0A480F5EEC06AF1EE10FA26
:10CACC0000F1D380B5EEC06A9FED775AF7EE005AAD
:10CADC00F1EE10FAF4EEE57A36FE055AF1EE10FAA4
:10CAEC0000F1CD80D3ED034AF4EEE54AF1EE10FAF5
:10CAFC0000F3C081D3ED054AF4EEE54AF1EE10FAED
:10CB0C0000F3D680BCF1020F12D0D3ED074AF4EE3D
:10CB1C00E54AF1EE10FA00F3F181BCF1040F07D1F4
:10CB2C00D3ED094AF4EEE54AF1EE10FA00F32E8249
:10CB3C00F7EE005A0CF1010C5FFA8CF2B4EE657A48
:10CB4C0083F84420F1EE10FAF4EE657A35FE877A1C
:10CB5C00F1EE10FA48BFF0EE657A052A83ED0F7AF4
:10CB6C00C3ED107A4CD0F5EEC06AF1EE10FA07D492
:10CB7C00B5EEC06ADFED4C6AF1EE10FA76FE266A6D
:10CB8C009FED4A6AF4EEC67AF1EE10FA00F1D88005
:10CB9C00D3ED035AF4EEC65AF1EE10FA00F37B8192
:10CBAC00D3ED055AF4EEC65AF1EE10FA00F3A38158
:10CBBC00D3ED075AF4EEC65AF1EE10FA00F3C28127
:10CBCC00042A07D1D3ED095AF4EEC65AF1EE10FA45
:10CBDC0000F3E5819FED356A0132B4EE467A83F8B5
:10CBEC004420F1EE10FAF4EE467A36FE077AF1EEB6
:10CBFC0010FA48BFF0EE467A83ED0F7AC3ED107A47
:10CC0C0070BD7047B5EEC06A9FED277AF1EE10FA51
:10CC1C0036FE077A002A7FF4ABAE0021D3ED107AF2
:10CC2C0083ED047AD960D3E6B6EE005AF0EE665A7C
:10CC3C00F4EEC57AF1EE10FA7FF5FBAEB4EEC57AE0
:10CC4C0002F1010C03EBC2025FFA8CFCF1EE10FA5C
:10CC5C0082ED035AC2ED045A83F844C040F3868037
:10CC6C00B0EE457AF0EE457A1EE7F7EE005AB0EEDC
:10CC7C00665AF4EEE57AF1EE10FA7FF533AFB4EEC6
:10CC8C00E57A0CF1010203EBCC0CD2B2F1EE10FA06
:10CC9C00CCED035A8CED045A83F844206CDDB0EED5
:10CCAC00657AF0EE657A58E70000000000247449BC
:10CCBC0003F1140103F11C02BCF1020F03C982E859
:10CCCC00030040F2768102220125964603EBC20155
:10CCDC0003EBC2040C31143403C984E803000EF1D5
:10CCEC00010161450ED203EBC2020EF1020E1C32A1
:10CCFC00F44594E8030082E8030003D903F12C0403
:10CD0C00C4E9000103EBC5054FF07E5285ED045AD2
:10CD1C00EA600DE703EBC2010132C1ED035AD2B256
:10CD2C0081ED047A93ED0F7A83F84420B5EEC07A46
:10CD3C00F1EE10FA17DDB0EE657AF0EE657A5BE68F
:10CD4C00B4EEC67A03EBC201013281ED036AF1EE57
:10CD5C0010FAC1ED046A83F844200ADDB0EE467A7D
:10CD6C00F0EE467A48E7F0EE657A45E6F0EE457A65
:10CD7C009AE6F0EE467A3FE7F0EE657AEDE64FF094
:10CD8C00010C03EBCC0E0CF101055FFA8CF471462F
:10CD9C00AA420EF1140E01F10C0103C98EE8030036
:10CDAC0018D9A61C03EBCC05F6B21C359EE8030083
:10CDBC00B24285E803000DD9033403EBCC0EE4B288
:10CDCC000EF1240EA2428EE8030003D903F12C04C9
:10CDDC0084E8030003EBCC0C4FF07C51CCED045AEF
:10CDEC00CCF80C104BE64FF0010C03EBCC0E0CF115
:10CDFC0001055FFA8CF47146AA420EF1140E01F192
:10CE0C000C0103C98EE8030018D9A61C03EBCC0552
:10CE1C00F6B21C359EE80300B24285E803000DD93A
:10CE2C00033403EBCC0EE4B20EF1240EA2428EE8D6
:10CE3C00030003D903F12C0484E8030003EBCC0CAE
:10CE4C0000218CED047ACCF80C10C1E503F124011F
:10CE5C0003F12C044FF0030C03C984E80300EDE745
:10CE6C0003F1240103F12C044FF0030C03C984E8F3
:10CE7C000300AFE703F10C0103F11402002503C911
:10CE8C0082E803000122964620E74FF0000CACE745
:10CE9C004FF0000C75E74FF0000E03EBCE0C0EF1CB
:10CEAC00020603EBCE04614696420CF1140C04F11D
:10CEBC001C0401F10C015FFA8EF503C98CE8030028
:10CECC0084E803000FD20335EEB203EBCE05964295
:10CEDC0005F1240594E8030085E8030003D203F16F
:10CEEC002C0484E8030003EBCE0E3849CEED046A23
:10CEFC00CEF80C106EE64FF0010ECEE703F11C01DC
:10CF0C0003F12402BCF1030F03C982E8030058D9D2
:10CF1C0003F12C04022592E80300C4E90001F1E6B8
:10CF2C0003F11C0103F12404032A03C984E8030060
:10CF3C0041D903F12C054FF0020C94E80300C5E92C
:10CF4C0000017BE703F11C0103F12404032A03C94C
:10CF5C0084E8030037D903F12C054FF0020E94E856
:10CF6C000300C5E90001BEE703F11C0103F1240431
:10CF7C00032A03C984E8030020D903F12C054FF0E0
:10CF8C00020C94E80300C5E9000123E703F1240136
:10CF9C0003F12C02032503C982E80300B2E603F176
:10CFAC00240103F12C044FF0030E03C984E80300A1
:10CFBC0099E70125A6E64FF0020C3FE74FF0020C73
:10CFCC0008E702259EE64FF0020E8CE70024744918
:10CFDC00F8B52DED028B90F83050F0EE408A0446F7
:10CFEC00092D00F2A5806A1C00EB8503D5B2012D3A
:10CFFC0080F8305083ED010AD0ED017A00F0AB805F
:10D00C0090ED028AB4EEE78AF1EE10FA01D4B0EE9C
:10D01C00678A022D52D0D4ED037AB4EE678AF1EE12
:10D02C0010FA37FE888A032D48D0D4ED047AF4EE3A
:10D03C00487AF1EE10FA48BFB0EE678A042D3DD065
:10D04C00D4ED057AB4EE678AF1EE10FA37FE888AD1
:10D05C00052D33D0D4ED067AF4EE487AF1EE10FAC1
:10D06C0048BFB0EE678A062D28D0D4ED077AB4EE0F
:10D07C00678AF1EE10FA37FE888A072D1ED0D4EDA0
:10D08C00087AF4EE487AF1EE10FA48BFB0EE678AEF
:10D09C00082D13D0D4ED097AF4EE487AF1EE10FA9B
:10D0AC0048BFB0EE678A092D08D0D4ED0A7AF4EEA9
:10D0BC00487AF1EE10FA48BFB0EE678A256804EBA7
:10D0CC008506D6ED0A7AF4EE487AF1EE10FA02D122
:10D0DC0094F8313093B915F0FF0704F12C0306D006
:10D0EC001846BA0004F1300121F072FE034603EB3E
:10D0FC008703002243F8042C86ED0A8A002D2DDDCF
:10D10C000023DFED187A1A46013304EB8202DBB2FE
:10D11C0092ED0B7A9D4277EE877A1A46F4DC07EE95
:10D12C00105AB8EEC70ABDEC028B87EE800AF8BD28
:10D13C0000F108012422043021F04AFED4ED017ADA
:10D14C0094ED028AC4ED0A8AF4EEC87AF1EE10FA74
:10D15C003FF761AF5BE7B0EE678AAFE7DFED017ACF
:10D16C00DDE700BF000000007C30704730B583B0B5
:10D17C0004467C31069D0095FEF78CFE204603B0DC
:10D18C0030BD00BF183070475430704730B583B095
:10D19C0004465431069D0095FFF7C0F8204603B0B5
:10D1AC0030BD00BF28307047B1F804C08A79A0F8B0
:10D1BC0000C08270704700BF10B5044604302DEDDE
:10D1CC00028BB0EE408A0AF057FCF7EE007A84ED41
:10D1DC00130A9FED077A0022064B37EEC80AA263AA
:10D1EC00E36320EE070ABDEC028B84ED140A10BD3C
:10D1FC000000B4430000964238B5044614302DEDBF
:10D20C00048B0AF039FC04F12400F0EE408A0AF099
:10D21C0033FC04F13400B0EE408A0AF02DFCDFED53
:10D22C00157ADFED156A04F23475B0EE679A9FED4E
:10D23C00136A95ED007A201DA8EEA69AF0EE678A87
:10D24C00E0EE267A37EE067AE8EE268A85ED007A4D
:10D25C00B0EE678A0AF010FC84ED219AC4ED228AA4
:10D26C0084ED238A84ED1B0A2B68BDEC048BC4F877
:10D27C00A03038BD4260E53B0AD7A33B0AD7233B1D
:10D28C002DE9F843B0F8BC3F2DED088B002B00F0D6
:10D29C00E280013B00F65C2700F6582400F5F165AE
:10D2AC009BB200F6077806469FED6DBADFED6DAACE
:10D2BC0007EB83079FED6CAA0FE0002B00F0B58005
:10D2CC00236883ED008AD4F8D03204340C35203630
:10D2DC00A742C4F8EC3000F0BE8094ED3C6AF6EE48
:10D2EC00006AD5ED017AD5ED005A36EE677A65EE17
:10D2FC00A66AB0EEC77AF4EEC76AF1EE10FA15DC46
:10D30C0095ED027A77EE876AB4EEE66AF1EE10FAE2
:10D31C004DDD77EEA57AB7EE007AF4EEC77AF1EE32
:10D32C0010FA58BFF0EE477AC5ED017AD4EDB48A05
:10D33C0094EDF09AC4ED787A77EEE87A79EE689A03
:10D34C0018F8013F012B87EEA98A38EE0B8A41D0E1
:10D35C00032BB2D1D6ED037A236836EE677AB0EEA2
:10D36C00C77AB4EEEA7AF1EE10FA1DD4D6ED026A61
:10D37C00B5EE005A96ED047AD6ED085A27EE877A68
:10D38C0066EEA55A86ED057A37EE257AC6ED065A75
:10D39C0037EE067AE7EE056A86ED077AE6EE857AD1
:10D3AC00C6ED026AC6ED037AC3ED007A8BE737EE61
:10D3BC00C77AB4EEC76AF1EE10FAB7D577EEE57A14
:10D3CC00F5EEC07AF1EE10FAD8BFDFED257AC5ED97
:10D3DC00017AABE7F2EE047AD4F80090B7EE000ACB
:10D3EC00A8EE270A1AF006F9F3EE007AB0EE409A8E
:10D3FC0069EE889A28EE270A1AF046FCF0EE006ACD
:10D40C00F8EE007AB5EE007AE8EE267A67EEA77AA7
:10D41C0067EE807A67EE877AA7EE879AC9EE897AEB
:10D42C0077EEA87AC9ED007A4DE728EE0A0A1AF0D1
:10D43C002FFDF7EE007AB6EE007A236837EEC00ABD
:10D44C0020EE070A77EEC07A29EE009AA8EEA79A8A
:10D45C0083ED009A37E7BDEC088BBDE8F88300BF7D
:10D46C00000000000AD7233CDB0F49402DE9F843AC
:10D47C00B0F844352DED088B002B00F0E180013B1A
:10D48C0000F55F77804600F55E749BB29FED6EBA37
:10D49C0000F20756054607EB8307DFED6CAA9FEDFC
:10D4AC006CAA0FE0002B00F0B580236883ED008A96
:10D4BC00D4F8F030043408F10C082035A742E364AA
:10D4CC0000F0BE8094ED146AF6EE006AD8EDA37AF3
:10D4DC00D8EDA25A36EE677A65EEA66AB0EEC77A38
:10D4EC00F4EEC76AF1EE10FA15DC98EDA47A77EE3B
:10D4FC00876AB4EEE66AF1EE10FA4DDD77EEA57AA6
:10D50C00B7EE007AF4EEC77AF1EE10FA58BFF0EEEF
:10D51C00477AC8EDA37AD4ED3C8A94ED509AC4EDC9
:10D52C00287A77EEE87A79EE689A16F8013F012BA3
:10D53C0087EEA98A38EE0B8A41D0032BB2D1D5EDF8
:10D54C00037A236836EE677AB0EEC77AB4EEEA7ADD
:10D55C00F1EE10FA1DD4D5ED026AB5EE005A95ED38
:10D56C00047AD5ED085A27EE877A66EEA55A85ED32
:10D57C00057A37EE257AC5ED065A37EE067AE7EED0
:10D58C00056A85ED077AE6EE857AC5ED026AC5ED8A
:10D59C00037AC3ED007A8BE737EEC77AB4EEC76A2D
:10D5AC00F1EE10FAB7D577EEE57AF5EEC07AF1EE3A
:10D5BC0010FAD8BFDFED247AC8EDA37AABE7F2EE10
:10D5CC00047AD4F80090B7EE000AA8EE270A1AF0F5
:10D5DC0011F8F3EE007AB0EE409A69EE889A28EED4
:10D5EC00270A1AF051FBF0EE006AF8EE007AB5EE5D
:10D5FC00007AE8EE267A67EEA77A67EE807A67EE15
:10D60C00877AA7EE879AC9EE897A77EEA87AC9ED60
:10D61C00007A4DE728EE0A0A1AF03AFCF7EE007A87
:10D62C00B6EE007A236837EEC00A20EE070A77EED2
:10D63C00C07A29EE009AA8EEA79A83ED009A37E7F4
:10D64C00BDEC088BBDE8F883000000000AD7233C32
:10D65C00DB0F49402DE9F041B0F8BC7F2DED088B74
:10D66C00C7B3013F00F60873F2EE04AA064600F6B3
:10D67C00582400F607759FED39BA13FA87F79FED1A
:10D68C0038AA0AE0002B52D02368C3ED007AAF42CF
:10D69C0004F1040406F120061CD0D4EDB48A94EDF8
:10D6AC00F09AD4ED787A79EE689A15F8013F37EE56
:10D6BC00E87A012B87EE298A38EE0B8A0ED0032BE1
:10D6CC00E0D1F268AF42236806F1200604F10404AD
:10D6DC001A60E2D1BDEC088BBDE8F081B7EE000A10
:10D6EC00D4F80080A8EE2A0A19F084FFF3EE007A31
:10D6FC00B0EE409A69EE889A28EE270A1AF0C4FA1E
:10D70C00F0EE006AF8EE007AB5EE007AE8EE267AD2
:10D71C0067EEA77A67EE807A67EE877AA7EE879A2C
:10D72C00C9EE897A77EEA87AC8ED007AAFE728EED1
:10D73C000A0A1AF0ADFBF7EE007AB6EE007A23680F
:10D74C0037EEC00A20EE070A77EEC07A29EE009A6F
:10D75C00A8EEA79A83ED009A99E700BF000000009D
:10D76C00DB0F49402DE9F041B0F844752DED088BE5
:10D77C00C7B3013F00F5A163F2EE04AA064600F51B
:10D78C005E7400F207559FED39BA13FA87F79FEDD7
:10D79C0038AA0AE0002B52D02368C3ED007AAF42BE
:10D7AC0004F1040406F120061CD0D4ED3C8A94ED5F
:10D7BC00509AD4ED287A79EE689A15F8013F37EE35
:10D7CC00E87A012B87EE298A38EE0B8A0ED0032BD0
:10D7DC00E0D1F268AF42236806F1200604F104049C
:10D7EC001A60E2D1BDEC088BBDE8F081B7EE000AFF
:10D7FC00D4F80080A8EE2A0A19F0FCFEF3EE007AA9
:10D80C00B0EE409A69EE889A28EE270A1AF03CFA94
:10D81C00F0EE006AF8EE007AB5EE007AE8EE267AC1
:10D82C0067EEA77A67EE807A67EE877AA7EE879A1B
:10D83C00C9EE897A77EEA87AC8ED007AAFE728EEC0
:10D84C000A0A1AF025FBF7EE007AB6EE007A236886
:10D85C0037EEC00A20EE070A77EEC07A29EE009A5E
:10D86C00A8EEA79A83ED009A99E700BF000000008C
:10D87C00DB0F4940D1ED857A9FED8D7AF0EEE76AAA
:10D88C00F0B5F4EEC76A0C460546F1EE10FA2DED34
:10D89C00088B8FB040F1DF80D2ED007AD1ED836A36
:10D8AC0092ED018A91ED847A77EEE67A38EE478A2A
:10D8BC0094ED817AF1EE476AF4EEE76AF1EE10FA34
:10D8CC0004DCB4EEE77AF1EE10FA07D500232B80D6
:10D8DC00AB7028460FB0BDEC088BF0BDD4ED828A3E
:10D8EC00B1EE689AB4EEC89AF1EE10FAEEDCF4EEF2
:10D8FC00C88AF1EE10FAE9D494F82C3237EE275A94
:10D90C00F6EE00AADFED6B9A5A1E05EE903A37EE52
:10D91C00074A9FED690A06EE102AF8EE655AD4F80C
:10D92C002472B8EEC66A94EDFDBAC7EE254A94EDA2
:10D93C00FEAAB0EE467A3AEE4BAA96EE2A7A65EE3D
:10D94C00075A85EE847A37EE067ABCEEC77A8DEDEF
:10D95C00037A9DF80C309A1C06EE103A9E0007EEE6
:10D96C00102AF8EEC65AB0EE666AB8EEC77AA4EE84
:10D97C00A56AE4EE876A77EEC67A76EEC66A87EE1B
:10D98C00A67A37EE297A27EE000A1AF081FABB192B
:10D99C00F6EE085A93ED027AB7EE006AD3ED007AF0
:10D9AC0037EE4B7A77EECB7A36EE400A67EE256A85
:10D9BC0027EEA57A20EE2A0AC6EE8A7AC7EE0A6A04
:10D9CC0076EE405A77EEA97A67EE807A36EEA97A2F
:10D9DC00E7EE257A28EEA77A27EE2A7AB4EEC87AF3
:10D9EC00F1EE10FA7FF772AFDFED316AA9EE267A0D
:10D9FC00B4EEC87AF1EE10FA7FF568AFB1EE488A52
:10DA0C00D4F8F01377EE867A0BAB0A6804A888EE8C
:10DA1C00287A166805AA009308ABCDED069ACDEDD1
:10DA2C00079ACDED089ACDED099ACDED0A9ACDED78
:10DA3C000B9ACDED0C9ACDED0D9A37EE067A77EE6A
:10DA4C00C77ACDED057AB04704F5067204A92846CD
:10DA5C0009F07AFF3DE79FED197AD1ED839A67EED5
:10DA6C00878A91ED84AA92ED009A92ED018AB0EE2C
:10DA7C00680A1AF00DFAF0EE407A38EE4A8AB0EEE7
:10DA8C00680AF0EE678A1AF0FFF839EE699A60EED0
:10DA9C00487A28EE287AE9EE287AA9EE007A79EE0F
:10DAAC00A77A3AEE078A77EEE97A38EE4A8AFFE6E9
:10DABC00CDCCCC3D00000000DB0F494035FA8E3C4C
:10DACC00D1ED857A9FED9C7AF0EEE76AF0B5F4EE35
:10DADC00C76A0C460646F1EE10FA2DED068B8FB098
:10DAEC0040F1FC80D2ED007AD1ED836A92ED018A8F
:10DAFC0091ED847A77EEE67A38EE478AD4ED816A36
:10DB0C00B1EE667AB4EEE77AF1EE10FA05DDF4EEDA
:10DB1C00E76AF1EE10FA00F1AC80D4ED828AB1EE36
:10DB2C00686AB4EEC86AF1EE10FA05DDF4EEC88A44
:10DB3C00F1EE10FA00F19D8094F8243476EEA75A99
:10DB4C009FED7E5A36EEA64A06EE103A94F827243C
:10DB5C00B8EE466A75EE463AC6EE864A65EEA35AAC
:10DB6C00C5EE846A76EE866AFCEEE66ACDED036A53
:10DB7C009DF80C30591C06EE103A06EE901AF8EE91
:10DB8C00C65AB0EE476AF8EEE66AA4EEA56AA4EEB1
:10DB9C00A67A77EEC67A37EE467A87EE870ADFEDFD
:10DBAC00687A30EE050A002A6BD120EE270A9D0018
:10DBBC001AF06EF9B7EE007AF6EE007AD4F820720D
:10DBCC0037EE400A7B1993ED016A60EE277AD3EDAC
:10DBDC00006A94F8253437EE677A67EE867AE6EEBB
:10DBEC00877AB0EE087A67EE877A002B69D0B0EEB0
:10DBFC00C88ADFED526AB7EE006A76EEE86A38EE54
:10DC0C00688AB1EE488A88EE267A37EE067A94F85E
:10DC1C0026341BB1F7EE006A36EEC77AB4EEE77A1B
:10DC2C00F1EE10FA25D8F7EE006AD4F87814002338
:10DC3C0004A80A6876EEE77A156805AA069377EECB
:10DC4C00C77A0793089309930A930B930C930D933C
:10DC5C000BABCDED057A009308ABA847304604F525
:10DC6C00067204A909F070FE30460FB0BDEC068BAD
:10DC7C00F0BD002330463380B3700FB0BDEC068B83
:10DC8C00F0BD20EE270A04EB83051AF001F9B7EE7C
:10DC9C00007AF6EE007A95ED8A6AD5ED896A37EE50
:10DCAC00400A94F8253460EE277A37EE677A67EEEF
:10DCBC00867AE6EE877AB0EE087A67EE877A002BE2
:10DCCC0095D138EE888A78EEA88AF7EE006AB1EE24
:10DCDC00488A88EE287A37EE267A98E79FED197AEB
:10DCEC00D1ED839A67EE878A91ED84AA92ED009A22
:10DCFC0092ED018AB0EE680A1AF0CAF8F0EE407A9A
:10DD0C0038EE4A8AB0EE680AF0EE678A19F0BCFF6A
:10DD1C0039EE699A60EE487A28EE287AE9EE287A8C
:10DD2C00A9EE007A79EEA77A3AEE078A77EEE97ACD
:10DD3C0038EE4A8AE2E600BFCDCCCC3D00000000B4
:10DD4C00DB0F494035FA8E3C10B5044621F05AF9E8
:10DD5C00204610BD10B5044621F054F9204610BDE4
:10DD6C0010B5044621F04EF9204610BD10B50446FE
:10DD7C0021F048F9204610BD10B5044621F042F9B7
:10DD8C00204610BD10B5044621F03CF9204610BDCC
:10DD9C0010B5044621F036F9204610BD10B50446E6
:10DDAC0021F030F9204610BD10B5044621F02AF9B7
:10DDBC00204610BD70B5094B0646044600F50075AB
:10DDCC00036054F8040F08B121F01CF9AC42F8D1EF
:10DDDC00304621F017F9304670BD00BFF02100200D
:10DDEC0010B5044621F00EF9204610BD10B50446BE
:10DDFC0021F008F9204610BD70B5094B06460446C3
:10DE0C0000F50075036054F8040F08B121F0FAF81E
:10DE1C00AC42F8D1304621F0F5F8304670BD00BF69
:10DE2C00DC21002010B50446C06A08B121F0EAF8E4
:10DE3C00206B08B121F0E6F8204621F0E3F82046EB
:10DE4C0010BD00BF70B5094B0646044600F50075C1
:10DE5C00036054F8040F08B121F0D4F8AC42F8D1A7
:10DE6C00304621F0CFF8304670BD00BF04220020B0
:10DE7C0010B5044621F0C6F8204610BD10B5044676
:10DE8C00406808B121F0BEF8A06808B121F0BAF8DA
:10DE9C00204621F0B7F8204610BD00BF70B5244CC9
:10DEAC00244A94F800381268362B3AD822491801C3
:10DEBC0001EB03130958DB688968194231D094F8D7
:10DECC000138CBB1D4F804380025B4F81A18D31A99
:10DEDC0084F801588B4212DD94F80868174B3046D1
:10DEEC00C4F80428995D01360AF068FFF6B20C2ECE
:10DEFC001BD984F8085870BDC4F8042870BD322BA7
:10DF0C00F9DD94F808180D48C4F804280C44435C57
:10DF1C0094F80C280133DBB29A424354EBD84554A5
:10DF2C0070BD012384F8013870BD84F8086870BD99
:10DF3C00C05600205CC30120441E0020FCB101200F
:10DF4C002DE9F04F83468068B44C8DB003680025F2
:10DF5C001B689847D4F83038B14A05211D61A4F8E4
:10DF6C001C189A640122AF495A6299624FF43031FD
:10DF7C00D9624FF00111986C186504F502601D62AE
:10DF8C0099651A6121F060F821F056F821F050F8EB
:10DF9C00722240F2011304F5026084F8C528A4F83B
:10DFAC004F3917F0E7F9002800F02882D4F8303800
:10DFBC00002605229A491E61A4F87A290122996447
:10DFCC0098495A6299624FF4303184F87859D96281
:10DFDC004FF00111986C18651E62934899651A618F
:10DFEC0021F032F821F028F821F022F8722240F2C8
:10DFFC0001138D4884F8C528A4F84F3917F0BAF9E5
:10E00C00002800F0C08130464FF40062002184F8F3
:10E01C008009002681481AF0A5FDD4F83038804AD2
:10E02C001E6180499A6401225A6299624FF4303120
:10E03C00D9624FF00111986C18651E627A48996587
:10E04C001A6121F001F820F0F7FF20F0F1FF78229F
:10E05C0040F20113744884F8C528A4F84F3917F01E
:10E06C0089F90546002800F045820BF5804585F8B6
:10E07C0030616E4A0BF500531268C5F8442193F8D1
:10E08C001037362B0ED86A4A190102EB031351587C
:10E09C00D8684A6802434A6038219A685B68116004
:10E0AC0015221A6063499BF8BC22634B362A84F80C
:10E0BC00F0290B60614B4B600FD810015C4B38277B
:10E0CC001525185803EB02134268DE6822EA060293
:10E0DC0042609A685B6817601D605948594E426CE3
:10E0EC00436C456C324003F0030305F0E0052A4312
:10E0FC000025134343F44673436400F58040A4F8B1
:10E10C00F259426C436C3240466C03F0030384F8C2
:10E11C00FC5906F0E006A4F8FE5932434A4E13436C
:10E12C0040F6B73243F4467343644FF4FA5347480E
:10E13C000B8110234649A4F8F83918F0E7F9454B40
:10E14C009BF8BE12444A84F801580391434D84F85D
:10E15C00001A19469A609A624FF03F4241F8405FAC
:10E16C005D66354D9A639A6103F148029D6603F52D
:10E17C00DE739BF8BD02C4F85C3AD6F8DC31362865
:10E18C004D609362D6F8D83153624FF0C803A4F8AF
:10E19C00BC3B11D80201264BDFF8CCC0152799588F
:10E1AC0003EB00134A68DD6822EA05024A609A68AC
:10E1BC005B68C2F800C01F604FF4FA73284D4FF033
:10E1CC00000896F8E0A14FF6FF7984F800085FFA92
:10E1DC0088FEA4F81A380295BAF1000F5CD0D34629
:10E1EC004FEA98030EF003074FF0FF0C06EB4303C6
:10E1FC00B3F8E4011B4B400003EB980200EB023038
:10E20C001303B0EB023F31D91A880233D1B28F42DB
:10E21C0008BF4FEA122C9842F6D827E0C0560020CF
:10E22C003B372819B80B0505E05E00205CC30120C4
:10E23C00441E0020584C0020000048420000F042D0
:10E24C0000400C4000FCFFFFB8670020644C00202D
:10E25C00CDCF0000C4600020000080BF000043450B
:10E26C00FCB10120C007060038F00100029B0EF142
:10E27C00010EB8F10C0F03F801CB5FFA8EF7029385
:10E28C0045D008F10108BAF1000F23D1DA465FFA44
:10E29C0088FEBAF1000FA2D1B448B54A00F17E0B4A
:10E2AC001346002102F5805203E093421FFA8CF1D1
:10E2BC0005D21F8801F1010C02334F45F5D120F82E
:10E2CC00021F8345ECD14FF001034FF0010B86F890
:10E2DC00E03185E7791E3B46DFF8B88229449A087D
:10E2EC0003F0030E08EB930706EB42023803B2F877
:10E2FC00E421520002EB0732B2EB073F01F21C8122
:10E30C004FF0FF0C013301F801CF0D2BE7D1994BE6
:10E31C00B6F8EA1103EB4101994240F29880FF27CD
:10E32C001A880233D0B2022808BF170A9942F7D1D3
:10E33C00FF2F00F08C80039940F20A228E480A23AA
:10E34C0084F80C184FF00A31A4F80E2845F6BF5289
:10E35C00C4F81008C4F814188848894984F80D3892
:10E36C0084F8183818F0D2F8864A002196F8A932A9
:10E37C0011702BB9844A0123C6F86C2286F8A93295
:10E38C000DB0BDE8F08FD4F87C0908B120F03AFE4E
:10E39C0010207E4F20F02EFE5223002605460370DF
:10E3AC0020234760C360C4F87C090672384620F00D
:10E3BC004BFE2B7838465B0084F8C53801232B7252
:10E3CC0040F20115A4F84F5916F0D4FF00287FF441
:10E3DC001AAED4F87C390B900593062306908DF871
:10E3EC00260005A8ADF82450ADF822300BF01AFE2B
:10E3FC00A0F1C200B0FA80F0400905E6D4F860093B
:10E40C0008B120F0FFFD1020604F20F0F3FD392300
:10E41C000646476003700023C4F8600901250372A7
:10E42C002023C360384620F00FFE3378357238460F
:10E43C00AB4084F8C53840F20113A4F84F3916F0FC
:10E44C0099FF0646002800F0DB840025AEE5002786
:10E45C004FF001084FF0030A4FF0050939463846D2
:10E46C002F700AF0ABFC5146404685F801A00AF02B
:10E47C00A5FC4946022085F802900AF09FFC504604
:10E48C00414685F803800AF099FC4946042085F83A
:10E49C0004900AF093FC4846414685F805800AF042
:10E4AC008DFC4146062085F806800AF087FC072182
:10E4BC000846E9710AF082FC394608202F720AF0EE
:10E4CC007DFC394609206F720AF078FC39460A2027
:10E4DC00AF720AF073FC39460B20EF720AF06EFC37
:10E4EC0039460C202F730AF069FC39460E200AF0CD
:10E4FC0065FC20E7D4F8B009B4F98E29002800F0A7
:10E50C00DB85D31D48BF02F10E03B4F98C29DB1057
:10E51C0003FB02F200211AF025FBB4F98E39B4F991
:10E52C008C19202B40F3B881A3F14000B1F15202B9
:10E53C004FF000084FF0010A00B248BFA1F15102A0
:10E54C0000284FEA6202B8BF013093B24010029328
:10E55C0000220F4B1FFA80FE0299904203EB080930
:10E56C00B4BF0023012303931FE000BF9A6900206E
:10E57C0000007C6000307C600A02020A6C4C0020B7
:10E58C008DA90000F9B10120706A0020E05E002026
:10E59C00A02A0060C00706006D00EDB22E060CD458
:10E5AC0001320131522A89B23DD0570713B2F3D14F
:10E5BC0009EBE3031D7A2E06F2D50EB2002EEFDB2B
:10E5CC00B4F99039B342EBDD039B002BE8D0B4F9DE
:10E5DC0092398342E4DD94F89E39022B00F0978542
:10E5EC00032B00F08985012B00F07B85B4F98CC9D5
:10E5FC0077460346002B02F1010201F10101B8BF7D
:10E60C000733522A89B24FEAE30313FB0C6307F07A
:10E61C000706D4F8B0790AFA06F617F803C046EAEA
:10E62C000C06FE54C1D108F10B080EF10100B8F52F
:10E63C00307F00B28CD10223D4F8AC5984F8B539B0
:10E64C00002D00F0BA813C23284684F8B43920F020
:10E65C00FBFC94F9BB39002B80F2F982D4F8DC195D
:10E66C0000229D482B6981421A6100F292869B49D7
:10E67C00012299645A624FF4303299499962DA62F4
:10E68C00996C002219654FF001111A6201229965EB
:10E69C001A61944816F000FFB4F88E1992480139AB
:10E6AC00C9B20BF041FA914816F0F6FE94F9B5395F
:10E6BC008D48012B0CBF102114210BF035FA8C481E
:10E6CC0016F0EAFED4F88C398A4A8F21934284F8EA
:10E6DC00E4190CD002F50012934200F04F86864AE2
:10E6EC00934200F07E86854A934200F01A870225F9
:10E6FC007D48DA210BF018FA29467B480BF014FA06
:10E70C00812179480BF010FA94F8E41976480BF053
:10E71C000BFAD92174480BF007FA94F9B539724801
:10E72C00012B0CBF2221F1210BF0FEF9D4F8AC091E
:10E73C00002800F0258540F2011294F8B439704E8F
:10E74C005B00A0F82F21026880F8A5301368B34253
:10E75C0040F0E186B0F830312BB1022380F82F3134
:10E76C00002380F8A630DFF8A4A101254FF00209A0
:10E77C000AF106082F4616E00135ADB203681AF807
:10E78C00011C1B68B34240F01481B0F8303133B136
:10E79C0090F82F31882B2CD94760D4F8AC090AF1AA
:10E7AC00010AC24531D0882DE6D116F0E3FD94F86C
:10E7BC00B439D4F8AC095B00026880F8A53040F29B
:10E7CC000113A0F82F311368B34240F0D284B0F893
:10E7DC003031002B00F00C83002380F82F910225A0
:10E7EC0080F8A63013681AF8011CB34240F0E1809F
:10E7FC002B460AF1010AC2180133C24580F82F31A9
:10E80C00D4F8AC0982F8A510CDD116F0B3FDD4F82C
:10E81C00AC39002B00F0E285D4F8E01900222E4828
:10E82C001B6981421A6100F2CA852C490122996444
:10E83C005A624FF430322A499962DA62986C01229A
:10E84C0000211865104619624FF0011199651A6183
:10E85C000BF58045D4F8A43985F83001002B00F075
:10E86C00A785B4F98E290021264BD4F8B009C4F839
:10E87C00A439D31D48BF02F10E03B4F98C29DB1067
:10E88C0003FB02F21AF06EF9012117480BF03CFA67
:10E89C0016F066FFFFF7EDBBB1F173024FF0000805
:10E8AC004FF0010A48BFA1F17202B3F120064FEA02
:10E8BC00620248BFA3F11F0693B2761002930022A6
:10E8CC00114B1FFA86FE0299964203EB0809B4BF5E
:10E8DC0000230123039324E07F1A06003B372819F9
:10E8EC00B80B0505482F0060446000204C2F0060D9
:10E8FC00502F0060800020006000100040002000BD
:10E90C00A5190100542F0060A02A0060A12A006004
:10E91C006D00EDB22F060DD401320131732A89B28C
:10E92C003ED0500713B2F3D109EBE30393F8C8526E
:10E93C002F06F1D508B20028EEDBB4F990398342EA
:10E94C00EADD039B002BE7D0B4F99239B342E3DD47
:10E95C0094F89E39022B00F0FD83032B00F0F0831A
:10E96C00012B00F0E383B4F98CC977463346002BB6
:10E97C0002F1010201F10101B8BF0733732A89B218
:10E98C004FEAE30313FB0C0307F00700D4F8B0794C
:10E99C000AFA00F017F803C040EA0C00F854C0D192
:10E9AC0008F10F080EF10106B8F5F07F36B286D1EA
:10E9BC0041E69847D4F8AC09F1E694F9B919CBB211
:10E9CC00362B00F287851801B34A4FF0380C152707
:10E9DC00155802EB03136868DE683043686098686A
:10E9EC005B68C0F800C01F6094F9BA59EBB2362BC3
:10E9FC000ED8180102EB03131658D3E9027C706889
:10EA0C005B6840EA0C007060382038601520186094
:10EA1C0002EB01130901DB68C4F8D43953582901FE
:10EA2C00C4F8C43902EB05135158DB68C4F8C81993
:10EA3C00C4F8D839086803430B60D4F8A839002B04
:10EA4C0000F004855968B827DFF85882DFF864E2D3
:10EA5C00924ED1E900C0DCF8005025EA0000CCF859
:10EA6C000000D8F8180000EA0E0E4EEA0606C8F8A8
:10EA7C0018601E7C01EB060801EB860698F8100066
:10EA8C0002EB0010806807605D7C01EB050E0A3517
:10EA9C009EF8240002EB001080680760987C01EB64
:10EAAC00000901EB800099F838A0029002EB0A1AD9
:10EABC00DAF808A0CAF800704868DCF80070074360
:10EACC00CCF80070776998F8106002EB061676683F
:10EADC00376051F825609EF8245002EB05156D68DF
:10EAEC002E6099F8385002EB051252680298C06BF0
:10EAFC0010608A6C99F8440010600A6A98F81C003F
:10EB0C0010604A6B9EF83010116002221868026186
:10EB1C000F228265DA7C002A3AD072B6D97CCE07F5
:10EB2C0008D54FF0E0205D69D0F880212A409A6228
:10EB3C00C0F880218D0708D54FF0E0209D69D0F8F2
:10EB4C0084212A40DA62C0F88421480708D54FF0A6
:10EB5C00E020DD69D0F888212A401A63C0F88821AA
:10EB6C000A0708D54FF0E0201D6AD0F88C212A4006
:10EB7C005A63C0F88C21CF0608D54FF0E021586AB3
:10EB8C00D1F8902102409A63C1F8902162B61868BE
:10EB9C00434D9A68AA4200F04784424A9D609269AC
:10EBAC004149C2F30117C2F38262404E51F827105B
:10EBBC000132B1FBF2F1B14240F233843C4AA2FB88
:10EBCC000162120DB1FBF2F1A94288BF0132B2F51C
:10EBDC00817F80F02384022A40F22384023A550874
:10EBEC00290441EA05210A43DA600021016103216D
:10EBFC00416202640722026601220261DA7C12B3CE
:10EC0C00D60704D5986A4FF0E021C1F800019507AA
:10EC1C0004D5D86A4FF0E021C1F80401500704D59F
:10EC2C00186B4FF0E021C1F80801110704D5586B9F
:10EC3C004FF0E021C1F80C01D70604D59A6B4FF0C8
:10EC4C00E023C3F8102194F9BB39002B4EDB362B93
:10EC5C0015DC1901104A152502EB03135258D8681C
:10EC6C005168014338205160996808605868056004
:10EC7C00DB685068184200F04A84C2F884300120E6
:10EC8C000AF048FA94F8BB39362B1CD81901024A01
:10EC9C0002EB031352580FE0441E00201000000832
:10ECAC0000093D0000C00F409C230020FF083D00E0
:10ECBC0083DE1B43CFFFFFE3D9685068084200F0A6
:10ECCC002184C2F888100A200AF024FA94F8BB397F
:10ECDC00362B0BD81901474A02EB03135258D9684B
:10ECEC005068084200F00984C2F88410D4F8AC597A
:10ECFC00002D7FF4B3ACD4F8A839002B6FD0D97C9D
:10ED0C00D4F8E829D4F8EC59002939D072B6D87C5B
:10ED1C00C60708D54FF0E0275E69D7F8801131405F
:10ED2C009962C7F88011810708D54FF0E0279E69DA
:10ED3C00D7F884113140D962C7F88411470708D538
:10ED4C004FF0E027DE69D7F8881131401963C7F816
:10ED5C008811060708D54FF0E0271E6AD7F88C11EA
:10ED6C0031405963C7F88C11C10608D54FF0E0202B
:10ED7C005E6AD0F8901131409963C0F8901162B678
:10ED8C009968914200F0B7831B499A6089691B48C6
:10ED9C00C1F30116C1F3826150F826600131B6FB54
:10EDAC00F1F0002A40F09D838E420ED301460131D2
:10EDBC00B1F5817F80F09383022940F28E83023972
:10EDCC004808020242EA00420A43DA601B6800214A
:10EDDC001961032159621A6401221D661A61D4F863
:10EDEC00C829D4F8D819136823EA0103136050E436
:10EDFC000225D4E4441E002000C00F409C230020B8
:10EE0C0092232A46D4F860098DF8143005AB00958E
:10EE1C00194615F073FF9DF81470AB2F7FF415ABEA
:10EE2C00FC232A4605A9D4F860098DF814308123F7
:10EE3C008DF8103004AB17F0AFF894F86D3905A9C4
:10EE4C00D4F8600965F30103C3F3011284F86D393A
:10EE5C0003F00C0343EA82132A4643F001038DF8B6
:10EE6C0014308F238DF8103004AB17F095F894F80C
:10EE7C0075392A4605A966F30003D4F860098DF8A4
:10EE8C001070802784F8753903F006038DF8143060
:10EE9C0004AB17F081F894F869392A4605A966F392
:10EEAC008613D4F860098DF8107084F8693903F072
:10EEBC003F038DF8143004AB17F06EF8B4F8680902
:10EECC0004AB2A46C0F34031C0F3803CC4F86469FB
:10EEDC0049018DF8107041EA8C11C0F3002C41EA05
:10EEEC000C01C0F3003C41EA0C11C0F3C02C41EA08
:10EEFC00CC0120F49F6CC0F340202CF0070C41EAAD
:10EF0C004001D4F86009A4F868C98DF8141005A95B
:10EF1C0017F042F894F869392A4605A966F34103BB
:10EF2C00D4F860098DF8107084F8693903F07D030A
:10EF3C008DF8143004AB17F02FF894F869392A4681
:10EF4C0005A966F30413D4F860098DF8107084F8E1
:10EF5C00693903F06F038DF8143004AB17F01CF80B
:10EF6C0094F869392A4605A966F34513D4F8600963
:10EF7C008DF8107084F8693903F05F038DF8143044
:10EF8C0004AB17F009F8E72332463146D4F8600990
:10EF9C008DF8143005AB16F0FFFF94F869392A464A
:10EFAC0005A966F30003D4F860098DF8107084F895
:10EFBC00693903F07E038DF8143004AB16F0ECFFC6
:10EFCC000A200AF0A7F894F869392A4605A943F0F3
:10EFDC000103D4F860098DF8107084F8693903F0D6
:10EFEC007E0343F001038DF8143004AB16F0D4FF0C
:10EFFC000A200AF08FF894F874392A4605A966F3AA
:10F00C000103D4F860098DF8146084F87439AA23CC
:10F01C008DF8103004AB16F0BFFF94F871392A4606
:10F02C0005A965F38713D4F8600984F8713903F0E6
:10F03C003F0343F040038DF81430A2238DF81030B9
:10F04C0004AB16F0A9FF94F87239022205A9D4F882
:10F05C00600962F346132A4684F8723903F01F03E1
:10F06C0043F040038DF81430A3238DF8103004AB1B
:10F07C0016F092FF32232A4605A98DF81430A023EE
:10F08C00D4F860098DF8103004AB16F085FFC92256
:10F09C0004AB05A984F873298DF81420A622D4F8A2
:10F0AC0060098DF810202A46C4F8646984F86869F0
:10F0BC0016F072FFFEF77ABFD31D48BF02F10E03A4
:10F0CC00B4F98C29DB1003FB02F2104602921FF0FC
:10F0DC0091FF029AC4F8B00900287FF41BAAFFF72D
:10F0EC00B7BBB4F98CC933460F460CF1FF36A6EB0F
:10F0FC000E0636B2FFF77EBAB4F88E390646B4F96E
:10F10C008CC9013B5B1A9FB21BB2FFF773BAB4F9FF
:10F11C008CC9B4F88E390CF1FF36013B761AA3EB8F
:10F12C000E0336B29FB21BB2FFF764BAB4F98CC9A6
:10F13C0003460F460CF1FF30A0EB0E0000B216E4B4
:10F14C00B4F88E393046B4F98CC9013B5B1A9FB2C6
:10F15C001BB20CE4B4F98CC9B4F88E390CF1FF3045
:10F16C00013B401AA3EB0E0300B29FB21BB2FFF798
:10F17C00FEBB002102259847D4F8AC09FFF7FEBA74
:10F18C00D4F8C429D4F8D4091368A94D23EA000390
:10F19C00D4F8A81905F1060C1360D4F8BC29D4F8DE
:10F1AC00C03915F8010B00293DD00F687866F86D51
:10F1BC0010F4F81FFBD0786F6545F2D1D4F8C8294C
:10F1CC00D4F8D809136803431360002900F0D380E6
:10F1DC00CB7C002B00F0CF80DE0704D5886A4FF083
:10F1EC00E022C2F800019D0704D5C86A4FF0E02266
:10F1FC00C2F80401580704D5086B4FF0E022C2F89E
:10F20C0008011A0704D5486B4FF0E022C2F80C0134
:10F21C00DB0640F1B0808A6B4FF0E0230120C3F88D
:10F22C001021FFF715BB176810F0800FD4F8CC69CC
:10F23C000CBFB743374310F0400F17601F68D4F86A
:10F24C00D06947EA06071F601F68D4F8D06927EA1F
:10F25C0006071F601768D4F8CC690CBFB743374357
:10F26C0010F0200F17601F68D4F8D06947EA060722
:10F27C001F601F68D4F8D06927EA06071F6017685B
:10F28C00D4F8CC690CBFB743374310F0100F17609C
:10F29C001F68D4F8D06947EA06071F601F68D4F8C6
:10F2AC00D06927EA06071F601768D4F8CC690CBF31
:10F2BC00B743374310F0080F1760D4F8D0691F68B4
:10F2CC0047EA06071F601F68D4F8D06927EA0607CB
:10F2DC001F601768D4F8CC690CBFB743374310F0E4
:10F2EC00040F17601F68D4F8D06947EA06071F603F
:10F2FC001F68D4F8D06927EA06071F601768D4F88E
:10F30C00CC690CBFB743374310F0020F17601F686E
:10F31C00D4F8D06947EA06071F601F68D4F8D06993
:10F32C0027EA06071F601768D4F8CC690CBFB743EF
:10F33C00374310F0010F17601F68D4F8D06947EA03
:10F34C0006071F601F68D4F8D06927EA06071F60FC
:10F35C001068D4F8CC7914BF3843B84310601868DF
:10F36C00D4F8D079384318601868D4F8D07920EAEA
:10F37C000700186020E70120FFF76ABA94F9B53945
:10F38C001225012B0CBF9F23CF2384F8E439FFF700
:10F39C00AFB92848814238D827499964A1F1216135
:10F3AC005A62A1F60C41254A9962DA62FFF768B9F4
:10F3BC00B4F896390633A4F89639FFF752BA1D48BB
:10F3CC00814219D81C499964A1F121615A62A1F6B4
:10F3DC000C411A4A9962DA62FFF730BAD4F8A819CC
:10F3EC00ECE694F9B5390225012B0CBF1023AF23A1
:10F3FC0084F8E439FFF77CB9114999645A621149D0
:10F40C000E4A9962DA62FFF719BA0D4999645A6289
:10F41C000C490A4A9962DA62FFF732B90A4AFFF7D5
:10F42C00E3BB0022FFF7E0BBDA68FFF7DEBB00BFEF
:10F43C00A02A00603F420F001C1A120C007F05002E
:10F44C000A09070460090101FF7F7F0094F9B719CD
:10F45C00CBB2362B0DD8180102EB031310585D6894
:10F46C00D3E9026743683B43436038233360152379
:10F47C002B6094F9B859EBB2362B0ED8180102EB6D
:10F48C0003131658D3E9027C70685B6840EA0C00E1
:10F49C007060382038601520186002EB01130901E8
:10F4AC00DB68C4F8CC3953582901C4F8BC3902EBD9
:10F4BC0005135258D968C4F8C029C4F8D019136878
:10F4CC0023EA0103136094F9BB39002BFFF687ACD8
:10F4DC00FFF7BDBB214AFFF787BA002275E4204A2B
:10F4EC0073E49042F9D3B0FBF2F1B0FBF1F090422F
:10F4FC007FF65EAC5BE4DA6868E49B68194A1A60D4
:10F50C00FFF7F4BB9B68184A1A60FFF7DCBB154B7E
:10F51C000B60FFF7B4BB00219847D4F8AC09FFF798
:10F52C0022B994F9B5391225012B0CBF1023CF2326
:10F53C0084F8E439FFF7DCB81FFA8EFE4FF0FF0CAD
:10F54C000746B0F8009002303F78774508BF4FEA85
:10F55C00192C9042F4D3FEF7D5BE00BF441E0020F8
:10F56C00FF7F7F0038F0010038300100D1ED0C6ACC
:10F57C0092ED000AF5EE406AD2ED017A92ED027A34
:10F58C00F1EE10FA30B52DED028B91B00C4605461C
:10F59C008DED020ACDED037A8DED047A40F0BA8040
:10F5AC00D4ED075AD4ED086A30EE650A94ED0B8A57
:10F5BC0094ED0E6A77EEE67ADFED6A6AA6EE080A3B
:10F5CC0094F8343077EEA67A37EE267ACDED037ABE
:10F5DC008DED047A8DED020A5BB167EEA77AE0EE51
:10F5EC00007AF4EE667AF1EE10FA00F1B680B1EE24
:10F5FC00E70AF0EE480A18F015FBF1EE087AB0EEC7
:10F60C00C00A9FED587A20EE270AC0EE087A77EEF2
:10F61C00877ABBFE677ABCEEC77A8DED017A9DF8CE
:10F62C000430042B13D800215A1C2980D2B2A970A3
:10F63C0094F8351099B103EB4303284623449A8878
:10F64C009B792A80AB7011B0BDEC028B30BD0021D0
:10F65C0000222980A97094F835100029EBD1591C8F
:10F66C0007EE103A02EB4202DFED3E3A05EE101ABD
:10F67C00B8EE477A224403EB4303B8EEC55A28464A
:10F68C0077EEC77A1C441379F7EE005A35EE475AD9
:10F69C0006EE903A537987EE856A07EE103A937925
:10F6AC00227907EE903A637904EE102A04EE903A30
:10F6BC00A379F8EEE66AB8EEC77A05EE103AF8EEE2
:10F6CC00E77AB8EEC44AF8EEE44AB8EEC55A36EE1C
:10F6DC00236A75EEC65A66EE866A27EE067A67EEE0
:10F6EC00867AE4EE256AA5EEA47AE5EE857AFCEE40
:10F6FC00E66ABCEEC77AFCEEE77A16EE901A17EEC5
:10F70C00102A17EE903A29706A70AB7011B0BDECEC
:10F71C00028B30BD144A002309A905A809930A934A
:10F72C00B2F8BC32CDED0B6AADF83030D2F8C03245
:10F73C000D93D2F8C4320E93D2F8C8320F930CF05A
:10F74C00CDFD02AA05A909A807F024FF9DED090A21
:10F75C00DDED0A7A9DED0B7A22E7B0EE670A17F021
:10F76C0079FF46E700000000B867002030B583B091
:10F77C0004461831069D0095FFF7F8FE204603B0AD
:10F78C0030BD00BFD1ED096A92ED000AF5EE406A7A
:10F79C00D2ED017A92ED027AF1EE10FA30B52DED40
:10F7AC00028B91B00C4605468DED020ACDED037A25
:10F7BC008DED047A50D1D4ED045AD4ED056A30EEB7
:10F7CC00650A94ED088A94ED0B6A77EEE67ADFED24
:10F7DC00646AA6EE080A94F8283077EEA67A37EE1B
:10F7EC00267ACDED037A8DED047A8DED020A5BB1AC
:10F7FC0067EEA77AE0EE007AF4EE667AF1EE10FA94
:10F80C0000F1A980B1EEE70AF0EE480A18F00AFA06
:10F81C00B0EEC00A9FED526A002330EE000A2B8036
:10F82C00AB7094F82920C0EE087A77EE867ABBFE8E
:10F83C00677ABCEEC77A8DED017A9DF8043072B30D
:10F84C0003EB4303284623449A889B792A80AB70A8
:10F85C0011B0BDEC028B30BD424A002309A905A8AA
:10F86C0009930A93B2F8BC32CDED0B6AADF8303087
:10F87C00D2F8C0320D93D2F8C4320E93D2F8C832FB
:10F88C000F930CF02BFD02AA05A909A807F082FE24
:10F89C009DED090ADDED0A7A9DED0B7A8BE75A1C7A
:10F8AC0006EE903AB7EE005A284607EE102AF8EE0C
:10F8BC00666AB3FA83F203EB4303B8EEC77A77EECA
:10F8CC00E67A5209234437EE667A02EB4202197942
:10F8DC0014445A79C7EE875A9B7904EE102A227980
:10F8EC0004EE903A637906EE902A03EE901A07EE36
:10F8FC00103AA379F8EEE66A07EE903AB8EEC77ABA
:10F90C00F8EEE33AF8EEE77AB8EEC44AF8EEE44AD9
:10F91C0035EE866A75EE465A66EE866A27EE067AEC
:10F92C0067EE867AE3EEA56AA5EE847AE5EEA47A14
:10F93C00FCEEE66ABCEEC77AFCEEE77A16EE901A9D
:10F94C0017EE102A17EE903A29706A70AB7011B04E
:10F95C00BDEC028B30BDB0EE670A17F07BFE53E7AF
:10F96C0000000000B8670020D1ED0A6A92ED000A91
:10F97C00F5EE406AD2ED017A92ED027AF1EE10FAD0
:10F98C0030B52DED028B91B00C4605468DED020A7B
:10F99C00CDED037A8DED047A40F0BA80D4ED055AA2
:10F9AC00D4ED066A30EE650A94ED098A94ED0C6A82
:10F9BC0077EEE67ADFED6A6AA6EE080A94F82C3048
:10F9CC0077EEA67A37EE267ACDED037A8DED047AB2
:10F9DC008DED020A5BB167EEA77AE0EE007AF4EEE9
:10F9EC00667AF1EE10FA00F1B680B1EEE70AF0EEAD
:10F9FC00480A18F017F9F1EE007AB0EEC00A9FED44
:10FA0C00587A20EE270AC0EE087A77EE877ABBFE8A
:10FA1C00677ABCEEC77A8DED017A9DF80430022B23
:10FA2C0013D800215A1C2980D2B2A97094F82D1039
:10FA3C0099B103EB4303284623449A889B792A8087
:10FA4C00AB7011B0BDEC028B30BD002100222980BF
:10FA5C00A97094F82D100029EBD1591C07EE103A1F
:10FA6C0002EB4202DFED3E3A05EE101AB8EE477A91
:10FA7C00224403EB4303B8EEC55A284677EEC77A07
:10FA8C001C441379F7EE005A35EE475A06EE903ABD
:10FA9C00537987EE856A07EE103A9379227907EE4F
:10FAAC00903A637904EE102A04EE903AA379F8EEBA
:10FABC00E66AB8EEC77A05EE103AF8EEE77AB8EED9
:10FACC00C44AF8EEE44AB8EEC55A36EE236A75EE2F
:10FADC00C65A66EE866A27EE067A67EE867AE4EEFA
:10FAEC00256AA5EEA47AE5EE857AFCEEE66ABCEE14
:10FAFC00C77AFCEEE77A16EE901A17EE102A17EE7C
:10FB0C00903A29706A70AB7011B0BDEC028B30BDAD
:10FB1C00144A002309A905A809930A93B2F8BC3228
:10FB2C00CDED0B6AADF83030D2F8C0320D93D2F86F
:10FB3C00C4320E93D2F8C8320F930CF0CFFB02AA4A
:10FB4C0005A909A807F026FD9DED090ADDED0A7A45
:10FB5C009DED0B7A22E7B0EE670A17F07BFD46E7C6
:10FB6C0000000000B86700202DE9F0470C469168B2
:10FB7C0005469A46D4ED0D7A92ED007AD2ED016AE3
:10FB8C002DED028B9FEDA78A90B0F4EE487A04918C
:10FB9C00F1EE10FA04D094F87221002A00F0CA8019
:10FBAC00FDEEE77AA0499FEDA16ADFEDA15A17EEB1
:10FBBC00902A81FB0201D0171144C0EB21214FF494
:10FBCC00B47000FB112207EE902AF8EEE77A37EEBC
:10FBDC00C66AB0EEC66AB4EEE56AF1EE10FA40F110
:10FBEC00E580B1EE477AD4ED097ABBEE046ADFED1D
:10FBFC00915A76EEE77A94ED0A5AD4ED073A37EE3D
:10FC0C00457A94ED084A67EEA55ACDED027ADFED00
:10FC1C008A4AB3EE045A67EE066A8DED037AC5EE96
:10FC2C00A37A86EE847A77EEA47AFBFE677AFDEEF1
:10FC3C00E77A37EE057A17EE902AFBFE477AFDEE4F
:10FC4C00E77AB2F5C36F17EE901A68D2132966D80B
:10FC5C007A4FC817B4F8708187FB01EC784E4FEAE5
:10FC6C004809C0EBAC00366887FB02C74FEAE27E5E
:10FC7C00844600EB8000CEEBA70EA1EB4000B6FB58
:10FC8C00F9F109FB11669C2101FB0C4C40F201219E
:10FC9C004645F44494BF002601269CF8387021FA9E
:10FCAC0000FC1CF0010F19D05A2F38D9002E36D079
:10FCBC00216953461A980A68009005A8146802AA8C
:10FCCC00A047604B284609AA05A9099307F03CFEFA
:10FCDC00284610B0BDEC028BBDE8F0870EEB8E0E03
:10FCEC00A2EB4E02C2F10902D2B2D140CB07DBD457
:10FCFC00A7F12F01C9B24F297FD8534B03EB8101D8
:10FD0C0089690144013A5A2F11F8011C41FA02F297
:10FD1C0002F0010279D9002E71D0002AC8D0B4F8B3
:10FD2C001720637E2A80AB70284610B0BDEC028B86
:10FD3C00BDE8F087454A05A8D4ED0C5AB2F8BC12C0
:10FD4C0094ED0B6A76EEE56AADF83010D2F8C0127D
:10FD5C0037EE467ACDED036A0D91D2F8C412D2F883
:10FD6C00C8220E9109A98DED027ACDED0B7A0F9276
:10FD7C008DED098A8DED0A8A0CF0B0FA05A909A857
:10FD8C0002AA07F007FC9DED0B6ADDED097A36EE51
:10FD9C00086A9DED0A7AD4ED0B6AD4ED0C5A77EE15
:10FDAC00A66A8DED046A37EE257A1CE79FED286A6A
:10FDBC0037EEC66AB0EEC66AB4EEE56AF1EE10FA3A
:10FDCC0006D5F1EE477AB1EE667AF0EE676A0AE78D
:10FDDC009FED206A77EEC67AF0EEE77AF4EEE57ADC
:10FDEC00F1EE10FA02D5F1EE666AFCE6F0EE667AF8
:10FDFC00F0EE476AB0EE677AF5E6174981E75A2FBD
:10FE0C0003D9002A7FF454AF89E7002A87D02169EF
:10FE1C0053461A9C02AA0868009404682846A04716
:10FE2C0082E700BF00000000B7600BB60000B442D0
:10FE3C00000034420000C3C40000C3446766666619
:10FE4C005CC30120000034439C230020B8670020D1
:10FE5C000000344300008743AC2300202DE9F04F11
:10FE6C00104C87B006460021B4F98E29D4F8B0099D
:10FE7C00D31DDFF834B048BF02F10E03B4F98C295E
:10FE8C00DB1003FB02F218F06DFE00200196024617
:10FE9C001FFA80F900230FFA80F800F0070A0BEB29
:10FEAC00001C0BE0C05600209C2300205200D2B254
:10FEBC0012F0800F0FD10133802B39D019B213F00F
:10FECC0007069FB20D46F1D10CEBE10292F85821D6
:10FEDC0012F0800FEFD0B4F990E98E45EBDDB4F958
:10FEEC0092194145E7DD94F89E19022900F0B6827B
:10FEFC00032900F0A8820129B4F98CE900F09D8255
:10FF0C001F4656464546002D03F10103B8BF073581
:10FF1C00802B4FEAE50515FB0E714FF00105D4F867
:10FF2C00B07905FA06F67D5C45EA06057D54C5D127
:10FF3C0001304028ACD1019E002140F20112BF4F8C
:10FF4C0096F8DC30C4F89819A4F89C29002B00F022
:10FF5C0094823A78D6F8D8301AB9B94A127803EBA9
:10FF6C00820302AD1968284616F0B4FA2B4600221B
:10FF7C000D2103200BF0E2FE02981FF043F83B78B2
:10FF8C00002B40F09282AE4B5B7802334FF00008AE
:10FF9C0056F823A0CDF8108050468DF81480CDE98A
:10FFAC00028819F075FC814658B101301FF022F817
:10FFBC0038B1514680F800800290CDE9039918F0D1
:10FFCC005BFE2B4601220D2122200BF0B7FE02987E
:10FFDC001FF018F83B78002B40F06B82984BDB79C4
:10FFEC0002334FF0000856F823A0CDF8108050468D
:04FFFC008DF81480E8
:02000004600199
:10000000CDE9028819F04AFC814658B101301EF052
:10001000F7FF38B1514680F800800290CDE903998E
:1000200018F030FE2B4607220D2142200BF08CFEEB
:1000300002981EF0EDFF3B78002B40F03E82834B90
:10004000DB7820334FF0000856F823A0CDF810805D
:1000500050468DF81480CDE9028819F01FFC8146C6
:1000600058B101301EF0CCFF38B1514680F8008005
:100070000290CDE9039918F005FE2B4603220D21CD
:1000800062200BF061FE02981EF0C2FF3B78002B4D
:1000900040F025826D4BDB7A0C334FF0000856F8A8
:1000A00023A0CDF8108050468DF81480CDE9028849
:1000B00019F0F4FB814658B101301EF0A1FF38B1B0
:1000C000514680F800800290CDE9039918F0DAFDDE
:1000D0002B460B221C2103200BF036FE02981EF04B
:1000E00097FF3B78002B40F0F881584B9B78023308
:1000F0004FF0000856F823A0CDF8108050468DF838
:100100001480CDE9028819F0C9FB814658B101304D
:100110001EF076FF38B1514680F800800290CDE99C
:10012000039918F0AFFD2B4602221C2122200BF070
:100130000BFE02981EF06CFF3B78002B40F0CB8149
:10014000424B1B7A16334FF0000856F823A0CDF827
:10015000108050468DF81480CDE9028819F09EFB7E
:10016000814658B101301EF04BFF38B1514680F83E
:1001700000800290CDE9039918F084FD2B460822F7
:100180001C2142200BF0E0FD02981EF041FF3B785D
:10019000002B40F09E812D4B5B7920334FF00008FF
:1001A00056F823A0CDF8108050468DF81480CDE984
:1001B000028819F073FB814658B101301EF020FF10
:1001C00038B1514680F800800290CDE9039918F0CB
:1001D00059FD2B4605221C2162200BF0B5FD02982B
:1001E0001EF016FF3B78002B40F07181174B5B7AB5
:1001F00022334FF0000856F823A0CDF81080504667
:100200008DF81480CDE9028819F048FB814658B179
:1002100001301EF0F5FE38B1514680F800800290A2
:10022000CDE9039918F02EFD2B4609222D2103203C
:100230000BF08AFD02981EF0EBFE3B78002B40F09D
:100240004481024B1B7903E0F9B10120FCB101208C
:1002500002334FF0000856F823A0CDF81080504626
:100260008DF81480CDE9028819F018FB814658B149
:1002700001301EF0C5FE38B1514680F80080029072
:10028000CDE9039918F0FEFC2B4604222D212220F3
:100290000BF05AFD02981EF0BBFE3B78002B40F09D
:1002A0001281904B9B7A22334FF0000856F823A01E
:1002B000CDF8108050468DF81480CDE9028819F0F1
:1002C000EDFA814658B101301EF09AFE38B1514620
:1002D00080F800800290CDE9039918F0D3FC2B46FA
:1002E0000A223C2103200BF02FFD02981EF090FE05
:1002F0003B78002B40F0E5807A4B1B7B02330027D4
:1003000056F82380049740468DF81470CDE90277A3
:1003100019F0C4FA064650B101301EF071FE30B13A
:10032000414607700290CDE9036618F0ABFC2B46FE
:100330003C210C2222200BF007FD02981EF068FEE3
:100340004FF0000C23254FF0010E6146AFB2422260
:10035000002304EB0C0608E04900C9B208060CD4DF
:1003600001330132402B92B23BD013F0070F18B289
:10037000F2D1C010315C0806F2D510B2B4F9908900
:100380008045EDDDB4F99289A845E9DD94F89E89B0
:10039000B8F1020F46D0B8F1030F35D0B8F1010F14
:1003A00029D0B4F98CA9B946A846B8F1000F09F0D4
:1003B000070903F1010302F10102B8BF08F10708C0
:1003C0000EFA09F9402B92B24FEAE80818FB0A002E
:1003D000D4F8B0A91AF8008028EA09080AF80080C1
:1003E000C3D17D1C0CF1080CABB22DB2432BADD1A7
:1003F00007B0BDE8F08FB4F98CA9804691460AF1A8
:10040000FF30C01B00B2D0E7B4F88E892846B4F99B
:100410008CA908F1FF38A8EB02081FFA88F90FFA37
:1004200088F8C2E7B4F98CA9B4F88E890AF1FF30D4
:1004300008F1FF38801AA8EB070800B21FFA88F904
:100440000FFA88F8B1E70EF1FF37A7EB09073FB2C3
:100450005FE5B4F88E69B4F98CE9013EF61B0746F6
:1004600035B206F0070654E5B4F98CE9B4F88E69A4
:100470000EF1FF31013ECF1BA6EB09063FB235B2AC
:1004800006F0070645E53A780AB9164B1B782C3377
:1004900002AD56F82310284616F022F82B4603200A
:1004A00000220D210BF050FC02981EF0B1FD3B78AC
:1004B000002B3FF46EAD00236DE50023C1E5002362
:1004C00094E500231AE70023EDE60023C0E60023AD
:1004D0008EE6002361E6002334E6002307E60023CE
:1004E000DAE500BFFCB101202DE9F0414A4C4B4D4B
:1004F00094F8F0792A2F52D895F8CC32002B38D1C5
:10050000474B3B4493F85835FF2B48D01E0649D43F
:10051000444E3360336AD80704D408F0B9FD336A17
:10052000D907FAD53F4BD3ED097AF8EEE77AB4F85C
:10053000F2293D48531C911C05EB820289B2C2EDA1
:10054000B47A9BB2B4F8FE29B1F5007F05EB8303C2
:10055000A4F8F21900EB820002F10102A4F8FE29CE
:100560004FF00002C0ED007AC3F8D0222CD2BDE8D3
:10057000F0812C4EDFF8B88001E008F089FDB36C03
:100580001B06FAD4D8F8483013F08003F5D185F86B
:10059000CC32234B3B4493F85835FF2BB6D1DFEDDB
:1005A000237AC4E7224E03F07F033360336ADA070D
:1005B00004D408F06DFD336ADB07FAD51C4BD3ED8C
:1005C000097AF8EEE77AB2E71A4EF168F1B11A4B00
:1005D00000201A4A0B44F0601B1105EB8305C5F897
:1005E000E80A88600120C860FF201549D05453787C
:1005F0001078834228BF03469078D278834228BF80
:100600000346934228BF134681F87A30012384F8C9
:10061000FC39BDE8F08100BFC0560020B86700205B
:100620009C23002000400C400CB40120000000007E
:1006300000800C40584C002000BFF7BF504C0020F9
:1006400000E400E0D1ED857A9FEDBA7AF0EEE76A3A
:10065000F0B5F4EEC76A0C460546F1EE10FA2DED42
:10066000068B8FB040F1D280D2ED008A91ED837A73
:1006700092ED018AD1ED847A78EEC78A38EE678AE6
:10068000D4ED819AB1EE699AB4EEE89AF1EE10FADF
:1006900005DDF4EEE89AF1EE10FA00F1968094EDA3
:1006A00082AAF1EE4A7AF4EEC87AF1EE10FA05DD8C
:1006B000B4EEC8AAF1EE10FA00F18780F0EE680AF5
:1006C000B0EE480A17F0B2FA9FED9B7A28EE088A3E
:1006D000C0EE077AA8EEA88AB5EE408AF1EE10FACD
:1006E00067EE8A8A00F11F81F1EEC8AA94F82834D7
:1006F0009FED926A07EE903A94F829249FED900AB4
:10070000F8EE677A79EEA86A39EEA95A36EE677A7A
:10071000C9EEA75A66EE876A86EE857A77EE277A63
:10072000FCEEE77ACDED037A9DF80C30591C07EE0C
:10073000103A07EE901AF8EEC76AB0EE497AF8EE72
:10074000E77AA5EEA67AA5EEA79A78EEC78A39EEE3
:10075000479AC8EE897A77EE867A002A3DD127EE4D
:10076000800A9E0017F09AFBF7EE007AB6EE006A58
:10077000D4F8247237EEC00ABB19D3ED016A20EE1B
:10078000060A93ED007A77EEC07A20EE260AA7EEED
:10079000270AF1EE6A7A94F82A34F7EE006A87EEB7
:1007A0008A7A37EE267A002B5BD1B1EE006ADFED54
:1007B000657A0023E0EE067A76EEE77A77EEC77A7E
:1007C000F5EEC07AF1EE10FA7BD4002328462B8098
:1007D000AB700FB0BDEC068BF0BD27EE800A04EBCA
:1007E000830617F05BFBF7EE007AB6EE006AD6EDF3
:1007F0008B6A96ED8A7A37EEC00A20EE060A77EE0B
:10080000C07A20EE260AA7EE270AC2E79FED4E7AAD
:10081000D1ED84AA27EE878AD2ED018A91ED83AAD1
:10082000D2ED009A78EEEA8AB0EE480A17F036FB6D
:10083000B0EE409AB0EE480A79EECA9A17F02AFA5A
:1008400028EE898A60EE688AA9EE808AE9EE898AB4
:100850003AEE888A7AEE288A38EE6A8A78EECA8A70
:100860000EE7DFED3A7AF1EE045A94ED876A60EE16
:10087000277A36EE656A77EEAA5AF4EEC65AF1EE9A
:1008800010FAA2DD7AEEE77AB4EEE76AF1EE10FA3A
:100890009BDD9FED2F6ADFED2F7AE0EE46AAF4EEA6
:1008A000E7AAF1EE10FA2FDCDFED2B7AF4EEE7AADF
:1008B000F1EE10FA89D576EEC06AD4F87C140023E4
:1008C00003E076EEC06AD4F87C1476EEC76A0A6854
:1008D0001668069307930893CDED056A099305AA58
:1008E0000A9304A80B930C930D930BAB009308ABE6
:1008F000B047284604F5067204A907F02BF82846ED
:100900000FB0BDEC068BF0BD30EE260AD4F87C1497
:1009100000230A6830EE470A166806930793089387
:100920008DED050ADAE7B0EE480A16F099FEF0EE12
:1009300040AADBE6CDCCCC3DDB0FC9400000000077
:10094000DB0F49409A99193E35FA8E3C0000164358
:1009500000004842000096420000FA42D1ED0A7AB7
:10096000F5EE407A70B5F1EE10FA96680C46054641
:100970002DED048BD2ED008A8EB092ED018ACDED83
:10098000008A8DED018A029646D128EE080AA8EE6B
:10099000A80AB5EE400AF1EE10FA6FD4B1EEC09A93
:1009A000F0EE680AB0EE480A17F040F9F0EE407A2F
:1009B000D4ED086AB7EEC90A9FED367A67EEA67ADB
:1009C000D4ED098A9FED311B87EE878A16F06AFE07
:1009D000237B2846626807EE903AB7EEC00BF8EE2C
:1009E000E77AB0EE487AA8EE807AFBFE476A37EEE7
:1009F000667A67EE877AFBFE677AFDEEE77A17EE96
:100A0000903A03EB4303D118D25A8B782A80AB700B
:100A10000EB0BDEC048B70BD1F4A002307A903A8CC
:100A200007930893B2F8BC32CDED097AADF82830BF
:100A3000D2F8C0320B93D2F8C4320C93D2F8C83239
:100A40000D930BF051FC94ED057A03A9D4ED047AD3
:100A500007A838EE478A6A4678EEE78A02968DED57
:100A6000018ACDED008A06F09BFDDDED078A9DED44
:100A7000088ACDED008A8DED018A86E716F0F0FD3B
:100A8000B0EE409A8CE700BFAFF30080000000405A
:100A90003333D33FDB0F4940B867002030B583B014
:100AA00004462831069D0095FFF758FF204603B005
:100AB00030BD00BF70B5044604302DED068BB0EE9E
:100AC000408A96B006F0DEFFDFEDDF7ADFEDDF5A19
:100AD000B6EE009A68EE277ADFEDDD6AF2EE084A9C
:100AE00004F20C76B0EE496ADFEDDAAA77EEA77A67
:100AF00096ED007A9FEDD85AA0EE246ADFEDD79AE2
:100B000067EEA57A37EE2A7AE0EE059AC7EEA68A56
:100B100086ED007A84ED116A68EE898AB0EE680A83
:100B200017F0B8F8B0EE408AB0EE680A17F0B6F9E0
:100B3000256B28EE098AB7EE009A2B78F0EE408AF2
:100B400006EE903A6B7830EE499A07EE103AAB78A1
:100B5000B0EEC8AAB0EEC99A07EE903AF8EE666A0F
:100B6000B8EE477AB4EEEA9AF8EE677AF1EE10FA48
:100B700005D5B4EEEAAAF1EE10FA00F18C8128EE68
:100B8000086A0023CDED036A8DED047AB0EE460AC3
:100B90000293CDED057AA8EEA80A30EE060A30EEF3
:100BA000060AB5EE400AF1EE10FA00F1E482B1EE69
:100BB000C07A02AA06A912A8F7EE006AC6EE877AE2
:100BC00028EE277A68EEA77AF1EE476A8DED077A6C
:100BD000CDED067A8DED087A8DED097ACDED0A7AA4
:100BE000CDED0B6ACDED0C6ACDED0D6A06F0CCFDB6
:100BF0000AAA12A90EA806F0C7FDDDED0F6A9FED47
:100C0000986A9DED107AF4EEC66ADDED117AF1EE88
:100C100010FA40F32781FF21DFED916AB4EEE67A06
:100C2000F1EE10FA00F32C81B5EEC07AF1EE10FA75
:100C300040F1828200229FED8A7AF4EEC77AF1EECB
:100C400010FA00F32681F5EEC07AF1EE10FA00F109
:100C50007A82FCEEE77ACDED017A9DF8043084F8D3
:100C6000241084F8252084F826309FED7A6AEB78EA
:100C7000B4EEC69A06EE903A2B7907EE103A6B79ED
:100C8000F1EE10FA07EE903AF8EE666AB8EE477A9F
:100C9000F8EE677A40F1D181B4EEC6AAF1EE10FA0F
:100CA00040F1CB81FCEEE66ACDED016A9DF80410BF
:100CB000DFED6B6AB4EEE67AF1EE10FA00F317821C
:100CC000B5EEC07AF1EE10FA40F13F8200229FEDBE
:100CD000647AF4EEC77AF1EE10FA00F31182F5EEC1
:100CE000C07AF1EE10FA00F11382FCEEE77ACDED56
:100CF000017A9DF8043084F8271084F8282084F8BD
:100D000029309FED546AAB79B4EEC69A06EE903A5C
:100D1000EB7907EE103A2B7AF1EE10FA07EE903AE3
:100D2000F8EE666AB8EE477AF8EE677A40F120810D
:100D3000B4EEC6AAF1EE10FA40F11A81FCEEE66AB2
:100D4000CDED016A9DF80410DFED456AB4EEE67A58
:100D5000F1EE10FA00F36681B5EEC07AF1EE10FA0A
:100D600040F1E18100229FED3E7AF4EEC77AF1EE88
:100D700010FA00F36081F5EEC07AF1EE10FA00F19E
:100D8000D981FCEEE77ACDED017A9DF8043084F844
:100D90002A1084F82B2084F82C309FED2E6A6B7A71
:100DA000B4EEC69A06EE903AAB7A07EE103AEB7ABA
:100DB000F1EE10FA07EE903AF8EE666AB8EE477A6E
:100DC000F8EE677A6ED5B4EEC6AAF1EE10FA69D5E0
:100DD000FCEEE66ACDED016A9DF80410DFED206AB5
:100DE000B4EEE67AF1EE10FA00F3B780B5EEC07A11
:100DF000F1EE10FA40F1908100229FED197AF4EEA5
:100E0000C77AF1EE10FA00F3B180F5EEC07AF1EE98
:100E100010FA00F17F81FCEEE77ACDED017A9DF8C2
:100E2000043084F82D1084F82E2084F82F30C4ED7F
:100E3000179AC4ED189AC4ED199A3368A36716B0CF
:100E4000BDEC068B70BD00BF0000B443DB0F494012
:100E5000000034436F12833A6F12833B0AD7A33BDF
:100E600000007F43F5EEC06AF1EE10FA13D55FED96
:100E7000046A0021B4EEE67AF1EE10FA7FF7D4AE00
:100E80001FED097AFF22F4EEC77AF1EE10FA7FF730
:100E9000DAAEFF23E3E6FCEEE66ACDED016A9DF8EB
:100EA0000410B9E628EE086A0023CDED036A8DED43
:100EB000047AB0EE460A0293CDED057AA8EEA80AB0
:100EC00036EE000A30EE060AB5EE400AF1EE10FAF0
:100ED00000F14281B1EEC07A02AA06A912A8F7EE8B
:100EE000006AC6EE877A28EE278A68EEA78AF1EEB6
:100EF000487A8DED078ACDED068A8DED088ACDED15
:100F00000B7ACDED0C7ACDED0D7A8DED098ACDED14
:100F10000A8A06F039FC0AAA12A90EA806F034FCC7
:100F2000DDED0F6A1FED326A9DED107AF4EEC66AB0
:100F3000DDED117AF1EE10FA00F3E880F5EEC06A0B
:100F4000F1EE10FA7FF544AF5FED3B6A0021B4EE9D
:100F5000E67AF1EE10FA7FF749AF1FED3F7AFF22F4
:100F6000F4EEC77AF1EE10FA7FF74FAFFF2358E7A0
:100F700028EE086A0023CDED036A8DED047AB0EE09
:100F8000460A0293CDED057AA8EEA80A36EE000ACD
:100F900030EE060AB5EE400AF1EE10FA00F1E180FB
:100FA000B1EEC07A02AA06A912A8F7EE006AC6EE50
:100FB000877A28EE277A68EEA77AF1EE476A8DEDF8
:100FC000077ACDED067A8DED087A8DED097ACDEDB3
:100FD0000A7ACDED0B6ACDED0C6ACDED0D6A06F007
:100FE000D3FB0AAA12A90EA806F0CEFBDDED0F6A0C
:100FF0001FED656A9DED107AF4EEC66ADDED117A9B
:10100000F1EE10FA7EDCF5EEC06AF1EE10FA7FF533
:1010100095AE5FED6D6A0021B4EEE67AF1EE10FA5E
:101020007FF79AAE1FED727AFF22F4EEC77AF1EEE7
:1010300010FA7FF7A0AEFF23A9E628EE086A002386
:10104000CDED036A8DED047AB0EE460A0293CDED44
:10105000057AA8EEA80A36EE000A30EE060AB5EECA
:10106000400AF1EE10FA00F18180B1EEC07A02AAD6
:1010700006A912A8F7EE006AC6EE877A28EE277A4C
:1010800068EEA77AF1EE476A8DED077ACDED067A24
:101090008DED087A8DED097ACDED0A7ACDED0B6AEA
:1010A000CDED0C6ACDED0D6A06F06EFB0AAA12A911
:1010B0000EA806F069FBDDED0F6A1FED976A9DED46
:1010C000107AF4EEC66ADDED117AF1EE10FA1BDC4F
:1010D000F5EEC06AF1EE10FA7FF5E4AD5FEDA06ABF
:1010E0000021B4EEE67AF1EE10FA7FF7E9AD1FEDDC
:1010F000A47AFF22F4EEC77AF1EE10FA7FF7EFAD93
:10110000FF23F8E5FF211FE6FF21D1E5FF2165E67A
:101110000023F0E5002384E6BCEEC77A8DED017A6A
:101120009DF8042069E6BCEEC77A8DED017A9DF842
:10113000042018E600232AE6BCEEC77A8DED017A7A
:101140009DF8042077E5002389E5BCEEC77A8DED94
:10115000017A9DF80420BAE516F082FAB0EE407AE2
:10116000BAE616F07DFAB0EE407A1BE716F078FA90
:10117000B0EE407A7BE716F073FAB0EE407A18E5ED
:10118000704700BF704700BF704700BF704700BF87
:10119000704700BF026812B3114B124913441B1170
:1011A00010B401EB83010024C1F8E84A01219460E6
:1011B000FF24D1600C4A0D49D45413785478A342CB
:1011C00028BF23469478D278A34228BF234693426F
:1011D00028BF134681F87A305DF8044B704770479A
:1011E00000BFF7BFB8670020504C002000E400E0CB
:1011F000704700BF704700BF704700BF70B5074B16
:101200000646044600F50075036054F8040F08B163
:101210001DF0FEFEAC42F8D1304670BDF02100203A
:10122000704700BF704700BF70B5074B06460446C5
:1012300000F50075036054F8040F08B11DF0E8FED6
:10124000AC42F8D1304670BDDC210020F8B52DED60
:10125000028B90F8B460F0EE408A0446272E0ED838
:10126000721C00EB8603D0B2012884F8B40083ED31
:10127000010A94ED018A1DD004F108050BE000F18C
:1012800008059C22043029461DF0A8FD94ED018A32
:101290003046C4ED288A29460123F1EC017A013356
:1012A000F4EE487ADAB2F1EE10FA48BFB0EE678A8F
:1012B0008242F2D3256804EB8506D6ED287AF4EE57
:1012C000487AF1EE10FA02D194F8B53093B915F0DE
:1012D000FF0704F1A40306D01846BA0004F1A801E0
:1012E0001DF07CFD034603EB8703002243F8042C2A
:1012F00086ED288A002D17DD0023DFED0D7A1A46D2
:10130000013304EB8202DBB292ED297A9D4277EE43
:10131000877A1A46F4DC07EE105AB8EEC70ABDEC1D
:10132000028B87EE800AF8BDDFED017AF3E700BF9C
:10133000000000002DE9F04FC04B00F54055044679
:101340001B68EA6FB5F880109A1A2DED0C8B8A4253
:1013500095B0F0EE408A0495C0F0A482049AD36759
:10136000B74B1B78002B00F0A982B64BF3EE096A4D
:10137000DFEDB57A93ED007AA3F64423DFEDB35A9F
:10138000E7EE276A0393B24B9FEDB27AD3ED019A51
:1013900076EEE97AF0EEE77AF4EEC77AF1EE10FA3B
:1013A0001FD493ED006AF5EE007A93ED027A93ED87
:1013B000065A29EE877A26EE055A83ED037A37EE30
:1013C000057A83ED045A37EE267AF0EE466A83ED0D
:1013D000057AE7EE276AE6EEA79AC3ED006AC3ED49
:1013E000019A9D4B9FED9B7A93ED019A75EEC97A18
:1013F000F0EEE77AF4EEC77AF1EE10FA1DD4D3EDF1
:10140000006AF5EE007A93ED027A93ED066A29EE12
:10141000077A26EE866A83ED037A37EE067A83ED45
:10142000046A37EE257AE7EE276A83ED057AA6EEA1
:10143000A79AC3ED006A83ED019A884DB0EE680A61
:101440009FED878A05F530638648874E83ED009AC5
:10145000FFF730FB28EE888A96ED070A38EE088AF7
:1014600028EE000A16F016FCF0EE40AA96ED080AE7
:1014700028EE000A16F00EFCB0EE40AA96ED090A1E
:101480007A4E28EE000A16F005FCB1EE006A9FEDD8
:10149000787AF0EE085AF0EE697A05F60433AAEE8F
:1014A000067A05F60C3260EE066AD5F8141BDAEE01
:1014B000867A93ED016AD5F81C8BC6ED0D6A05910D
:1014C000A9EE257AD3ED005A6A4B77EEA57A136020
:1014D000F362694B37EE067AC5ED767AC6ED097A86
:1014E000536085ED777A86ED0A7A3363B8F1000FA1
:1014F00000F0068208F101001DF082FD0746002879
:1015000000F0FE81059917F0BDFB5FFA88F19C2978
:1015100041F2F78138461DF07BFDD5F82C3B0B2BB3
:1015200040F2F781D5F8286B0C22544BC5F8302BCC
:1015300007CB1B7830607160B2603373404B1B780F
:10154000002B41F0DB814E4F79780DA80AF050FB5B
:101550000F9A0D994B4814F085FF0D981DF058FD1A
:10156000374B1B78002B41F0C681454FB9780DA849
:101570000AF03EFB0F9A0D99424814F073FF0D9844
:101580001DF046FD2E4B1B78002B41F0DF813C4FB8
:101590003D49FA783D4B002A18BF19460C223948BC
:1015A00014F060FF264B1B78002B41F0CC81344FA8
:1015B00039790DA80AF01CFB0F9A0D99314814F0E7
:1015C00051FF0D981DF024FD1D4B1B78002B41F0A1
:1015D000C0812B4F2C497A792C4B002A18BF194611
:1015E0000C22284814F03EFF154B1B78002B41F0CD
:1015F0006A81234F2549BA79234B002A08BF19462F
:101600000C22204814F02EFF0D4B1B78002B41F0CC
:1016100066811B4FF9790DA80AF0EAFA0F9A0D9925
:10162000184814F01FFF0D981DF0F2FC044B1B78B6
:10163000002B41F05181124F397A29E05CC301201F
:10164000F9B1012004610020C54E6C3F0000C84282
:10165000C46000200AD7233CE4600020B867002063
:10166000DB0F494080620020584C00200C610020B4
:10167000000020420000C84200004842704700209D
:10168000FCB10120E072002050470020604700209C
:101690000DA80AF0ADFA0F9A0D99AE4814F0E2FECB
:1016A0000D981DF0B5FCAC4B1B78002B41F011815F
:1016B000AA4F797A0DA80AF09BFA0F9A0D99A548BE
:1016C00014F0D0FE0D981DF0A3FCA34B1B78002B4B
:1016D00041F0FC80A14FB97A0DA80AF089FA0F9A5F
:1016E0000D999C4814F0BEFE0D981DF091FC9A4B8C
:1016F0001B78002B41F0F980984FF97A0DA80AF079
:1017000077FA0F9A0D99934814F0ACFE0D981DF0DE
:101710007FFC914B1B78002B41F0E4808F4F397B8D
:101720000DA80AF065FA0D990F9A8A4814F09AFEEE
:101730000D981DF06DFCD5F8281BD5F8307B059170
:10174000002F01F0D580781C1DF05AFC06460028B9
:1017500001F0CE80059917F095FAF8B29C2841F275
:101760008F8030461DF054FC7B4B1E78002E41F0DC
:1017700052807A4F3B7895F8382B9A4201F0478097
:1017800085F8383B764B9FED776A93ED007ADFED75
:10179000767AB8EE477AC7EE066A77EEE67AC5ED56
:1017A000AD7A6F4BDFED6F6A93ED007A95EDA88A05
:1017B000B8EE477AD5EDA90A70EEC80A87EE260A78
:1017C00030EE270A16F034FA38EE000A95F8A832FF
:1017D00085EDAC0A23B195F8AA22002A40F0D687FD
:1017E000002E40F0BC875D4FFB7A013BDBB2032B40
:1017F00001F212875D4A02EB8303D3F88435B7EE1A
:10180000007AD5EDAE7AF4EEC77AF1EE10FA40F335
:10181000978083ED017A3B7B03EB830303EB830328
:10182000DBB204F5005696F810A786F81137BAF126
:10183000360F00F2E7804E4911F82A2001EB8A09A1
:10184000012A00F09D80022A40F0DC8099F80120F6
:10185000C2F30110032801F03487464901EB8031BF
:1018600002F0030001EB401C4FEA401EBCF806707A
:10187000BCF81020B8B2C0F1011010FA82F2571E65
:1018800007FB03F3B7EB132F4FEA132041F2148742
:10189000131AC3F101039BB2714480B2ACF8063055
:1018A0000882A8E0012007F03BFC2D4BEA6F1B6883
:1018B000B5F880109A1A8A42F4D34FE52E4AB2EE58
:1018C0000A5A9FED2E6AB7EE007A92F80838F3EEC6
:1018D000096ADFED255A002B03F10103039207EE9D
:1018E000903A46FE255A02F64423F8EEE77A87EE50
:1018F000856A77EE467A93ED007AE7EE876A42E5ED
:10190000002738461DF084FBD5F82C3B0B2B3FF607
:1019100009AE0D21D5F8280B1DF082FB06460028E4
:1019200001F02A800C23C5F8280BC5F82C3BD5F80C
:10193000303B002B7FF4F8AD0370D5F8286BF3E54E
:10194000F5EEC07A0022F1EE10FA41F1BD865A6040
:1019500061E700BFE0720020F9B10120FCB1012075
:101960005CC3012000007A44000000009C2300209A
:101970005022002000C01D40C05600200000C84278
:1019800099F80100C0F30111032901F01D86984A5E
:1019900002EB813200F00300012199F802C081407E
:1019A00000EB400002EB401E1FFA81F8BEF80E105B
:1019B0004FEA0810B2F8887189B2BFB201FB033355
:1019C00080B21B0A07438B42A2F8887128BF0B46DE
:1019D000BCF1010F01F01386BCF1020F01F0048687
:1019E000BCF1000F01F0F385B2F888319BB248EAF0
:1019F0000308A2F888817F4B99F8032003EB0A13B0
:101A00005B681A6042F2F060204406F03BF804F58F
:101A10001C5084EDAD0A06F035F8774B84EDAE0A24
:101A20001B78002B40F08B81744F7B79002B00F0EA
:101A30009A80039B724A93F87839D2F80080002B81
:101A400041F001860CAB0DEE103A6D4B1B68A3EB19
:101A50000803642B01F2EF85B5F83A3BB5F8401B5B
:101A600008EE103A664B1A68D5F83C3BD31A8B4205
:101A700081F0D585634B93ED000A039BB8EEC88ACD
:101A8000B3F81C2893F8803907EE902A5C4AF8EEE8
:101A9000E77A1268059277EE807AB4EEE78AF1EE83
:101AA00010FACCBF0122002284F8A82203B395F8D3
:101AB0007C3B002B01F00F860223039801221DEED0
:101AC000101A00930823D0F87C098DF830300DAB44
:101AD00013F01AF9002801F0FB85BDF834304FF6F9
:101AE000FF72934201F0F485C3F30A03A5F87E3B2D
:101AF000434B059A1B689B1A642B01F29B86B5F831
:101B00007E3BB5F8841B08EE103A3D4B1A68D5F8B9
:101B1000803BD31A8B4281F06D863B4B93ED000ADC
:101B2000039BB8EEC88A44F24408B3F87A39A0445B
:101B300007EE903A304BF8EEE77A1B7877EE807A32
:101B4000B4EEE78AF1EE10FACCBF0122002284F84D
:101B5000A822002B40F0F980FB7A013BDBB2032B7B
:101B60000CD92A4B0FE00CAB44F244080DEE103AAE
:101B7000FB7AA044013BDBB2032BF2D8244A02EBF0
:101B80008303D3F8843504F5804BCBF824311C4B08
:101B9000BBF82C111A68DBF82831D31A8B4280F07D
:101BA000E380C4F818801B493B79FA7801FB03F302
:101BB0001949053B81FB0301DB17C3EBA10303F5C7
:101BC0007A7307EE903A41F26403F8EEE77A334411
:101BD000C3ED007A002A40D0104BBBF8407093ED63
:101BE0000A7A97B343F6C672002322441EE000BF70
:101BF00000C03D40441E0020F9B10120FCB101208D
:101C00005CC30120FC72002040730020B0720020F1
:101C10009C2300204AFCFFFF67666666584C002044
:101C2000CDCC4C3D013399B2B9420ED232F8021FED
:101C30006B29F7D1F6EE007A03F2D223049A67EE0D
:101C4000277A02EB8303C3ED217A5FED0B7AB4EEC2
:101C5000E77AF1EE10FA00F30387039B93F8FC395F
:101C6000002B40F0F7826A4B03981A68D0F8F439D9
:101C7000B0F8F819D31A8B42C0F0EC82C0F8F429FE
:101C8000DFED647AB1EE007A634B04F5805568EEBF
:101C9000A77A197805F6940327EE877A83ED867A7A
:101CA000002940F058855D4B9B79002B13BF012222
:101CB000002201230023F0EE005AD4EDAD6AF2EECB
:101CC000043A9FED577AB3EE096A85F8B92C76EE9F
:101CD000A56A85F8BA3CF6EE004A05F55163B2EE06
:101CE000004A05F61472A6EEA37AA6EEA56A37EEB0
:101CF000A75A67EE847A27EE247A83ED876A82ED0D
:101D0000007A82ED017AC3ED867A83ED855AC6EDBD
:101D1000EA7A002940F08285404F3B7A013B0A2B4A
:101D200000F29380DFE813F0A00B750B4A0B1F0B3A
:101D3000E30AB80A8D0A620A370A0C0A570044F20D
:101D400044080CABA0440DEE103A314B04F5804B27
:101D50001A68344BBBF82C11CBF82431DBF828314E
:101D6000D31A8B42C0F083859BF83031CBF8282101
:101D700043B39BF83131002B41F0A183DBF84421C0
:101D8000234B02F6C4111B68994201F2A58341F26C
:101D9000883313441E4A1268934201F20A860123D3
:101DA0008BF831311A4B1F6813F0E0FC184B1B689D
:101DB000DB1BFA2B01F288834FF4006200211A48E2
:101DC00016F0D6FE144BC4F818801B78002B40F098
:101DD0005085124FE7E6002104F6F82C95F8E4014F
:101DE0000B4602E0CBB298422FD303F5CB72013100
:101DF00004EB8202D2F83C2B9445F3D1B5F8841061
:101E000098B211B341F25A020023224413E000BFFA
:101E10005CC301200000B443F9B10120FCB10120F2
:101E200000004842B0720020C056002001331FFA63
:101E300083FC614509D932F802CF8445F6D104EB21
:101E40008303D04A03F608731A607B7A4FF0FF09C8
:101E50004FF000080DAA03EBC3031DEE101A0BA8E8
:101E6000ADF830909B008DF8328007EE903AF8EE96
:101E7000E77ACDED0D7A05F06DFDBB7AADF83090C7
:101E800003EBC3038DF832809B0007EE903AF8EE27
:101E9000E77A0DAA1DEE101A0AA8CDED0D7A05F00D
:101EA00059FDB94B9DF82C2006F5B269D3ED007AA7
:101EB0009DF82A30F8EE677A9FEDB47A84F8093BF2
:101EC00084F8153B002387EE870A62F307039DF829
:101ED0002D2062F30F239DF82E2062F317439DF807
:101EE000282062F31F63C4F804330B9BA4F8043B5F
:101EF0001B0C84F8063B84F8123BBDF82830A4F88C
:101F0000073BBDF82930A4F80833B4F8043B99ED39
:101F1000198AD9ED1A0AD9ED1E7AA4F8103B70EE91
:101F2000C80AB4F8073B30EE270AA4F8133BB4F80C
:101F30000433A4F8103394F8063384F81233B4F859
:101F40000733A4F8133394F8093384F8153315F0E4
:101F50006FFE38EE000A89ED1D0A96F8FC7527B170
:101F600096F8FE35002B40F0328143F2840004F6EF
:101F7000F4172044FBF78AF904F5357005F082FD6B
:101F800004F53970B0EE408A05F07CFD04F53D7033
:101F9000B0EE409A05F076FDDFED7D6ADFED7D7AEB
:101FA00004F5317097ED007AF0EE679A9FED7A6A4A
:101FB000B0EE67AAE9EE267AE0EE269AA8EE26AA07
:101FC000B0EE678A77EE067AC7ED007A05F05AFD23
:101FD00084EDD1AA84EDCB0A04F6FC1084EDD28AFC
:101FE000C4EDD39A3B6804F64C27C4F8603305F07F
:101FF00049FDF7EE006ADFED697A04F5226304F526
:102000002361002036EEE87ADFF8B8C104F52862D3
:1020100027EE277AD7ED157A83ED090A77EEE67A6F
:1020200083ED0A7A04F664230860C1F804C05C49B1
:10203000C7ED157A1963506004F53460C2ED007A7B
:10204000584ADA62FBF718FA95F8E41181B195F86D
:102050004001012304EB83025F1C834202F580529E
:10206000FBB203D2D2F84471C2F8F0709942F1D2B7
:1020700041F2EC102044FBF7FFF995F8901891B16C
:1020800095F8EC07012204EB8203571C904203F5FC
:102090008053FAB205D903F5FE6703F29C733F68DB
:1020A0001F608A42EFD9404B1B78002B40F0DC8345
:1020B0003E4BDB7904EE903AF8EEE44A3C4BB3EE4B
:1020C000046A9FED3C7AB6EE004AD3ED006AF1EE69
:1020D000003AD4EDAB7A05F61C75C6EE872A9FED63
:1020E000363ADFED366AD4EDAD5A94EDAE5A94ED42
:1020F000AC7A87EE862A049BE7EEC47AB7EE006AD4
:1021000065EEA35A25EE235ADFED2D3AE2EE836AFF
:10211000A7EE045AE2EE247A36EEC66A85ED015A3D
:10212000B0EEC66AE7EE845AB4EEE36AF1EE10FA56
:10213000C5ED005AD3ED1A5AA7EE657A40F18783B0
:1021400006F23C6206F23463F6EE006A06F22C6692
:10215000C2ED007A82ED017AD3ED005A93ED016A67
:1021600077EEA57A37EE067A67EEA67A27EE267A1C
:10217000C6ED007A86ED017A15B0BDEC0C8BBDE89A
:10218000F08F00BFCDCC4C3F5CC3012000007A44EF
:102190000AD7A33B4260E53B0AD7233B0000B44388
:1021A0000000B4420000C042F9B10120FCB101209E
:1021B000B87200200000C8429A99193FCDCCCC3E9D
:1021C0006F12833A00009642000000001F467B1EFB
:1021D000DBB203F1010809EBC802D2ED017AF4EE9B
:1021E000C07AF1EE10FAF1D83FB230EE670A96F8F5
:1021F000903504EBC7075FED0C6A012B07F500571C
:1022000007F29C5292ED007A77EE677A80EE277A99
:1022100037EE267A00F00484022B40F0F28306F5B4
:10222000B26303EBC803D3ED027A06F5B263C3EDE4
:102230001C7A96F8FD35002B3FF497AED6F894251E
:10224000012BC2ED007A3FF490AED6F89835C3ED7D
:10225000007A8AE6E04F0022012107F1040CB8461B
:10226000384613461FE008EBC30E5CF8049CDEF80A
:1022700000A04CF804ACCEF80090DEF8049043685F
:10228000C0F80490CEF80430CB0111F0020F02F137
:10229000010201F10101DBB200F108000CF1080CB0
:1022A00018BF43F0400312F0040F18BF43F020039F
:1022B00012F0080F18BF43F0100312F0100F18BFF0
:1022C00043F0080312F0200F18BF43F0040312F08C
:1022D000400F18BF43F002035FEAD21E18BF43F05D
:1022E00001039A42BFDBB1F5807FCDD1BFEE008AFA
:1022F0009FEDBA4A9FEDBAAA4FF0010BDFEDB99AF4
:1023000005940123B1EE444AF7EE004ABE4603FAB3
:102310000BFC0823B0EE4A5A4FF000084FEA6C0954
:1023200003FA0BF44FEAC90A0AEB0E030EF104019B
:102330007246404693ED016A6044D3ED005A25EEA3
:10234000467A51ED016A65EE857AFF28A4EEA57AFA
:10235000E4EE867A76EEC76AC3ED006AD2ED016AD2
:1023600076EEE76AC3ED016A234451ED016A36EE69
:10237000877A01ED017A214492ED017A77EE277A8E
:10238000C2ED017A2244D5DD08F1010865EE447AF8
:1023900025EE085A0EF1080EC145E4EE887AA4EE47
:1023A000845A02D0F0EE674ABEE70BF1010BBBF195
:1023B000090F16D0012303FA0BF35B1007EE903AD6
:1023C000F8EEE77A89EEA79AB0EE490A15F066FDB5
:1023D000B0EE408AB0EE490A15F05CFCB0EE404A1F
:1023E0008FE7059C07F50069DFF81C8297ED010A6D
:1023F000D7ED007A20EE000AA7EEA70AB5EE400A54
:10240000F1EE10FA01F16D84F1EEC07A08374F4514
:10241000E8EC017AEAD1744BF7EE009A9FED709ADE
:102420004FF0010AD3ED007A4FF00009D3ED01AA75
:10243000B0EE49AA6D4BB1EE67BA6D4A7AEEE7AAE3
:10244000DFED6CBA9B46DFF8C4811746CDE905463F
:10245000DFED637A5FFA89F6674901221FFA89F492
:102460001FFA8AFC93B201329C4205D89C4503D3E3
:1024700091ED007A77EE877A802A01F10401F1D19B
:10248000AAEB0902013207EE102AB8EEC70A87EE5E
:10249000800A15F0B5F898F8504018ED01CAA8F177
:1024A0000402132CB3EE047AF0EE4B7A79EECCCA28
:1024B000E0EE077A87EEAA8A38EE0A8AB0EEC88A7A
:1024C00000F2A68002EB84020134E4B288F85040A6
:1024D00082ED018ADFED427A414600220132B1EC01
:1024E000017AD3B277EE877AA342F7D307EE104A88
:1024F000F8EEC76A87EEA67A67EE2C7AE8EE0C7AD9
:1025000078EE677A77EEA77AF4EEE97AF1EE10FAD0
:1025100059DDF7EE007A06EBC602C8ED157AEBEC52
:10252000017A06EB420303EBC303C3F3850242EADD
:102530008313DBB2152B74D909F101090AF1010AE1
:10254000043708F15C08B9F17F0F81D1F2EE047A0B
:102550009FED2A7ADDE9054669EE277A67EEA77ACC
:10256000F4EEC77AF1EE10FA40F3F280F1EE046A6D
:10257000B7EE007A67EEA67AF4EE477AF1EE10FA3B
:1025800077FE277A184B4FF40062002112481D464F
:10259000C3ED0A7A16F0ECFA194B2A8905F10C0002
:1025A0000399B3FBF2F303EB4303DA000023013A90
:1025B00081F8FC39A1F8F239A1F8FE39114913F07C
:1025C000ABFFFFF75DBBF5EEC07AF1EE10FAA2D5D6
:1025D000F0EE4A7A9FE700BF886A00202EBDBBB3A9
:1025E00000000000DB0F4940584C00200CB20120D5
:1025F0000CB40120000080397C730020CDCC4C3E0F
:1026000040420F00CDCF000078730020EC7800200E
:102610004C2208F1040140461CF0E0FB88ED138ACF
:1026200058E797ED008ACC4C28EE2B8A95F8EC3FC2
:1026300094ED3A7AD4ED006A092B38EE477A39EEF8
:10264000E66AB0EEC77A66D92269D4ED035AE26031
:10265000626994ED025A2261A26975EE0A7A84EDEC
:10266000015A6261E26977EEA57AC4ED025AA2616D
:10267000226AE261626A2262A26A84ED0A7A626276
:10268000D4ED035A032B77EEA57A27D0D4ED045A64
:10269000042B77EEA57A21D0D4ED055A052B77EEE1
:1026A000A57A1BD0D4ED065A062B77EEA57A15D065
:1026B000D4ED075A072B77EEA57A0FD0D4ED085A40
:1026C000082B77EEA57A09D0D4ED095A092B77EEBD
:1026D000A57A03D0D4ED0A5A77EEA57A05EE903AA2
:1026E0009E48F8EEE55A87EEA59A29EE069AA7EEDF
:1026F000269AB0EE490AFEF7A9FD39EE409A84ED1C
:102700003A8AB4EEE99AF1EE10FA19DDB7EE009AC2
:1027100084ED3B9A10E75A1C04EB830383ED017AA6
:10272000D3B2D4ED017A012B85F8EC3F77EE8A7AAB
:10273000D4D0D4ED025A022B77EEA57AA0D1CDE702
:10274000B5EEC09AF1EE10FAE2D5B0EE4A9ADFE7A4
:10275000DFED877A16E70B460022FFF7ACBAB7EE3B
:10276000007AD5EDAE7AF4EEC77AF1EE10FA00F306
:102770003D81F5EEC07A0023F1EE10FA00F13C81C4
:10278000774BC3ED017A0023FFF74BB85A1ED2B244
:10279000571C05EBC701D1ED9A7AB4EEE70AF1EECA
:1027A00010FA0CDA511E1346CAB2571C05EBC701CA
:1027B000D1ED9A7AF4EEC07AF1EE10FAF2D8013344
:1027C00030EE670ADFED6A6A05EBC30895F86832F8
:1027D00098ED9A7A012B77EE677A80EE277A37EEBA
:1027E000267A00F0E880022B40F0D48005EBC70782
:1027F000D7ED9B7A95F8A932C5EDAB7A002B3EF464
:10280000EFAFD5F86C32C3ED007AFEF7E9BFD5ED36
:10281000AD7AFEF7C6BF0023FEF7ADBF9FED548A29
:102820004FF0FF0800270DAA1DEE101A0BA88DED22
:102830000D8AADF830808DF8327005F08BF8F0EE2F
:10284000487AADF830808DF83270FFF722BBB0EED9
:10285000E66AB4EEE36AF1EE10FA00F1A68067EEE4
:10286000A67A27EE267A6BE4DFED414A26E4C4F827
:10287000188041F264033B4A33441A60FFF7EDB914
:1028800000283EF46EAF00223749134696469F4219
:102890000ED916F803C00133834201F801CFF6D1F7
:1028A000002A3EF45EAF002385F8243BFEF759BFB3
:1028B0000133012201F801EF8342E8D1002385F8BA
:1028C000243BFEF74EBF2949FEF79ABE0021FEF7D2
:1028D00003BF0021FEF7EEBE0021FEF7D9BE0021A6
:1028E000FEF799BE0021FEF71BBF0021FEF706BFD1
:1028F0000026FEF736BF0021FEF739BE0021FEF7A5
:1029000024BE00293EF406AE002237361346944614
:1029100098450DD9F85C01338B4206F8010FF7D1C9
:10292000002A3EF4F7AD002385F8243BFEF7F2BD04
:102930000133012206F801CF8B42E9D1002385F84B
:10294000243BFEF7E7BD0021FEF733BE0749FEF743
:1029500025BE0649FEF744BE78770020A877002000
:10296000B072002000007A44DF6100205047002050
:1029700000000000DB0F4940D5F8280B18B11CF00F
:1029800047FBC5F8286B0023C5F82C3BC5F8303B46
:10299000FEF7D4BD05EBC707D8ED9B6AD7ED9B7A50
:1029A00076EEE76AE7EE267A24E71FED0F7AF0EE7F
:1029B000477AFFF7C5BB1FED110A05EBC70727EEE6
:1029C000000A15F06BFAB7EE007AF6EE007A98ED91
:1029D0009B6AD7ED9B6A37EE400A60EE277A37EEA6
:1029E000677A67EE867AE6EE877A03E7D94B83ED5E
:1029F000017A0023FEF715BFD64A53600023FEF785
:102A000010BF06F5B26307F5B46703EBC803D7ED53
:102A1000006AD3ED027A76EEE76AE7EE267A04E4FE
:102A20009FEDCD0A07F5B46727EE000A15F036FAD8
:102A3000B7EE007AF6EE007A06F5B263D7ED006ADB
:102A400037EE400A03EBC80360EE277A37EE677A69
:102A500067EEA67AD3ED026AE6EE877AFFF7E5BB6A
:102A6000BE4B06F6AC5242F65C6EB7EE006A1B89AE
:102A70004FF0000CD2ED005AA64408EE103AB84BC5
:102A800036EE656ADFEDB76AB8EE488A93ED015A13
:102A900096F8D81DF14688E07B2800F3E280D3ED5C
:102AA000007AD3ED011A37EEA61A13ED012AD3ED01
:102AB000022A13ED023A77EE817AD3ED033A13ED51
:102AC000034AD3ED044A77EEA17A13ED047A77EE48
:102AD000827A77EEA27A77EE837A77EEA37A77EE30
:102AE000847A77EEA47A77EE877A092940F2968085
:102AF0001069D2ED034AD060506992ED024A10612C
:102B0000906934EE267A82ED014A5061D06937EE41
:102B1000247AC2ED024A9061106AD061506A106254
:102B2000906AC2ED0A7A5062D2ED034A032937EE69
:102B3000247A27D0D2ED044A042937EE247A21D012
:102B4000D2ED054A052937EE247A1BD0D2ED064A8C
:102B5000062937EE247A15D0D2ED074A072937EE39
:102B6000247A0FD0D2ED084A082937EE247A09D00A
:102B7000D2ED094A092937EE247A03D0D2ED0A4A68
:102B800037EE247A04EE901A0CF1010C0433B8EEFF
:102B9000E44ABCF1800FC7EE044A24EE867AA7EE21
:102BA000A57A09ED017A00F09580BCF1040F0FFAC7
:102BB0008CF0E9EC016A3FF66FAF93ED007A77EEA7
:102BC000267ABCF1000F3FD00CF1FF3077EE877A08
:102BD00093ED017A002877EE877A03DD13ED017A11
:102BE00077EE877AACF1020093ED027A002877EE57
:102BF000877A03DD13ED027A77EE877A93ED037A15
:102C0000BCF1040F77EE877A01D177EE857A93EDE8
:102C1000047A092977EE877A3FF66AAF481C02EBFF
:102C20008101C0B286F8D80D0128C1ED017A92ED7C
:102C3000017A37EE267A46D0D2ED024A022837EEE4
:102C4000247A40D001466FE793ED014AD3ED024A62
:102C500077EE847A93ED037A77EEA47A77EE877A2B
:102C6000D5E793ED007ABCF17F0F53ED014A77EE83
:102C7000267A77EE877A77EEA47A26D0D3ED014ACA
:102C80000CF1020013ED027A77EEA47A7F2877EE3A
:102C9000877A03D893ED027A77EE877A0CF10300F6
:102CA00013ED037A7F2877EE877A03D893ED037AC2
:102CB00077EE877A0CF1040013ED047A7F2877EE23
:102CC000877AA4D911E701465CE713ED027A77EE23
:102CD000877AE3E742F2147ADFED227A42F2AC73AC
:102CE00042F6AC32A24442F6AC11B0EE677A23440D
:102CF0000AF5E960224421440AF5D96A0590A3EC5B
:102D0000017A83ED7F7AA2EC017AD2EDAB6AF4EE20
:102D1000E76AF1EE10FA58BFF0EE667A9942EED10A
:102D200006F5F46393ED01AAB4EEE7AAF1EE10FA0A
:102D300000F1888550468022002115F019FF0021FE
:102D400042F6DB5A8846A2440A460B4608468946A4
:102D500017E000BFB0720020DB0F4940584C002044
:102D60000CB20120000000000000003C0024744967
:102D70005FFA8EF009F101095FFA89F9B9F1800F64
:102D800018D01AF801CF00F1010EBCF1000FEFD1FD
:102D90008342A9EB000E80F0CA8109F101091A46AD
:102DA000414603465FFA89F960465FFA8EF8B9F149
:102DB000800FE6D1072A40F2C582072B40F2C2827B
:102DC000414540F2C182C3F34703434407EE903AC2
:102DD000C2F347030B44B8EEE77A07EE903AF8EEF9
:102DE000E77AF6EE006A1FED206AD6F8941706F22D
:102DF000147227EE067A06F5F16068EE266A0691EF
:102E000067EE867AD6F89817D6F88497002327EECF
:102E1000267A02F6481C67EEA67A059106F58351DC
:102E200002F5156290E8010C8CED007AC1ED007A94
:102E3000C9F8003003600698CAF80030CBF80030BB
:102E4000036005980360D6F89C070360DCED009AE8
:102E5000D2ED007A91ED008AF4EEE79A0790F1EE58
:102E600010FA05DCF4EEC87AF1EE10FA40F1DD80DC
:102E7000D6F84C3793ED010AD3ED007A38EE400ACC
:102E800079EEE77A20EE000AA7EEA70AB5EE400A2F
:102E9000F1EE10FA00F11F87B1EEC09A5FED4D7AA6
:102EA000D6F8503793ED010AB4EEE79A38EE400AAF
:102EB000F1EE10FA20EE000A58BFB0EE679AD3ED9B
:102EC000007A79EEE77AA7EEA70AB5EE400AF1EEAE
:102ED00010FA00F1FA86F1EEC07AF4EEC97AF1EE5A
:102EE00010FA00F1EC864FF00008D6F8543793ED55
:102EF000010AD3ED007A38EE400A79EEE77A20EE47
:102F0000000AA7EEA70AB5EE400AF1EE10FA00F1AA
:102F1000D086F1EEC07AF4EEC97AF1EE10FA03D55C
:102F2000B0EE679A4FF00208D6F8583793ED010AD1
:102F3000D3ED007A38EE400A79EEE77A20EE000A07
:102F4000A7EEA70AB5EE400AF1EE10FA00F1AB8643
:102F5000F1EEC07AF4EEC97AF1EE10FA03D5B0EED4
:102F6000679A4FF00308D6F85C3793ED010AD3ED6A
:102F7000007A38EE400A79EEE77A20EE000AA7EEF2
:102F8000A70AB5EE400AF1EE10FA00F18686F1EEDE
:102F9000C07AF4EEC97AF1EE10FA03D5B0EE679A72
:102FA0004FF00408D6F8603793ED010AD3ED007AAC
:102FB00038EE400A79EEE77A20EE000AA7EEA70A7B
:102FC000B5EE400AF1EE10FA00F15B86F1EEC07A40
:102FD000F4EEC97AF1EE10FA03D5B0EE679A4FF02D
:102FE0000508D6F86437D3ED017A93ED007A78EED0
:102FF000677A39EEC77A67EEA77AE7EE077AF5EED9
:10300000407AF1EE10FA00F14286B1EEE70A4FF095
:103010007E52B4EE490AF1EE10FA48BF4FF00608AE
:1030200006EB8808D8F884371A60D9F80000002F1A
:103030003EF413AE43F6C67300222344194604E05F
:1030400001321FFA82FCBC450BD231F802CFBCF131
:10305000640FF5D102F2D222049901EB8202C2F888
:1030600084001946002203E0013290B2B8420CD22B
:1030700031F8020F6928F7D102F2D222059904989B
:10308000096800EB8202C2F884101946002203E0AE
:10309000013290B2B8420CD231F8020F6628F7D153
:1030A00002F2D2220498DAF8001000EB8202C2F891
:1030B00084101946002203E0013290B287420CD9F5
:1030C00031F8020F6728F7D102F2D2220498DBF818
:1030D000001000EB8202C2F884101946002203E0BF
:1030E000013290B287420CD931F8020F6828F7D12B
:1030F00002F2D22206990498096800EB8202C2F813
:103100008410079A1168002204E0013290B28742CD
:103110007EF6A3AD33F8020F6A28F6D102F2D2236D
:10312000049A02EB8303C3F88410FEF796BD904225
:10313000A9EB000E84BF02465FFA8EF1604619E6E5
:10314000002104F64C2C95F8E4010B4603E0CBB2C9
:1031500083423EF67AAE03F5CB72013104EB820274
:10316000D2F83C2B9445F2D1B5F8841098B20029DE
:103170003EF46BAE41F25A020023224405E00133D3
:103180001FFA83FC8C45BEF460AE32F802CF844552
:10319000F5D1FEF754BE002104F5307C95F8E4012A
:1031A0000B4603E0CBB29842FEF44FAE03F5CB7270
:1031B000013104EB8202D2F83C2B9445F2D1B5F8F0
:1031C000841098B200293EF440AE41F25A02002326
:1031D000224405E001331FFA83FC61457EF635AEDB
:1031E00032F802CF8445F5D1FEF729BE002104F65E
:1031F000F81C95F8E4010B4603E0CBB29842FEF4CC
:1032000024AE03F5CB72013104EB8202D2F83C2BE1
:103210009445F2D1B5F8841098B200293EF415AE69
:1032200041F25A020023224405E001331FFA83FCD5
:1032300061457EF60AAE32F802CF8445F5D1FEF73D
:10324000FEBD002104F6D42C95F8E4010B4603E002
:10325000CBB29842FEF4F9AD03F5CB72013104EB29
:103260008202D2F83C2B9445F2D1B5F8841098B282
:1032700000293EF4EAAD41F25A020023224405E05F
:1032800001331FFA83FC61457EF6DFAD32F802CFD1
:103290008445F5D1FEF7D3BD002104F6A42C95F8A2
:1032A000E4010B4603E0CBB29842FEF4CEAD03F549
:1032B000CB72013104EB8202D2F83C2B9445F2D15F
:1032C000B5F8841098B200293EF4BFAD41F25A021D
:1032D0000023224405E001331FFA83FC61457EF69A
:1032E000B4AD32F802CF8445F5D1FEF7A8BD002178
:1032F00004F6EC2C95F8E4010B4603E0CBB29842BF
:10330000FEF4A3AD03F5CB72013104EB8202D2F8D7
:103310003C2B9445F2D1B5F8841098B200293EF4C4
:1033200094AD41F25A020023224405E001331FFA12
:1033300083FC61457EF689AD32F802CF8445F5D134
:10334000FEF77DBD1A464146C2F34702C3F3470369
:103350000A44434407EE902AB8EEE77A07EE903A23
:10336000F8EEE77A3DE5002104F6C82C95F8E40173
:103370000B4603E0CBB29842FEF467AD03F5CB7287
:10338000013104EB8202D2F83C2B9445F2D1B5F81E
:10339000841098B200293EF458AD41F25A0200233D
:1033A000224405E001331FFA83FC61457EF64DADF2
:1033B00032F802CF8445F5D1FEF741BD002104F675
:1033C000BC2C95F8E4010B4603E0CBB283423EF6F9
:1033D0003CAD03F5CB72013104EB8202D2F83C2BF9
:1033E0009445F2D1B5F8841098B200293EF42DAD81
:1033F00041F25A020023224405E001331FFA83FC04
:1034000061457EF622AD32F802CF8445F5D1FEF754
:1034100016BD002104F52B6C95F8E4010B4603E082
:10342000CBB29842FEF411AD03F5CB72013104EB3F
:103430008202D2F83C2B9445F2D1B5F8841098B2B0
:1034400000293EF402AD41F25A020023224405E075
:1034500001331FFA83FC61457EF6F7AC32F802CFE8
:103460008445F5D1FEF7EBBC002104F52E6C95F8F0
:10347000E4010B4603E0CBB29842FEF4E6AC03F560
:10348000CB72013104EB8202D2F83C2B9445F2D18D
:10349000B5F8841098B200293EF4D7AC41F25A0234
:1034A0000023224405E001331FFA83FC61457EF6C8
:1034B000CCAC32F802CF8445F5D1FEF7C0BC404613
:1034C000FCF7D2FCFEF76EBC0A2005F029FECF48BF
:1034D0001BF0C0FDFEF770BC039B4FF00009039F7B
:1034E0000021B3F98E29CA46D7F8B009D31D48BFC9
:1034F00002F10E03B7F98C29DB1003FB02F215F081
:1035000037FB3846CDE90846C14B1FFA89F60FFA5A
:1035100089F4002703EB0913069309F007030793C7
:1035200009E04FEA4A0A5FFA8AFA1AF0800F12D1CC
:103530000137802F3FD0BBB20FFA87FC059317F0FD
:1035400007036246EDD1069901EBEC0E9EF894A5B7
:103550001AF0800FECD0B0F990E9E645E8DDB0F95B
:1035600092C9A445E4DD90F89EC9BCF1020F00F0B9
:103570001182BCF1030F00F00182BCF1010FB0F920
:103580008CC900F0F6813946079B2246002A07F1D4
:103590000107B8BF0732802F4FEAE20212FB0C127C
:1035A0004FF0010101FA03FCD0F8B0198B5C43EA3B
:1035B0000C038B54BFD109F10109B9F1400FA3D11C
:1035C000DDE90846FEF7EEBB924AFEF7E3B9CB1AF7
:1035D0009BB2AEF80A30B2F880319BB248EA0303DE
:1035E000A2F88031FEF700BA9BB2AEF81E30B2F8F6
:1035F00080319BB21843A2F88001FEF7F5B99BB267
:10360000AEF81630B2F880319BB243EA08239BB281
:10361000A2F88031FEF7E8B97F4BFEF7F0B8B8EEBC
:10362000480A7E48C5F83C2BF9F7D8FC7C4B83ED63
:10363000000AFEF722BA0A2005F072FD73481BF05B
:1036400009FDFEF709BA95F8393BA3B10CAB0DEEB5
:10365000103A9C23012203988DF834300DAB009270
:103660001946D0F8600911F04FFB9DF83430A5F8E9
:103670003A3BFEF7EAB9039880220CA990F8693921
:103680008DF830200DEE101A43F00403C3F300024E
:1036900080F8693903F07A03D0F8600913430122F6
:1036A00043F004038DF834300B460DA912F07AFC78
:1036B000012385F8393BCCE7901E4FF6FF73FEF7E8
:1036C000EBB85849FEF7CCB8C3ED017AFEF7A3B8C2
:1036D0000023FEF70BBA13930DA80E93ADF84230FA
:1036E0008DF84630039BD3F87C390D9340F20113DB
:1036F000ADF8443006F09CFC9DF84490B9F1040FFD
:1037000073D840F001031393B9F1000F1ED09DF858
:103710004620002A00F0D78009F15002B9F1010FCC
:103720004FEA13216A4402F80A3C0FD0B9F1020FA4
:1037300002F80B1C4FEA134108D0B9F1040F4FEA0D
:10374000136302F80C1C01D18DF84730BDF84220FC
:10375000DDF834A0D3B2ADF83020120ABAF1000F70
:1037600000F09A809DF845B0DAF80C3009EB0B02B6
:103770009A423AD89AF80030DAF804205B0082F8CE
:10378000A53040F20113A2F82F31BBF1000F25D074
:10379000DAF80480244AD8F800305B68934240F09D
:1037A0005482B8F8303103B398F82F31C3F189024D
:1037B000934540F248820121C8F8041008F1A500A1
:1037C0001DEE101A0692184415F0C4FF98F82F3118
:1037D000069A134488F82F31934506D14A4650463D
:1037E00001230DF1470106F0CFFC012385F87C3B56
:1037F000FEF762B9B8EE480A0C48C5F8802BF9F715
:10380000EDFB0B4B83ED000AFEF78AB9E05E00206A
:103810009C23002000803E40B072002000730020F6
:10382000FC72002000801E404940010044730020CB
:10383000407300200A2005F073FCA4481BF00AFC2A
:10384000FEF75DB996F8A087DFEDA27AB8F1000F18
:1038500000F0428108F1FF3242F66063D2B22344A5
:1038600003EB82037246B2EC017A934277EE877AD9
:10387000F9D107EE108AF8EE476A9FED967AC7EE07
:10388000A69AFEEC017A734577EEE97AA7EEA77A5D
:10389000F7D187EE260A23E10E98002847D09DF83D
:1038A0004010032931D049BB03F07F038DF830303D
:1038B0009DF845304A460DF1470100931DEE103A40
:1038C00012F0B6FC91E7B9F1010F4FEA13228DF81F
:1038D00047303FF43BAFB9F1020F8DF848204FEA73
:1038E00013423FF433AFB9F1040F4FEA13638DF87D
:1038F00049207FF42BAF8DF84A3027E702292FD1DA
:1039000063F07F038DF83030D2E78DF8313022F04C
:1039100001030DF147014A468DF830309DF84530DE
:10392000013300931DEE103A12F082FC5DE70F9B0D
:10393000002B3FF45AAF197C9DF8452000293FF435
:1039400054AFD3F80C80B8F1000F3FF44EAF586974
:103950001DEE101A0DF14703CDF80090C04744E763
:103960000129A5D103F07F0343F040038DF83030E7
:103970009EE70CF1FF31891B09B207E6B0F88E39DA
:103980004946059A013BB0F98CC99B1A1AB203F05B
:103990000703FBE5B0F98CC9B0F88E390CF1FF32A2
:1039A0000599013B511A9B1B09B21AB203F0070398
:1039B000ECE5039B4FF00009039F0021B3F98E292A
:1039C000CA46D7F8B009D31D48BF02F10E03B7F9B4
:1039D0008C29DB1003FB02F215F0CAF83846CDE95A
:1039E00008463B4B1FFA89F60FFA89F4002703EBD0
:1039F0000913069309F00703079309E04FEA4A0AFF
:103A00005FFA8AFA1AF0800F12D10137802F37D06F
:103A1000BBB20FFA87FC059317F007036246EDD19E
:103A2000069901EBEC0E9EF894A91AF0800FECD0E9
:103A3000B0F990E9E645E8DDB0F992C9A445E4DDC6
:103A400090F89EC9BCF1020F31D0BCF1030F22D017
:103A5000BCF1010FB0F98CC918D03946079B22463A
:103A6000002AB8BF0732D21012FB0C12012101FA52
:103A700003FCD0F8B0198B5C43EA0C038B54C4E709
:103A800009F10109B9F1400FABD199E50CF1FF3112
:103A9000891B09B2E4E7B0F88E394946059A013B23
:103AA000B0F98CC99B1A1AB203F00703D8E7B0F932
:103AB0008CC9B0F88E390CF1FF320599013B511ACF
:103AC0009B1B09B21AB203F00703C9E7E05E0020AE
:103AD0009C23002000000000C7EEA79AB0EE690A00
:103AE000B5EE400AF1EE10FA00F1A880B1EEC09AEE
:103AF00004EB8803C8F1800B0FFA88F203F500533A
:103B0000C34503F6A81103F6A833C1ED009A83ED6F
:103B1000009A7FF614A9C8F1010342F66060F0EE46
:103B2000497A3946DBB25FED15AA0719069304EB13
:103B30008202059B2AEE277A03EB880302F50059DF
:103B4000D3ED007A09F6A81393ED006A77EEC66A02
:103B5000F0EEE66AF4EEC76AF1EE10FA48DDF4EE34
:103B6000C67AF1EE10FA02DD01230AF8083006F5F4
:103B7000F463B7EE007AD3ED026A09F5F56337EE28
:103B8000667A93ED006A27EE067AA7EEA67AF0EE43
:103B9000477A09F2AC73C3ED007A069B08EB030089
:103BA000C0B2B8F1000F27D000F6973208F1FF330A
:103BB0001FED387A50FA83F304EB820207EB83039C
:103BC0001046F0EC017A834237EE277AF9D107EEFE
:103BD000908AF8EE676A5FED417A87EE266AB2EC6A
:103BE000017A934237EE467AE7EE077AF7D107E09B
:103BF00000230AF80830CCE7F0EE6A6A5FED4B7AF2
:103C000087EEA60AB5EE400AF1EE10FA24D408F1C8
:103C1000010809F6AC1309F6AC395FFA88F8C3ED70
:103C2000009A89ED009AC34528D906EB88030FFA5C
:103C300088F203F6A433D3ED017A78E713F010FD90
:103C4000B0EE409A54E75A46B8E55A4640461DEE53
:103C5000101A98470246BFE508F10108079113F0D2
:103C6000FFFC09F6AC135FFA88F809F6AC39C3ED2E
:103C7000009AC345079989ED009AD6D80F46FFF7F9
:103C80005EB813F0EDFCF0EE407AFFF7A1B9B0EEAC
:103C9000670A13F0E5FCFFF7BAB913F0E1FCF0EEA8
:103CA000407AFFF776B913F0DBFCF0EE407AFFF7CD
:103CB00051B913F0D5FCF0EE407AFFF72CB9B0EE15
:103CC000679A4FF00108FFF710B913F0C9FCF0EE46
:103CD000407AFFF702B913F0C3FCB0EE409AFFF749
:103CE000DDB8083713F0BCFCA8EC010A4F457EF4A0
:103CF0007DABFEF790BB00BF10B50446C06A08B1AB
:103D00001BF086F9206B08B11BF082F9204610BD2C
:103D100010B50446406808B11BF07AF9A06808B1F4
:103D20001BF076F9204610BD70B5074B06460446D9
:103D300000F50075036054F8040F08B11BF068F932
:103D4000AC42F8D1304670BD04220020704700BF5D
:103D5000B2EE0A7AD0ED007A084B416867EE877AB6
:103D600003F6442203F64C23C0ED007A516041680B
:103D7000C2ED007AC3ED077A19627047C056002081
:103D800091ED007AD0ED007AD1ED016AF4EEC77AB8
:103D900090ED016A90ED035AF1EE10FAB4EEE66A86
:103DA000D0ED026A58BFF0EE477AF1EE10FA54BF38
:103DB0000B1D031D93ED007AC0ED007A91ED006AB2
:103DC00080ED017AF4EEC66AD1ED015AF1EE10FAF7
:103DD000B4EEE55A76FE866AB6EE006AF1EE10FAA7
:103DE00076EEA77ACCBF00F10C01043167EE867A3B
:103DF000D1ED005AC0ED026A35EE877AC0ED035A64
:103E0000C0ED047A27EE067A80ED057A704700BF90
:103E10000B682DE9F04F0D4683B05B69824608467A
:103E2000002498472B68814628469B699847064698
:103E30002B682846DB699847A04240F201819AF836
:103E40000830B7EE007ADAED016A00225B08ADF8BF
:103E5000062007EE903AF8EEE77A77EEC77AA6EEFC
:103E6000A77AFDEEC77A17EE90BACBF100035B4557
:103E700025DA824B4FEA4B011B68002B00F0C5800E
:103E80007F4A82FB0320DA171844C2EB20427D48A8
:103E900000FB12337C4800FB02F244F2A71000FB47
:103EA0000322002A80F2E5806FF000431344734A36
:103EB0001360B3FBF1F201FB1233A3EB0B03BBF175
:103EC000010F59DD6D4A0BF1FF301268002A00F036
:103ED0009A806B4981FB0217D1171744C1EB274128
:103EE000684F07FB1122684F07FB01F144F2A71747
:103EF00007FB0211002980F2BE806FF000470F44DB
:103F00005E4A1760B7FBF0F200FB127701372968B1
:103F10000DF106022846D1F840802146C047BBF18A
:103F20000003B8BF0133B7EB630F27DB00286ED067
:103F30004FF000084346B8461F46BDF8063004EB74
:103F400044022846611C03EB430306EB020C39F8DC
:103F500003E04B4426F802E09B788CF8023007B16E
:103F60008CB22B680137DB699847A04201D9B8456C
:103F7000E3D10134A4B25BE70127C8E7C0B9B84672
:103F80008346074604EB44032846611CF21882F876
:103F900002B026F803B007B18CB22B680137DB6999
:103FA00098478442E5D2B845ECD10134A4B23FE74A
:103FB0004FF000083B4647469846BDF8063004EBF4
:103FC0004402284604F1010C03EB430306EB020E06
:103FD00009EB030191F802B006F802B019F80330BA
:103FE0008EF801304B788EF802300FB11FFA8CF446
:103FF0002B680137DB699847A042BAD94745DCD125
:104000000134A4B214E7214F7AE7204B4FE7B846BA
:104010008346074604EB44032846611CF21882F8E5
:1040200002B026F803B007B18CB22B680137DB6908
:10403000984784429DD2B845ECD10134A4B2F7E64A
:10404000002404E0F05A29F803008B7893702B6861
:104050002846DB699847A3B201341A4603EB4303B1
:10406000904206EB030109EB0302EBD803B0BDE875
:10407000F08F13461BE70F4642E700BF00A7002062
:104080005F0B4E831DF30100ECF4FFFF42CE0C1FCB
:104090002DE9F04F0B688B462DED028B89B05B69E3
:1040A000B7EE008A059008469847DBF80030814655
:1040B00058469B699847002304900293BDF8081066
:1040C0005846DBF800300191DB6998470199884236
:1040D00040F28880059BB0EE487A4FF000001A7AD3
:1040E000D3ED016A5208BDF80830ADF81E0007EEA6
:1040F000902A03EB4302ADF81C00F8EEE77A09EBD7
:10410000020319F8026093F802A077EEC87A0392CE
:104110005A78A6EEA77A0192FCEEC77A17EE903A8B
:104120001FFA83F8B8F1000F3CD00F460124DBF8EA
:1041300000300DF11E02584601341B6B9847DBF826
:104140000030394607AA5F6B05465846B847BDF8A8
:104150001E10E2B2BDF81C7001EB410C1446FDB11B
:10416000F0B107EB470009EB0C0E19F80C3009EB26
:10417000000C19F80000019D03449EF8010033442F
:104180009EB29EF802309CF801E070440544284637
:104190009CF802502B4480B2534401901FFA83FADA
:1041A0004245C4D902984FEA48080130B6FBF8F6F8
:1041B0000290FF2E0198A8BFFF26B0FBF8F5BAFBCE
:1041C000F8FAFF2DDDE90312A8BFFF25BAF1FF0FB2
:1041D00002EB01035654A8BF4FF0FF0A9D7083F80D
:1041E00001A06BE70024049D04E0E85A29F80300CD
:1041F0008B789370DBF800305846DB699847A3B2A0
:1042000001341A4603EB4303904205EB030109EB2B
:104210000302EAD809B0BDEC028BBDE8F08F00BF05
:104220000B68084670B55B690E4600259847044642
:1042300013E0237803F1640203B1D3B262782370F0
:1042400002F1640302B1DAB2A378627003F164028E
:1042500003B1D3B2033404F8013C33683046DB6960
:104260009847A84205F10105E3D870BD704700BF2B
:104270002DE9F04F0B688B462DED028B89B05B6901
:10428000B7EE008A059008469847DBF80030814673
:1042900058469B699847002304900293BDF8081084
:1042A0005846DBF800300191DB6998470199884254
:1042B00040F28880059BB0EE487A4FF000001A7AF1
:1042C000D3ED016A5208BDF80830ADF81E0007EEC4
:1042D000902A03EB4302ADF81C00F8EEE77A09EBF5
:1042E000020319F8026093F802A077EEC87A0392ED
:1042F0005A78A6EEA77A0192FCEEC77A17EE903AAA
:104300001FFA83F8B8F1000F3CD00F460124DBF808
:1043100000300DF11E02584601349B6A9847DBF8C5
:104320000030394607AADF6A05465846B847BDF847
:104330001E10E2B2BDF81C7001EB410C1446FDB139
:10434000F0B107EB470009EB0C0E19F80C3009EB44
:10435000000C19F80000019D03449EF8010033444D
:104360009EB29EF802309CF801E070440544284655
:104370009CF802502B4480B2534401901FFA83FAF8
:104380004245C4D902984FEA48080130B6FBF8F616
:104390000290FF2E0198A8BFFF26B0FBF8F5BAFBEC
:1043A000F8FAFF2DDDE90312A8BFFF25BAF1FF0FD0
:1043B00002EB01035654A8BF4FF0FF0A9D7083F82B
:1043C00001A06BE70024049D04E0E85A29F80300EB
:1043D0008B789370DBF800305846DB699847A3B2BE
:1043E00001341A4603EB4303904205EB030109EB4A
:1043F0000302EAD809B0BDEC028BBDE8F08F00BF24
:10440000EFF3108272B6437F5BB9017F012930B4AC
:104410000BD0032913D00123437702B962B630BC15
:1044200070470AB962B670477047124C2168B1B143
:10443000114943610B68086083615861EBE70F4DD8
:104440000F492C688CB143610B68836158614FF050
:10445000E0234FF080540860C3F8044DDBE7064BBF
:1044600020601860C0E90511D5E7C0E9054428605F
:10447000EDE700BF48C301204CC3012050C3012019
:1044800054C3012090F81CC003464160BCF1020FE8
:10449000C26001D183681847EFF3108172B6427F82
:1044A0005AB930B4007F01280BD0032813D0012261
:1044B0005A7701B962B630BC704709B962B6704725
:1044C0007047124C2068D0B111485A6102680360ED
:1044D0009A615361EBE70F4D0F482C685CB15A614C
:1044E00002689A6153614FF0E0224FF080540360FC
:1044F000C2F8044DDBE7C3E905442B60F3E7044A47
:1045000023601360C3E90500D1E700BF48C3012061
:104510004CC3012050C3012054C3012070B5EFF3F8
:10452000108172B60E4C2368BBB10E4E002508E018
:1045300062B69A6859779047EFF3108172B6236894
:104540005BB15A69226032B1956118460029EFD0FB
:104550009A685D77EFE73260F7E701B962B670BD40
:1045600050C3012054C301200449054A4968054B42
:104570001960136801331360704700BF001000E03A
:104580005CC3012060C301206249634A49682DE988
:10459000F843624B624D196013686C680133136015
:1045A00024B34FF000095F4F4FF002082368DBB9D6
:1045B000A66806B1F360206984F8149003686E6001
:1045C0001B68BB426AD1037FC0F80490022BC46011
:1045D00033D1836898476E686268002A32D12EB161
:1045E00034462368002BE3D0013B2360EFF31083B4
:1045F00072B60022AE68AA6003B962B6DEB10027C7
:104600006C684FF0020CBE463046B668002C40D0B5
:10461000D0F800902168894525D2A1EB0901012736
:10462000C0E9024EE0602160044680F814C0002E0C
:10463000EAD107B16C60BDE8F883FFF7E1FE62687C
:10464000002ACCD02260002E51D03068824239D26C
:10465000801A6C60C4E902693060F460264684F810
:1046600014803446BDE7234606E00260D3F800809C
:10467000424518D34146914698469B68A9EB0102F2
:10468000002BF2D183600260C0F80C80C8F80800EB
:10469000CBE7C0E9024401270446C6E722460021D1
:1046A00098476E6898E7DA68A1EB09018360C260F9
:1046B0004144D860C2689060196080F814C0002E30
:1046C000A2D1B6E7334606E02160D3F800C06145C9
:1046D00012D360460A469C469B68111A002BF3D100
:1046E000A3602160C4F80CC0CCF80840B7E7C4E967
:1046F00002666C602646B2E7801ADA68A360E26060
:104700006044DC60E2689460186084F81480344689
:104710004CE700BF001000E05CC3012060C3012033
:1047200000A70020690F010010B5134C236813B1D6
:10473000124AD168E1B9636813B1104AD16999B9D5
:10474000A36813B10D4AD16A51B9E3683BB10B4A72
:10475000D16B21B10121BDE81040D163184710BDD4
:104760000121D1629847F0E70121D1619847E7E73D
:104770000121D1609847DEE7A07200200041084087
:1047800000207047704700BFF8B50C4671B182B188
:1047900006468F1800253368304614F8011B1B6845
:1047A0009847BC420544F6D12846F8BD0D46284638
:1047B000F8BD1546F8E700BF854B864A86492DE9C6
:1047C000F0435E6988428CBF4FF012084FF00E082C
:1047D0009C69D768D3F8801007F01F0941F0C00129
:1047E000C145C3F8801007D268F30407D760136887
:1047F000002BFCDA07F01F0916F0007324D1774A6A
:104800001169774A8A4300F0DB8084F48052314694
:104810004FF4805511F0605F04D026F060561E43BF
:104820006B4B5E6112F4405F07D024F44054684A39
:104830002C439461936C1907FCD446F00076644ACB
:104840005661936C9B06FCD44FF0010C0146654CFD
:10485000634603FB011203F1010E0CF10105A242B4
:1048600018D8BEF1080F4FF0010340F08B80BCF167
:10487000040F00F28D804218A24200F29B8005FBDB
:1048800000F1AC4603F1010E03FB01120CF101052E
:10489000A242E6D90CF1FF3453491144534A9142E4
:1048A0007BD9534D6C2253484C49B0FBFEF0D1F8F4
:1048B00000E0B0FBFCF0DFF868C10EEA0C0CAC4580
:1048C00008D042F400524FF480550D600A600A6827
:1048D000002AFCDA3E4A116901F00701994203D02F
:1048E0001361936CDD03FCD486EA8423A40213F4E1
:1048F000E05F09D026F4E05604F4E054344A26433D
:104900005661936C9907FCD43B493C4A014491425F
:104910003AD83B4BC909A3FB0131090B4B1E1B02C3
:1049200086EA030212F4407F06D026F4407603F4B0
:104930004073274A33435361254A536923F0007378
:104940005361936C9B06FCD42E4BC845A3FB0023FC
:104950004FF0FF324FEA9343B0FBF1F1B2FBF3F3B8
:10496000294A1060294A1160294A136008D227F0A9
:104970001F07184A47EA0807D7601368002BFCDABC
:10498000BDE8F083734664E74FF440730421C7E742
:1049900015490CF1FF34072311441E4A1E48A2FB9F
:1049A00001211E4D0A0D362A38BF362202FB00F0C7
:1049B000154379E764460023AC464FF0010E6BE7E0
:1049C0001D4686F0C05122464FF0C05322E700BF7B
:1049D00000C00F400000084000A4781F00800D4078
:1049E00040300080FFB19F26808D5B00FF7EF64D3A
:1049F0006C20008000643F4D7FD1F0087F17B42CFD
:104A00009F10E50083DE1B43844C0020084C0020EF
:104A100064C30120819F5E16001BB7000020008048
:104A20007F30018000234FF470410F224FF4604C1F
:104A3000A0F88C114FF48061A0F88E21A0F890317D
:104A4000B0F8882192B242F0F002A0F8882148F232
:104A5000B822A0F804C0C180438403864380438108
:104A6000C2814382C3824383C383A0F864C0A0F899
:104A70006610A0F88230A0F89030A0F86230A0F85C
:104A80006A30A0F86E20A0F87230A0F87630A0F856
:104A90007A30A0F87E30A0F8C4C0A0F8C610A0F804
:104AA000E230A0F8F030A0F8C230A0F8CA30A0F888
:104AB000CE20A0F8D230A0F8D630A0F8DA30A0F896
:104AC000DE30A0F824C1A0F82611A0F84231A0F8E9
:104AD0005031A0F82231A0F82A31A0F82E21A0F8F8
:104AE0003231A0F83631A0F83A31A0F83E31B0F8B2
:104AF00088319BB243F00F03A0F88831B0F88831B9
:104B00009BB243F47063A0F88831704730BFFDE773
:104B1000836BF0B41BB1536843F40043536072B627
:104B2000446B3CB31A4B2260D3F8B0410C421DD108
:104B3000184E776804E07468E41BB4F5166F0BD266
:104B4000D3F8404144F48044C3F84041D3F8B8510D
:104B5000D3F840416404EED50D4007D10C4CC0E9B8
:104B60000225D4F8B0310B43C4F8B031426362B6C9
:104B7000F0BC7047064DC0E90224D5F8B0310B43B4
:104B8000C5F8B0310263426362B6F0BC704700BF43
:104B900000002E40001000E00B4A117B507BCBB28E
:104BA00081420DD001330949092B28BF002313444A
:104BB0001B7C02EB430201EB4323928B985C704712
:104BC0004FF0FF30704700BF00A70020802020205A
:104BD000284B1B78002B4BD070B5274CA18D01B909
:104BE00070BD94F82F0004F1400C244B01260CEB0F
:104BF0004012C1F5006103EBC02384F82E60400130
:104C00000D0419444CF8006003F5805045F0800510
:104C10009360D06003F500505560106103F540507B
:104C2000506103F5804090610020D061BFF34F8F49
:104C30004FF0E020C0F8703F20339942FAD8BFF31C
:104C40004F8FBFF36F8F4FF480110D48FFF760FF58
:104C500094F82F300133DBB2032B88BF002384F894
:104C60002F300023A385BFF34F8F84F82E3070BD03
:104C7000704700BFF8B1012000A70020800020206D
:104C8000400200202DE9F84F324D2B7B6A7B934286
:104C90005BD0DEB205F1E008DFF8C0A04FF0E02401
:104CA0004FF40037DFED2C7A0136082E4FD85FFA2B
:104CB00086F9AB19D5F8C0C0B5F8E01101201B7C0E
:104CC00005EB43024FEA431EB2F8C4B0928BABEB44
:104CD000020B08EB4312ACEB0B0CC5F8C0C04FEA5B
:104CE000014CC4F88C714CF0800C48F80E00D36174
:104CF0000AEB4323C2F804C003F5805C93601944B7
:104D0000C2F80CC003F5005CC2F810C003F5405CAB
:104D1000C2F814C003F5804CC2F818C0BFF34F8F1F
:104D2000C4F85C3F20339942FAD8BFF34F8FBFF3EA
:104D30006F8F082117EE900AFFF7EAFEC4F80C7196
:104D400085F80C906B7B9E42AED1BDE8F88F0026B3
:104D5000B146AEE700A7002080010020802020207F
:104D6000184B012193F82F2083F82E10B2B1586C04
:104D70008A4280F08000C0F3C0104FEAC0200ED1FC
:104D8000D3F88410090658BF00F50060032A0DD13E
:104D9000BFF34F8F002283F82E2070471046596EC4
:104DA000090658BF00F50060022AE9D1D3F8A42013
:104DB000120658BF00F50060BFF34F8F002283F842
:104DC0002E20704700A70020F8B5274C94F82E300D
:104DD000002B47D103F0FF05244B1B78002B41D05B
:104DE000A18D00293ED094F82F0004F1400C204BF7
:104DF00001270CEB4012C1F5006103EBC023400119
:104E00000E0419444CF8007003F5805046F08006FB
:104E1000D561D06003F500505660106103F5405035
:104E20009360506103F580409061BFF34F8F4FF066
:104E3000E020C0F8703F20339942FAD8BFF34F8F7B
:104E4000BFF36F8F4FF480110A48FFF761FE94F8AB
:104E50002F300133DBB2032B88BF002384F82F30BF
:104E60000023A385F8BD00BF00A70020F8B10120F2
:104E7000800020204002002090F8A32090F8A2009B
:104E8000101A704790F8A23090F8A3209A4205D9E2
:104E90005A1C034480F8A220987E70474FF0FF30E0
:104EA000704700BF90F8A23090F8A3209A4202D930
:104EB0001844807E70474FF0FF307047704700BF46
:104EC0000346B0F8300178B193F82F21882A03D92E
:104ED000012200205A60704702F1010C01201A449F
:104EE00083F82FC182F8A510704700BF70B52A4C17
:104EF0002369D3F8145115F4706201D0C3F814215A
:104F0000AE070BD5D3F8701108043ED5002201205E
:104F1000A4F8A220224484F8A3009176EA0710D5D1
:104F200094F83061F6B194F82E6194F82F21B242D2
:104F300027D9711C264496F8A52084F82E11C3F8B1
:104F40006021AB050DD594F8A30018B1D4F83C311D
:104F500003B198470023A4F8A230A4F82E3184F8B6
:104F6000303170BDD4F838210AB19047236900224E
:104F700084F82E21012284F8302194F82F21B242A6
:104F8000D7D80022C3F86021DBE794F8A320872A52
:104F9000C4D8501CC0B2BDE7E05E002070B52C4CF8
:104FA000D4F8F431D3F8145115F4706201D0C3F879
:104FB0001421AE070CD5D3F87011080440D5002297
:104FC0000120A4F88622224484F8870282F8FE1188
:104FD000EA0710D594F81463F6B194F8126394F8C4
:104FE0001323B24228D9711C264496F8892284F8EA
:104FF0001213C3F86021AB050DD594F8870218B1E0
:10500000D4F8203303B198470023A4F88632A4F8DB
:10501000123384F8143370BDD4F81C2312B19047B6
:10502000D4F8F431002284F81223012284F81423E6
:1050300094F81323B242D6D80022C3F86021DAE7ED
:1050400094F88722872AC3D8501CC0B2BBE700BFA0
:1050500000A7002070B52C4CD4F83433D3F8145189
:1050600015F4706201D0C3F81421AE070CD5D3F843
:105070007011080440D500220120A4F8C623224460
:1050800084F8C70382F83E13EA0710D594F85464F5
:10509000F6B194F8526494F85324B24228D9711CA2
:1050A000264496F8C92384F85214C3F86021AB054E
:1050B0000DD594F8C70318B1D4F8603403B19847FC
:1050C0000023A4F8C633A4F8523484F8543470BDD5
:1050D000D4F85C2412B19047D4F83433002284F819
:1050E0005224012284F8542494F85324B242D6D88E
:1050F0000022C3F86021DAE794F8C723872AC3D8CF
:10510000501CC0B2BBE700BF00A7002030B4046849
:10511000BDF808500295A46BA44630BC604700BFA0
:1051200030B40468BDF808500295E46BA44630BC66
:10513000604700BFD0F800C02DE9F04F90461F46F1
:105140001F4A83B0DCF8143005460C46BDF9309098
:105150009342BDF834A029D12744A7421EDDDFF8D1
:1051600064B00AE00134CDF800A0DCF8386024B265
:10517000B047D5F800C0BC4210DADCF820604B46DE
:10518000424621465E452846ECD00134CDF800A0C9
:10519000B047D5F800C024B2BC42EEDBDCF82C30BE
:1051A000074A934206D103B0BDE8F08F9847D5F87F
:1051B00000C0D1E7284603B0BDE8F04F184700BF54
:1051C000A1190100F11B0100D0F800C02DE9F04F3A
:1051D000DCF8406083B0DFF898E0BDF930907645A8
:1051E000BDF834A032D190461F46204A0546DCF86F
:1051F00014300C46934235D12744BC421EDADFF806
:1052000074B00AE00134CDF800A0DCF8386024B2B4
:10521000B047D5F800C0BC4210DADCF820604B463D
:10522000424621465E452846ECD00134CDF800A028
:10523000B047D5F800C024B2BC42EEDBDCF82C301D
:105240000A4A934209D103B0BDE8F08FB446CDE9D4
:105250000C9A03B0BDE8F04F6047284603B0BDE8A4
:10526000F04F18479847D5F800C0C5E7A1190100CD
:10527000191C0100F11B01002DE9F0411C460B46F1
:10528000016884B0114E05464F69BDF82880B742C9
:1052900010D1013CCDF804802846144424B2009477
:1052A0008C6A1946A0472B68DB6AB34209D104B067
:1052B000BDE8F081CDE90232B8472968DDE9023264
:1052C000E7E7284604B0BDE8F0411847A1190100FE
:1052D0002DE9F043056885B0124E04466F69994682
:1052E000BDF83080B74210D109F1FF33CDF804800A
:1052F000009220460B44AD6A1BB2A8472368DB6AC4
:10530000B34209D105B0BDE8F083CDE90212B84738
:105310002568DDE90212E7E7204605B0BDE8F04365
:10532000184700BFA1190100D0F800C0274B2DE994
:10533000F04FDCF8404083B00F46B0F90C909C422F
:10534000B0F90E802FD1DCF814300546DFF880B0BC
:105350005B4537D1B9F1000F1EDD0024DFF874A0E2
:10536000214609E001340097DCF83860B047D5F8F1
:1053700000C021B289450FDDDCF8206043460022E1
:1053800028465645EED0013400220097B047D5F8A4
:1053900000C021B28945EFDCDCF82C305B450CD134
:1053A00003B0BDE8F08F002201914B46CDF800809C
:1053B0001146A04703B0BDE8F08F284603B0BDE812
:1053C000F04F18479847D5F800C0C3E7191C0100F3
:1053D000A1190100F11B01002DE9F043994287B0AA
:1053E0000546BDF93840BDF83C6022D0A24212D03B
:1053F0000768DFF88480D7F81490C14533D1284678
:10540000CDE90046BC6AA0472B68DB6A434525D13D
:1054100007B0BDE8F08399421CDC0E9601332C687E
:1054200028465B1AE46B1BB2A44607B0BDE8F04304
:105430006047A24202DD134622461C460E96631CBC
:105440002C6828469B1AA46B1BB2A44607B0BDE883
:10545000F0436047084619460346DEE7284607B092
:10546000BDE8F0431847CDE904230391C8472F68EE
:105470000399DDE90423C2E7A11901002DE9F04FEA
:105480001D4603681646DFF8BC905A6985B004468D
:105490004A45BDF93880BDF83C7043D1D3F824B0FB
:1054A0003246DFF8A4A020460097D345039108BFF9
:1054B000D3F83CB02B46D847236808F1FF32039954
:1054C000D3F824B032440097D34512B234D1D3F884
:1054D0003CA0204603912B46D047039923683246CF
:1054E000DFF868A02046D3F820B0013D0097D345EF
:1054F000039108BFD3F838B04346D84703992268D0
:1055000043460D44204629B2156A0097554508BF09
:10551000956B3246A8472368DB6A4B4507D105B037
:10552000BDE8F08F0391904723680399B6E72046C2
:1055300005B0BDE8F04F184703912B462046D847E9
:105540000399CBE7A1190100051C0100F11B010023
:1055500001F003038376CB0705D40289B0F90A3042
:105560008281C38170474289B0F908308281C3814A
:10557000704700BF704700BF00B590F81AC0BCF17B
:10558000020F0CD0BCF1030F60D0BCF1010F54D05E
:10559000012B13D0022B3AD023B35DF804FBB0F8F3
:1055A00008C0012BACEB010C4189A1EB02020CF10C
:1055B000FF3102F1FF3209B212B2EBD1002A1346D9
:1055C000B0F808E002F0070CB8BFD31DC06A012292
:1055D000DB1002FA0CF213FB0E13C15C0A43C25437
:1055E0005DF804FB002A1346B0F808E002F0070C4F
:1055F000B8BFD31DC06ADB1013FB0E130121C25CC0
:1056000001FA0CF122EA0102C2545DF804FB002AFF
:105610001346B0F808C0B8BFD31DC06A02F0070235
:10562000DB1013FB0C13012110F803C001FA02F286
:1056300082EA0C02C2545DF804FBB0F808C0ACEB7F
:10564000020C0A460CF1FF3109B2A1E7B0F80AC01A
:10565000ACEB010C11460CF1FF3212B298E700BF1F
:1056600070B504680C4E2569B54209D100298E46F3
:1056700005DBB0F90C508D4201DD002A04DA70BD63
:10568000AC46BDE870406047B0F90E509542F6DD7B
:10569000BDE8704070E700BFE12201002DE9F04F46
:1056A00085B0A3EB01091F460D46BDF938C016466B
:1056B000BDF83C30ACEB0208B8F1000FB8BFC8F140
:1056C0000008B9F1000FB8BFC9F10009C84540F39F
:1056D00081803C468E460A463546394676466746C0
:1056E000CA46A446BD420ADD521A344629466646D9
:1056F00082EAE27A3D46A4460F46AAEBE27A7A1B9A
:105700001FFA8AFABB4614B292B2002C00924FF6EE
:10571000FF72B8BF0134B445C8BF012264100192C2
:105720001DE08F423BD11769324A974237D1002E94
:1057300005DBB0F90C20B24201DD29044DD5A4EB04
:105740000A0214B292B2002C05DA01990E440099B3
:105750000A4436B214B201352DB2AB4527DB0268DC
:10576000C84525499769DCDC8F4223D11769214A56
:10577000974227D1002DE2DBB0F90C20AA42DEDDF2
:105780003204DCD4B0F90E20B242D8DD32462946CC
:1057900003930290FFF7F0FEDDE90203CFE70393E6
:1057A0002A4602903146B847DDE90203C7E705B053
:1057B000BDE8F08F0393324602902946B847DDE9F1
:1057C0000203BCE70393324602902946B847DDE95D
:1057D0000203B4E76146C24684E7B0F90E20AA424C
:1057E000ADDD2A46314603930290FFF7C5FEDDE9A1
:1057F0000203A4E7E122010045210100002905DBA5
:10580000B0F90CC08C4501DD002A00DA7047B0F910
:105810000EC09445FADD10B490F81AC0BCF1020F26
:105820000DD0BCF1030F58D0BCF1010F4CD0012BAF
:1058300038D0022B24D07BB15DF8044B7047B0F810
:1058400008C00CF1FF3CACEB010C41898A1A0FFA3D
:105850008CF1013A12B2EAE7002A1346B0F808C008
:10586000B8BFD31DC46A02F007020120DB1000FAA2
:1058700002F213FB0C13E15C21EA0202E254DBE7C3
:10588000002A13460489B8BFD31DC06A02F007027C
:10589000DB1013FB04130121C45C01FA02F2624025
:1058A000C254C9E7002A1346B0F808C002F0070442
:1058B000B8BFD31DC06A0122DB10A24013FB0C133A
:1058C000C15C0A43C254B7E7B0F808C0ACEB020CA5
:1058D0000A460CF1FF3109B2A9E7B0F80AC00CF191
:1058E000FF3CACEB010C11460FFA8CF29FE700BFB6
:1058F000002930B5BDF80C4002DA0B4400211BB280
:10590000B0F908C05D188E46654502DDACEB0101BB
:105910000BB2002B0FDDD11002F00702C06A1CFB96
:1059200001EC012101FA02F28C426044D2B271D042
:10593000022C3AD004B130BD9BB2D2435D1ED2B22C
:10594000A9B22DB2022921D921464FEA930C041D98
:1059500062F307010CF1FF3C62F30F211FFA8CFC8C
:1059600062F3174104EB8C04844662F31F61DCF898
:1059700000E00EEA010E4CF804EBA445F7D123F049
:1059800003016D1A8B4208442DB2D4D00378134022
:105990000370002DCFD04378012D03EA020343703A
:1059A000C9D083781A40827030BD9BB25D1EA9B207
:1059B0002DB202291FD90024990800F1040E62F3C8
:1059C0000704013962F30F2489B262F317440EEB26
:1059D000810E014662F31F64D1F800C08CEA040C0A
:1059E00041F804CB7145F7D123F003016D1A8B42C6
:1059F00008442DB29FD0037853400370002D9AD0F5
:105A00004378012D83EA0203437094D08378534096
:105A1000837030BD9BB25D1EA9B22DB2022920D980
:105A20000024990800F1040E62F30704013962F3BF
:105A30000F2489B262F317440EEB810E014662F324
:105A40001F64D1F800C04CEA040C41F804CB8E4529
:105A5000F7D123F003016D1A8B4208442DB23FF4B5
:105A60006AAF037813430370002D3FF464AF4378AB
:105A7000012D43EA020343703FF45DAF8378134383
:105A8000837030BD90F81AC0BCF1020F2DE9F041CF
:105A9000BDF8184024D0BCF1030F1CD0BCF1010F9D
:105AA00009D0002A15DBB0F90AC0944511DD06942F
:105AB000BDE8F0411CE7B0F808C0ACEB020C0CF1FB
:105AC000FF3C0FFA8CF2002A03DBB0F908C09445C2
:105AD00013DCBDE8F081CD184189491B09B2F2E71A
:105AE000B0F80AC0CD180189ACEB020C491B0CF1CF
:105AF000FF3C09B20FFA8CF2D3E7002902DA19440D
:105B00000BB200218E46B0F90A509E44AE4501DD2D
:105B10006D1A2BB2002BDCDDC1F3C405C66A11F08F
:105B20000701DBB21CFB052506EB050225D0C1F100
:105B3000080EDFF808815FFA8EFE734518F80E70C4
:105B400044D2AEEB03084FF0FF0C012C4CFA08FCDA
:105B500007EA0C0752D0022C3CD0002CB9D116F821
:105B600005C02CEA070C734506F805C0B0F90850CB
:105B7000AFD308392A440B44DBB2072B16D9022CC9
:105B800041D0B4F1000C194618BF4FF0010CCCF114
:105B9000000C5FFA8CFC083982F800C0B0F908509C
:105BA000C9B22A440729F6D803F00703002B90D086
:105BB0002249012C0B441B7A3BD0022C35D0002CFF
:105BC00087D1117821EA0303137082E7012C15D0E5
:105BD000022C04D116F805C087EA0C0CC3E7002C90
:105BE000BDD0083962440B44DBB2072BC9D8002B67
:105BF0003FF46FAF984498F80830DEE716F805C018
:105C000047EA0C0CAFE7194614780839E443C9B2E7
:105C100014700729B0F908402244F5D813F007039F
:105C20003FF457AF05490B441B7A11784B40137072
:105C30004FE711780B4313704BE700BF1033006040
:105C40002DE9F04190F81AE09446BDF81840BEF1F5
:105C5000020F00F08F80BEF1030F00F08680BEF1CE
:105C6000010F70D000296CDBB0F908E08E4568DDCB
:105C7000BCF1000F04DA9C440FFA8CF34FF0000CD7
:105C80006246B0F90A501A44AA4202DDA5EB0C059F
:105C90002BB2002B55DDCCF3C402C66A1CF0070CF6
:105CA000DBB21EFB021106EB010224D0CCF1080589
:105CB000DFF84481EDB2AB4218F8057065D2A5EB70
:105CC00003084FF0FF0E012C4EFA08FE07EA0E07FC
:105CD00073D0022C5DD0A4BB16F801E02EEA070EAB
:105CE000AB4206F801E0B0F908102AD3ACF1080C79
:105CF0000A446344DBB2072B16D9022C62D0B4F1FC
:105D0000000C194618BF4FF0010CCCF1000C5FFAE3
:105D10008CFC083982F800C0B0F90850C9B22A4496
:105D20000729F6D803F007035BB13349012C0B4474
:105D30001B7A5CD0022C56D01CB9117821EA0303DF
:105D40001370BDE8F0819C440289A2EB0C020FFAAB
:105D500082FC0029F5DBB0F90A208A42F1DD0A460F
:105D600006946146BDE8F041C2E54289521A013A03
:105D700011B2EEE702899C44521A013A11B24289EB
:105D8000A2EB0C020FFA82FC6CE7012C15D0022C5E
:105D900004D116F801E087EA0E0EA1E7002C9BD093
:105DA000ACF1080C72446344DBB2072BA7D8002B7C
:105DB000C7D0984498F80830BCE716F801E047EAE5
:105DC0000E0E8DE7194614780839E443C9B21470F1
:105DD0000729B0F908402244F5D813F00703B0D0E2
:105DE00005490B441B7A11784B401370A9E71178D1
:105DF0000B431370A5E700BF1033006011F0FD0FD7
:105E0000017204D1D0F80A30C0F812307047002374
:105E10008189428961F30F0362F31F43C0F8123096
:105E2000704700BF81757047002070473E4B3F4A66
:105E30001B6830B41D6C2979D177DC6B2079107721
:105E400011779A6B52B1B2F5004F23D3384C1444FA
:105E5000364A9C63D176D07630BC70479C6A032565
:105E600093F8321093F8340024680843216B21EA38
:105E70000001586C216383F8355003682D491B6875
:105E80008B421DD1037F4260022BC2601BD183680D
:105E900030BC18472468B4F81EC01CF4004F15D15C
:105EA0002D681FFA82FCA4F81EC0A4F816C0EC8B63
:105EB000240434D4A5F81EC0A5F816C00024C7E7F2
:105EC000114630BC184730BCFEF79ABAB2F5007FD5
:105ED0001ED21FFA82FCE28B2D6802F47E424CEA4D
:105EE0000202E283E28A02F47E424CEA0202E28289
:105EF000EA8B1204DED5EA8B02F47E424CEA0202FF
:105F0000EA83EA8A02F47E424CEA0202EA82D5E798
:105F10002D68EC8B2404D1D41FFA82FCCAE7B2F5B9
:105F2000007FE8D3CAE700BF88C3012000800E408D
:105F30000180FFFF690F01003E4B3F4A5B6830B4B0
:105F40001D6C2979D177DC6B2079107711779A6BEA
:105F500052B1B2F5004F23D3384C1444364A9C63F7
:105F6000D176D07630BC70479C6A032593F8321006
:105F700093F8340024680843216B21EA0001586C2F
:105F8000216383F8355003682D491B688B421DD16E
:105F9000037F4260022BC2601BD1836830BC18476C
:105FA0002468B4F81EC01CF4004F15D12D681FFAE8
:105FB00082FCA4F81EC0A4F816C0EC8B240434D4D0
:105FC000A5F81EC0A5F816C00024C7E7114630BCCE
:105FD000184730BCFEF714BAB2F5007F1ED21FFA84
:105FE00082FCE28B2D6802F47E424CEA0202E283DC
:105FF000E28A02F47E424CEA0202E282EA8B120456
:10600000DED5EA8B02F47E424CEA0202EA83EA8A97
:1060100002F47E424CEA0202EA82D5E72D68EC8B5C
:106020002404D1D41FFA82FCCAE7B2F5007FE8D37A
:10603000CAE700BF88C3012000800E400180FFFF37
:10604000690F010010B51C4CD4F8640420B103683A
:106050001A4A1B6893421AD1D4F8680420B1036825
:10606000164A1B68934217D1D4F86C0420B1036818
:10607000124A1B68934214D1D4F8700420B103680B
:106080000E4A1B68934211D1BFF34F8F10BD0C49CC
:1060900098470028E0D010BD094998470028E3D070
:1060A00010BD074998470028E6D010BD044998471D
:1060B0000028E9D010BD00BF00A700200D29010075
:1060C00068C2012010B51C4CD4F8740420B10368D8
:1060D0001A4A1B6893421AD1D4F8780420B1036895
:1060E000164A1B68934217D1D4F87C0420B1036888
:1060F000124A1B68934214D1D4F8800420B103687B
:106100000E4A1B68934211D1BFF34F8F10BD0C494B
:1061100098470028E0D010BD094998470028E3D0EF
:1061200010BD074998470028E6D010BD044998479C
:106130000028E9D010BD00BF00A700200D290100F4
:1061400068C3012010B51C4CD4F8840420B1036846
:106150001A4A1B6893421AD1D4F8880420B1036804
:10616000164A1B68934217D1D4F88C0420B10368F7
:10617000124A1B68934214D1D4F8900420B10368EA
:106180000E4A1B68934211D1BFF34F8F10BD0C49CB
:1061900098470028E0D010BD094998470028E3D06F
:1061A00010BD074998470028E6D010BD044998471C
:1061B0000028E9D010BD00BF00A700200D29010074
:1061C00078C301204A4B4B4930B5D3F8DC44D3F8AF
:1061D000D8542079C877D3F8D42495F804C081F82E
:1061E0001CC008775AB1B2F5004F26D3424911447A
:1061F000404AC3F8D414D07682F81BC030BDD3F81F
:1062000094140F2440F201308C650324CA610861A4
:106210004FF47C504861D3F8E00483F8D14403681C
:1062200036491B688B422BD1037F4260022BC26030
:106230002AD18368BDE8304018472D68E98B0904EE
:1062400014D492B2EA832168EC8BA4B2EC82CC8B9A
:10625000240405D5CC8BC2F3080204F47E44224307
:10626000CA83CA8B92B2CA820021C1E7E98BC2F30A
:10627000080E92B201F47E4141EA0E01E983E2E7A1
:106280001146BDE830401847EFF3108272B6437FE5
:1062900033B9017F012917D0032905D001234377A2
:1062A000002AABD162B630BD154D16492C68DCB161
:1062B00043610B68836158614FF0E0234FF08054D5
:1062C0000860C3F8044DE9E70F4C216831B10F496C
:1062D00043610B68086083615861DFE70B4B206006
:1062E0001860C0E90511D9E7C0E905442860E3E773
:1062F00000A7002000800E400180FFFF690F010011
:1063000050C3012054C3012048C301204CC30120C5
:106310004A4B4B4930B5D3F82C45D3F82855207952
:10632000C877D3F8242595F804C081F81CC00877F5
:106330005AB1B2F5004F26D342491144404AC3F83E
:106340002415D07682F81BC030BDD3F8E4140F2496
:1063500040F201308C650324CA6108614FF47C501F
:106360004861D3F8300583F82145036836491B6836
:106370008B422BD1037F4260022BC2602AD18368FB
:10638000BDE8304018472D68E98B090414D492B257
:10639000EA832168EC8BA4B2EC82CC8B240405D573
:1063A000CC8BC2F3080204F47E442243CA83CA8B16
:1063B00092B2CA820021C1E7E98BC2F3080E92B201
:1063C00001F47E4141EA0E01E983E2E71146BDE8AE
:1063D00030401847EFF3108272B6437F33B9017F24
:1063E000012917D0032905D001234377002AABD117
:1063F00062B630BD154D16492C68DCB143610B689F
:10640000836158614FF0E0234FF080540860C3F877
:10641000044DE9E70F4C216831B10F4943610B6826
:10642000086083615861DFE70B4B20601860C0E9AA
:106430000511D9E7C0E905442860E3E700A700207B
:1064400000800E400180FFFF690F010050C3012052
:1064500054C3012048C301204CC301200B682DE91F
:10646000F0430C465B698046084600252DED068BFF
:106470008BB09FED5A9A98472368074620469B6940
:1064800098472368064621461B6806A89847DFED13
:10649000548AADF816500CE0BDF8163002EB4202FB
:1064A00003EB4303B118F85A3B44B0529B788B700E
:1064B0000135236820461FFA85F9DB6998470346B2
:1064C0004A4621464B4508A861D923689B689847EE
:1064D000D8ED036ADDED097A9DED087A77EEA67AAC
:1064E000D8ED025A9DED076A37EE257ADDED066A92
:1064F00077EEC67A37EE667A27EEA70A77EEA87AA5
:1065000077EE090AA7EE070AB5EE400AF1EE10FA97
:1065100057D4F1EEC09AB0EE670A11F087FBB7EEE0
:10652000006AF6EE006A98ED047AF1EE007A86EEE3
:10653000298AB0EE40AA28EE268A28EE078A28EE9D
:10654000278A11F0ABFCF0EE409AB0EE4A0A11F047
:10655000A1FB60EE087A69EE889AD4F800C00DF1CC
:1065600016024946FDEEE77A2046BDEEE97ACDED0A
:10657000007A17EE103ADCF84890C847AAB2002813
:106580008AD102EB4203F218F052907090E7002596
:1065900003E0F05AF8528B78937023682046DB6949
:1065A0009847ABB201351A4603EB4303904206EB22
:1065B000030107EB0302ECD80BB0BDEC068BBDE882
:1065C000F083CDED037ACDED020A11F049F8DDED4F
:1065D000037AF0EE409ADDED020A9CE7000000002D
:1065E000000048422DE9F04FAF4C85B0D4F844315B
:1065F000DF070193C4F8443152D5D4F8AC31002BF5
:1066000049D0DFF8A8A2DFF8C4B20AF26C5202F552
:1066100080520292C4F8AC31DBE90A20D4F8403150
:1066200043F40053C4F84031D4F840319D04F5D50B
:10663000D4F8403123F40053C4F840314FF0011333
:10664000C4F8B431D4F8B47117F00117FAD193B289
:10665000CAF83475B3F5086F00F06F8300F25E81FD
:1066600040F20235AB4200F0388300F20F81822BFA
:1066700000F0DE82B3F5817F40F0C18010F0780F2A
:1066800083B200F0DD834FF00113C4F8C031D4F8B9
:10669000AC31002BBED1844BD3F8BC51002D47D177
:1066A000019B5E0615D5804AD2F8AC31C2F8AC31F8
:1066B000D2F8BC31C2F8BC31D2F8B031002BFBD1DA
:1066C0004FF0FF307949C2F8B401D2F88421C1F803
:1066D0006435019BDC0104D5744BD3F8683503B1F4
:1066E0009847019B580709D56F4BD3F8843113F4B1
:1066F000007319D06D4B012283F860256A4BD3F8E3
:10670000482111060DD5019A12060AD5674991F85C
:10671000C12532B1013AD2B281F8C125002A00F078
:10672000908405B0BDE8F08F604A82F86035E5E7F7
:10673000DFF878A1C3F8BC51DAF83425154240F0EF
:10674000AB83DAF8643515EA0309A9D05FEA194783
:1067500028D0DFF878B14FF0010897FAA7F5B5FA1D
:1067600085F50BEBC51ADAF870600AF1400AAEB194
:106770003246002404E012680134012A00F0E1836B
:10678000536813F08003F6D0CAF8302034B1304695
:10679000DAF8383036689847013CF8D108FA05F540
:1067A000AF43DAD11FFA89F5002D3FF479AFDFF856
:1067B0001CB14FF0010895FAA5F6B6FA86F60BEB78
:1067C000C619D9F83070AFB13A46002404E0126817
:1067D0000134012A00F0B883536813F08003F6D027
:1067E000C9F8302034B13846D9F838303F68984776
:1067F000013CF8D108FA06F6B543DCD150E7802B0E
:106800007FF441AF2A4B0122AAF86C75CAF888358B
:10681000029BCAF88025CAF88C35264A264BCAF84E
:106820008425CAF8903503F5805203F50053CBF860
:106830004C70CAF89425CAF89835204BCBF84830EC
:10684000D4F8B03143F48033C4F8B031D4F8B03167
:10685000002BFBD1CAF84835CBF80C300123CAF81D
:1068600040358023CAF84435154BCBF808304FF03B
:106870000113C4F8BC31D4F8B03143F00103C4F8BB
:10688000B031D4F8B031002BFBD100E7B3F5A06FE5
:1068900000F08881A3F5D063012B3FF6F4AE87B2F8
:1068A000160C0849084B18E000002E4000A70020F5
:1068B0006CAC0020800002006CCC002080AC00207A
:1068C00040AC0020884C00206432002000000020F2
:1068D00019690C3300293FF4D6AE1A88B242F7D1B9
:1068E0005A88BA42F4D1320A032A00F00B831F8976
:1068F000000C874228BF0746B6F5007F40F00783AB
:10690000B94B3A469AF8605503F16401B748002D37
:1069100008BF1946B54D12F01DFF38E342F221259C
:10692000AB4268D010D942F221318B426DD04FF684
:10693000C0018B427FF4A7AE10F47F4F87B27FF483
:10694000A2AE47F46E47ABE7B3F5106F7AD042F2D0
:106950002105AB427FF497AE030C072B7FF493AE77
:10696000A34BCBF80C70CAF8883543E9022001220A
:10697000CAF880259F4ACAF8842503F58052CAF8D0
:106980008C2503F50052CAF8902503F54052CAF849
:10699000942503F58042303BCAF89825CBF808309F
:1069A000D4F8B03143F00103C4F8B031D4F8B031B9
:1069B000002BFBD1CAF84835CBF84C300123CAF87C
:1069C000403548F28003CAF844358B4BCBF8483049
:1069D0004FF00113C4F8BC31D4F8B03143F4803324
:1069E000C4F8B0314FF48033CAF83435D4F8B0313C
:1069F000002BFBD14BE680B238B9804BC2F3074283
:106A00001B68CAF8A0358AF8A4250023CAF84835BF
:106A1000CBF84C300123CAF840358023CAF84435FE
:106A2000754BCBF848304FF00113C4F8BC31D4F8A3
:106A3000B03143F48033C4F8B031D4F8B031002B16
:106A4000FBD124E6C2F307426D4B6E4E39461A70F5
:106A500080226D4BA6F18400B946C4F8C8316B4B57
:106A6000C4F8CC316A4BC4F8D0319AF86035002BA9
:106A700015BF4FF4007540254FF000734FF48003AD
:106A800014BF4FF008584FF001580393AAF8E05193
:106A9000AAF8625512F06CF839464FF4807206F18C
:106AA0001C008AF82F70AAF82C7012F061F8394691
:106AB0003760F7603C2246F8A87C46F89C7C554835
:106AC0008AF80D708AF80C70CAF8C070C6E90177B0
:106AD00046E9297712F04CF801224F4B3946CBF8A2
:106AE00048213C224D481C36CBF8403112F040F88A
:106AF000DAF8643501223946494843F00803CBF8F7
:106B000088213C22CBF88081CAF864354FF0E02719
:106B1000444BDFF81881CBF8B83112F029F8039B09
:106B20002A464546CBF840320123CBF848324FF491
:106B30000033C7F88C310123B56033601304C6F805
:106B40001C902A4443F08003736005F58053F36082
:106B500005F50053336105F54053736105F5804336
:106B6000B361BFF34F8F2B46C7F85C3F20339A4287
:106B7000FAD8BFF34F8FBFF36F8F082109F10109D6
:106B800032462948FDF7C4FF4FF40033894505F527
:106B9000007506F12006C7F80C3100F01481BAF830
:106BA000E021C4E70123CAF84875CBF84C70CAF855
:106BB00040358023CAF844350F4BCBF848304FF0AE
:106BC0000113C4F8BC31D4F8B03143F48033C4F8B5
:106BD000B031D4F8B031002BFBD1130C5B0643F07D
:106BE0008073C4F8543152E5203300600000202047
:106BF000B0AC00208000070040AC00205CC3012046
:106C0000F8B10120C4A700200200CC00C800020097
:106C10000200C80044010020000010208401002070
:106C2000440200209D3D01008001002080202020A2
:106C300083B210F078007FF426ADC54903F07F02DF
:106C400051F822201906AAF86C0500F17381D707C4
:106C500000F17381BF4B0122CAF88835029BCAF844
:106C60008025CAF88C35BC4ABC4BCAF88425CAF8C2
:106C7000903503F5805203F50053CAF89425CAF8FD
:106C80009835B74BCBF848300023CBF84C30D4F8CC
:106C9000B03143F48033C4F8B031D4F8B031002BB4
:106CA000FBD1CAF84835CBF80C300123CAF840357F
:106CB0008023CAF84435AB4BCBF808304FF00113B2
:106CC000C4F8BC31D4F8B03143F00103C4F8B0319A
:106CD000D4F8B031002BFBD1D9E410F0780F83B297
:106CE0007FF4D1AC03F07F02994913F0800F51F883
:106CF000223014BF43F4803343F0010341F82230C3
:106D00000023CAF84835CBF84C300123CAF8403587
:106D10008023CAF84435934BCBF848304FF0011329
:106D2000C4F8BC31D4F8B03143F48033C4F8B03186
:106D3000D4F8B031002BFBD1A9E48B4A854B1278F3
:106D4000CAF888358AF86C250122029BCAF880258A
:106D5000CAF88C35854A814BCAF88425CAF8903523
:106D600003F5805203F50053CBF84C70CAF8942514
:106D7000CAF898357A4BCBF84830D4F8B03143F4A0
:106D80008033C4F8B031D4F8B031002BFBD1CAF84D
:106D90004835CBF80C300123CAF840358023CAF8B7
:106DA0004435704BCBF808304FF00113C4F8BC31B8
:106DB000D4F8B03143F00103C4F8B031D4F8B031A5
:106DC000002BFBD163E46A4B002580266948CAF892
:106DD00068354A23C4F884502946C4F880303246C6
:106DE000D4F8483143F08073C4F8483111F0C0FE44
:106DF000614BCAF84465CBF8A03003F13C43CAF8B4
:106E0000485503F56C23CBF84C5003F56F73CBF862
:106E1000E0300123CAF84035524BCBF848304FF0F0
:106E20000113C4F8BC31D4F8B03143F48033C4F852
:106E3000B031CAF83455D4F8B031002BFBD126E478
:106E400003F07F02424913F0800F51F8223014BF43
:106E500023F4803323F0010341F822300023CAF8E1
:106E60004835CBF84C300123CAF840358023CAF8A6
:106E700044353C4BCBF848304FF00113C4F8BC31DB
:106E8000D4F8B03143F48033C4F8B031D4F8B03121
:106E9000002BFBD1FFF7FBBB42F22100BAF8A8455B
:106EA0000022DAF8AC158442CAF834250AF5B66235
:106EB0007FF447AC89B200297FF443AC92E8030029
:106EC000AAF8BC1586284FEA1141CAF8B8058AF815
:106ED000BE157FF436AC72B69AF8C02542F00802AF
:106EE0008AF8C025D3F84821160606D442F080025D
:106EF0008021C3F84411C3F8482162B650238AF8B0
:106F0000C1351EE4000C0F78874228BF0746B6F54E
:106F1000E06F37D1194B3A469AF86005A3F1640146
:106F2000174D002808BF1946284612F013FC072306
:106F30006B702CE0D3037FF58DAE01238AF86C359E
:106F400088E6CAE90C3321E4C9E90C334AE400BFFE
:106F5000C0012E406CAC0020800002006CCC0020F0
:106F600080AC002040AC0020F8B10120800001007E
:106F7000AD180100800000205DCFC6B884330060EA
:106F800000002020434D3A46284612F0E3FBE91961
:106F90004048BFF34F8F4FF0E0220346C2F8703FE6
:106FA00020339942FAD8BFF34F8FBFF36F8F47B3A7
:106FB0003B040122CAF8880543F08003CAF8802503
:106FC000CAF88435344B03F58052CAF88C35CAF8B8
:106FD000902503F5005203F54053CAF89425CAF8EA
:106FE00098352E4BCBF848300023CBF84C30D4F8F2
:106FF000B03143F48033C4F8B031D4F8B031002B51
:10700000FBD101220023CAF840258022CAF8483566
:10701000CAF84425224ACBF80C30CBF808204FF0B0
:107020000112C4F8BC21D4F8B02142F00102C4F826
:10703000B021CAF83435D4F8B031002BFBD1FFF7BA
:1070400026BB91F8C02502F0F70281F8C0252AB9C5
:10705000D3F8482122F08002C3F84821114B1B6E5F
:107060009B0700D4FBBE72B60F4B00200F4AC3F83B
:10707000400103F160430E49A3F55F2311649D466F
:10708000BFF34F8F4FF400130A480B4ADB690260CD
:107090009B689847000020200010202080AC002032
:1070A00040AC002000441F4000002E4000C00A40B9
:1070B0000300200000802020000012EB72B6EFF3E6
:1070C00005826A4BC3F88420EFF308804FF0E0217B
:1070D000674AD1F8284DC3F88840D1F82C4DC3F841
:1070E0008C40D1F8344DD1F8381DC3E92441816971
:1070F000C3F89810C169C3F89C10D2F880305B07C0
:10710000FBD5D2F880305B48C3F30B235A49574C68
:1071100007EE903AD0F8C4354A6A07EE103AD0F834
:10712000C835F8EEE77A06EE903A00F2CC5300F557
:10713000BA60B8EE477AF8EE666AD3ED005A90ED81
:10714000006A8B6A77EEE67A67EEA57AC7EE866A02
:1071500077EE667AC4ED287A184614464A6A8B6A36
:107160008342F9D1A242F7D1404C0B21DB0B4348BB
:10717000C4F8801043EA424341494FF0FF32414D89
:10718000C4F8A4300368202404305A4002F00103FC
:10719000013C01FB03F383EA5202F7D1A842F1D18B
:1071A000324BC3F8A820BFF34F8F4FF0E023334991
:1071B000354AC3F8701FC3F8702FBFF34F8FBFF36A
:1071C0006F8F324A02253248D36E324943F440531E
:1071D000D3660560D369304823F07F0343F0400352
:1071E000D3610B6883423DD8294D00214FF0E02345
:1071F0004FF0FF3229600126C5F808112749C5F86C
:107200000011C5F80861C3F88021C3F88421C3F8D0
:107210008821C3F88C21C3F8902101E0FFF7E2F93F
:10722000D5F80C31002BF9D00134C5F80C614F2C86
:10723000F4D91B4B02201B494FF00042C1F840011A
:107240005A63D5F80C313BB917481849104A016305
:10725000D2F80C31002BFAD04FF0E023144AC3F8D7
:107260000C2DFEE7FDF7A8FABEE700BF00FF2720C0
:1072700000810D4000A7002000400D4080FF272026
:107280002083B8EDA8FF2720A0FF272000C00F40D3
:1072900000400840844C0020803DCD0B009F24001E
:1072A00000900D4000002E4000800F40F100AD0B1B
:1072B0000400FA05FFF702BF2DE9F84F574D446867
:1072C000B5F8E071C4F30E44C6693C1B002C23DD05
:1072D0006A7B297BD3B28A4209D0EA18107C05EB7D
:1072E0004009B9F8C480C8F5007294424ED9013300
:1072F000002205EB4601082B8A8394BFDAB21346BD
:10730000A1F8C4406A732B44D5F8C0201E741444FD
:10731000C5F8C040BDE8F88F4FF0E0244FF40033CB
:1073200005F1E0014FF0010CC4F88C3175013C4BC4
:1073300001EB461241F805C0380403EB4623D66141
:1073400040F0800003F580511F445060D16003F588
:1073500000519360116103F54051516103F5804183
:107360009161BFF34F8FC4F85C3F20339F42FAD83E
:10737000BFF34F8FBFF36F8F08212A48FDF7C8FB7B
:107380004FF40033C4F80C31BDE8F88F244B08EB00
:1073900040202246A04403EB462B18444FF0E02A3D
:1073A000594612F0D7F9D5F8C02005F1E001A9F847
:1073B000C48022444FF4003438045B46C5F8C02032
:1073C0000125CAF88C41740101EB461240F080009F
:1073D0000D510BF580515F445060D1600BF50051A9
:1073E000D66111610BF54051C2F808B051610BF53F
:1073F00080419161BFF34F8FCAF85C3F20339F42B9
:10740000FAD8BFF34F8FBFF36F8F08210548FDF700
:107410007FFB4FF40033CAF80C317BE700A7002054
:1074200080202020800100202DE9F04F4FF0E02344
:10743000494D4FF4003285B0DFF8209105F1E008A6
:10744000C3F88C212C7B6B7BE4B2DFF814A1A34240
:1074500077D00134092C28BF00242B191F7C05EBA1
:107460004703998BB3F8C4B0ABEB010BBBF1010F31
:1074700017D9D5F8C02001EB472738480131013A28
:10748000C05D9983C5F8C0208DF80F004FF0E02350
:107490004FF40032C3F80C219DF80F0005B0BDE891
:1074A000F08F01EB47215A467B020DF10F00494452
:1074B0004FF0E026019312F04DF9D5F8C0C0E0B2CC
:1074C000B5F8E01108EB4712ACEB0B0C019B4FF049
:1074D000010EC5F8C0C04B4428734FF400304FEA8A
:1074E000471CC6F88C01080448F80CE0194440F029
:1074F0008000D76103F500579360506003F580501A
:10750000D06003F54050C2E9047003F580409061FB
:10751000BFF34F8FC6F85C3F20339942FAD8BFF3D0
:107520004F8FBFF36F8F08215046FDF7F1FA4FF4EC
:107530000033C6F80C31BBF1000FA7D16B7BA3421F
:1075400087D14FF0E0234FF400324FF0FF30C3F803
:107550000C2105B0BDE8F08F00A70020802020207E
:107560008001002038B5B0F830410CB9204638BD54
:1075700090F82F310546C3F18904A2420DD8144674
:1075800005F1A5002246184412F0E4F895F82F31D1
:107590002046234485F82F3138BD01224260EFE7B1
:1075A000B7EE007AD1ED007A9FED756AD1ED016AF0
:1075B00037EEC77A00B5B0EEC77A2DED048BB4EE86
:1075C000C67A85B0F1EE10FA40F18A80B0EEE67A24
:1075D000D1ED025AB4EEC67AF1EE10FA00F19D80B8
:1075E000D1ED039A26EEA60A92ED009AD2ED018A19
:1075F00092ED028AA7EEA70AA5EEA50AA9EEA90AAE
:10760000B5EE400AF1EE10FA00F1A680B1EEC07AB4
:107610009FED5C3A9FED5A2AB7EE004A84EE076A66
:1076200066EE266A66EE277A66EE255A26EE837A9D
:1076300068EE664A26EEA85AA7EE897AE7EEA84ACF
:10764000A7EE885A37EEC44A26EE296AF1EE652A7B
:10765000B0EEC44AA5EE887AE5EE834AA5EEC95A93
:10766000B4EEC24AF1EE463AF1EE10FAA6EE687AAE
:10767000E6EE094AA6EE035A35D49FED426A27EE9C
:10768000873A27EE634A27EE866A22EE877AA6EECD
:10769000C96AA2EEA86AA3EE886AA3EE867AA6EE6D
:1076A000C63AA2EE864AA6EEA47AA3EEA43AB0EEBB
:1076B000446AA7EEA46AA7EE857AF0EE434AE5EEA7
:1076C000854AA6EEC56AB0EE475AC0ED004A80ED85
:1076D000016A80ED025A05B0BDEC048B5DF804FB35
:1076E000D1ED025A7CE7B0EEE64AB4EEC24AF1EEC2
:1076F00010FAC2D5B0EEE54AB4EEC24AF1EE10FA85
:10770000BBD5B0EEC66AB4EEC26AF1EE10FAB4D5DB
:10771000B0EE646AF0EE474AD7E7B0EEE57AD1ED15
:10772000039AB4EEC67AF1EE10FA7FF55BAFB0EED5
:10773000E97AB4EEC67AF1EE10FA7FF553AFD2F8DB
:1077400000C051689368C0F800C04160836005B014
:10775000BDEC048B5DF804FB0390CDED025ACDED3A
:10776000016ACDED007A0FF07BFF0398B0EE407A0E
:10777000DDED025ADDED016ADDED007A48E700BF7C
:107780006F12833A00000000F7EE007AD2ED005A43
:107790009FED357A92ED015A75EEE77AF0EEE77AD1
:1077A000F4EEC77AF1EE10FA3BD5F0EEC57AD2EDE1
:1077B000024AF4EEC77AF1EE10FA35D492ED034A9C
:1077C000D1ED017AD1ED002A25EE676A91ED023AFA
:1077D00067EEA56AD1ED033A24EE677A67EEA47AE4
:1077E000A2EEA56AE2EE856AA2EEA47AE2EE847ABF
:1077F000A3EE646AE3EE046AA3EE257AE3EE457A2B
:10780000A3EEC46AE3EEE46AA3EE857AE3EEA57A1A
:1078100080ED006AC0ED016A80ED027AC0ED037A66
:107820007047D2ED024AC9E7F0EEE47A92ED034ADE
:10783000F4EEC77AF1EE10FAC2D5F0EEC47AF4EEA7
:10784000C77AF1EE10FABBD5D1F804C08A68CB68CC
:10785000C0F804C08260C36000B5D1F800E0C0F891
:1078600000E05DF804FB00BF6F12833AF7EE007A88
:107870009FED377A10B52DED048B91ED008A86B01F
:107880000446D1ED018A78EE677AF0EEE77AF4EEFD
:10789000C77AF1EE10FA36D5F0EEE87A91ED029A59
:1078A000F4EEC77AF1EE10FA30D4D1ED039A28EE57
:1078B000A80AA8EE080AA9EE090AA9EEA90AB5EED7
:1078C000400AF1EE10FA3CD4B1EEC07A204602A98B
:1078D000F7EE006AC6EE877A27EE888A68EEE78AB6
:1078E00029EE679A67EEE97A8DED028ACDED038A7B
:1078F0008DED049ACDED057AFFF752FE204606B0D5
:10790000BDEC048B10BD91ED029ACEE7F0EEC97A82
:10791000D1ED039AF4EEC77AF1EE10FAC7D5F0EE86
:10792000E97AF4EEC77AF1EE10FAC0D51068516822
:107930009368206020466160A36006B0BDEC048BB4
:1079400010BD01920FF08CFE019AB0EE407ABDE7B7
:107950006F12833AD2ED007ADFED476A9FED477AE6
:1079600067EEA67A30B52DED048BC7EE878A0D46FB
:107970008DB00446B6EE009A68EE898AB0EE680AC9
:1079800010F088F92B78B0EE408A06EE903A6B78CA
:10799000B0EE680A07EE103AAB78F8EE666A07EECA
:1079A000903AB8EE477A28EE098AF8EE677ACDED7C
:1079B000026A8DED037ACDED047A10F06FFA02AA17
:1079C00008A905A88DED080A8DED098A8DED0A8AB2
:1079D0008DED0B8AFFF7E4FDDDED057A9FED287A4A
:1079E000F4EEC77AF1EE10FA06DCF5EEC07AF1EEAD
:1079F00010FA3AD5002100E0FF21DDED067A9FED77
:107A0000207AF4EEC77AF1EE10FA06DCF5EEC07AD1
:107A1000F1EE10FA22D5002200E0FF22DDED077A18
:107A20009FED177AF4EEC77AF1EE10FA06DCF5EE68
:107A3000C07AF1EE10FA0AD5002300E0FF232046B9
:107A400021706270A3700DB0BDEC048B30BDFCEEF4
:107A5000E77ACDED017A9DF80430F0E7FCEEE77AA5
:107A6000CDED017A9DF80420D8E7FCEEE77ACDED64
:107A7000017A9DF80410C0E7DB0F49400000344351
:107A800000007F43F8B54FF0010C534B534E0746AF
:107A9000534D2DED028B53E8002F31682C6843E8DD
:107AA00000C2002AF7D14F4B5B684F4A4FF47A70FF
:107AB0001B1B97ED038A126800FB01F19FED4B0A37
:107AC000F0EE480AA3FB0232824294BF89180918DB
:107AD00007EE901AF8EE677A87EE800A10F0A8F8A1
:107AE0003B78C0EE087A042B73D8DFE803F0152D3D
:107AF0004467030037EEA77AB7EE000AB4EEC07A07
:107B0000F1EE10FA05D567EEA77AB1EE000A27EE7E
:107B1000800ABDEC028BF8BDB6EE007AF4EEC77AAF
:107B2000F1EE10FA03DDB7EE007A77EE677A97EDA3
:107B3000010A77EEA77A97ED027A37EE407ABDEC2C
:107B4000028BA7EE870AF8BDF6EE005A97ED010A00
:107B5000D7ED026AB7EE007A9FED256AF4EEE57A7A
:107B600076EEC06AF1EE10FABDEC028B77FE067A73
:107B7000A6EEA70AF8BDDFED1F6A9FED1F7A67EE3C
:107B8000A67A9FED1E0A97ED018A67EE877A87EE47
:107B9000800A10F07FF8D7ED027AF7EE006A77EEF0
:107BA000C87AB6EE007A30EE260A67EE807AB0EE3A
:107BB000480ABDEC028BA7EE870AF8BD97ED010AD3
:107BC00097ED027A37EE407ABDEC028BA7EE870A7A
:107BD000F8BD9FED070A9CE758C301205CC3012054
:107BE00060C30120001000E064C301200024744938
:107BF000000000000000B443D00F494000003443AF
:107C00000B682DE9F0430C4680465B690846002569
:107C10002DED048B8BB09FED649A9847236807463F
:107C200020469B6998472368214606461B6806A89C
:107C3000984708F14400ADF81650FFF723FFD8ED40
:107C4000017A08F1240027EE800A88ED040AFFF784
:107C500019FFD8ED017A08F1340027EE800A88ED8B
:107C6000020AFFF70FFFD8ED017A27EE800A88EDB0
:107C7000030A0CE0BDF8163002EB420203EB4303AB
:107C8000B118F85A3B44B0529B788B700135236889
:107C900020461FFA85F9DB69984703464A46214684
:107CA0004B4508A85DD923689B689847D8ED037AAF
:107CB0009DED098ADDED080A38EE278AD8ED026AC3
:107CC0009DED077A70EEA60ADDED067A38EE478A5A
:107CD00070EEE70A28EE080AA0EEA00AB5EE400A08
:107CE000F1EE10FA57D4F1EEC08AB0EE480A0FF068
:107CF0009DFFC8EE897A98ED041AF0EE409AB7EE2F
:107D0000C11AB7EEE70A0FF0CDFCB0EE407BB0EE43
:107D1000690AF7EEC78B10F0C1F8B0EE408AB0EEFA
:107D2000690A0FF0B7FF60EE287A28EE288AD4F8A7
:107D300000C00DF116024946FDEEE77A2046BDEE81
:107D4000C87ACDED007A17EE103ADCF84890C847B3
:107D5000AAB200288ED102EB4203F218F0529070C2
:107D600094E7002503E0F05AF8528B78937023686B
:107D70002046DB699847ABB201351A4603EB430353
:107D8000904206EB030107EB0302ECD80BB0BDEC0D
:107D9000048BBDE8F083CDED030A0FF061FCDDED4F
:107DA000030AF0EE408AA0E700004042DFEDCC7A03
:107DB00090ED017AB4EEE77AF1EE10FA40F28E819E
:107DC0000B682DE9F04F0C460546DB6908462DEDA2
:107DD000108B8BB0F7EE00EA9847236802462046E6
:107DE0005B69F0EE6EBA03921646984723680290DC
:107DF00020469B6998470490074605F12C00FFF741
:107E000041FE2B7A95ED017AB0EE409A013B07EEE8
:107E1000903AF8EEE77AE7EE87BA002E00F04B8151
:107E200005F10C02FCEEEB7A4FF0000AF6EE009A38
:107E30000FEE902A05F11C02CDED017AB8469FEDB8
:107E4000A9BA0FEE102ADFEDA8AA55469FEDA7AA02
:107E50009FEDA7CA9DF80490059723682A462146FE
:107E600008A89B689847F2EE047A9DED087A2A46A6
:107E70002368214687EE27EA08A89B6898479DED6E
:107E8000097A1FEE900AF1EE047AC7EE27DAFFF7BF
:107E9000F9FD1FEE100AB0EE408AFFF7F3FDB0EED9
:107EA00040DAB0EE4E0AA8EE0B0A0FF0F3FEF0EE49
:107EB00040CAB0EE6D0AADEE0B0A0FF0EFFF7CEE9C
:107EC00080CAB0EE4E0A7CEEAECAA8EE2A0A0FF0C7
:107ED000E1FEF0EE408AB0EE6D0AADEE2A0A0FF038
:107EE000DDFF78EE808AB0EE4E0AA8EE0A0A0FF0A7
:107EF000D1FEB0EE408AB0EE6D0AADEE0A0A0FF088
:107F0000CDFF7BEEEE7AB0EE6E7A38EE008A6CEE44
:107F1000A7CAACEEA97ABCEEC77A8DED017A9DF8BE
:107F200004309945C0F0D880012B38BF012378EE8A
:107F3000AE8AB0EE6E7A68EEA78AA8EEA97ABCEE99
:107F4000C77A8DED017A9DF80470B945C0F0C28002
:107F5000012F38BF012738EE2E8A28EE278AF0EE4F
:107F60006E7AE8EE297AFCEEE77ACDED017A9DF89B
:107F70000460B145C0F0AC80012E38BF01262268F4
:107F80002946B0EE490A2046D2F84CB007AAD84795
:107F900022683B46294639EE0C0A0746D2F84CB017
:107FA00020460DF11E02D84722689FED520A334643
:107FB0002946D66C054639EE000A08AA2046B04785
:107FC000002F00F08280BDF81C30029A03EB4303BF
:107FD000D35C88F8003035B1BDF81E30029A03EB4F
:107FE000430313445D7888F80150002868D0BDF839
:107FF00020300AF1010A029A03EB430313449B78F1
:1080000088F802301FFA8AF5039B08F10308AB4297
:108010003FF623AF0498029DC11C039C6A1A631E9D
:1080200002329BB20A2A67D9022B65D9A20800F155
:108030000C06011D2B46013A92B202EB420206EBFE
:10804000820600F10802059850F80C7B0C3351F8B9
:108050000C5B52F80C4BB04243F80C7C43F8085CC4
:1080600043F8044CF0D1039E26F003039BB29E42DA
:1080700021D003EB4301049C029D5A1C605A92B22A
:1080800068526018964229448078887013D902EBB0
:1080900042020233A15A9BB2A952A1189E422A441D
:1080A0008978917007D903EB4303E15AE218E9524A
:1080B0002B4492789A700BB0BDEC108BBDE8F08F1A
:1080C0000AF1010A88F802009CE788F8007082E74C
:1080D0004E4654E74F463EE74B4628E7704700BF01
:1080E0006F12833ADB0F49425F6E5142E3CC594233
:1080F0000000F0420000704303EB4302029B114476
:10810000059A108803320333914223F8030C12F8C6
:10811000010C03F8010CF4D10BB0BDEC108BBDE8E1
:10812000F08F00BFDFED937A90ED017AB4EEE77A3D
:10813000F1EE10FA40F21D810B682DE9F04F0C466C
:108140005B69824608464FF000092DED0A8B89B025
:10815000DFED89AA98472368834620469B699847A4
:108160009FED86AADFED869A8046CDF80CB0236895
:108170001FFA89F72046DB699847B84240F2DB8056
:108180009AF80830B7EE00CA25682146013B9AEDFF
:10819000017AB0EE4C8A3A4607EE903A06A8AB68F0
:1081A000F6EE00BAF8EEE77AA7EE878A9847F2EE85
:1081B000047A9DED077A0AF10C0087EE27BAFFF7E3
:1081C00061FCF2EE007A20EE2A0A28EE2B8AA0EE5D
:1081D00027BAB0EE4B0A0FF05DFDB0EE409A3BEED1
:1081E0000A0A0FF057FDF0EE408A3BEE290A0FF025
:1081F00051FD39EE0C9A38EE087AFDEEC86AF1EEC0
:10820000487A29EE079ACDED026AFDEEE76A9DF9FC
:10821000085099EE2B8ACDED016A9DF90410FDEE10
:10822000C86ACDED016A9DF90430AB4200F381804C
:108230008B42B8BF0B46F7EE006AB6EE006A78EEE6
:10824000A68AF0EE676A68EE878AE8EE866AFDEE37
:10825000E66ACDED016A9DF90460B54267DB8E42A6
:10826000B8BF0E46B7EE006AF6EE006A30EE060AB8
:1082700020EE070AE0EE267AFDEEE77ACDED017AF0
:108280009DF90420954203DB9142B8BF11460D468B
:10829000002221682046D1F840B03946ADF81420BC
:1082A000ADF81620ADF8182005AAD8472168334646
:1082B0000DF11602D1F840B0064639462046D8479F
:1082C000844620682B46394606AA076C2046654638
:1082D000B847034616B3BDF814101FFA89F2039885
:1082E00001EB410102EB4202405C08EB020108F89D
:1082F000020035B1BDF81620039802EB4202024499
:1083000055784D7033B1BDF81830039A03EB430331
:1083100013449B7809F101098B7028E71FFA89F251
:1083200002EB420208EB020108F80260E1E72E4688
:1083300098E72B467FE7DDF80CB0002505E038F81C
:1083400003002BF803008B78937023682046DB69C9
:108350009847ABB201351A4603EB4303904208EB52
:1083600003010BEB0302EAD809B0BDEC0A8BBDE8B0
:10837000F08F70476F12833ADB0FC94042E8054027
:1083800042E88540DFED7B7A90ED017AB4EEE77A42
:10839000F1EE10FA40F2EC800B682DE9F04F5B69CA
:1083A000804608460C4600262DED088B87B0DFED91
:1083B00072AA98479FED71AADFED719A074623686C
:1083C0001FFA86F92046DB699847484540F2CB8082
:1083D00098F80820B7EE009A23682146013A98EDF4
:1083E000017AF0EE49BA9B6807EE902A04A84A4643
:1083F000F8EEE77AE7EE87BA9847F2EE047A9DED59
:10840000047A08F10C0087EE27BAFFF73BFBF2EE87
:10841000007A20EE2A0AA0EE27BAB0EE4B0A0FF03F
:1084200039FCF0EE408A3BEE0A0A0FF033FCB0EE66
:10843000408A3BEE290A0FF02DFC78EE898A3BEE4C
:10844000C97AF6EE007AFCEEEB6A68EE878ACDED2B
:10845000016AA8EEA79A9DF80450FCEEC97ACDED0A
:10846000017A9DF80430AB427BD8012B38BF012341
:10847000F7EE007AF6EE006A38EE278A28EE078AD1
:10848000E8EE267AFCEEE77ACDED017A9DF804B0AD
:108490005D4564D3BBF1010F38BF4FF0010BF7EE20
:1084A000007AF6EE006A30EE270A20EE070AE0EEC8
:1084B000267AFCEEE77ACDED017A9DF8042095420C
:1084C00003D3012A38BF012215460020216803AAE0
:1084D000D1F844A04946ADF80C00ADF80E00ADF857
:1084E00010002046D047844620685B4649460DF17F
:1084F0000E02D0F844B02046E246D84784462068B1
:108500002B46494604AAD0F8449020466546C84701
:108510000346BAF1000F1BD0BDF80C10B2B201EB4C
:10852000410102EB4202785CB918B8542DB1BDF894
:108530000E2002EB42023A4455784D702BB1BDF843
:10854000103003EB43033B449B7801368B7036E7D6
:10855000B2B202EB4202B91807F802A0E6E7AB4656
:108560009DE72B4684E707B0BDEC088BBDE8F08F94
:10857000704700BF6F12833ADB0FC94042E80540E5
:1085800042E885402DE9F04F0B680F460546DB6950
:108590002DED048B8DB00390084698473B6802464A
:1085A00038465B690592144698473B6881463846D1
:1085B0009B6998470646069005F10C00FFF762FAA2
:1085C000002C00F02481B0EE408ADFED9E8AB7EEE9
:1085D000009A0021CDF82490CDF81090CDE90766DF
:1085E000039BB0EE497A1A7AD3ED016A4FF000038B
:1085F00007EE902AADF82E30F8EE677AADF82C3001
:10860000049B77EEC97A1E785D789C78A6EEA77AEF
:10861000FCEEC77A17EE903A9BB20293002B50D033
:108620004FF0010B0196A0465E468B4638683346F4
:10863000B0EE480A0DF12E02C46C59463846A047E8
:10864000396833460BAAD1F84CA038EE280A044604
:1086500059463846D047731CBDF82EC0BDF82C20B3
:108660005FFA83FE0CEB4C0C02EB4202764609EB00
:108670000C0A74B119F80C40019B23449AF801408C
:1086800025449AF802409BB24444ADB201931FFACC
:1086900084F809EB020C70B119F80240019B9CF8B8
:1086A00001009CF802202344284442449BB285B236
:1086B0001FFA82F80193029B9E45B7D9019E44465A
:1086C0005946029A01310598530089B2B6FBF3F678
:1086D000B5FBF3F5B4FBF3F4FF2E079BA8BFFF2611
:1086E000FF2DA8BFFF25FF2C1E70A8BFFF248842C6
:1086F0009D705C7037D00498033303300793049067
:10870000002A7FF46DAFF7EE006A069FDDF80CC01B
:108710009CF80830F0EE667A9CED016A01EB4102AC
:1087200007EE103A013109EB020319F80250B8EED6
:10873000477ABE185C7889B2987837EE667AE7EEA9
:10874000067AFCEEE77A17EE903A9BB25B00B5FB37
:10875000F3F5B4FBF3F4B0FBF3F3BD547370059B76
:10876000B4708B42D4D80698059CC21C631EA9EB3A
:1087700002019BB202310A294ED9022B4CD9A3081F
:1087800009F10C05021D013B9BB203EB430305EB12
:10879000830500F10803DDE908010C3150F80C7B7A
:1087A00052F80C6B53F80C4B8D4241F80C7C41F89D
:1087B000086C41F8044CF0D1059D25F003039BB2F1
:1087C0009D4224D003EB4301069C5A1C605A92B28E
:1087D00029F801006018954249448078887016D9BC
:1087E00002EB42020233A15A9BB229F80210A118EF
:1087F000AB424A448978917009D203EB4303E15AB2
:10880000E21829F803109944937889F802300DB0E2
:10881000BDEC048BBDE8F08F03EB43031A44DDE9A4
:1088200008311888033303319A4221F8030C13F8F6
:10883000010C01F8010CF4D10DB0BDEC048BBDE8C6
:10884000F08F00BF000034430B682DE9F04F0C4659
:108850008246DB6908462DED048B89B09847236872
:10886000024620465B690392164698472368834672
:1088700020469B699847054604900AF12C00FFF7B3
:1088800001F9002E00F0B8804FF00008B0EE408AE9
:10889000DFED6E9A9FED6E9A4146DFED6E8A05958B
:1088A0009AF80830B0EE697ADAED016AB0EE480A5B
:1088B00007EE903A23680DF11E020291F8EE677AF6
:1088C000DE6C2046A6EEA77AFCEEC77ACDED007AE4
:1088D0009DF800300093B047009B226838EE090AEB
:1088E00002990746D66C204607AA01930091B0472B
:1088F0002268064638EE280AD2F84C9020460099A5
:108900000DF11A02019BC847002F7AD0BDF81E3026
:1089100003EB43031BF803302B7033462EB1BDF835
:108920001C3003EB43035B445B786B7000286AD018
:10893000BDF81A3008F10108033503EB43031FFAB1
:1089400088F15B449B7805F8013C039B9942A7D3CF
:1089500004981C46013BDDF81490C11C9BB2ABEBA4
:10896000010202320A2A5AD9022B58D9A20800F170
:108970000C065B46011D013A92B202EB420206EB85
:10898000820600F1080259F80C5B0C3351F80C4BCD
:1089900052F80C0BB14543F80C5C43F8084C43F813
:1089A000040CF0D1039D25F003039BB29D4223D01C
:1089B00003EB4301049C5A1C605A92B22BF801004D
:1089C0006018954259448078887015D902EB4202AC
:1089D0000233A15A9BB22BF80210A1189D425A44AF
:1089E0008978917008D903EB4303E15AE2182BF818
:1089F00003105B4492789A7009B0BDEC048BBDE81B
:108A0000F08F2F7089E708F10108039B033505F803
:108A1000010C1FFA88F18B423FF642AF98E703EB57
:108A200043025B461144B9F8002009F103090333FE
:108A3000894523F8032C19F8012C03F8012CF2D1F5
:108A400009B0BDEC048BBDE8F08F00BF0000000052
:108A50000000F042000070432DE9F04F824687B0DD
:108A60009820059116F0CCFA9AED077AF6EE004AB6
:108A7000DAED087A24229AED033A0023DAED042A8B
:108A800000F10801DAED053A73EE075A9AED064A4D
:108A900032EEA75A37EE236A026077EE846A042228
:108AA00065EEA45A036125EE245A426026EE246A3C
:108AB00080ED053A66EEA46AC0ED062A80ED077ADD
:108AC000C0ED087AC0ED095A80ED0A5A436380ED83
:108AD0000E7AC0ED0F2AC0ED103AC0ED117A80ED8C
:108AE000126A80ED135A836580ED173AC0ED187A4B
:108AF00080ED197AC0E90233C0E90B33C0E91433C1
:108B000080ED1A4AC0ED1B5AC0ED1C6AC36780EDA8
:108B1000207AC0ED217AC0ED223A80ED234A80ED23
:108B2000246AC0ED256ABAF800200293CAF804103E
:108B30000193C0E91D33DAF80800002A60D04FF035
:108B4000000910E0019A791CAB68013243F82760F4
:108B500093B22980BAF80020019309F101091FFAA4
:108B600089F393424CD2DAF804501FFA89F3029940
:108B700050F823600D4496ED0D7AD5ED057AD6EDCB
:108B80000E6AB4EEE77AF1EE10FAE6D596ED0F7ABA
:108B9000D5ED037AB4EEE77AF1EE10FADDDDD5ED2E
:108BA000067AF4EEE76AF1EE10FAD6D595ED047A7E
:108BB000D6ED107AB4EEE77AF1EE10FACDD52F8823
:108BC0006C88A742BED1002F50D14FF0080820205A
:108BD000D5F808B016F014FAA860002340F8243045
:108BE0000134A4B2A045F8D8BBF1000F03D0584619
:108BF00016F00EFA2F88DAF80800A5F80280A1E72F
:108C0000029B2433902B029397D118B116F000FAEF
:108C1000BAF800200023CAF80830019BB2EB530FCA
:108C20001ED9059C0134E4B2082C19D0DAF80430BE
:108C30001A88082A00F2A9809A8C03F12400082AD5
:108C400000F29D80B3F8482003F14800082A00F2A2
:108C50009080B3F86C2003F16C00082A00F2858044
:108C60000023AAF8003007B0BDE8F08F4FEA4708AC
:108C7000D5F808B01FFA88F84FEA880016F0C0F956
:108C8000A860B8F1000FAFD047453946CBF30202D8
:108C900028BF414608290B46049194BF00230123B5
:108CA000002A18BF0023002B50D00BF10403C31A75
:108CB000082B4BD900290B4600F1200C00F11002C3
:108CC00008BF01230BF110011C460393324BA4088B
:108CD000013CA4B20CEB041C1C0C03F1040E10327A
:108CE000002310316EF30F03624504F1040E04F10A
:108CF000010411ED086B11ED067B6EF31F43A4B266
:108D000002ED086B02ED067BE6D1039921F0030228
:108D10008A4293B216D05C1C04995BF82320A4B25B
:108D200040F823208C420DD25BF8242040F8242008
:108D30009C1CA4B28C4205D25BF82420033340F87B
:108D400024209CB2A0453FF648AF4DE7ABF10402AA
:108D5000031F0024DDF810C0013452F8041FA4B230
:108D600043F8041FA445F7D8ECE72146FFF774FE4B
:108D700076E72146FFF770FEDAF8043069E721460E
:108D8000FFF76AFEDAF804305CE718462146FFF781
:108D900063FEDAF804304FE702000300054B0228B7
:108DA00088BF034610B41C68184663685DF8044B1E
:108DB000184700BF184C002010B50446006816F094
:108DC00027F9204610BD00BF41F2BB03984200F2D4
:108DD00012812DE9F047DFF85482C2B00D4698F8B1
:108DE0000030002B00F0E8808208854B00F0030083
:108DF000844EA3FB0213D11A03EB51035C09824B8F
:108E000040EA8409C4EB8414141B36F814E02344AC
:108E10004FEA4E001F0300EB0330B0EB033F40F27C
:108E2000EB803B464FF0FF0C1A880233D1B28945E4
:108E300008BF4FEA122C9842F6D8654500F0AA8088
:108E4000BEF5006FC0F0A9800DF108084FF48072E4
:108E5000FF2140460FF08CFE07F5805CB81C3A46B7
:108E6000844534BF01204FF4006007EB40001346F7
:108E700002321B889042D9B24FEA132308F801301E
:108E8000F5D108F8095072B6604B0022604999612B
:108E90000221D96140F20641C3F8F012C3F8F4226E
:108EA000C3F8F822C3F8FC22C3F8A0204FF47022C4
:108EB000C3F8A4200122C3F8B020BFF34F8F07F1FD
:108EC00020034FF0E0219C4528BF80223B4607EB62
:108ED0004212C1F85C3F20339A42FAD1BFF34F8F60
:108EE000BFF36F8F494A5369D807FCD5494B01211D
:108EF00049483B405161C2F8F002C2F8A0304FF43B
:108F00007023C2F8A430C2F8B010404A5369D907A0
:108F1000FCD50121414B0020DFF814C15161404DC7
:108F2000C2F8F032C2F8F402384AC2F8B810C2F8F7
:108F3000A000C2F8A4C0C2F8B0105369DB07FCD58A
:108F400051612B78DB07F0D4136843F00103136001
:108F50002E4A136813F00108FBD162B60DF1070920
:108F60000DF2071A4D4615F8012F07EB48000DF1D9
:108F700006016B1EFF2AA3EB090307D043EA022375
:108F800008F10108ADF806300CF088FE5545EAD12D
:108F900026F8148042B0BDE8F08749EA052902A905
:108FA000ADF808900CF07AFE36F81430013326F84C
:108FB000143042B0BDE8F0871A4E4FF6FF711A4CDC
:108FC00006F17E07A4F580534FF0000C03E0A342A6
:108FD0001FFA8EFC05D21A880CF1010E02338A4268
:108FE000F5D126F802CFBE4204F58054EAD1012320
:108FF00088F80030F8E670474FF0FF0C1DE700BF1F
:10900000054110049C690020C007060000802A402A
:10901000F05AF05A00F0FF0020041808050401245B
:1090200000812A409A69002000107C609869002025
:1090300001000F000A498A6938B108B513180948B8
:10904000834204D810468B6108BD104670470FF06C
:1090500035FD0C234FF0FF320360104608BD00BF02
:10906000844C002000002820002070474FF0FF3083
:10907000704700BF4FF4005300204B60704700BFA3
:10908000012070474FF0FF30704700BF30BFFDE751
:1090900038B51F4D2B7F53B31E4C94F8D42532BBEB
:1090A000012284F8D425DA0722D400225B0784F851
:1090B000D4251CD5184B1A68CAB1EFF30582B2B992
:1090C000EFF3108572B61868D0B194F8D515B9B918
:1090D000012284F8D52542691A60AAB1916105B9C7
:1090E00062B6002583684577984784F8D55538BD22
:1090F000D4F8C020002AD8D1FFF7CAFF2B7FD4E7CD
:10910000002DF4D162B638BD044B1A60E7E700BF0A
:10911000844C002000A7002048C301204CC301203C
:109120002DE9F84F0121224C224E8146224D54E870
:10913000003F3268286844E80013002BF7D11F492C
:109140004B684FF47A7BDFF878A01B1A01270BFBE2
:1091500002F8DAF80020A3FB02325A4594BF90448B
:10916000D84454E8003F3268286844E80073002B74
:10917000F7D14B68DAF800C01B1A0BFB02F2A3FB15
:109180000C3CBCF57A7F94BF624402F57A72A2EB84
:109190000802B2F57A7F06D3B9F1010908F57A78A9
:1091A000DFD1BDE8F88FFFF773FF0449D9E700BFAF
:1091B00058C301205CC3012060C30120001000E0FF
:1091C00064C30120054B10B5D3F8C0400CB1204654
:1091D00010BDFFF75DFF204610BD00BF00A70020B7
:1091E0002DE9F04F85B08A460290002900F0DD801D
:1091F0006F4C00236F4E04F1400BDFF8C8910193D0
:1092000094F82F500123A18D84F82E306B010BEBC5
:1092100045170393002940F0C4800D460846884650
:109220001EE0BFF34F8F84F82E8000B9356894F8A4
:10923000D635002B40F0978033685B1B782B00F20B
:10924000968099F80030002B00F08D80FFF720FF0A
:109250000123A18D184684F82E30002940F08E801D
:109260007B6813F08003DCD14FF4006294F82F5038
:1092700084F8D6351146A28503EBC520DFF8488176
:1092800092454FEAC525404417D2524603910299B0
:1092900010F060FA039B484AA3EB0A03A3854FF042
:1092A0004043C2F88430BFF34F8F019800235044ED
:1092B00084F82E3005B0BDE8F08F0299454410F0D7
:1092C00049FA0123039A4BF802303C4BBD607B60A6
:1092D00005F58053FB6005F500533B6105F54053F0
:1092E0007B6105F58043BB610023FB61BFF34F8FBA
:1092F00005F5006105F120034FF0E020994234BFED
:109300000121402105EB41118B42C0F8705F1D46E1
:1093100003F12003F8D1BFF34F8FBFF36F8F4FF4EA
:1093200080113A462648FBF7F3FB94F82F300133BF
:10933000DBB2032B28D8019A84F82F30A38D1A446E
:10934000AAEB030A0192029A1A44002302921A4AD3
:10935000A385C2F88430BFF34F8F84F82E30BAF162
:10936000000F7FF44DAF019805B0BDE8F08F0123E9
:10937000019884F8D63505B0BDE8F08F94F82F50E9
:109380000A46C1F5006377E7A38D019AAAEB030AA9
:109390001A440192029A1A440023029284F82F3050
:1093A000D5E70A46C1F5006366E70846DCE700BF7B
:1093B00000A700205CC3012000002E4080000008B0
:1093C00040020020F8B1012080002020094B00B5A8
:1093D00083B01B788DF807103BB101210DF1070018
:1093E000FFF7FEFE03B05DF804FB03F0FF0003B0DF
:1093F0005DF804FBF8B10120504A2DE9F04F1168E7
:1094000083B08646056905E0DB0106D413685B1A64
:10941000102B09D86B699801F6D44FF4FE43012054
:109420006B6103B0BDE8F08FDEF814B09EF8183021
:1094300043490BEB03139EF819201B7A0BEB021226
:10944000180192F8282001EB031351F80090152021
:10945000D3F80CA001EB02145B681201E7681860F6
:109460000093C9F884A0D9F804308E584AEA03035F
:109470003449C9F80430636818600193C6F88470F1
:10948000736831483B437360304B4C680268A3FB00
:109490000232920C02EB820252004B681B1B9A4272
:1094A000FBD84FF0090C274ADFF8A080D9F8083024
:1094B0001AEA030F02D0B3681F422FD1C6F8887092
:1094C00054680168A8FB0131890C01EB81015368E4
:1094D0001B1B9942FBD8C6F8847054680168A8FB2E
:1094E0000131890C01EB810153681B1B9942FBD8A8
:1094F000BCF1010CDAD19EF818306046009A0BEBF3
:109500000313DB6813609EF81930019A0BEB031B01
:10951000DBF82C30136003B0BDE8F08F9EF81830F4
:10952000009A0BEB0313DB6813609EF81930019A65
:109530000BEB0313DB6A13606FE700BF5CC3012012
:10954000441E0020001000E0844C002083DE1B43FA
:1095500010B50446006808B115F05AFD204610BD4C
:109560002DE9F04F97B017468346BDF8802005914E
:109570009DF888100B920791026A9DF88C10BDF837
:1095800084900891002A00F01081117AD2E900201D
:109590005B1A0492DBB2DDE90721114300EBC30241
:1095A00030F83330012992F905000393937892F94A
:1095B00006400293D3781190129377D80023139327
:1095C0001093A44BDBF800C01A460C93DCF814305F
:1095D000934240F0DB81129B002B00F0C780BBB2AE
:1095E000DDE9072114932344012A08BF01291593BB
:1095F0004FF000030CBF012200229A460A93069204
:109600000993029B002B00F0A980099A0025139B67
:109610001499D3180898DDF8288003FB00130FFA7B
:1096200083F9159B13441BB20D9309E00135029B8E
:109630004FEA4A0AEDB25FFA8AFAAB4240F28980F9
:1096400043465A1C5B075FFA82F806D1039A0499D5
:10965000531C11F802A09BB203931AF0800FE5D0BF
:10966000069B43B3119B059ADCF8184099187A4B76
:1096700029449C4209B240F08280DCF81040774BCC
:109680009C427CD10029D1DBBBF90C308B42CDDD73
:109690000D9A002ACADBBBF90E309342C6DD0B9B44
:1096A0005846FBF769FFDBF800C0BFE703B2109331
:1096B00023B2139385E7109B059A5C19079BDCF88E
:1096C0001C6004FB0324664A1BB2BDF9207096425D
:1096D00024B25BD1DCF84060624A964256D1DCF895
:1096E00014300C9A93425BD1079B2344A34225DD9F
:1096F000CDE90E8AAA4698460B9D09E001340095F3
:10970000DCF8386024B2B047444510DADBF800C01A
:1097100055483B46DCF820604A462146864258467A
:10972000ECD001340095B04724B24445EEDB5546F9
:10973000DDF83880DDF83CA0DBF800C0DCF82C3028
:109740000C9A93423FF472AF58469847DBF800C03A
:109750006CE71A460A9B1344DBB20A93099B129AE0
:109760000133DBB29A4209933FF64BAFDCF82C3061
:109770000C9A934240F0FC8017B0BDE8F08F0B9B31
:1097800058460D9AA047DBF800C04FE70B9A2146D8
:109790005846009701924A46B047DBF800C045E7BB
:1097A00058469847DBF800C09EE7B0F90C200599B1
:1097B0008A42E1DDB0F90E20BA42DDDD06220798CB
:1097C00012FB0012002AD7DD089A07EBC202002A1A
:1097D000D2DD9BF81C20012A03D0AF2B01D9013325
:1097E000DBB21C4ADBF8000011460C9242698A4247
:1097F00040F0EF80BDF8142003EB8303B8460B9FC5
:1098000011461092194ACDF81090D3180A460D93BC
:109810004B1D9BB20E93DDE90731CDE90922012BE7
:1098200008BF01299BB20CBF012100210F93034601
:10983000584603910D9A0824BDF924B0002512F86A
:10984000016BBDF91CA00D92BDF92820029706926C
:109850002EE000BFA119010045210100E122010015
:10986000AD1C0100191C0100F11B0100E8320020B1
:10987000039A002A40D0D3F8189005EB0802584903
:1098800012B2894579D1D3F810905649894574D1DF
:10989000069F002F05DBB0F90C10B94201DD002A4C
:1098A00079DA013C0135760814F0FF046DB233D04B
:1098B000F207DDD4049A02999142F2D00399E1B102
:1098C000D3F8189005EB0802454912B289455BD1DF
:1098D000D3F810904349894556D1069F002FE0DB0D
:1098E000B0F90C10B942DCDD002ADADBB0F90E1059
:1098F0009142D6DD049B53E0029A01925946089AA0
:109900000590009205FB0282D3F81C90534612B2D8
:10991000C84705980368C4E7099A0F9C0A9922442E
:10992000029F013192B289B209920E9A0A918A423B
:1099300080D18346DDF8109018460B9B4B4512D022
:10994000039B002B33D0046A4246274BCDF800908E
:109950009C42BDF938104FF0080308BF846B58468D
:10996000A047DBF80000C36A0C9A93423FF404AFAF
:10997000584617B0BDE8F04F1847029B059006996E
:10998000C847059803688CE7049BF7E75846984753
:10999000DBF800C01FE6B0F90E10914281DD029B9A
:1099A00039460590FBF7E8FD0598036879E704EB75
:1099B00084031099CDF8049042461944089BDB00BB
:1099C00009B20093079BC4695846A047DBF8000022
:1099D000C9E7584602939047DBF80000029B09E76D
:1099E00045210100E1220100F11B0100036AF0B5ED
:1099F000074685B0002B3AD00A292BD00D2933D049
:109A00001A7A914230D39C7A8C422DD38A1A5C68A0
:109A1000D2B204EBC204E578A278A5B19AB1C57EB2
:109A2000002D63D1067E437EB0F91050B0F91220AC
:109A30003846CDE902630B462946FD8A0195BD8A69
:109A40000095FFF78DFD21793B8A3A7E01FB0233B9
:109A50003B8209E04FF0000C428A417EA0F810C022
:109A60001B7B01FB03234382012005B0F0BD0A29C3
:109A70001ED00D29F8D0C27EB0F910400ABBB0F953
:109A80001220067E457E03950B4602962146FC8AEF
:109A900038460194BC8A0094FFF762FD3B7E3A8A07
:109AA000012003EB430302EB43033B8205B0F0BD0F
:109AB000428A417E038202EBC1034382012005B04A
:109AC000F0BD067E0622B0F90C5012FB0642AA42F7
:109AD00008DD428A1C46457E038202EBC50212B2B3
:109AE0004282D0E7B0F91220457ECCE794F90550C8
:109AF000067E2A44B0F91050B0F90CC006FB0252A1
:109B0000624503DC437EB0F9122091E70025428ACA
:109B1000058293F80CC0437E0CFB032212B24282F2
:109B200086E700BF10B50446C06A08B115F070FAA8
:109B3000204610BD836A70B504460D469BB390F86D
:109B4000302040F20111724E5200A3F82F1183F819
:109B5000A520836A1A6818461268B24240F0CE8087
:109B6000B3F83021DAB193F82F21882A2BD8511C71
:109B70001A4483F82F11002382F8A530A06A0268E6
:109B800003461268B24240F0BC80B0F8302132B1D6
:109B900093F82F21882A1CD9012218465A60BDE863
:109BA00070400BF0EDBB026C006D1368616A23EA34
:109BB00000031360C1B10A685566D36D13F4F81F32
:109BC000FBD0536F70BD01225A6093F82F21882A71
:109BD000E2D8511C1A4483F82F1182F8A550A06ACC
:109BE000BDE870400BF0CCBBD4E90E23A06C2E0670
:109BF000116854BF814301436E0611601968E06C1F
:109C000041EA000119601968E06C21EA000119605D
:109C10001168A06C54BF81430143AE0611601968FE
:109C2000E06C41EA000119601968E06C21EA00016A
:109C300019601168A06C54BF81430143EE061160A6
:109C40001968E06C41EA000119601968E06C21EACA
:109C5000000119601168A06C54BF814301432E07B5
:109C600011601968E06C41EA000119601968E06C44
:109C700021EA000119601168A06C54BF81430143BF
:109C80006E0711601968E06C41EA000119601968FB
:109C9000E06C21EA000119601168A06C54BF814397
:109CA0000143AE0711601968E06C41EA00011960D8
:109CB0001968E06C21EA000119601168A06C54BFBA
:109CC00081430143ED0711601968E06C41EA00012E
:109CD0001960E06C196821EA000119601168A06C34
:109CE0004CBF0143814311601A68E16C0A431A605A
:109CF0001A68E16C22EA01021A6070BD00219047E7
:109D00003CE729469047A06ABDE870400BF038BB9D
:109D1000A5190100F8B5836A0446002B78D0826D3E
:109D20000020884D1B69AA42186133D88648012259
:109D300098645A624FF4303284489862DA62986CC0
:109D4000002218654FF001101A62012298651A610D
:109D50005A392046C9B2FFF7EDFEA36A4BB3E26D54
:109D6000002178481B698242196100F2BB80764C61
:109D7000012076494FF430329C6458629962DA626D
:109D80009C6C00204FF0011101221C65186299653E
:109D90001A61F8BD6E4DAA4200F2AF806D4A9A6416
:109DA000A2F121625862A2F60C429A626A4ADA6211
:109DB000C5E7616C606D0B68626A03430B60002A43
:109DC000E7D0D37C002BE4D0DD0704D5906A4FF0B8
:109DD000E021C1F800019C0704D5D06A4FF0E021D2
:109DE000C1F80401580704D5106B4FF0E021C1F809
:109DF0000801190704D5506B4FF0E021C1F80C01A0
:109E0000DB06C6D5926B4FF0E023C3F81021F8BDF6
:109E1000436A002B5FD0D0E91925D87C002839D0BF
:109E200072B6D87CC60708D54FF0E02C5F69DCF825
:109E300080613E409E62CCF88061870708D54FF074
:109E4000E02C9F69DCF884613E40DE62CCF88461DE
:109E5000460708D54FF0E02CDF69DCF888613E400A
:109E60001E63CCF88861070708D54FF0E02C1F6A05
:109E7000DCF88C613E405E63CCF88C61C60608D588
:109E80004FF0E0265F6AD6F8900138409863C6F834
:109E9000900162B69868824213D030489A60806917
:109EA0002F4EC0F3011CC0F3826056F82C600130C5
:109EB000B6FBF0FC002A2BD0624532D90022DA60D2
:109EC00000E0DA681B6800201861032058621A64F9
:109ED00001221D661A61626C606D136823EA00033B
:109EE000136035E71A4882420FD91E4C1E481A4AA1
:109EF0009C6459629862DA6242E71A4A9A641A4A82
:109F000058629A62144ADA6219E7124C1748EEE76F
:109F10008642D4D30CF10100B0F5817F09D3144AF5
:109F2000CDE7BCFBF2F0BCFBF0FC6245F4D284460A
:109F3000F0E70228C2D902384608320242EA064255
:109F40000243BCE77F1A06003B372819B80B05050A
:109F50003F420F001C1A120C007F050000C00F408A
:109F60009C2300200A09070460090101100E020267
:109F7000FF7F7F0010B50446006808B115F048F86F
:109F8000204610BD194B10B40360EFF3108272B677
:109F9000037F012B12D0032B04D002B962B65DF807
:109FA000044B7047437F33B1D0E90513C3B1596106
:109FB00061B90F490B6000230377EEE7437F002B65
:109FC000F9D0D0E905132BB1596131B18B61002370
:109FD0000377E2E7074C2160F7E707490B60EAE700
:109FE000064C21600029F1D1E3E700BF4C2200209C
:109FF00054C3012048C301204CC3012050C3012099
:10A0000003790F2B0FD8084A937672B607490122BD
:10A0100090F804C0B1F8E83502FA0CF223EA020322
:10A02000A1F8E83562B6704700800E4000A7002016
:10A0300070B5C289044684B0006804F11303257C1E
:10A04000ADF80C20002830D0627C03A900950AF0FE
:10A050005BFE00283DD0237C002B43D0A27C8AB13C
:10A06000012BE07C0CD0227D022B42EA002007D09D
:10A07000627D032B42EA002002D0A37D43EA002048
:10A0800004B070BD1C44012BA07CF9D0627C022B73
:10A0900042EA0020F4D0227C032B42EA0020EFD0D9
:10A0A000E37B43EA002004B070BD6068E8B1267B22
:10A0B000D1B2032E2FD086B1022E25D101F07F011F
:10A0C0008DF80C10627C03A900950BF009F80028AC
:10A0D000C1D14FF0FF3004B070BD61F07F018DF849
:10A0E0000C10EFE7184604B070BDA268002AF0D04B
:10A0F000117C0029EDD09668002EEAD0506903A9A2
:10A100000095627CB047A4E7012EDBD161F03F01EE
:10A110008DF80C10D6E7120A00958DF80D1042F05C
:10A120000102617C8DF80C204A1C03A90AF0D8FFBB
:10A130008FE700BF70B5057A04469DB94668304682
:10A1400014F088FF237801229340227286F8A5300C
:10A1500040F20113A6F82F3160680BF011F908B135
:10A16000284670BD237840F2011162685B00A2F8B6
:10A170002F1182F8A53060680BF002F9B0FA80F573
:10A180006D09284670BD00BF2DE9F04F466883B0C9
:10A19000624C07460193154633685B68A3427AD147
:10A1A000B6F83041002C61D1A54205D04FF000092E
:10A1B000484603B0BDE8F08FD7F804B09BF82FA154
:10A1C000BAF1000FF2D05846FFF716F98146002881
:10A1D000ECD0534F0026D7F8008000E02646B24569
:10A1E000DBF810105ED234464A69130537D45505A2
:10A1F00000F18780900400F184803868A0EB0800AB
:10A2000032287ED8A24507D2C96D490704D19305EB
:10A21000CED4019B002BCBD0FEF73AFFB245DDD266
:10A22000DBF810104B691E0519D45D0569D498043C
:10A2300067D43A68A2EB0802322A62D8A24507D254
:10A24000CA6D520704D19B05B2D4019B002BAFD03D
:10A25000FEF71EFFDBF810104B691E05E5D50B69F4
:10A260004FF0000943F440730B61A1E796F82F31DA
:10A270008C46C3F18904A24211D8144606F1A50008
:10A280006146224618440FF065FA96F82F312344B0
:10A2900086F82F3188E730469847044684E7012244
:10A2A0007260EBE7C86D344600F0070240079BD4AC
:10A2B00013E09BF8A5500132022445F48065042A7E
:10A2C0000D661CD0824502F101020BEB00050ED990
:10A2D00095F8A500042A086686D00120002CE8D055
:10A2E00020460132013482450BEB0005F0D8019B7A
:10A2F000002B3FF479AF4FF400720A6674E7012433
:10A3000072E70B694FF000094FF4007243F4407399
:10A3100048460B610A6603B0BDE8F08F4940010072
:10A320005CC30120D0ED017A90ED006A67EEA77A58
:10A33000D0ED026A90ED037AE6EE067AE6EEA67AB2
:10A34000E7EE077AF5EE407AF1EE10FA02D4B1EEBC
:10A35000E70A7047B0EE670A0DF082B900B5D2F88F
:10A3600004E0D2F800C0C1F804E0D2F808E0C1F877
:10A3700000C0C1F808E0D2F80CE0C1F80CE0516868
:10A38000C0F800C041609168D2688160C2605DF829
:10A3900004FB00BFD1F804C08A68CB6800B5D1F8CF
:10A3A00000E0C0F804C0C0F800E08260C3605DF85F
:10A3B00004FB00BF30B40F4B4FF0010C0E4D0F4C9F
:10A3C00053E8002F2868216843E800C2002AF7D12B
:10A3D0000B4B5B680B4A5B1A4FF47A71126801FBF6
:10A3E00000F0A3FB023230BC8A4294BF80184018B0
:10A3F000704700BF58C301205CC3012060C3012027
:10A40000001000E064C3012070B50E4C4FF6FF7ED3
:10A410000D4E04F17E05A6F58053002102E0B34203
:10A4200081B204D21A88481C02337245F7D124F84D
:10A43000021FAC4206F58056EDD1044B01221A7082
:10A4400070BD00BF9A69002000107C6098690020F0
:10A45000B64B40F2EE26B64C1D682DE9804895B00B
:10A46000FEF716FEB34B1B78002B01F07A8094F8B0
:10A47000A435DB0741F17580AC4B1B68D4F8A025EF
:10A480009B1A0E2B41F26D80AA4B1B781BB10C213D
:10A49000A948FEF7A5FEA74B40F60D221B78ADF8A4
:10A4A0002C20002B01F0ED800BAB022118460BEEA7
:10A4B000103AFEF795FEA148F3F748FD6420FEF739
:10A4C0002FFE9F4BDFF8C4B203939C4B9FED9D9AE8
:10A4D00003F550449FED938B944B9FED9B7A1A6844
:10A4E0009A4BA3FB021341F288311B0B01FB132291
:10A4F000012107EE902AF8EEE77AC7EE879A5BE82B
:10A50000003F8A4B924A1B6812684BE800100028F3
:10A51000F5D19049824649688A1A8F490968A2FB99
:10A5200001214FF47A7202FB03F3914294BF5B184E
:10A530009B18824AC2F8F0300022884B884943F8C1
:10A54000102B9942FAD1874B1B78002B40F04B8798
:10A55000854A8649537815460846127803EB8303EB
:10A5600003EB83030533DBB281F8AE3D91F8B01DF8
:10A57000002900F0A88780F8AC3DAB7803EB4303DB
:10A580009B000533DBB280F8AF3D80F8AD3D6B4BEF
:10A5900093F8A832002B00F0C184062A40F03487DB
:10A5A000039AF7EE003A724B9FED724AC3F8342FCC
:10A5B00003F58053624A93F83961A3F53B75039222
:10A5C000002E40F0DF831368C5F8243204326A4B52
:10A5D00004359342F4D1694BB3F84000A3F580539E
:10A5E00093F8786058B303F6C6720023114604E06E
:10A5F00001339DB2854281F03F8031F8025FB54260
:10A60000F6D15F4D03F2D2234FF07E5105EB830369
:10A6100095F87A50C3F88410002303E0013399B20F
:10A6200081420CD232F8021FA942F7D1544A03F2F8
:10A63000D22302EB83034FF07E52C3F88420504BA9
:10A6400000201F6FA3F50053014693F8E42102E0B8
:10A65000C1B28A4221D3394D01F5CB73013005EBEC
:10A660008303484DD3F83C3BAB42F1D1A5F5516390
:10A6700089B2B3F8846086B1A5F6B640002303E042
:10A6800001339DB2AE4208D930F8025F8D42F7D156
:10A690003D4901EB8303C3F8C8730020344B0146E6
:10A6A00093F8905802E0C1B28D4220D3304B013074
:10A6B000344E03EB8103D3F84038B342F3D1A6F50F
:10A6C000516389B2B3F830678EB103F2067000238C
:10A6D00003E001339DB2AE4209D930F8025F8D42EA
:10A6E000F7D1F233224901EB8303C3F8EC71002068
:10A6F0000146124D01F5CB73013005EB830305F6DE
:10A700004C25D3F83C3BAB4200F09587C1B28A425E
:10A71000EFD20025B0EE690A08482E46F6F70AFE89
:10A720004AE000BFFFFFFFFFFFFFEF7F5CC3012098
:10A7300000A70020F8B1012080470020ECAC0020E9
:10A740000CB20120CDCCCC3D00409C455917B7D16F
:10A7500060C30120001000E064C3012094AD01201B
:10A7600034AF0120F9B10120FCB10120EC5C0120E3
:10A77000ECBC0020000000000CB40120ECEC002038
:10A78000ECDC0020FCC900202CB8002058C30120BC
:10A79000D4F8700B03689B689847D4F86C3B471952
:10A7A0001A681846D368984728440C3501684268EF
:10A7B000836839607A60BB60D4F8700B0368DB682B
:10A7C0009847864206F10106E2DB474D03E010356B
:10A7D000464BAB424BD0D5ED037AF5EEC07AF1EEA5
:10A7E00010FAF4DD2B68D4F8708B002BEFDD002617
:10A7F000B146D8F80030404609F101099B689847F6
:10A800006B689B5903EB430300EB8307D8F80030D8
:10A8100040469B6898476B6806EB460295ED036AD5
:10A820009B59043603EB430300EB8300AB681344EE
:10A83000D0ED006A90ED017AD3ED004A93ED015A14
:10A84000D3ED025AE4EE866AD0ED027AA6EE057ADE
:10A850002B68E6EE257A9945C7ED006A87ED017A07
:10A86000C7ED027AC5DB1035204BAB42B3D1204E89
:10A870004FF081421F49042006F2446304F6583920
:10A880001BEE108A196006F5C9631A6014F0B8FB54
:10A89000194B054601460360A3F5354001F0CCFD98
:10A8A000284614F0B5FB012306F5DE60002586F886
:10A8B0005436FDF7E7F806F5E060F0EE409AFDF754
:10A8C000E1F804F62C330022CDF80890C3ED009A8D
:10A8D00004F5336383ED000A04F634331A6004F69A
:10A8E0005433019393E000BF88AD012028AF0120CD
:10A8F000ECCC00200000F0C0F8870120D4F8700BE9
:10A9000004F6683604F6643704F5366903689B6814
:10A910009847019A504404F65C3392ED007A04F6AD
:10A920003C31029AD3ED007A04F63833D2ED006A56
:10A9300004F5346290ED015AD0ED025A90ED006AB0
:10A9400035EE665A75EEE75AD1ED003A36EE476AB3
:10A9500092ED004AD3ED004AE5EE236AE5EE847AF3
:10A96000C64AA6EE247A404602F11001B0EE661AFD
:10A97000B0EE672AF0EE471AFCF706FFD6ED007A34
:10A9800005AAD7ED006A414699ED007A72EE677A22
:10A9900071EE666A08A831EEC77ACDED077ACDED83
:10A9A000066A8DED057AFCF7FBFDD6ED007A04F51D
:10A9B0003362D9ED006A04F6343397ED007A04F679
:10A9C0002C36DDED08AA9DED09AADDED0A9A7AEE96
:10A9D000A6AAD4F8700B3AEE07AA79EEA79AD6ED9C
:10A9E000006AD3ED007A01687AEEA6AA92ED007AA9
:10A9F00079EEA79A8B683AEE07AA984750440AF175
:10AA00000C0AC0ED00AA80ED01AAC0ED029AD4F8AC
:10AA1000700B0368DB689847854205F10105FFF676
:10AA20006DAF01205BE8003F954B1A68954B1968A4
:10AA30004BE80003002BF5D1934B5B68591A4FF498
:10AA40007A73924802FB03F3914ADFED926A12682F
:10AA5000A1FB0212D0F8F0105B1A0121B2F57A7F47
:10AA600094BF9B1803F57A7307EE903AF8EE677A75
:10AA700087EEA67A80ED407A5BE8003F804B814A02
:10AA80001B6812684BE80015002DF5D17E49496816
:10AA90008A1A7F490968A2FB01214FF47A7202FBEE
:10AAA00003F3914294BF5B189B18784A5668C2F82A
:10AAB000F43033796BB1336853F8250009F036FA76
:10AAC000724B1B7F002B40F01382013533799D427E
:10AAD000F1DB01205BE8003F694B1A68694B19689C
:10AAE0004BE80003002BF5D1674B5B68591A4FF414
:10AAF0007A73664802FB03F3654ADFED666A126803
:10AB0000A1FB0212D0F8F4105B1AB2F57A7F94BF61
:10AB10009B1803F57A7307EE903AF8EE677A87EEA2
:10AB2000A67A80ED417A01205BE8003F544B1A6819
:10AB3000544B19684BE80003002BF5D1524B5B686E
:10AB40005B1A53490968A3FB01314FF47A7303FB85
:10AB500002F2994294BF5218D2184C4B9868C3F82D
:10AB6000F82003685B68984701215BE8003F444B8D
:10AB7000444A1B6812684BE80015002DF5D1424984
:10AB800049688A1A4FF47A71404801FB03F340493F
:10AB9000DFED406A06460968A2FB0121D0F8F820E3
:10ABA0009B1AB1F57A7F94BF5B1803F57A7307EEB1
:10ABB000903A394BF8EE677A1B7887EEA67A80EDEB
:10ABC000427A2BB105213548FEF70AFB96ED427A11
:10ABD0002E4BF7EE006AD3ED417A1A4693ED406AA8
:10ABE00093F8EC6077EE867A93ED08AA312E76EE34
:10ABF000CAAA77EE877AC6EEA79A00F2E183731CA1
:10AC000002EB8606C6ED099ADEB282F8EC60DFED53
:10AC1000247A244B0135B3EC017AEAB277EE877AD5
:10AC20009642F7D807EE106AF8EEC76A87EEA67A62
:10AC300067EE2A7AE9EE8A7AB7EEE76AB4EE466BF7
:10AC4000F1EE10FA80F1C284B0EEC65BB4EE485B60
:10AC5000F1EE10FA00F342849FED137AF4EEC77A16
:10AC6000F1EE10FA00F3B5839FED107AF4EEC77A97
:10AC7000F1EE10FA00F1AD831AE000BFF887012071
:10AC80005CC3012060C30120001000E0ECAC002098
:10AC900064C3012000247449F8B1012090470020CA
:10ACA0000000000010AD0020FFFF7F4FFFFF7FCFAF
:10ACB000F5EEC07AF1EE10FA00F161840027B6EEED
:10ACC000007B36EE076BFCEEC67B17EE903A002B4E
:10ACD00040F01E84302321208DF84D303FB10138E3
:10ACE0002D22C0B200F150036B4403F8242C964B84
:10ACF0001B7833B11BEE103AC0F122011844FEF765
:10AD00006FFA914B1B781BB10E219048FEF768FA41
:10AD10008F4B93ED400AB7EEC00A0BF08FF98A4BC8
:10AD20001B781BB10F218B48FEF75AFA884B93ED25
:10AD3000410AB7EEC00A0BF081F9834B1B781BB1B7
:10AD400010218548FEF74CFA814B93ED420AB7EE8D
:10AD5000C00A0BF073F97C4B1B781BB101217F48B3
:10AD6000FEF73EFA40F60D23ADF82C30764B1B78FB
:10AD700023B102211BEE100AFEF732FAFEF788F922
:10AD8000FFF7AABB2B6892ED006A93F82C10D3ED65
:10AD9000005A092933EEE55A40F28B8093ED037A8D
:10ADA0005869D3ED024AF0EE476A83ED027A93EDDB
:10ADB000047A74EE847A1861986977EEA67AC3ED06
:10ADC000014A5861D86983ED037A9861186AD8619D
:10ADD000586A1862986A83ED0A6A5862032977EE06
:10ADE000877A27D093ED047A042977EE877A21D0E9
:10ADF00093ED057A052977EE877A1BD093ED067AD5
:10AE0000062977EE877A15D093ED077A072977EE32
:10AE1000877A0FD093ED087A082977EE877A09D0E0
:10AE200093ED097A092977EE877A03D093ED0A7AB0
:10AE300077EE877A07EE101AD3ED116AF8EEC74A5B
:10AE400087EEA47A67EE057AE6EE257A37EEE67AA3
:10AE5000C7EE096AF5EEC06AF1EE10FA01D5F0EE20
:10AE6000446AD3ED0F5A93ED0E6AE5EEC96A93ED8D
:10AE70000D7A26EE866AC3ED0C6AA6EE097AB5EE67
:10AE8000C07A83ED0D7AF1EE10FA2AD4B4EEE37AAB
:10AE9000F1EE10FA05DDB7EE007A83ED0C4AC3ED52
:10AEA0000D3AC3ED117A77EE877AC5ED897AFFF70F
:10AEB0008DBB481C03EB8101C0B283F82C00012834
:10AEC00081ED016AD3ED017A77EE847A24D093ED97
:10AED000027A022877EE877A1ED0014693ED037A34
:10AEE0007CE7B0EE447A83ED0C4A83ED0D4AD8E757
:10AEF0003368174A53F825000135976903683A68A3
:10AF00009B69D2F80080984701463846C04733799C
:10AF1000AB423FF7D0ADDCE501468BE7072A00F2F4
:10AF2000B58301A353F822F0F7710100E77D01001A
:10AF3000C17D01007F7E0100877D0100957C0100BD
:10AF400085700100457A0100F8B101209C4700207E
:10AF5000ECAC0020AC470020BC4700201447002088
:10AF6000BA4ABB4E92F8BC331546C2F8B46302F538
:10AF70008F605B0806EB830393ED010AF6F766F931
:10AF800095F8BC332A465B0806EB83035E6805F23E
:10AF9000845395F8745483ED000A272D00F23E8304
:10AFA00011466B1C02EB8502C2F8C463DAB291ED64
:10AFB000F1AA012A81F874240ED0A6490123F1ECEC
:10AFC000017A0133B4EE67AAD8B2F1EE10FA48BFA5
:10AFD000B0EE67AA8242F2D89C4AD2F8C05305F17B
:10AFE00027036E1E02EB8303D3EDF17AF4EE4A7A67
:10AFF000F1EE10FA15D015F0FF0704D09649BA000B
:10B00000081F13F0EBFE954A06F1280302EB8707B1
:10B01000A2F2644202EB8303002247F8042C83ED82
:10B02000F1AA002DDFED8E7A0EDD00231A462832BC
:10B0300001338649DBB201EB82029D4292EDF17A47
:10B040001A4677EE877AF2DC07EE105A7F4AB6EEA0
:10B05000006AB8EEC77A02F28453C7EE876AD3ED6E
:10B06000007A02F5B16336EEE77AC3ED006A7D4BF4
:10B07000E7EE067AB3F84000A3F5805393F87860C2
:10B08000C2EDEE7A50B3784A0023114604E0013352
:10B090009DB2A84240F2EC8231F8025FB542F6D18F
:10B0A000724D03F2D2234FF07E5105EB830395F8E6
:10B0B0007B50C3F88410002303E0013399B2884227
:10B0C0000CD932F8021FA942F7D1684A03F2D22301
:10B0D00002EB83034FF07E52C3F88420634B0020C1
:10B0E0005F6FA3F50053014693F8E42102E0C1B27B
:10B0F0008A4220D35E4D01F5CB73013005EB83030B
:10B100005C4DD3F83C3BAB42F1D15B4B89B2B3F819
:10B11000846086B103F15A00002303E001339DB23D
:10B12000AE4208D930F8025F8D42F7D1534901EBA6
:10B130008303C3F8C87300204F4B014693F890581F
:10B1400002E0C1B28D421FD34B4B0130494E03EB9D
:10B150008103D3F84038B342F3D1474B89B2B3F8F7
:10B1600030678EB103F20670002303E001339DB215
:10B17000AE4209D930F8025F8D42F7D1F2333E4931
:10B1800001EB8303C3F8EC7100200146384D01F553
:10B19000CB73013005EB830305F64C25D3F83C3B1C
:10B1A000AB4200F01E82C1B28A42EFD2FFF7B1BAC1
:10B1B0002C4BB3F8400038B32B4A0023114603E070
:10B1C00001339DB285420CD231F8025F032DF7D1D5
:10B1D000264903F2D22301EB83034FF07E51C3F8DB
:10B1E0008410002303E0013399B281420CD232F87B
:10B1F000021F0029F7D11D4A03F2D22302EB830379
:10B200004FF07E52C3F8842000211B4B0A4693F86E
:10B21000E40103E0CAB282423FF67BAA144D02F574
:10B22000CB73013105EB830305F6D425D3F83C3B02
:10B23000AB42EFD105F22C53B5F8B05592B2002DC8
:10B240003FF467AA03F15A0100231EE0ECCC002072
:10B250000CB40120B4D0002054D1002050D10020E3
:10B2600000000000ECEC0020B2EC0020ECDC002040
:10B27000ECAC00207CCE0020ECBC00202CB80020E0
:10B28000013398B2A842BFF444AA31F8020F9042A9
:10B29000F6D1BD4A02EB8303BC4AC3F8C823FFF7CB
:10B2A00038BABB4BB3F8400000283FF432AAB94A81
:10B2B000002304E0013399B28142BFF42AAA32F894
:10B2C000021F1529F6D1B44A03F2D22302EB8303FD
:10B2D0004FF07E52C3F88420FFF71BBAAC4BB3F893
:10B2E000400000283FF415AAAA4A002304E00133D5
:10B2F00099B288427FF60DAA32F8021F0129F6D1D1
:10B30000E1E7A34BB3F84000A0B1A3F13A02002358
:10B3100003E0013399B281420CD232F8021F0429B2
:10B32000F7D19D4A03F2D22302EB83034FF07E5202
:10B33000C3F884200021994B0A4693F8E40103E006
:10B34000CAB282423FF6E5A9954D02F5CB730131B1
:10B3500005EB830305F6A425D3F83C3BAB42EFD1C4
:10B3600005F25C53B5F8E05592B2002D3FF4D1A937
:10B3700003F15A01002304E0013398B2A842BFF45C
:10B38000C8A931F8020F9042F6D17F4A02EB83033D
:10B390007E4AC3F8C823FFF7BCB97D4BB3F8400021
:10B3A00000283FF4B6A97B4A002304E0013399B298
:10B3B0008142BFF4AEA932F8021F0029F6D182E71C
:10B3C0007849C422081F13F009FD754BC3ED3A9A62
:10B3D0001DE4754B1B78002B3FF493AC032173489D
:10B3E000FDF7FEFE8DE47249052391F8B02D81F83A
:10B3F000AE3D002A7CD181F8AF3DA1F5304393F8F2
:10B40000A832002B3FF485A9614BB3F8401039B343
:10B41000A3F13A020023104603E001339DB2A94292
:10B420000CD930F8025F022DF7D15B4803F2D2232A
:10B4300000EB83034FF07E50C3F88400002303E049
:10B44000013398B288420BD232F8020F1928F7D193
:10B45000514A03F2D22302EB83030022C3F8842073
:10B4600000214E4B0A4693F8E40103E0CAB2904231
:10B47000FFF44FA94A4D02F5CB73013105EB83036D
:10B4800005F6F815D3F83C3BAB42EFD105F5C163A7
:10B49000B5F88C5692B2002D3FF43BA903F15A0146
:10B4A000002304E0013398B285427FF632A931F8D7
:10B4B000020F9042F6D1344A02EB8303334AC3F8B9
:10B4C000C823FFF726B93B4B39499B7803EB43036D
:10B4D0009B00053381F8AF3DFFF759B8324B1B781D
:10B4E000002B3FF40EAC03213348FDF779FE08E44E
:10B4F0002F4A82F8AF3D40F20553A2F8AC3DA2F5C9
:10B50000304393F8A832002B7FF47EAFFFF701B9E8
:10B510002A4E092B4FF02100A6FB03214FEAD1014F
:10B5200001EB8102A3EB420202F130028DF84D20C3
:10B530007FF6D4AB0138A6FB01320D46C0B2D2086B
:10B54000092D00F150030DEB030C02EB8203A1EB7C
:10B550004303114603F130030CF8243CEAD8FFF70B
:10B56000BDBB174B104A1B6812785B1B52B3B3F577
:10B57000FA6F3EF689AFFDF78BFDFEF771BFB1EEB6
:10B58000466B0127FFF79BBB2CB80020CDCC4C3F6E
:10B59000ECEC0020B2EC0020ECDC0020ECBC002045
:10B5A000ECAC002014AD0020F8B101209847002039
:10B5B000EC5C0120FCB10120B0450020CDCCCCCC0E
:10B5C0005CC30120B342D6D9FEF75EBFC54B1B78E2
:10B5D000002B3FF496AB0321C348FDF701FEFFF7B4
:10B5E00090BB05F2B453B5F8385689B2002D3FF43C
:10B5F00090A803F15A02002304E0013398B2854277
:10B600007FF687A832F8020F8842F6D1B74A02EBDC
:10B610008303B74AC3F8C823FFF77BB8B5499C2218
:10B62000081F13F0DBFBB44B2A4693EDF1AA03F598
:10B630008C631E60C1E405F2B453B5F8385689B284
:10B64000002D3FF466A803F15A02002304E0013301
:10B6500098B285427FF65DA832F8020F8842F6D193
:10B66000A24A02EB8303A24AC3F8C823FFF751B8EA
:10B67000A24B93F87B501EE5A04B93F87A50FEF74F
:10B68000CBBF0BAB0BEE103AFEF715BF9C4BF7EEA2
:10B69000005A039A9B4803F69805DFED9B6A93F8DE
:10B6A000BB6CC3F8B42A0390002E66D10368C5F8BA
:10B6B00020320430954B04358342F5D1944BB3F8D6
:10B6C0004010A3F5805393F87850C9B103F6C672C1
:10B6D0000023104630F8026FAE4200F0648101335F
:10B6E0009EB28E42F6D3854B93F87900002332F850
:10B6F000025F854200F0638101339DB28D42F6D333
:10B700007E4B0020DD6EA3F5005393F8E411034651
:10B71000804E03F5CB72013006EB82027E4ED2F8EA
:10B720003C2BB24200F00381C3B28B42F0D9744B80
:10B73000002293F89068134671480132764F00EB6F
:10B740008300D0F84008B84200F00581D3B2B3427C
:10B75000F2D9002003466F4D03F5CB72013005EBA3
:10B76000820205F64C25D2F83C2BAA4200F0078154
:10B77000C3B28B42EFD9FEF7CCBF2B6890ED005AD5
:10B7800093F82C20D3ED003A092A35EEE33A00F283
:10B790008780511C03EB8202C9B283F82C10012967
:10B7A00082ED015AD3ED017A77EEA67A00F0BD80E2
:10B7B00093ED027A022977EE877A00F0B6800A4686
:10B7C00093ED037A032A77EE877A27D093ED047AF4
:10B7D000042A77EE877A21D093ED057A052A77EE51
:10B7E000877A1BD093ED067A062A77EE877A15D0F2
:10B7F00093ED077A072A77EE877A0FD093ED087AD0
:10B80000082A77EE877A09D093ED097A092A77EE2C
:10B81000877A03D093ED0A7A77EE877A07EE102ABB
:10B8200093ED114A9FED382AF8EEC71AD3ED0F2A8F
:10B8300093ED0D7AD3ED0E4A87EEA16A26EE036AE8
:10B84000A5EE236A36EE445AC5EE097AF4EE427A42
:10B85000F1EE10FA48BFF0EE667AE2EEC97A27EE12
:10B86000A45AC3ED0C7AF0EE477AE5EE097AF4EECD
:10B87000C27AC3ED0D7AF1EE10FA4FD4F4EEE57A08
:10B88000F1EE10FA05DDF7EE007AC3ED0C6AC3EDB8
:10B890000D5A77EE867A83ED116AC5ED887A08E74E
:10B8A00093ED037A5969D3ED024AB0EE476A83ED0E
:10B8B000027A93ED047A74EEA67A1961996977EEAB
:10B8C000867AC3ED014A5961D96983ED037A99619A
:10B8D000196AD961596A1962996A83ED0A5A5962DB
:10B8E00070E700BFF8B10120B84500202CB8002057
:10B8F000CDCC4C3FB4D00020ECCC0020ECDC0020C0
:10B90000ECBC00200CB20120000000000CB40120AF
:10B91000ECEC0020ECAC002080C50020F0EE667A54
:10B92000C3ED0C6AC3ED0D6AB3E70A4676E79AB237
:10B93000A6F69403B3F88460002E3FF4F8AE03F14A
:10B940005A00002330F8027F974249D001339FB25A
:10B95000BE42F7D8EBE69AB2A7F69403B3F8306785
:10B96000002E3FF4F6AEA7F5C770002330F8027F33
:10B9700097422ED001339FB2B742F7D3E9E6B5F82C
:10B9800038069AB200283EF4C4AE05F20E610023D8
:10B9900031F8025F95423FF47CAC01339DB28542A1
:10B9A000F6D3FEF7B6BE114D03F2D2234FF07E5010
:10B9B00005EB8303C3F8840095F8790096E60B4AFB
:10B9C00003F2D22302EB83034FF07E52C3F88420AC
:10B9D00096E6F233064A02EB8303C3F8EC51B8E66D
:10B9E000044A02EB8303C3F8C853A0E6ECDC002052
:10B9F000ECBC00202CB8002030BFFDE7F8B52DEDE1
:10BA0000068BDFED349A00259FED338A0646B0EEB3
:10BA100069AA0F46F0EE69AAF0EE488AB0EE489A9D
:10BA200036E03B6804EB4404586E03689B68984713
:10BA300000EB8400D0ED006A90ED017AF4EE6A6AC2
:10BA4000D0ED027AF1EE10FAB4EE4A7A48BFF0EE89
:10BA500066AAF1EE10FAF4EE697A48BFB0EE47AA92
:10BA6000F1EE10FAF4EE496A48BFF0EE679AF1EE93
:10BA700010FAF4EE478A36FE899AF1EE10FAF4EEE7
:10BA8000487A48BFF0EE478AF1EE10FA37FE888A0E
:10BA90003B68ACB20135586E0368DB689847844256
:10BAA000BFDBB6EE006A304679EE2A6A38EE8A7A53
:10BAB00078EE297A66EE866A27EE067A67EE867A4F
:10BAC000C6ED006A86ED017AC6ED027ABDEC068B02
:10BAD000F8BD00BF0050C3470050C3C770B50E4645
:10BAE00090F8A81682B0142916D8154690F8A92601
:10BAF00004468AB101298AB210D9901E04F25C6E04
:10BB000004F5CB6C80B20EEB800E01E0F44505D05D
:10BB10005CF8040FA842F9D102B070BD01F5C17103
:10BB2000F7EE000A201D8DED010A04EB8101EFF70D
:10BB30007FFA94F804369DED010A132B0DD8E21814
:10BB400082F8506504EB8302013302F2B451C2F86B
:10BB5000645581ED000A84F8043694F8A83603F59C
:10BB6000CB72013344F8225084F8A836D4E700BFE2
:10BB700010B54489C36904FB01F101EB41010B4499
:10BB8000C17DC9B9BCB104EB44041C4493F801C0A5
:10BB9000033313F8010C063213F8031C4FEA0C2C84
:10BBA0000002A3424FEA012122F804CC22F8020C41
:10BBB00022F8061CEAD110BD002CFCD004EB440492
:10BBC000C16A1C4413F803EB063213F802CCA342FB
:10BBD00013F8010C31F81EE031F81CC031F81000E8
:10BBE00022F806EC22F804CC22F8020CEAD110BDAF
:10BBF0002DE9F04F002383B0032504460F46DFF8FC
:10BC00003C8183600373C0E9003301224146204632
:10BC10000AF028FC6B1E13F0FF05F6D1042F69D93A
:10BC200007F1010ADFF818B14FF005090DF104081A
:10BC30005FFA8AFA4F4509F130034FF0010241469D
:10BC400020463FD009F101098DF804308DF80550E8
:10BC50000AF008FC5FFA89F90BF1010BB9F10A0F40
:10BC6000E8D1A1680B293DD8DFF8D0904FF000084B
:10BC700010E043184B4511D96368A9EB0006AB42AD
:10BC80005AD320234354236803F805802946A5602E
:10BC90000B2927D820684D1C4845EAD963689D4286
:10BCA00024D90027023113F0BBF9A1680028EFD096
:10BCB000C4E9000511B1CFB1835DE3E701702068ED
:10BCC000A168F8E71BF8013B01228DF80550D14629
:10BCD0008DF804300AF0C6FBBAF10A0FAAD1A168A8
:10BCE0000B29C1D9204603B0BDE8F08FB9F8003068
:10BCF0004352CBE70DF10408A946DFF848A0EBB2A8
:10BD000001224146204603F1300C9F425FFA8CFC31
:10BD100009D08DF804C08DF805900AF0A3FB013519
:10BD2000052DECD19DE715F80A308DF805908DF8BA
:10BD300004300AF097FBF2E70127B3E794470020AD
:10BD40001D3E0020183E00202DE9F04F9FB0054613
:10BD50000E460493A84B1B78934200F07481049B19
:10BD6000A64CD3F808B025826682BBF1000F00F024
:10BD7000AA8115AF4FF000095D463B465F46A945D5
:10BD8000CA469B46049B196867D38DF854A0202FA0
:10BD90003E465D4628BF2026B144BF1B5E4430E0CE
:10BDA0000A2B6BD00D2B2AD0117A8B4227D3907A95
:10BDB000984224D3591A5068C9B200EBC10898F8C8
:10BDC000030098F8021098B191B1E07E00287FD16D
:10BDD000207E94F819C0B4F91010B4F91220CDE9FE
:10BDE000020CE08A0190A08A00908448FDF7B8FB1D
:10BDF00098F80410238A227E01FB02332382B54285
:10BE000024D0226A15F8013B002AC9D10A2B3ED062
:10BE10000D2BF4D0E17E002940D1B4F91010B4F913
:10BE20001220207E94F819C0CDE9020CE08A01901E
:10BE3000A08A00907148FDF793FB237E228AB542C9
:10BE400003EB430302EB43032382DAD1002F51D0EB
:10BE5000049B9D681968A94597D2A5EB090549443B
:10BE60005846202D28BF20252A460DF0DBFE05F17F
:10BE700078030DEB030505F824AC88E7638A617E3F
:10BE8000A4F810A0127B01FB02336382B7E7638A38
:10BE9000617E228203EBC1036382B0E7B4F9101024
:10BEA0004FF0060C207EB4F90CE01CFB001CF4459E
:10BEB00004DCB4F9122094F819C0B5E7114694F8DF
:10BEC00019C02282628A02EBCC0212B26282ABE714
:10BED00098F905C0207E8C44B4F91010B4F90CE038
:10BEE00000FB0C1CF44500F38B8094F819C0B4F9E6
:10BEF000122074E75F4640F60D230DF15606DFF879
:10BF0000FC904FF00008ADF85430226A17F8013B5E
:10BF1000002A43D00A2B5FD00D2B38D0117A8B42E8
:10BF200035D3907A984232D3591A5568C9B205EB85
:10BF3000C105E878A97820B319B3E07E88B195F9F6
:10BF4000050094F818C00844B4F91010B4F90CE0D6
:10BF50000CFB0010704500F3B880607EB4F912202D
:10BF600006E094F818C0607EB4F91010B4F91220FD
:10BF7000CDE902C0E08A0190A08A00904846FDF712
:10BF8000EFFA2979238A227E01FB02332382B7420A
:10BF9000BBD1002363611FB0BDE8F08F0A2B24D012
:10BFA0000D2BF4D0E17E002936D1B4F91010B4F98C
:10BFB0001220207E657ECDE90205E08A0190A08AEC
:10BFC00000904846FDF7CCFA237E228A03EB430318
:10BFD00002EB43032382DAE7638A617EA4F81080D0
:10BFE000127B01FB02336382D1E7638A2282627E85
:10BFF00003EBC2036382CAE7C85E002044600020EE
:10C0000094F819C0A4F810A0117B628A01FB0C22DD
:10C01000002112B26282E2E6B4F910100625207EF9
:10C02000B4F90CC015FB0015654508DD1146657EA9
:10C030002282628A02EBC50212B26282BBE7B4F9C5
:10C040001220657EB7E7A54B1A68A54BA3FB021328
:10C050004FF4FA715B0901FB1322FA2A7FF67FAED7
:10C06000049BD3F808B0BBF1000F39D100205B4628
:10C07000D8469C4CA84406F101094545A9EB0009A6
:10C080000FFA89F916DA05942F464FF0000ADFF807
:10C0900054B21C463946013723464A463FB25846F9
:10C0A000CDF800A0F9F7CCFD4745F3DBDDE904341A
:10C0B000D3F808B04FF00113258266826361BBF1AB
:10C0C000000F7FF456AE15AF15E7607EA4F8108020
:10C0D000117B628A01FB0022002112B2628247E7D3
:10C0E0001A68002A00F0A38012F8011B7D4C002979
:10C0F000E0D0277E4FF0FF39E07E47F6FF7E637E7B
:10C10000B0460A9007EB4700D4F820A040001097F3
:10C110001394099007EB470040000890B4F90C0015
:10C120000B9098B20790D800BBB20C90119050467B
:10C130000D932B46CDE905E900287AD00A2900F0B5
:10C140009C800D295ED090F80AC0077A8C4559D39F
:10C150008F4257D8A1EB070C41685FFA8CFC01EBCA
:10C16000CC0C9CF803409CF802100E949CF8044000
:10C170009CF905700F940A9C9CF906C0002C00F0F5
:10C180008480109C07EB010A04FB0A3A0B9CA24531
:10C190007BDD037B079C03FB048800231FFA88FADE
:10C1A0000FFA88F8079C0CFB04AA0D9C11FB04F104
:10C1B000079C12910E9911FB04FC0D9C0F9907FB33
:10C1C00004370CF1FF3C01FB04331299059C1CFA67
:10C1D0008AFC01390FFA8AFA0FFA8CFC11FA87F1FE
:10C1E0003FB21BB2BC4209B2A8BF3C46D64505943B
:10C1F000A8BFD646069C8C42B8BF0C46E145B8BFE6
:10C20000E146069412F8011B002995D1DDE90523CA
:10C21000139C9A4255DC0133CE45A3EB02081FFA6A
:10C2200088F845DD0B460FFA88F8084622E72D4CC2
:10C2300040E70A292DD00D29E4D00A9979BB089945
:10C24000099C19441F1989B2119C013F08EB040C89
:10C25000069CA7420CF1FF3C01DD3CB20694059C14
:10C26000CC45C8BF0FFA8CF99C42A8BF1C46C645F6
:10C270000BB2A8BFC6460594C4E7037B079903FB2E
:10C2800001830FFA83F80023BCE79BB21FFA88FAF8
:10C2900088E70C9B984403460FFA88F8B2E709999F
:10C2A0005F180B998F4211DC0899194489B2CBE7CA
:10C2B0000FFA88F809F10103A3EB0E0398B21BB241
:10C2C000D8E6CE453FF7F6AE8846F3E70C9B984498
:10C2D00003460FFA88F8DDE90817B5E75CC30120CB
:10C2E000D34D62104460002000234FF07E52DFEDFA
:10C2F000517A30B52DED068B026095B0436004464F
:10C3000083600D46C3604B7BD1ED008A91ED019AAD
:10C31000012B91ED028A68EEA78A29EE279A28EE72
:10C32000278A05D1F0EE687AF0EE488AB0EE678A87
:10C33000F6EE00AA68EEAA8A29EE2A9A28EE2A8A40
:10C34000B0EE680A0BF0A6FCB0EE40AAB0EE490AC7
:10C350000BF0A0FCF0EE409AB0EE480A0BF09AFC0D
:10C36000F0EE407AB0EE680AF0EE678A0BF096FDC8
:10C37000F0EE407AB0EE490AB0EE679A0BF08EFD0F
:10C38000F0EE407AB0EE480AB0EE678A0BF086FD18
:10C3900000232A7B8DED009A8DED01AA0293039371
:10C3A0008DED048A0593CDED069A07938DED080A6D
:10C3B00009930A93CDED0B8A052A1BD8DFE802F01A
:10C3C0001A282F3203216A4608A90CA8FBF7DCF9CA
:10C3D00004AA0CA910A8FBF7D7F910981199129A82
:10C3E000139B206020466160A260E36015B0BDEC45
:10C3F000068B30BD04AA69460CA8FBF7C5F908AA4C
:10C40000E7E704AA08A90CA8FBF7BEF96A46E0E72B
:10C4100008AA69460CA8FBF7B7F904AAD9E76A4647
:10C4200004A9E9E708AA04A90CA8FBF7ADF96A4634
:10C43000CFE700BF35FA8E3C2DE9F0432DED0C8B94
:10C44000DFEDBDAA97B000250646B0EE6A9A0C460D
:10C45000F0EE6A8A14E0236807EB4707586E03681A
:10C460009B68984700EB8700D0ED006A90ED017A59
:10C47000D0ED027A78EEA68A39EE079A7AEEA7AA6C
:10C480002368AFB20135586E0368DB68984787426E
:10C49000E1DB07EE907ADFEDA89A0027F8EE677AE5
:10C4A000B0EE69AAF0EE69BA88EEA78AB0EE69BA72
:10C4B000C9EE278AB0EE69CA8AEEA79AF0EE69AA99
:10C4C00020E0236805EB4505586E03689B68984794
:10C4D00000EB8500D0ED006A90ED017AD0ED027A94
:10C4E00076EEC86A37EE687A77EEC97AA6EEA6CA03
:10C4F000E6EE87AAA6EEA7BAE7EE07BAA7EE27AA46
:10C50000E7EEA79A2368BDB20137586E0368DB686F
:10C5100098478542D5DB2AEE4ADA6BEE4BCA6AEEC3
:10C52000EA7AABEEA9DAECEE29CAECEE2B7AB4EE9D
:10C53000ECDAF1EE10FA40F35782B4EE67DA00233A
:10C54000F1EE10FA7DFE277AF5EEC07AF1EE10FAE0
:10C5500040F2578237EECD7ADFED706AB0EEC77ADF
:10C56000B4EEE67AF1EE10FA40F18E8269EEEACA94
:10C570006BEECB9AEBEE0ACAEAEE8A9A2CEEAC0A84
:10C58000ADEE0D0AA9EEA90AB5EE400AF1EE10FAD9
:10C5900000F1C682B1EEC07A9FED606AF7EE006AE4
:10C5A00077EE667AF0EEE77AF4EEC67AF1EE10FAFC
:10C5B00040F131829FED607A9FED596A6DEE076A16
:10C5C0002CEE877A77EE267A77EEA97AF4EEC67AA1
:10C5D000F1EE10FA00F184829FED526AF4EEC67A11
:10C5E000F1EE10FA40F328829FED537AF7EE007ACD
:10C5F000F0EE476AB0EE476A4B4B0FAFB26B0DF1EE
:10C600001C0839460BA811921A88CDED077AADF8AF
:10C6100048205A688DED086A13929A68DB68149274
:10C6200015930023CDED096A8DED0A7A0F931093CF
:10C63000FFF75AFE0BAA414603A8FBF7A5F896EDB3
:10C640000CAA214696ED0A7A6846D6ED0D9A4FF06F
:10C650000009D6ED0B7A3AEE47AA79EEE79AFFF792
:10C66000CDF9039B0F93049B1093059B1193069B9D
:10C67000129335E0236805EB4505586E03689B6807
:10C68000984703464246394603EB85030BA8AD00A5
:10C69000D3ED016A93ED027AD3ED007A76EEE86A83
:10C6A00037EE497A77EEC87ACDED086A8DED097AD2
:10C6B000CDED077AFBF7DAF821680D9B486E0C9AEE
:10C6C000DDF82CC00993036808929B68CDF81CC064
:10C6D00098470799089A2844099B01604260836043
:10C6E00023681FFA89F509F10109586E0368DB68B0
:10C6F00098478542BEDB21463846FFF77FF9DDEDDE
:10C700000FBA9DED10BA4FF00009DDED11AACDED85
:10C7100000BA8DED01BACDED02AA32E06F12833A74
:10C72000EFFF7FBFEFFF7F3F746A00200050C347D9
:10C730000050C3C700007A4300000000236805EBE7
:10C740004505586E03689B68984723685A6E00EB4E
:10C750008503AD0093ED009A1046D3ED018A93ED69
:10C76000028A39EE6B9A116878EECB8A38EE6A8AC3
:10C770008B689847284480ED009AC0ED018A80EDCF
:10C78000028A23681FFA89F509F10109586E0368C6
:10C79000DB6898478542D1DB1FED1CBA4FF00009DA
:10C7A0001FED1D9AF0EE4BBAF0EE49AA35E0236872
:10C7B00005EB4505586E03689B689847226800EBB7
:10C7C0008503506EAD00D3ED008A93ED018AF4EE3F
:10C7D0006B8A026893ED02CA9368F1EE10FAB4EE28
:10C7E0004B8A48BFF0EE68BAF1EE10FAF4EE6A8AAE
:10C7F00048BFB0EE48BAF1EE10FAB4EE498A78FEBE
:10C80000AAAAF1EE10FA38FE099A98472844C0ED1A
:10C81000008A80ED018A80ED02CA23681FFA89F53B
:10C8200009F10109586E0368DB6898478542BEDB51
:10C8300096ED0F7A79EE4B7A33787AEEEBAA7AEEB0
:10C84000478A39EEC78A092B88EEAA9AC8EE279A3A
:10C850002BD096ED106AD6ED116AB4EEE99AB6EED9
:10C86000007AF1EE10FA58BFB0EE699A29EE069AF6
:10C87000F4EE499AE9EE6A8AF1EE10FA79FE299A05
:10C8800069EEA69A68EE878AA9EEE78A28EE078AFB
:10C89000082B0AD8DFE813F00D00A5002D019B003E
:10C8A00009009900A000A3009E001FED5D8AF0EE34
:10C8B000488A5FED606A06F1040996ED066A404613
:10C8C000D6ED097A3A461FED64AA4946E6EE267A85
:10C8D00096ED055AB0EE4A6A96ED087AD6ED075AFB
:10C8E0004FF00008A5EE267AA5EEA66ACDED107AE7
:10C8F0008DED0F7A8DED116AFAF752FE55E023683F
:10C9000005EB4505586E03689B689847034696F803
:10C9100048C00BAA03EB850349463846AD0093EDAA
:10C92000007AD3ED017AD3ED026A29EE077A69EE37
:10C93000A77A76EE8A6ABCF1000F01D0B1EE477A91
:10C9400096F8493037EE287A0BB1F1EE677A77EE38
:10C95000887ACDED0D6A8DED0B7ACDED0C7AFAF774
:10C960001FFE23689DED0F6ADDED106ADDED117A83
:10C970009DED085ADDED095A9DED077A76EE856A40
:10C98000586E77EEA57A37EE067A03689B68CDED90
:10C990000C6A8DED0B7ACDED0D7A98470B990C9AB8
:10C9A00028440D9B01604260836023681FFA88F56C
:10C9B00008F10108586E0368DB68984785429EDBE2
:10C9C00017B0BDEC0C8BBDE8F083F1EE688A1FED6B
:10C9D000A68A6EE7F1EE688AB1EE488A69E7B1EEA1
:10C9E000488A5FEDAB8A64E7F4EE67CA0023F1EE94
:10C9F00010FA7CFEA77AF5EEC07AF1EE10FA3FF657
:10CA0000A9AD4FF07E520FAF0DF11C0804930593B2
:10CA10000693039213E65FEDB87AB4EE677AF1EE0F
:10CA200010FA47D1F0EE66CAF0EE679AB0EE677A78
:10CA3000B0EE67DAF0EE676A1FEDC16AF7EE005AF2
:10CA400037EE66AAD9EE86CAA9EEC6DA77EEA59ABF
:10CA50002CEEAC0AA9EEA90AADEE0D0AAAEE0A0A5E
:10CA6000B4EE460AF1EE10FA55D4F1EEC07AF7EEC4
:10CA7000006A86EEA77A69EE877A27EE2C6A67EE5F
:10CA80000D6A27EE0A7AB7E577EEEC7AF0EEE77AF0
:10CA9000F4EEE67AF1EE10FA2ED569EEEA9A6AEE35
:10CAA0004C7AEBEE0A9AEAEE8B7AB0EE69DAF0EEA7
:10CAB000679A63E58DEE07DA9FED1C6ACCEE87CAB4
:10CAC000C9EE879A6DEE276A2CEEA77A77EE267A62
:10CAD00077EEA97AF4EEC67AF1EE10FA7FF57CAD26
:10CAE0009FED137ADFED136AB0EE476ADFED127A3D
:10CAF00082E5F1EE688ADCE66BEECBBA2AEE4CCA30
:10CB0000F0EE4D9AEAEE8ABAAAEE8BCAB0EE6BDA74
:10CB1000F0EE4CCA32E50AF0A3FDF0EE407AA6E74B
:10CB20000AF09EFDB0EE407A36E500BFEFFF7FBF12
:10CB300000000000698FE0BCD8F97F3F054B5A69BF
:10CB400010B4511C1C6944F822005DF8044B596173
:10CB5000704700BFECAC002090F8A936844673B152
:10CB600090F8043653B14FF07E5201200CF24C5332
:10CB7000CCF864158CF850059A667047704701230D
:10CB80000A46B7EE000A194680F8A936FEF7A6BF96
:10CB90002DE9F04F8F4C2DED028BA4F12C0B9FED66
:10CBA0008E8A81B0A4F15C0A04F130002146FFF7BF
:10CBB000D3FFA4F15009B0EE480A5A460BF15C00CD
:10CBC00028230A21A4F11408FEF788FFB0EE480AD2
:10CBD00052460AF18C0028230A21FEF77FFFB0EEAF
:10CBE000480A4A4609F1800028230A21FEF776FF09
:10CBF000A4F14402B0EE480A282302F174000A218D
:10CC0000FEF76CFFA4F12002B0EE480A282302F1DF
:10CC100050000A21FEF762FFA4F16802B0EE480A54
:10CC2000282302F198000A21FEF758FFA4F13802E8
:10CC3000B0EE480A282302F168000A21FEF74EFFF1
:10CC4000A4F64C029FED650A282302F67C000A2117
:10CC5000FEF744FFA4F58A72B0EE480A282302F5D5
:10CC6000A2700A21FEF73AFFA4F1C00204F6885729
:10CC700004F2DC64B0EE480A02F1F00028230A2135
:10CC8000FEF72CFF04F62836B0EE480A424608F1BB
:10CC9000440028230A2104F6A875FEF71FFFB0EE12
:10CCA000480A3A46A7F6585014230A21FEF716FF01
:10CCB000B0EE480A3246A4F2AC6014230A21FEF713
:10CCC0000DFFB0EE480A2A46A4F2AC6014230A21F4
:10CCD000FEF704FF20464249FFF73EFFB0EE480A48
:10CCE0005A46204628230A21FEF7F8FEB0EE480AED
:10CCF0005246204628230A21FEF7F0FEB0EE480AED
:10CD00004A46204628230A21FEF7E8FEB0EE480AEC
:10CD1000A4F5E462204628230A21FEF7DFFEB0EEE8
:10CD2000480AA4F2FC62204628230A21FEF7D6FE18
:10CD3000B0EE480AA4F24472204628230A21FEF7E6
:10CD4000CDFEB0EE480AA4F21472204628230A2130
:10CD5000FEF7C4FEB0EE480AA4F628722046282347
:10CD60000A21FEF7BBFEB0EE480AA4F5FE6220469B
:10CD700028230A21FEF7B2FEB0EE480AA4F29C7204
:10CD8000204628230A21FEF7A9FEB0EE480A4246B3
:10CD9000204628230A21FEF7A1FEB0EE480A3A46B3
:10CDA000204614230121FEF799FEB0EE480A3246D0
:10CDB000204614230121FEF791FEB0EE480A142309
:10CDC0002A460121204601B0BDEC028BBDE8F04FA0
:10CDD000FEF784BEF8B70020000000009A99193EC3
:10CDE0000C61002030B44FF07E514FF080400022A3
:10CDF000284C0025284B62602560A160E06001247A
:10CE00005A601C60022498601C610324D9601C6273
:10CE1000042459611C63052498611C644FF48074D8
:10CE2000DA611C6540F2011459629A62D862586353
:10CE30009A63D96358649964DA645A659965D865C8
:10CE40005A669866D9661C664FF4817459671C67E8
:10CE500040F203149867C3F880404FF48274DA6795
:10CE6000C3F8904040F20514C3F88410C3F8A04002
:10CE7000C3F88820C3F88C00C3F89400C3F8982046
:10CE8000C3F89C10C3F8A400C3F8A810C3F8AC20E2
:10CE900030BC7047746A002098C301202DE9F04F20
:10CEA0002DED108B9BB0FB4FFDF7AEFAF3EE0B5A56
:10CEB000B2EE085AF84BF94A0026F949DFF804E4C3
:10CEC000DFF804C49FEDF76ADFEDF76A9FEDF77AAC
:10CED000DFEDF77AF74DF848DFF8F083DFF8F0A3DD
:10CEE000DFF8F093DFEDF54ADFF8ECB39FEDF44A9D
:10CEF000C3ED455AC3ED475AC3ED495AC3ED4B5AEA
:10CF0000C3F8D0E0C3F8E0E0C3F8B0C0C3F800C194
:10CF1000C3F818C1C3F8B4B0C3F8B870C3F8BCB054
:10CF2000C3F8C050C3F8C4B0C3F8CCB0C3F8D4B091
:10CF3000C3F8F050C3F8F870C3F82071C3F8285153
:10CF4000C3F8DC20C3F8E420C3F8EC20C3F8F420D5
:10CF5000C3F8FC20C3F80421C3F80821C3F80C214E
:10CF6000C3F81021C3F8C800C3F8E800C3F8D8809C
:10CF7000C3F83001C3ED4D5AC3F838E1C3ED4F5A41
:10CF8000C3ED515AC3F858E183ED625A83ED645AF8
:10CF900083ED536A83ED556A83ED576A83ED596AD1
:10CFA00083ED5B6A83ED5D6A83ED5F6A83ED616AA1
:10CFB00083ED636AC3ED656AC3ED676AC3ED696AB1
:10CFC000C3ED6B6AC3F84811C3F878C1C3F8A0C1B8
:10CFD000C3F84081C3F85081C3F86001C3F86851B9
:10CFE000C3F87071C3F88021C3F89821C3F8A87101
:10CFF000C3F8B051C3ED6D6AC3ED6F6AC3F8C0E109
:10D00000C3ED716AC3ED736AC3ED756AC3F8E8E1F5
:10D0100083ED865A83ED885A83ED777A83ED797AAA
:10D0200083ED7B7A83ED7D7A83ED7F7A83ED817A60
:10D0300083ED837A83ED857A83ED877AC3ED897AF0
:10D04000C3ED8B7AC3ED8D7AC3F8D011C3F8D81134
:10D05000C3F808C2C3F830C2C3F8B801C3F8C88126
:10D06000C3F8E081C3F8F001C3F8F851C3F80072C7
:10D07000C3F81022C3F82822C3F83872C3ED8F7AA0
:10D08000C3ED917AC3ED937AC3F850E2C3ED957A7C
:10D09000C3ED977AC3ED997AC3F878E283EDAA5A83
:10D0A00083EDAC5AC3F86012C3F86812C3F898C293
:10D0B000C3F84052C3F84802C3F85882C3F87082DC
:10D0C000C3F88002C3F88852C3F89072C3F8A02254
:10D0D000C3F8B822C3F86CA2C3F874A2C3F87CA248
:10D0E000C3F884A2C3F88CA2C3F894A2C3F89CA28C
:10D0F000C3F8A4A2C3F8ACA2C3F8B492C3F8BC921C
:10D10000C3F8E0E2C3F800E3C3EDCD4AC3EDCF4A74
:10D11000C3F8C0C2C3F8F012C3F8FC12C3F804137A
:10D12000C3F80C13C3F81413C3F81C13C3F820C3BB
:10D13000C3F82413C3F82C13C3F830C3C3F8C49244
:10D14000C3F8C872C3F8CC92C3F8D052C3F8D492D3
:10D15000C3F8D802C3F8DC92C3F8E492C3F8E882BB
:10D16000C3F8EC92C3F8F492C3F8F882C3F808034A
:10D17000C3F81053C3F81873C3F82823C3F83873DF
:10D18000C3F84053C3F874B3C3F87CB3C3F884B393
:10D19000C3F88CB3C3F894B303F5806BC3EDD14AE5
:10D1A000C3EDD34AC3F850E3C3EDD54AC3F870E3E7
:10D1B000C3F8C0E383EDD74A83EDD94A83EDDB4A58
:10D1C000C3F890C3C3F8A0C3C3F84803C3F8580317
:10D1D000C3F86053C3F86873C3F87803C3F8805387
:10D1E000C3F88873C3F89823C3F89C23C3F8A42317
:10D1F000C3F8A873C3F8AC23C3F8B053C3F8B4237F
:10D20000C3F8B803C3F8BC23C3F8C423CBF8002089
:10D2100003F2044BC3EDF55ACBED005A03F5816BD5
:10D22000C3F8D8E38BED005A03F20C4BC3EDF75A69
:10D230008BED006A03F5826BC3EDF95ACBF8002041
:10D2400003F2144BC3EDFB5A8BED006A03F5836BBD
:10D25000C3EDFD5ACBF800C003F21C4BC3EDFF5ADF
:10D260008BED006A03F5846BC3F8F8C3CBF800704C
:10D2700003F2244BC3F8C8838BED006A03F5856B7A
:10D28000C3F8CC23CBF8005003F22C4BC3F8D08367
:10D2900024E000BF0000104298C301200000A0411C
:10D2A0000000984200000842000024420000404272
:10D2B00000005C4200003042000050420000A642E4
:10D2C0000000B442000070420000E04100008842CB
:10D2D0000000784200008A42000050418BED006A55
:10D2E00003F5866BC3F8E003CBF8000003F2344B80
:10D2F000C3F8E8538BED006A03F5876BC3F8F0734E
:10D30000CBF800E003F23C4BF54C8BED006A03F5E3
:10D31000886BCBF8008003F2444B8BED006A03F579
:10D32000896BCBF8001003F24C4B8BED006A03F5D0
:10D330008A6BCBF8001003F2544BCBED006A03F577
:10D340008B6BCBF8008003F25C4BCBED006A03F5EE
:10D350008C6BCBF800E003F2644BCBED006A03F575
:10D360008D6BCBF8000003F26C4BCBED006A03F53C
:10D370008E6BCBF8005003F2744BCBED006A03F5D3
:10D380008F6BCBF8007003F27C4BCBED006A03F59A
:10D39000906BCBF800C003F2844BCBED006A03F531
:10D3A000916BCBF8002003F28C4BCBED006A03F5B8
:10D3B000926B8BED005A03F2944BCBED006A03F5B0
:10D3C000936B8BED005A03F29C4B8BED007A03F5C7
:10D3D000946BCBF8002003F2A44B8BED007A03F59D
:10D3E000956BCBF800C003F2AC4B8BED007A03F5E4
:10D3F000966BCBF8007003F2B44B8BED007A03F51B
:10D40000976BCBF8005003F2BC4B8BED007A03F521
:10D41000986BCBF8000003F2C44B8BED007A03F558
:10D42000996BCBF800E003F2CC4B8BED007A03F55F
:10D430009A6BCBF8008003F2D44B8BED007A03F5A6
:10D440009B6BCBF8001003F2DC4B8BED007A03F5FD
:10D450009C6BCBF8001003F2E44BCBED007A03F5A4
:10D460009D6BCBF8008003F2EC4BCBED007A03F51B
:10D470009E6BCBF800E003F2F44BCBED007A03F5A2
:10D480009F6BCBF8000003F2FC4BCBED007A03F569
:10D49000A06BCBF8005003F2045BCBED007A03F5F0
:10D4A000A16BCBF8007003F20C5BCBED007A03F5B7
:10D4B000A26BCBF800C003F2145BCBED007A03F54E
:10D4C000A36BCBF8002003F21C5BCBED007A03F5D5
:10D4D000A46B8BED005A03F2245BCBED007A03F5CD
:10D4E000A56B8BED005A03F22C5BCBF800A003F583
:10D4F000A66BCBF8002003F2345BCBF800A003F559
:10D50000A76BCBF800C003F23C5BCBF800A003F59F
:10D51000A86BCBF8007003F2445BCBF800A003F5D6
:10D52000A96BCBF8005003F24C5BCBF800A003F5DD
:10D53000AA6BCBF8000003F2545BCBF800A003F514
:10D54000AB6BCBF800E003F25C5BCBF800A003F51B
:10D55000AC6BCBF8008003F2645BCBF800A003F562
:10D56000AD6BCBF8001003F26C5BCBF800A003F5B9
:10D57000AE6ACAF8001003F2745ACAF8009003F5B4
:10D58000AF6ACAF8008003F27C5ACAF8009003F52B
:10D59000B06ACAF800E003F2845ACAF8009003F5B2
:10D5A000B16ACAF8000003F28C5ACAF8009003F579
:10D5B000B26ACAF8005003F2945ACAF8009003F510
:10D5C000B36ACAF8007003F29C5ACAF8009003F5D7
:10D5D000B46ACAF800C003F2A45ACAF8009003F56E
:10D5E000B56ACAF8002003F2AC5ACAF8009003F5F5
:10D5F000B66A8AED005A03F2B45ACAF8009003F5ED
:10D60000B7694FF0010AC9F8002003F2BC5204F5D3
:10D610000379116003F5B862C2F800C003F2C45286
:10D62000116003F5B962176003F2CC52116003F583
:10D63000BA62156003F2D452116003F5BB626661F1
:10D64000106003F2DC522677116003F5BC62C2F869
:10D6500000E003F2E452116003F5BD62C2F80080FD
:10D6600003F2EC524FF00208116003F5BE62C2F8FB
:10D6700000E003F2F452C2ED004A03F5BF6210600D
:10D6800003F2FC52C2ED004A03F5C062156003F2DA
:10D690000462C2ED004A03F5C162176003F20C6236
:10D6A000C2ED004A03F5C262C2F800C003F2146280
:10D6B000C2ED004A03F5C362176003F21C62094F12
:10D6C00082ED004A03F5C462156003F2246200256E
:10D6D00082ED004A03F5C56203F22C6304E000BF4B
:10D6E000ECAC00204838002010600C20EB4A83EDA1
:10D6F000004A2260EA4BEB4AC4E901230323E360BA
:10D7000011F07EFCE84B84F8EC602362C4F8F8600A
:10D710002061C4F8FC50C4F80051C4F80451C4F8A6
:10D720000851C4E93C66FCF745FEC4F8F000FCF77C
:10D7300041FEC4F8F400FCF73DFE04F58C7CDB4BA5
:10D74000C4F8F80004F58670C4F844C104F5927C6E
:10D75000D74AD8492360C4F88001D74BC4F84001A8
:10D7600004F59870C4F848C107F1280CC4F81021DA
:10D77000C4F894C1C4F81821C4F81C21C4F830615D
:10D78000C4F80C11C4F8281184F87C6184F8906105
:10D79000C4F81431C4F82031C4F82C31C4F8840121
:10D7A000C4F82451C4F85851C4F85C51C4F860510D
:10D7B000C4F86451C4F86851C4F86C51C4F870518D
:10D7C000C4F87451C4F87851C4F83C71C4E94DA848
:10D7D000C4F8B051C4F8E031C4F8EC31C4F8F83101
:10D7E00004F5EC73C4F8DC21C4F8983104F5F27345
:10D7F000C4F8E421C4F89C3104F5F873C4F8E821B6
:10D80000C4F8A03148F28003C4F8FC014846ADF8E2
:10D810005830802384F8D46184F80862C4F8D811A1
:10D82000C4F8F41116A9C4F8B451C4F8B851C4F836
:10D83000BC51C4F8C051C4F8C451C4F8C851C4F8AC
:10D84000CC51C4F8D051C4F8F0518DF85A3009F0D9
:10D85000D1F804F5067009F065F804F59E71974A51
:10D860004FF07C53C4F8781204F5CA71C4F89C22B6
:10D870004FF07A52C4F87C1204F57D709049C4F8D8
:10D88000C8224FF07F52C4F890128E49A4F8A862C3
:10D89000C4F894128C49A4F8BC62C4F898128B495D
:10D8A000C4F8DC32C4F8A0128949C4F8EC32C4F8D8
:10D8B000A4120A21C4F8CC2284F8BE1207F14C014C
:10D8C000844AC4F8C012844984F884A2C4F8D012EF
:10D8D0008249C4F88092C4F8E0128149C4F88852A1
:10D8E000C4F8F0124FF08041C4F88C52C4F8AC5226
:10D8F000C4F8B052C4F8B452C4F8B85284F8C48220
:10D9000084F8D482C4F8D85284F8E482C4F8E85287
:10D9100084F8F482C4F8FC324BF25303C4F80423B5
:10D92000A4F808334FF07E53C4F82C13B4F807134F
:10D93000A4F81023A4F8131394F80913694A84F87F
:10D9400015136949C4F84433C4F8001307F168019A
:10D95000C4F84833C4F80C1304F54171C4F84C33CF
:10D96000C4F818134EF6A041C4F8643384F81213B7
:10D9700007F17C01C4F86833C4F83C135B49A4F890
:10D9800034634FF4C876C4F850135949C4F8F852B8
:10D99000C4F854135749C4F81C53C4F858135649D3
:10D9A000C4F82053C4F85C1307F18801C4F8245369
:10D9B000C4F82853C4F83053C4F83853C4F860533B
:10D9C000C4F86C53C4F87433C4F87C33C4F894338B
:10D9D000C4F89C33C4F8A833C4F8AC33C4F8C833D3
:10D9E000C4F8CC33C4F8D833C4F8E033C4F8702397
:10D9F000C4F88023C4F88823C4F88C23C4F8A02377
:10DA0000C4F8B423C4F8B823C4F8C023C4F8D4239A
:10DA1000C4F8E423C4F8EC23C4F87853C4F884535E
:10DA2000C4F89053C4F89853C4F8A453C4F8B0533E
:10DA3000C4F8BC53C4F8C453C4F8D053C4F8DC537E
:10DA4000C4F8E853C4F8F0234FF480720BF082FE60
:10DA500007F188014FF4807204F2F4400BF07AFE73
:10DA600004F54373C4F840330BF026FD05460BF074
:10DA700023FD54FA80F054FA85F3013E90F8F41433
:10DA800093F8F42483F8F41480F8F424ECD11B49BF
:10DA90001B4801F500761B4D001B35E0502300208C
:10DAA000886A012038EE0020CDCC4C3DBC210020FE
:10DAB0000000FAC40000FA44000096440000A040B0
:10DAC00000003D430000BA420000564300808B43F3
:10DAD0000000C8420E21A0EC33338B4014AE474007
:10DAE0003D0AF73F000080BF85EB9140AE67BB3E2B
:10DAF0008C65583EABAAAA3EABAA2A3EDFB20020F4
:10DB00000DFAFFFFABAAAAAA431854FA83F393F8BD
:10DB1000F424A5FB027301F8012FB1424FEAD303AD
:10DB200003EB4303A2EB830281F80022ECD1E24F26
:10DB30004FF47F4AE14A4FF00008E14B1220FA64AB
:10DB400007F11809DF4A3B613A65DF4BDF4A7B6129
:10DB5000C4F8F8290222DE4B9FEDDE8ADFF8B8B365
:10DB6000DD4E84F8FC29C4F8203A0623DB4A84F809
:10DB70002C3AFA6087ED008AC4F8146AC4F8186A6F
:10DB800087ED0F8A87ED108A87ED118A87ED128A5B
:10DB9000C4F80CBAC4F810BAA4F81CAA11F030FAF0
:10DBA0000546C4F8240AC0F80C80A0F81080DFED08
:10DBB000CC9A9FEDCC9ADFEDCC8AC0E90188122087
:10DBC00011F01EFAC94BC4F8280AAC4603F1300222
:10DBD000C4F84C3A07F20C638646CDF80C90B0EED0
:10DBE000000A03F6982103F69C2003F6A42507F506
:10DBF0006A6304920091019005950293039DC4F815
:10DC0000586AC4F85C6A41F69426C4F850BAC4F85D
:10DC100054BA2644A4F860AAB9E80F00ACE80F0093
:10DC20000FCDD9F800904FF0FF35AEE80F0007F1A7
:10DC30005C0107F17000ACF80090AEF8009008F0BD
:10DC40009BFD0DF1580C4FF0FF0907F1B00087ED77
:10DC50002B8A6146ADF858908DF85A8008F0CAFEBC
:10DC60000DF1580C4AF2FF5307F1BC008DF85A80B1
:10DC70006146ADF8583008F0BDFE4FF0FF3C07F1AB
:10DC8000C8008DF85A50ADF858C00DF1580C6146D7
:10DC900008F0B0FE0DF1580C07F1D400ADF858A013
:10DCA00061468DF85A8008F0A5FE0DF1580C07F179
:10DCB000E0008DF85A506146ADF8588008F09AFEA1
:10DCC0004FF0FF3C07F1EC008DF85A80ADF858C0DA
:10DCD0000DF1580C614608F08DFE0DF1580C07F15E
:10DCE000F8008DF85A506146ADF8589008F082FE61
:10DCF0000DF1580C07F58270ADF8588061468DF82B
:10DD00005A8008F077FEA4F8088BC4F804BB07F526
:10DD1000A670B4F8073B764DA4F8133B97F815317D
:10DD200005F5A271C4F80C5B87F821310D46714BE3
:10DD3000C4F83C1BC7F8383107F5887387ED4A8A69
:10DD4000C4F8183B87ED4B8A87ED4C8A87ED4D8AE6
:10DD500087ED4F8A87ED518AA4F8348BA4F810BB65
:10DD600084F812AB08F02CFD07F20C63C7F8F457E7
:10DD700007F5FF60049D87F84C87C7F894561F4647
:10DD8000A3F8E48108F01CFD3B460099B7EE000AB9
:10DD90001A46C3F8BCBCC3F8C0BC4F4B0198C2F8CC
:10DDA000C43CC2F8C83C544BC7F834571293534B89
:10DDB000059DC2F8943802F6A823A7F8CCAC83EDF1
:10DDC000008A02F6AC2387F8EC87A7F8908804F560
:10DDD000D55781ED008A02F6BC4183ED008A80238D
:10DDE00080ED008A01F11400C2F8B83C85ED008A8C
:10DDF00087ED008ACDED139A08F0BEFC4FF080430A
:10DE00000E930EAB1A4612AB194616AB184608F025
:10DE1000B9F83B4A009902F54D630198C7ED009AA5
:10DE2000C2F80C3D169B0B60179B0360354B2B60B3
:10DE30004FF48073029DA2F8B93C012382F8BB3CE9
:10DE4000482011F0DDF8002345F8040FB54280F8B2
:10DE50002C3003642C4B80ED009A80ED0C8A80ED11
:10DE60000D8AC0ED0F8A80ED118A8363E8D1274DBA
:10DE7000B7EE000A264B41F6107605F1E00BA5F54A
:10DE80007262129305F50C79139305F21B21214B55
:10DE90004846DFF888C0A5F10C0885ED008AA5F199
:10DEA000040A88ED008AA5F108078AED008A264455
:10DEB00087ED008A34E000BFE0B60020000040405B
:10DEC0006666663F0000E0406666D640602300203C
:10DED0003C230020000000000000FFFFCDCC4C3FA1
:10DEE0000000C842CDCCCC3E00000C42D839002006
:10DEF000B03800200000AF43000048430422002057
:10DF0000ECBC002000004842000070410CCC002016
:10DF10000000204300FFFF00FF0000FF800000FF23
:10DF2000A5F50475CBE95133E54BC2F8103D02F677
:10DF3000247383ED008A02F6287383ED008A02F6CB
:10DF40002C7383ED008ADF4BCBE94EC34FF47F0384
:10DF5000CBF84031FF238BF84C3108F00DFC4FF02B
:10DF600080430EAA12A916A80E9308F00BF8169B70
:10DF70008AED008AC8F800304FF00008179BCBF8F4
:10DF80008C913B6040F20113DFF878A3DFF87893BF
:10DF900085ED848AABF839314820002711F030F83C
:10DFA000C94B45F8040FAE42C0F800A0C0F830805D
:10DFB000C0F83480C0F83C90C0F84480836380F897
:10DFC0002C700764E8D10423C04DB7EE000A4FF06F
:10DFD0008049CBF8C033A5F11401CBF8783428463A
:10DFE000BB4B4FF07E5ACBF89483CBF83035CBF84F
:10DFF0003435B44BCBF89883CBF83835CBF83C3577
:10E00000B44BCBF89C831293B34BCBF8A083139300
:10E01000B24BCBF8A483CBF89031B14BCBF8A883AB
:10E02000CBF8AC338023CBF8B8838BF8BC330BF23E
:10E0300064438BF87474C3F800800BF58D63A94EAC
:10E04000C3F800800BF26C43C3F800800BF58E63BD
:10E05000C3F800800BF21C53C3F800800BF5A463D7
:10E06000C3F800800BF22453C3F800800BF5A563BE
:10E07000C3F800804FF48073ABF82C354FF47F4326
:10E08000ABF8403508F078FB12A90EAA16A8CDF817
:10E09000389007F077FF169B05F14800924ACBF8BD
:10E0A0009433179BCBF89C83CBF898330123CBF8A0
:10E0B000A083CBF890350BF29C53CBF88055C3F876
:10E0C00000800BF5B463C5F87C80C3F800800BF2C8
:10E0D000A453C3F800800BF5B563C3F800800BF2BE
:10E0E000AC53C3F800800BF5B663C3F800800BF2A5
:10E0F000B453C3F800800BF5B763C3F800800BF28C
:10E10000BC53C3F800800BF2C453C3F800800BF576
:10E11000B963C3F800800BF2CC53C3F800800BF551
:10E12000BA63C3F800800BF2D453C3F800800BF538
:10E13000BB63C3F800800BF2DC53C3F800800BF51F
:10E14000BC63C3F800800BF2E453C3F800800BF506
:10E15000BD63C3F800800BF2EC53C3F800800BF5ED
:10E16000BE63C3F800A00BF2F4531A604FF4000230
:10E170000BF5BF631A604FF48033CBF8FC350BF21C
:10E180000463CBF88C650C36C3F800800BF5C163D3
:10E19000C5F8BC80C3F80080EDF7E6F8D4F8883203
:10E1A0000EAA12A9129305F1C800D4F88C32CDF84A
:10E1B00058A01393D4F89032CDF85C800E93D4F825
:10E1C0009432CDF860800F9316ABCDF8648008F0E0
:10E1D000C5FBD4F898320EAA12A905F58A701293DD
:10E1E000D4F89C32CDF858A01393D4F8A032CDF8CF
:10E1F0005C800E93D4F8A432CDF860800F9316ABF8
:10E20000CDF8648008F0AAFB16AB0EAA12A905F59A
:10E21000B070CDF858A005F6BC2ACDF84880CDF8EE
:10E220004C80CDF83880CDF83C80CDF85C80CDF8BE
:10E230006080CDF8648008F091FBF8EE007A0BF274
:10E24000F461DFED2A6A0223DFED295A05F50F722A
:10E25000C1ED007A0BF5DF619FED266AB6EE007A1C
:10E26000C1F800900BF2FC61DFF8A0E043F60C006F
:10E27000C1ED006A0BF20471DFF894C02044C1EDD7
:10E28000007A0BF5E161DFED1C7AC1F800900BF22A
:10E290000C718BF8F036C1ED007A0F21DFED177AA3
:10E2A0008BF810170BF214718BF800370823C1EDAF
:10E2B000007A0BF5E361DFED127AC1ED007A2DE013
:10E2C000F02100200000FFFF0000704130D200204C
:10E2D000FF0000FF000048430000C842DC2100208E
:10E2E000000020421C3A0020FFFF7F7F9A99A9403E
:10E2F00000C02845008054446666D6400000AF4305
:10E3000000004845CDCCCC3E00000C4200007A44D1
:10E31000000016440000FA43008089440BF21C718F
:10E320005FED047AC1ED007A0BF5E4615FED067AEA
:10E33000C1ED005A0BF22471C1ED007A0BF5E561D5
:10E34000C1ED005A0BF22C7181ED006A0BF5E6610C
:10E3500081ED006A0BF23471C1F800E00BF5E76162
:10E36000C1F800E00BF23C71DFF80CE4C1F800E00A
:10E37000DC49C5F8FC110BF24471C1F800C00BF583
:10E38000E961C1F800C005F5E871CBF84C1705F557
:10E39000EC71CBF8501705F5F071CBF8541705F573
:10E3A000F471CBF8581705F5F871CBF85C1705F543
:10E3B000FC71CBF8601705F50071CBF864170BF50D
:10E3C000ED61C1F800800BF26C71C1F800800BF5B3
:10E3D000EE61C1F800808BF8A037AAF880300BF20C
:10E3E0007473CBF89C270BF2A472C3F800800BF572
:10E3F000EF63C2F800900BF5F562C3F800800BF2F2
:10E400007C73B949C3F8008005F5097382ED007A81
:10E410000BF6AC52CBF8843705F50A731160CBF8D4
:10E42000883705F50B73B14ACBF88C3705F50C73BB
:10E43000CAF86420CBF8903705F50D73AC4ACBF8D9
:10E44000943705F50E73CAF878200022CBF8983778
:10E4500005F64833A749CAF88460C5F83C828BF8B2
:10E46000D87DCAF86880CAF86C80CAF87080CAF88B
:10E4700074801960203343F81C1C43F8182C43F8AF
:10E48000142C43F8102C43F80C2C43F8082C43F8B8
:10E49000047C9842EDD143F6DC22974B974D002047
:10E4A000224497491D600C3343F8080C43F8041CC0
:10E4B0009A42F7D1DFF8C492002303213C22A9F845
:10E4C000403001238AF88810A9F1740089F842309D
:10E4D0000AF04EFB43F614028A49A9F66C732244F3
:10E4E00043F8201B9A42FBD143F62402864B87490E
:10E4F000224443F8201B9A42FBD1854B09F14C0181
:10E500009FED848A09F1740803F12C001A1D009113
:10E510000BF22C61039015460BF5C66003F17C06E7
:10E5200003F1540EC9F84430059109F19C0C029096
:10E530000027049609F1CC0689ED128AF7EE000A4D
:10E540009FED759AB0EE480ADFED749AB0EE00BA0E
:10E55000DFED737AF0EE608ADFED72CA9FED72CA6A
:10E56000DFED72BA9FED72AADFED72AA0FCD0195B1
:10E57000009D0FC50095019D0FCD0195009D0FC514
:10E580002A46019D95E8030082E80300039D0FCD14
:10E59000A8E80F000FCDA8E80F00674A95E8030030
:10E5A000C9F8C420654A88E80300C9F8C8204FF0BC
:10E5B0000908BEE80F00ACE80F00BEE80F00049D9C
:10E5C000C9F81871ACE80F009EE803008CE803005E
:10E5D0000FCD0FC64FF0C802A9F82C21584AC9F830
:10E5E000F420584AC9F8F820574AC9F8FC20574A7D
:10E5F000C9F80021564AC9F80421564AC9F8082129
:10E60000554AC9F80C21554AC9F81021544AC9F88D
:10E61000142189F82071C9ED507A89ED4F9A84ED63
:10E62000A49AC4EDA59AA9F8307189ED4D8A89EDB7
:10E630004E8A84EDA28A84EDA38A84F8BE820FCD2F
:10E640000FC695E8030041F2167286E803004548BC
:10E65000A4F8BC2200F57D66FEF770FA28239AF82C
:10E66000782006F5F4514048C4F88062ECF768FC65
:10E670003E49F0EE680A282301F11800B0EE480A7E
:10E680009AF87920ECF75CFC3949F0EE680A282307
:10E6900001F11400B0EE480A9AF87A20ECF750FC29
:10E6A0003449F0EE680A9AF87B20B0EE480A01F18E
:10E6B00010002823ECF744FCFEF76AFA0BF5C76359
:10E6C000B6EE007A0298D3ED007A0DF1480C83ED96
:10E6D000008A0BF2346377EEA97A059D0EAA16A97B
:10E6E0004EE000BF00001645CDCCCC3D0000C84335
:10E6F000323334356F12833AF8E40020CDCC4C3DF0
:10E700000AD7233C000080BF90DD00203333B3BE26
:10E71000543A002000000000000040430000BC42CA
:10E720000000C04200005C4300009042F304353F0B
:10E730000000FAC300004C43D0470020D847002017
:10E74000E0470020E8470020F0470020F84700207D
:10E7500000480020084800200C48002014480020F1
:10E760001C48002004AF002070DD002058DD002090
:10E770005CDD002060DD002000006144ECEC002046
:10E780008DED169A67EE877ACDED179A8DED0EBA5C
:10E79000C0ED007A6046D3ED007A83ED008A0BF27B
:10E7A0003C6377EE897A83ED009ADB4B67EE877ADC
:10E7B000C3ED009AC5ED007A07F0E4FB129B0298C6
:10E7C0000EAA2B6012A9139B84EDAB9A0360012360
:10E7D00016A8C4EDAC9A23778BF80C868DED0EBA93
:10E7E000CDED12CA8DED13CA07F0CCFB1699A6F534
:10E7F000F47006F50B63179A8DED0EBA196000F6EA
:10E800009C2312A9CDED12CA1A6000F6A4230EAA09
:10E8100016A883ED008A06F6B8038DED13CA83EDC2
:10E82000008A07F0AFFB169B89ED4F9A0C20CBF8BE
:10E830009433179BC9ED509ACBF89833B74B8BEDB7
:10E84000E78A23608BEDE88A89ED4D8A89ED4E8A4F
:10E8500010F0D6FBB24BC9F84C0103603833C9ED58
:10E86000558A4360383389ED568A8360032316A89E
:10E8700089ED578A89F850314FF4817389ED588AB0
:10E88000A9F86431CDED16BACDED0E8A8DED0F8A63
:10E890008DED108A8DED118A8DED178A8DED188A18
:10E8A0008DED198AFBF73EFDC8EE807A12AA0EA9FB
:10E8B00016A89C4D28EE677A67EEAB7A8DED137A39
:10E8C0008DED147A8DED157ACDED127AFBF746FDBC
:10E8D0009DED0EBA16A8DDED0F9A9DED109ADDEDB7
:10E8E00011BA8DED16BACDED179A8DED189ACDEDC2
:10E8F00019BAFBF717FDC8EE807A12AA8A490AA84E
:10E9000027EE8BBA67EEA99A27EE899A67EEAB7A63
:10E910008DED12BACDED139A8DED149ACDED157AD9
:10E92000FBF71CFD0EAA16A906F53E508DED168AC2
:10E93000134612AA8DED178A8DED188A8DED128A75
:10E940008DED138A8DED14AACDED0E8ACDED0F8AD3
:10E95000CDED108A07F08CFF0EAA16A97348134656
:10E9600012AA8DED168A8DED178A8DED188ACDEDE0
:10E9700012AA8DED138A8DED14AACDED0E8ACDED80
:10E980000F8ACDED108A07F073FF0EAA06F54150ED
:10E9900016A9CDED12AA134612AA8DED14AA8DED7B
:10E9A000168A8DED178A8DED188A8DED138ACDEDBF
:10E9B0000E8ACDED0F8ACDED108A07F059FF5C4B22
:10E9C0005C48AC338DED128A8DED138AC9F888321C
:10E9D00007F034FE45F6B8222B46224443F8047C67
:10E9E00043E903770C339A42F8D1534F47F2B821E9
:10E9F000002221443B4643F8042C43E903220C3314
:10EA00009942F8D14D4E00239FED4D8A12A9C6F8C8
:10EA1000C432C6F8C832129BDFED4A8AC6F8BC324F
:10EA2000139B4448C6F8C032474B86EDAD8AC6F802
:10EA3000AE320123C6EDAE8A86F8AC32F5F7A0F906
:10EA40009DED137ADDED127A16A937EE287A394852
:10EA500077EE887A8DED177ACDED167AF5F790F985
:10EA600048F2B42C394800234FF0FF32A444A0F5FB
:10EA7000005145F8043C45E9033347E9033347F8BF
:10EA8000043C0C35C1F8F82F0C37C1F8FC2F41E9D4
:10EA900002220831C0F8F82FC0F8FC2F8C4540E95D
:10EAA000022200F10800E4D1DFF8B8804FF07E5A6E
:10EAB0002748E8F79DFD4046264907F0C7FD08F2C4
:10EAC0001450254907F0C2FDD9F854219FED238A3F
:10EAD0000023169216A9D9F8582186F8103D1792EE
:10EAE000D9F85C21A6F8283D1892D9F86021184B76
:10EAF000199208F63422A3F59A77194DC2F800A0AE
:10EB000006F60452A3F59070C6F8143D82ED008A13
:10EB100006F6085228E000BF2CD300207C230020FA
:10EB2000E0690120A4EF002040EE0020B4EE0020B8
:10EB3000543A002080EF0020A4070120EC5C012063
:10EB4000000040430000C04240002000A03F0120E0
:10EB500074EF002048C4012008C701200000000015
:10EB60005C3B0020B85F0120C6F8F80C82ED008AFB
:10EB700006F60C52C6F8F45C82ED008A06F61852CE
:10EB8000C6F8FC7C82ED008A06F61C5282ED008AF3
:10EB900006F5526282ED008A06F6245282ED008A62
:10EBA000FBF7F8FBD9F85421002307F17400169203
:10EBB00016A9D9F85821C6F84C8D05F124081792EA
:10EBC000D9F85C2186F8103D1892D9F8602186F8B2
:10EBD000483D199206F63852A6F8603DC2F800A0EA
:10EBE00006F63C52C6F8347D82ED008A06F5546282
:10EBF000C6F8300D82ED008A06F64452C6F82C8D18
:10EC000082ED008A06F5556282ED008A06F65452BE
:10EC100082ED008A06F6585282ED008A06F65C52B2
:10EC200082ED008AFBF7B6FBF94A002307F1D40016
:10EC3000C6F8842D16A9D9F85421C6F8648D169209
:10EC4000D9F85821DFF8DC841792D9F85C21C6F88E
:10EC50006C7D1892D9F8602186F8483D199206F526
:10EC6000576286F8803DC2F800A006F67452A6F8F6
:10EC7000983D4FF0170A82ED008A06F67852C6F8E2
:10EC8000680D82ED008A06F67C5282ED008A06F657
:10EC9000885282ED008A06F68C5282ED008A06F5D3
:10ECA000596282ED008A06F6945282ED008AFBF7E3
:10ECB00071FBC6F8A08D43F23228DFEDD66AA7F1CA
:10ECC00008039FEDD57AA6F8AE8D05F14808C6F881
:10ECD000A83D0023C6F89C8D05F1600806F6B455E2
:10ECE00086F8803DA6F8B03D4FF0080EC5ED006AED
:10ECF00006F6B855DFEDC96A0227C94B4FF0070C7D
:10ED0000C5ED006A06F6BC55DFEDC66AA3F51472C0
:10ED1000DFEDC57A0021C5ED006A06F55C65DFED23
:10ED2000C36A4CF65050C5ED006A06F6C455DFEDD7
:10ED3000C06A2044C5ED006A06F6C855DFEDBD6A1D
:10ED4000C5ED006A06F6CC55DFEDBB6AC5ED006A7D
:10ED500006F55D65DFEDB96AC5ED006A06F6D455C6
:10ED6000DFEDB76AC5ED006A06F6D855DFEDB56A86
:10ED7000C5ED006A06F6DC55DFEDB36AC5ED006A45
:10ED800006F55E65DFEDB16AC5ED006A06F6E4558D
:10ED9000DFEDAF6AC5ED006A06F6E855DFEDAD6A56
:10EDA000C5ED006A06F6EC55DFEDAB6AC5ED006A0D
:10EDB00006F55F65DFEDA96AC5ED006A06F6F45554
:10EDC000DFEDA76AC5ED006A06F6F855DFEDA56A26
:10EDD000C5ED006A06F6FC55DFEDA36AC5ED006AD5
:10EDE000A2F50075DFEDA16AC5ED006A06F60465BF
:10EDF000DFED9F6AC5ED006A06F60865DFED9D6AE6
:10EE0000C5ED006A06F60C65DFED9B6AC5ED006A8C
:10EE100006F56165DFED996AC5ED006A06F61465D1
:10EE2000DFED976AC5ED006A06F61865DFED956AB5
:10EE3000C5ED006A06F61C65DFED936AC5ED006A54
:10EE400006F56265DFED916AC5ED006A06F6246598
:10EE5000DFED8F6AC5ED006A06F62865DFED8D6A85
:10EE6000C5ED006A06F62C65DFED8B6AC5ED006A1C
:10EE700006F56365DFED896AC5ED006A06F634655F
:10EE8000DFED876AC5ED006A06F63865DFED856A55
:10EE9000C5ED006A06F63C65DFED836AC5ED006AE4
:10EEA00006F56465DFED816AC5ED006A06F6446526
:10EEB000DFED7F6AC5ED006A06F64865DFED7D6A25
:10EEC000C5ED006A06F64C65DFED7B6AC5ED006AAC
:10EED00006F56565DFED796AC5ED006A06F65465ED
:10EEE000DFED776AC5ED006A06F65865DFED756AF5
:10EEF000C5ED006A06F65C65DFED736AC5ED006A74
:10EF000006F56665DFED716AC5ED006A06F66465B3
:10EF1000DFED6F6AC5ED006A06F66865DFED6D6AC4
:10EF2000C5ED006A06F66C65DFED6B6AC5ED006A3B
:10EF300006F56765DFED696AC5ED006A06F674657A
:10EF4000DFED676AC5ED006A06F67865DFED656A94
:10EF5000C5ED006A06F67C65DFED636AC5ED006A03
:10EF600006F56865DFED616AC5ED006A06F6846541
:10EF7000DFED5F6AC5ED006A06F68865DFED5D6A64
:10EF8000C5ED006A06F68C65DFED5B6AC5ED006ACB
:10EF900006F56965DFED596AC5ED006A06F6946508
:10EFA000DFED576AC5ED006A06F69865DFED556A34
:10EFB000C5ED006A06F69C65DFED536AC5ED006A93
:10EFC00006F56A65DFED516AC5ED006A06F6A465CF
:10EFD000DFED4F6AC5ED006A06F6A865DFED4D6A04
:10EFE000C5ED006A06F6AC65DFED4B6AC5ED006A5B
:10EFF00006F56B65DFED496AC5ED006A06F6B46596
:10F00000DFED476AC5ED006A06F6B8651AE100BF94
:10F01000CC64012001FEE44217B7D1B89EDEC8429D
:10F020003C6F0120F0271842F4CCBE42C0EC81C1F5
:10F03000A10837438186B4425DAD244232851E4328
:10F040000FCB89429B151742C3A40943D084984231
:10F0500096C32042FC08314363AE7542F24112C2AE
:10F0600013E21C43B5E6D342E483F0C1EC802943AC
:10F070009000CA4281269941E6BE27434BEA9A4254
:10F08000FB5C39C0443A2A431FA5AF42D5097442FC
:10F090000A08104388F4754201DE714125B5144316
:10F0A0005249AB42439CBF4167253A438E26854275
:10F0B000FC1805C11AA11943EF58BE42C4B1EE3F76
:10F0C00032A53D43C74B9C42F8427B42AD09F34217
:10F0D0003A528342DE315C42D8702143C2976A4281
:10F0E00085EB58C19585A7426A5EC8423FD79DC14E
:10F0F0001DA9A242C5C0CA42CE88023FFE25954244
:10F10000C3C4BB4296B2AEC0E3258742A49FBB42B4
:10F1100036AB7B4155F07E42C54FA942E6AE164163
:10F1200045985142404B4C00F2C1A542D47AE84286
:10F13000A1A7BE42AAC20C424538E0425957BD427F
:10F140006A5E1842BF3DE8423440AE424783024205
:10F15000BA49CF420F0BCB42C2973A42C78BC94242
:10F160001BEFC142375A3F4244BAD7421DC9C14280
:10F17000DF602842AC5CDA42B1A1CE4233332C428C
:10F1800056CEB942A8F517425C60D642CD0C494232
:10F190003179A542A01A0442D5E78B41B35BBC424A
:10F1A0003C4E3242C58F8941283E7742C0ECE14156
:10F1B00007DF01420C33994280F72142DDE400422F
:10F1C000F98F564222BD1542F02744425EBA7D4275
:10F1D00005C54242BA094442607627420BB5354222
:10F1E000126575429CB34B4208EC6C4278DC7A4263
:10F1F00074A4A94139741F426F928A42719BE44101
:10F200005FA955428A509142D712B5C1AA62F14214
:10F2100074B57BC12B7808432AA9CBC09C740943E1
:10F22000A2450DC1692FDC425EBA093FB23DD8420A
:10F230001AC05F4017390843924B92417A860443C3
:10F24000D3DEB6405FED486AC5ED006A06F6BC65E0
:10F250005FED4A6AC5ED006A06F56C655FED4C6AC4
:10F26000C5ED006A06F6C4655FED4E6AC5ED006A3D
:10F2700006F6C8655FED506AC5ED006A06F6CC6516
:10F280005FED526AC5ED006A06F56D655FED546A83
:10F29000C5ED006A06F6D4655FED566AC5ED006AF5
:10F2A00006F6D8655FED586AC5ED006A06F6DC65BE
:10F2B0005FED5A6AC5ED006A06F56E655FED5C6A42
:10F2C000C5ED006A06F6E4655FED5E6AC5ED006AAD
:10F2D00006F6E8655FED606AC5ED006A06F6EC6566
:10F2E0005FED626AC5ED006A06F56F655FED646A01
:10F2F000C5ED006A06F6F4655FED666AC5ED006A65
:10F3000006F6F8655FED686AC5ED006A06F6FC650D
:10F310005FED6A6AC5ED006AA2F580755FED6C6A03
:10F32000C5ED006A06F604755FED6E6AC5ED006A0C
:10F3300006F608755FED706AC5ED006A06F60C7595
:10F340005FED726AC5ED006A06F571655FED746A7E
:10F35000C5ED006A06F614755FED766AC5ED006AC4
:10F3600006F618755FED786A85ED007A06F61C756D
:10F37000C5ED006A06F572655FED7C6AC5ED006A51
:10F3800006F6247585ED007A06F628751FED807A5D
:10F3900085ED007A06F62C751FED827A85ED007AF0
:10F3A00006F573651FED847A85ED007A06F63475EF
:10F3B0001FED867A85ED007A06F638751FED887A9E
:10F3C00085ED007A06F63C751FED8A7A85ED007AA8
:10F3D00006F574651FED8C7A85ED007A06F64475A6
:10F3E0001FED8E7A85ED007A06F648751FED907A4E
:10F3F00085ED007A06F64C751FED927A85ED007A60
:10F4000006F575651FED947A85ED007A06F654755C
:10F410001FED967A85ED007A06F658751FED987AFD
:10F4200085ED007A06F65C751FED9A7A85ED007A17
:10F4300006F576651FED9C7A85ED007A06F6647513
:10F440001FED9E7A85ED007A06F668751FEDA07AAD
:10F4500085ED007A06F66C751FEDA27A85ED007ACF
:10F4600006F577651FEDA47A85ED007A06F67475CA
:10F470001FEDA67A85ED007A06F678751FEDA87A5D
:10F4800085ED007A06F67C751FEDAA7A85ED007A87
:10F4900006F578651FEDAC7A85ED007A06F6847581
:10F4A0001FEDAE7A85ED007A06F688751FEDB07A0D
:10F4B00085ED007A06F68C751FEDB27A85ED007A3F
:10F4C00006F579651FEDB47A85ED007A06F6947538
:10F4D0001FEDB67A85ED007A06F698751FEDB87ABD
:10F4E00085ED007A06F69C751FEDBA7A85ED007AF7
:10F4F00006F57A651FEDBC7A85ED007A06F6A475EF
:10F500001FEDBE7A85ED007A06F6A8751FEDC07A6C
:10F51000C5ED007A06F6AC75C2ED027A85ED007A8B
:10F5200006F57B651FEDC57AC2ED057A85ED007A9B
:10F5300006F6B4751FEDC87AC5ED007A06F6B87503
:10F54000C2ED087A85ED007A06F6BC751FEDCD7A1E
:10F5500085ED007A06F57C651FEDCF7AC5ED007A62
:10F5600006F6C47585ED007A06F6C8751FEDD37AE8
:10F5700085ED007A06F6CC751FEDD57AC5ED007ADB
:10F5800006F57D6585ED007A06F6D4751FEDD97A0E
:10F5900085ED007A06F6D8751FEDDB7AC5ED007AA9
:10F5A00006F6DC7585ED007A06F57E651FEDDF7ADF
:10F5B00085ED007A06F6E4751FEDE17AC5ED007A77
:10F5C00006F6E87585ED007A06F6EC751FEDE57A2E
:10F5D00085ED007A06F57F651FEDE77AC5ED007AC7
:10F5E00006F6F47585ED007A06F6F87506F6FC76F3
:10F5F000C6ED007AE64E2E600326E64D1560E64D18
:10F600005560E64DD560E64D1561E64D9561E64DD8
:10F61000D561E64D5562E64D95620D25C2ED0B7A3A
:10F62000C2F854E0C2F890E0C2E90F5E0E25C2E9CC
:10F63000136506260525C2E916650D2506261566FD
:10F640000B25C2E91A650F260425C2E91E650A26A4
:10F650000325C2E922650C260A25C2E92565222672
:10F660002425C2E9276523261325C2E92965122529
:10F670001026C2F8AC50CF4D1563CF4D5563CF4D1A
:10F680009563012555661525C2E911C7C2E91CC756
:10F69000C2E9207CC2E92C6514261225C2F8C0A05C
:10F6A000C2F828C1C2E92E6516261925C2E93265BD
:10F6B0001B261C25C2E935651B252526C2E9375ABC
:10F6C0002625C2E93965C2F80C5128261F25C2E952
:10F6D0003B651E262025C2E93E6522262125C2E97A
:10F6E000406524252526C2F808512725C2E944652E
:10F6F00028261425C2E946650B260D25C2E9486572
:10F7000009250E26C2E94B571825C2F8C4501A2500
:10F71000C2F8D0501D25C2F8F4500C25C2E94D6541
:10F7200005250D26C2F83CE1C2F840510625C2F875
:10F7300044E1C2F878E14FF0310EC2F85871C2F8D6
:10F740006CC1C2F874C14FF02D0CC2E95265042699
:10F750000B25C2E954650F250926C2E95765032523
:10F76000C2F870510A25C2F87C512225C2F8845192
:10F770001025C2F894511225C2F8A0511625C2F8DE
:10F78000AC511925C2F8B4512125C2F88051232566
:10F79000C2F888511325C2F89051C2F89851152526
:10F7A000C2F89C511C25C2F8B0511125C2F88C51E9
:10F7B0001B25C2E95977C2E9691AC2F8B8511C255C
:10F7C0003327C2F8BC11C2E9705A28254FF0210A2C
:10F7D000C2F8D0511E25C2F8DC512325C2E97AA512
:10F7E0002425C2F8F0511525C2F8F8511425C2F8A5
:10F7F00000522725C2F8C851C2F8FC512525C2F88D
:10F80000CC51C2F8F4512025C2F8D451C2F8E451C9
:10F810001F25C2F8D851C2F8E0513225C2F804526F
:10F82000C2F838523425C2F80852C2F834522F2593
:10F83000C2E985C52A25C2F81C52C2F830522C25CF
:10F84000C2E989553025C2E983E52B25C2F820524B
:10F850002925C2F82C522F25C2E98F752D25C2F813
:10F860004C82C2F844522E25C2F848521D4685EDFE
:10F87000068A403505ED098A05ED088A05ED078AF7
:10F8800005ED068A05ED058A05ED048A05ED038A76
:10F8900005ED028A05F8041CA842E8D1DFF82CC166
:10F8A0004CF24C2682F8601D0CF522702644C2F8FA
:10F8B00050CD07460546C2F8540D29680C35403333
:10F8C00001EB41010CEB810143F8401C55F8081C89
:10F8D00001EB41010CEB810143F83C1C55F8041C81
:10F8E000AE4201EB41010CEB810143F8381CE4D13D
:10F8F000334B4DF6680533494FF0000CC2F8643DB8
:10F9000025440B460022C3F818C0403343F824CCEA
:10F9100043F820CC43F81CCC43F818CC43F814CC63
:10F9200043F810CC43F80CCC43F808CC03F8042C73
:10F930009D42E8D1244A4DF6F0254FF0000C2544B5
:10F940001346C3F800C00C3343F808CC43F804CC8A
:10F950009D42F6D1DFF8788000254CF23C0388F810
:10F96000FC5A2344194DC8F8F07A2F680C350C3234
:10F9700042F80C7C55F8087CAB4242F8087C55F8FC
:10F98000047C42F8047CF0D14DF6680222E000BF0E
:10F99000A8C6D542098A61415BD1D242584AD941B1
:10F9A000DED30043E14B0542573BFC42BAC9FC4160
:10F9B000DD44D6420000A042000034430000B442BF
:10F9C000E43B0020547A012054850120A06A0120E4
:10F9D000EC7C012003680C30403103EB430302EB65
:10F9E0008303234441F8403C50F8083C03EB4303B5
:10F9F00002EB8303234441F83C3C50F8043CB04202
:10FA000003EB430302EB8303234441F8383CE1D189
:10FA1000E44C48F280036FF07F0216A92046ADF84F
:10FA200058308DF85A2006F0E5FF04F10C00DE4D49
:10FA300006F078FFDD4B08F67C364FF00107C8F87A
:10FA40006C3BA4F69C53C8F8744BC8F8703B88F81C
:10FA5000787B9FEDD78ADFEDD7FA9FEDD7FADFED00
:10FA6000D7EA9FEDD7EADFEDD7DA9FEDD7DADFED02
:10FA7000D7CA9FEDD7CADFEDD7BA9FEDD7BADFED72
:10FA8000D7AA9FEDD7AADFEDD79A9FEDD79ADFEDE2
:10FA9000D78A95E80F0086E80F0005F11001A4222F
:10FAA00008F68C3009F056FE05F11001A42208F585
:10FAB000436009F04FFE05F11001A42208F6D4407E
:10FAC00009F048FE05F11001A42208F6785009F06B
:10FAD00041FE05F1B401442208F61C6009F03AFE2B
:10FAE00005F1F801482208F5666009F033FE05F1DA
:10FAF000F801482208F6A86009F02CFE05F1F8018B
:10FB0000482208F56F6009F025FE05F1F80148224A
:10FB100008F6387009F01EFE05F1F801482208F5D4
:10FB2000786009F017FE05F1F801482208F6C87060
:10FB300009F010FE05F1F801482204F5A26009F071
:10FB400009FE05F1F801482204F5AB6009F002FE58
:10FB500005F1F801482204F5B46009F0FBFD05F158
:10FB6000F801482204F5BD6009F0F4FD05F1F80143
:10FB7000482204F5C66009F0EDFD05F1F8014822C0
:10FB800004F5CF6009F0E6FD05F1F801482204F51F
:10FB9000D86009F0DFFD05F1B401442204F5E1600D
:10FBA00009F0D8FD05F11001A42204F24C7009F00F
:10FBB000D1FD05F11001A42204F5FE6009F0CAFD93
:10FBC00005F11001A42204F6940009F0C3FD04F627
:10FBD000381105F5A07004F6B47C069105F5B071F6
:10FBE000DFED835A0CF24C57009105F5CE7104F508
:10FBF000C8559FED806A039104F6581105F5A16E72
:10FC00000495019104F69411CDF824E0AA460291DE
:10FC100004F6DC710446CDF814E0089176469FEDB9
:10FC2000767ADFED766A9FED762ADFED761ADFEDE4
:10FC3000760A9FED761A9FED760ADFED762A9FED24
:10FC4000765ADFED767ADFED763A9FED764ADFED94
:10FC5000764A9FED763A0FCC0794069C0FC407981E
:10FC60000FC884E80F00009C0FCC0094019C0FC4C7
:10FC70000194009C0FCC0094019C0FC40194009C43
:10FC80000FCC0094019C0FC42346009C94E807000D
:10FC9000039C83E807000FCC0394029C0FC40294DA
:10FCA000039C0FCC0394029C0FC40294039C94E821
:10FCB0000F00029C84E80F00A5F571626346C2ED57
:10FCC000005A2C33DFED5A5A03F5767342ED0A5A87
:10FCD000DFED585A42ED095ADFED575A42ED075A07
:10FCE000A5F62872DFED555A02ED058A283242ED5D
:10FCF0000A5ADFED535A02ED0C8A42ED095ADFED44
:10FD0000515A02ED068A42ED085ADFED4F5A02EDD4
:10FD1000038A42ED075ADFED4D5A02ED018A42EDAA
:10FD2000055ADFED4B5AC2ED015ADFED4A5AC2EDDA
:10FD3000025ADFED495AC2ED075ADFED485AC2EDCB
:10FD4000085ADFED475AC2ED0A5ADFED5F5A42ED1D
:10FD5000025ADFED445A82ED008AC2ED045ADFED0B
:10FD6000505A82ED038AC2ED055ADFED3F5A82ED0B
:10FD7000068AC2ED0B5ADFED3D5A82ED098AC2EDCB
:10FD8000105ADFED3B5AC2ED135ADFED365AC2ED81
:10FD9000165ADFED385AC2ED1C5ADFED375AC2ED64
:10FDA0001D5AA5E0EC870120003C0020386F01209F
:10FDB00000000000E63F9EC0BE9FB6C07FD9CFC006
:10FDC0003E79C2C08A1F1441AF94C5BFA2B493C08C
:10FDD0005BD3F04076E0B6C0A2B4B3C0849E0641C7
:10FDE000ABCFD5BD2E9092C0BF0EAC401A409EC185
:10FDF000B07220C0A7E818BF7E8CB9BD52491D3E25
:10FE00009621264166F70DC1189503C141F10340C3
:10FE1000211F74BC992A38406688FB3F030992BFB2
:10FE20003108ACBC8FE4C8C0DCD79D400000FA4369
:10FE30007CE19BC108AC5CC06B1ABCC1C3D37FC062
:10FE4000E3362ABFAB3E11C1AF9409C0EC5126C1C5
:10FE5000CCEE00C17958F03FA4DFBEC00DE0853F75
:10FE6000E6AE33C12E9098C017D9BA40A4DF84C043
:10FE70001FF4ECC0F16306C17424DF3F92CBF7BFDF
:10FE80006C788AC1BADA0641A5BDB3C0F2D2853F0B
:10FE9000BDD28CC1DE93C54030BBB3C00E4F2740EE
:10FEA000C898BB3F71AC7F40539629C05BB13FBC43
:10FEB0006076A7BF0D7105C1FDF61540355EDA3FCE
:10FEC0006210F8BE4BC827BF61C353BD2BF646C1B5
:10FED00000005440ED0D4E401973B7BE355E0BC1A6
:10FEE000E2E9ED3FA7E8183FB98DA63E4CA64EC00B
:10FEF0005FED1E5AC2ED1E5A5FED1F5AC2ED1F5A2A
:10FF00005FED205AC2ED205A5FED215AC2ED225A10
:10FF10008C325FED225A02ED178AC2ED005A5FED76
:10FF2000245A02ED158AC2ED025A5FED265A02EDFF
:10FF3000148AC2ED035A5FED285A02ED128AC2ED0F
:10FF4000075A5FED2A5A02ED118AC2ED085A5FED99
:10FF5000225A02ED0E8A42ED165A5FED2F5A02ED3B
:10FF60000B8A42ED0F5A42ED0C5A5FED295A42EDD1
:10FF70000A5A243A82ED008A82ED018A82ED078ACC
:10FF800082ED0A8A82ED0D8AC2ED0E5A5FED3B5A70
:10FF900082ED0F8AC2ED125A5FED355A82ED138A57
:10FFA000C2ED145A82ED158A82ED168AC2ED175AF7
:10FFB00082ED188A82ED198AC2ED1A5A6C3282EDEE
:10FFC000008A82ED018AC2ED025A82ED038A82ED37
:10FFD000048AC2ED055A82ED068A82ED078AC2EDD7
:10FFE000085A82ED098A82ED0A8AC2ED0B5A82ED27
:10FFF0000C8A82ED0D8AC2ED0E5A82ED0F8A4032D4
:02000004600298
:1000000082ED008AC2ED015A82ED028A82ED038AF6
:10001000C2ED045A82ED058A82ED068AC2ED075AC6
:1000200082ED088A82ED098AC2ED0A5A82ED0B8AB6
:1000300082ED0C8AC2ED0D5A82ED0E8A82ED0F8A96
:100040004032C2ED005A82ED018A82ED028AC2ED91
:10005000035A82ED048A82ED058AC2ED065A82EDCA
:10006000078A82ED088AC2ED095A82ED0A8A82ED7A
:100070000B8AC2ED0C5A82ED0D8A82ED0E8AC2ED1A
:100080000F5A403282ED008A82ED018AC2ED025A97
:1000900082ED038A82ED048AC2ED055A82ED068A5A
:1000A00082ED078AC2ED085A5FED815A82ED098A16
:1000B000C2ED175A5FED835AC2ED185A5FED845AAC
:1000C000C2ED1C5A5FED855AC2ED1D5A5FED865A8E
:1000D000C2ED1E5A5FED875AC2ED205A84325FEDA1
:1000E000885A02ED178AC2ED005A5FED8A5A02ED76
:1000F000158AC2ED065A5FED8C5A02ED148A42ED64
:10010000165A42ED135A42ED105A02ED128A02EDD0
:10011000118A02ED0F8A02ED0D6A02ED0C8A02EDE2
:100120000B8A02ED088A02ED076A183A5FED995AC8
:1001300082ED008AA2F1200182ED048A82ED078A15
:1001400001F5F67082ED086A82ED098A82ED0A8A6D
:1001500082ED0B6A82ED0D8A82ED0E6AC2ED175AAE
:100160005FEDA55A02ED088AC2ED185A5FEDA75A55
:1001700082ED0F8AC2ED1A5A5FEDA95AC2ED1B5AE1
:1001800074325FEDAA5A02ED0D8AC2ED005A5FED9E
:10019000AC5A02ED0C6AC2ED015A5FEDAE5A02EDA7
:1001A0000B8AC2ED035A5FEDB05A02ED0A8AC2ED26
:1001B000045A5FEDB25A02ED096AC2ED095A02ED26
:1001C000088A02ED078A02ED048A02ED018A82EDB7
:1001D000028A82ED058A183282ED006A82ED018A78
:1001E00082ED028A82ED048A82ED058A82ED066A3A
:1001F00082ED078A82ED088A82ED096A82ED0A8A19
:1002000082ED0B8A82ED0C6A82ED0D8A82ED0E8AF8
:1002100082ED0F6A82ED108A443282ED008A82ED0F
:10022000016A82ED028A82ED038A82ED046A82ED20
:10023000058A82ED068A82ED076A82ED088A82EDE0
:10024000098A82ED0A6A82ED0B8A82ED0C8A82EDC0
:100250000D6A82ED0E8A82ED0F8A403282ED006ACD
:1002600082ED018A82ED028A82ED036A82ED048AC0
:1002700082ED058A82ED066A82ED078A82ED088AA0
:1002800082ED096A82ED0A8A82ED0B8A82ED0D8A7F
:1002900082ED0C6A82ED0E8A82ED0F6A403282EDA9
:1002A000008A82ED018A82ED026A82ED038A82ED84
:1002B000048A82ED056A82ED068A82ED078A82ED64
:1002C000086A82ED098A82ED0A8A82ED0B6A82ED64
:1002D0000C8A82ED0D8A82ED0E6A82ED0F8A403221
:1002E00082ED016A82ED046A82ED076A82ED0A6A94
:1002F00082ED0D6A9FEDFD6A82ED008A82ED028A31
:1003000082ED038A82ED058A82ED068A82ED088AF3
:1003100082ED098A82ED0B8A82ED0E8A82ED0C8ACB
:1003200082ED136A50329FEDF26A02ED047A82ED9B
:10033000006A9FEDF06A02ED038A82ED116A9FED7B
:10034000EE6A02ED028A82ED126A9FEDEC6A82ED9E
:10035000018A82ED146A9FEDEA6A82ED027A82EDEB
:10036000156A82ED038A82ED048A82ED057A82EDB8
:10037000068A82ED078A82ED087A24329FEDE16ACF
:1003800082ED008A82ED018A82ED027A82ED038A93
:1003900082ED048A82ED057A82ED068A82ED078A73
:1003A00082ED0A8A82ED0D8A82ED0E7A82ED0F8A45
:1003B00082ED108A82ED117A82ED128A82ED156A41
:1003C00068329FEDD16A02ED078A82ED006A9FEDE7
:1003D000CF6A02ED067A82ED016A02ED048A02ED2F
:1003E000037A02ED028A02ED018A82ED028A82ED31
:1003F000037A82ED048A82ED058A82ED067A82ED27
:10040000078A82ED088A82ED097A283281ED7B8A9B
:1004100082ED008A82ED018A82ED027A82ED038A02
:1004200082ED048A82ED057A82ED068A82ED078AE2
:1004300082ED087A82ED098A82ED0A8A82ED0B7AD2
:1004400082ED0C8A82ED0D8A82ED0E7A82ED0F8AA2
:10045000403282ED008A82ED017A82ED028A82EDDD
:10046000038A82ED047A82ED058A82ED068A82EDA6
:10047000077A82ED088A82ED098A82ED0A7A82ED96
:100480000B8A82ED0C8A82ED0D7A82ED0E8A82ED66
:100490000F8A40329FED9E6A82ED007A82ED018ADA
:1004A00082ED028A82ED037A82ED048A82ED058A6A
:1004B00082ED067A82ED078A82ED088A82ED097A5A
:1004C00082ED0A8A82ED0B8A82ED0C7A82ED0D8A2A
:1004D00082ED0E8A82ED0F7A403282ED008A82ED43
:1004E000206A82ED018A82ED027A82ED038A82ED32
:1004F000048A82ED057A82ED068A82ED078A82ED12
:10050000087A82ED098A82ED0A8A82ED0B7A82ED01
:100510000C8A82ED0D8A82ED0E7A3C3282ED027AEF
:1005200082ED057A82ED087A9FED7A7A82ED008A73
:1005300082ED018A82ED038A82ED048A82ED068AC9
:1005400082ED078AC2ED0B6A82ED0C8A82ED0D8A7C
:10055000C2ED0E6A82ED0F8A82ED108A8CED008A60
:100560008CED097A8CED187A9FED6B7A9FED6B6AB2
:100570008CED1C7A9FED6A7A8CED0E6A8CED1D7AFB
:100580009FED687A9FED686A8CED1E7A9FED677A21
:10059000089C8CED227A9FED667A8CED0F6A8CEDCB
:1005A000237A9FED647A9FED646A8CED247A9FED47
:1005B000637A82ED0A8A02F550628CED297A9FED0A
:1005C000607A84ED008A01F2C454CCED0B6A8CEDA4
:1005D000176A8CED0C8A8CED0D8A8CED108ACCEDAF
:1005E000116A8CED128A8CED138ACCED146A8CEDB5
:1005F000158A8CED168A8CED198ACCED1A6A8CED71
:100600001B8A8CED1F8ACCED206A8CED218A8CED43
:10061000258ACCED266A8CED2A7A9FED4A7A8CEDFC
:10062000278A8CED2F7A9FED487A8CED288A8CED05
:10063000307A9FED467A8CED2B8ACCED2C6A8CEDCE
:100640002D8A8CED2E8A8CED318ACCED326A8CEDC0
:10065000338A8CED348ACCED356A8CED368A8CED9C
:10066000378ACCED386A8CED398A8CED3A8ACCED3C
:100670003B6A8CED3C8A8CED3D8ACCED3E6A8CED7C
:100680003F8A8CED408ACCED416A8CED428A8CED3C
:10069000438ACCED446A8CED458A8CED468ACCEDDC
:1006A000476A8CED488A8CED498ACCED4A6A8CED1C
:1006B0004B8A8CED4C8ACCED4D6A8CED4E8A8CEDDC
:1006C0004F8ACCED506A8CED518A8CED528ACCED7C
:1006D000536A8CED548A8CED558ACCED566A8CEDBC
:1006E000578A8CED588ACCED596AF9E0DE711FC14A
:1006F000C7BA0440DF4F45C067D5673FCAC37EC055
:100700006688633FF7E4213F4CA65EC1A1F88D40A7
:1007100071AC05C123DB1940FDF6953E4E6207C161
:1007200092CBA3C08D28853F9C336E409C334EC036
:10073000FFB28BC08B6C974005A3CEC07E1D984046
:10074000D578C1BFF2B0983F917E7B3EA392BABDEF
:100750008126C23CC520B0BDB8AF833D6132D5BD56
:1007600073D712BEFAED6B3AAAF152BD787A25BC66
:10077000AC8BDB3C4E6290BD9EEF273D925CFEBD94
:10078000B3EAF3BD371A403D6154D2BD17B751BB30
:10079000FCA9713D8A8EE4BD07F096BD9318843D97
:1007A0006EA301BE70CE88BC9FAB2D3D04560EBE1D
:1007B0008C4AEABD52491D3C99BB163DA913503DD8
:1007C000FD87743DBBB88DBC4CA68A3DFF21FDBCA6
:1007D000EBE2B6BD77BE9F3D871659BDA8574ABD0F
:1007E0004FAF943D82E247BCBC0592BDA4DFBEBCC6
:1007F0004260653CFD07B2C168916D3C5828F5C167
:10080000E45465420378B9C11E96F6C176CF4442DE
:10081000D50941C1515ADFC19C843B4221B05DC121
:10082000788BDEC1C62D30426D56ABC08CCACAC1B2
:10083000D7231B420091F4C03934CCC1446902C1B2
:100840009EEFE1C07958C8BF789C22C0E6AECDBF0C
:10085000888576C0840DE1C0D4DA5E42CE19A1400D
:10086000EFC9A3BEF931DAC06F813FC1F8C254416C
:10087000FD8794BFE8D945C17CF27A41A245563F35
:10088000219F98C1539693416B9AB5C07C6198C1E2
:1008900077ADDE4153054BC0B89EB6C1C65CD341AF
:1008A0004CA60DC10601B3C1DDB50042EB730AC110
:1008B0003277B8C101DE0842E6AE55C05F980CC081
:1008C000704E23421E27BBC1728A0240BC0546C03F
:1008D000228E85BFC217F6BF48BF6540705FA3C0B8
:1008E0008CED5A8A8CED5B8ACCED5C6A8CED5D8A6E
:1008F0008CED5E8ACCED5F6A8CED608A8CED618A4E
:10090000CCED626A8CED638A8CED648ACCED656A0D
:100910008CED668A8CED678ACCED686A8CED698A0D
:100920008CED7D7A1FED767ACCED6B6A8CED807A5A
:100930001FED787ACCED6E6A8CED837A1FED7A7AB2
:10094000CCED716A8CED867A1FED7C7ACCED746A01
:100950008CED897ACCED776ACCED7A6A1FED807ADE
:100960005FED806A1FED806A8CED8C7ACCED816A38
:100970008CED826A1FED837A5FED835A5FED836AA7
:100980001FED836A8CED6A8A8CED6C8A8CED6D8A22
:100990008CED6F8A8CED708A8CED728A8CED738A87
:1009A0008CED758A8CED768A8CED788A8CED798A5F
:1009B0008CED7B8A80EDF68A8CED7E7A8CED7F8AD9
:1009C0008CED848A8CED858ACCED875ACCED886AD3
:1009D0008CED8F6A1FED976A5FED976A8CED926AD6
:1009E0001FED986ACCED8B6A8CED956A1FED9A6AC3
:1009F0005FED9A6A8CED986A1FED9B6ACCED936A65
:100A00008CED9B6A1FED9D6A5FED9D6A8CED9E6A81
:100A10001FED9E6ACCED976A8CEDA16A1FEDA06A6E
:100A20001FEDA07A8CEDA46A1FEDA16A5FEDA15ABB
:100A30008CEDA76A1FEDA26A5FEDA26A8CEDAA6A2F
:100A40001FEDA36A8CED8A7A8CEDAD6A1FEDA56A65
:100A5000CCED915A8CED8E6ACCED9C6A1FEDA87A94
:100A60001FEDA86A5FEDA85A5FEDA86A8CED947A35
:100A70008CED996ACCED9A5ACCED9F6A1FEDAC7A59
:100A80001FEDAC6A5FEDAC5A5FEDAC6A8CED9D7A00
:100A90008CEDA06ACCEDA35ACCEDA56A1FEDB07A1F
:100AA0005FEDB06A1FEDB06A5FEDB05A8CED8D8AD4
:100AB0008CED908A8CED968A8CEDA28A8CEDA67ACC
:100AC000CCEDA86A1FEDB67A8CEDA96ACCEDAB5AD5
:100AD0005FEDB85A8CEDAC7ACCEDB05A5FEDBA6AE6
:100AE0005FEDBA5A1FEDBA7ACCEDAE6ACCEDB15AD1
:100AF0008CEDB27A5FEDBD6A5FEDBD5A1FEDBD7A38
:100B0000CCEDB36ACCEDB45A8CEDB57A5FEDC06A2A
:100B10005FEDC05A1FEDC07ACCEDB66ACCEDB75A86
:100B20008CEDB87A5FEDC36A5FEDC35A1FEDC37AEF
:100B3000CCEDB96ACCEDBA5A8CEDBB7A5FEDC66AE2
:100B40005FEDC65A1FEDC67ACCEDBC6ACCEDBD5A3E
:100B50008CEDBE7A5FEDC96A5FEDC95A1FEDC97AA7
:100B6000CCEDBF6ACCEDC05A8CEDC17A5FEDCC6A9A
:100B70005FEDCC5A1FEDCC7ACCEDC26ACCEDC45AF5
:100B80008CEDC57A5FEDCF6A5FEDCF5A1FEDCF7A5E
:100B9000CCEDC76ACCEDC85A8CEDC97A1FEDD26A8C
:100BA0005FEDD26A5FEDD25A1FEDD27A8CEDAF6A5B
:100BB0008CEDC38A8CEDC68ACCEDCA6ACCEDCB5ADB
:100BC0008CEDCC7A1FEDD87A5FEDD86A8CEDCF7AB8
:100BD0005FEDD95A1FEDD97ACCEDCD6ACCEDCE5A66
:100BE0008CEDD27A5FEDDC6A5FEDDC5A1FEDDC7ACA
:100BF000CCEDD06ACCEDD15A8CEDD57A5FEDDF6AC1
:100C00005FEDDF5A1FEDDF7ACCEDD36ACCEDD45A1D
:100C10008CEDD87A5FEDE26A5FEDE25A1FEDE27A81
:100C2000CCEDD66ACCEDD75A8CEDDB7A5FEDE56A78
:100C30005FEDE55A1FEDE57ACCEDD96ACCEDDA5AD5
:100C40008CEDDE7A5FEDE86A5FEDE85A1FEDE87A39
:100C5000CCEDDC6ACCEDDD5A8CEDE17A5FEDEB6A30
:100C60005FEDEB5A1FEDEB7ACCEDDF6ACCEDE05A8D
:100C70008CEDE37A5FEDEE6A5FEDEE5A1FEDEE7AF2
:100C8000CCEDE26ACCEDE45A84ED692ACCEDE6FACB
:100C90008CEDE7FA8CEDE82ACCEDE9EA8CEDEAEA96
:100CA000CCEDEBDA8CEDECDACCEDEDCA03ED017AAC
:100CB0001FEDFA7A1FEDFA6A83ED037A1FEDFB7AD6
:100CC00083ED016A83ED047A1FEDFD7A1FEDFD6A65
:100CD00083ED057A9FEDFD7A8CEDF66A83ED067A59
:100CE0009FEDFB7A9FEDFB6A83ED077A9FEDFA7A21
:100CF0008CEDF76A83ED087A9FEDF87A9FEDF86A3C
:100D000083ED097A9FEDF77A8CEDF86A83ED0A7A24
:100D10009FEDF57A9FEDF56A83ED0B7A9FEDF47AFE
:100D20008CEDFA6A83ED0C7A9FEDF27A9FEDF26A10
:100D300083ED0D7A9FEDF17ADFEDF15A83ED0E7AB6
:100D40009FEDF07ADFEDF06A83ED0F7A8CEDFB6AB0
:100D50009FEDEE7A9FEDEE6AC3ED006AC3ED025A95
:100D600040338CEDEECACCEDEFBA8CEDF0BACCEDA1
:100D7000F1AA8CEDF2AACCEDF39A8CEDF49A8CEDFD
:100D8000F57A8CEDF98A8CEDFC8A8CEDFD6A9FED8D
:100D9000E16A8CEDFE6A9FEDE06A8CEDFF6A9FEDE3
:100DA000DF6A83ED006A9FEDDE6A83ED0B6A9FEDDB
:100DB000DD6A83ED0C6A9FEDDC6A83ED0D6A9FEDC1
:100DC000DB6A83ED0E6A9FEDDA6A83ED0F6A9FEDB1
:100DD000D96A83ED106A9FEDD86A83ED116A9FEDA1
:100DE000D76A83ED126A9FEDD66A83ED136A9FED91
:100DF000D56A83ED146A9FEDD46A83ED156A9FED81
:100E0000D36A83ED166A9FEDD26A83ED176A9FED70
:100E1000D16A83ED186A9FEDD06A83ED196A683351
:100E20009FEDCE6A03ED128A83ED006A9FEDCC6AD6
:100E300083ED016A9FEDCB6A83ED026A9FEDCA6A7A
:100E400083ED036A9FEDC96A83ED056A9FEDC86A69
:100E500083ED066A9FEDE76A03ED196A9FEDE66A86
:100E600003ED186A9FEDE56A03ED176A9FEDE46AEA
:100E700003ED166A9FEDE36A03ED156A9FEDE26AE2
:100E800003ED146A9FEDE16A03ED136A9FEDE96AD1
:100E900003ED116A9FEDB76A84EDB38A03ED106A22
:100EA00003F5EB6384EDB68A01F50A649FEDB26A3F
:100EB000403404ED106A9FEDB16A04ED0F6A9FEDB6
:100EC000B06A04ED0E6A9FEDAF6A04ED0D6A9FED06
:100ED000AE6A04ED0C6A9FEDAD6A04ED0B6A9FEDFE
:100EE000AC6A04ED0A6A9FEDAB6A04ED096A9FEDF6
:100EF000AA6A04ED086A9FEDA96A04ED076A9FEDEE
:100F0000A86A04ED066A9FEDA76A04ED056A9FEDE5
:100F1000A66A04ED046A9FEDA56A04ED036A9FEDDD
:100F2000A46A04ED026A9FEDA36A04ED016A9FEDD5
:100F3000A26A84ED006A9FEDA16A84ED016A9FEDCB
:100F4000A06A84ED026A9FED9F6A84ED036A9FEDBB
:100F50009E6A84ED046A9FED9D6A84ED056A9FEDAB
:100F60009C6A84ED066A9FED9B6A84ED076A9FED9B
:100F70009A6A84ED086A9FED996A84ED096A9FED8B
:100F8000986A84ED0A6A9FED976A84ED0B6A9FED7B
:100F9000966A84ED0D6A9FED956A84ED0C6A9FED6B
:100FA0009E6AC7ED1A6A87ED0F6A9FED4A6ADFED08
:100FB000A76A87ED106A9FED4A6A87ED0E7A87ED82
:100FC000116A9FED4A6A9FED8A7A87ED136A9FED59
:100FD0004A6AC7ED1D6A87ED146A9FED4D6ADFED21
:100FE0009D6A87ED166A9FED4B6AC4ED0FFA87ED97
:100FF000176A9FED496A84ED0E2A04F5046487EDB3
:10100000186A9FED916A87ED00FA87ED012AC7ED16
:1010100002EA87ED03EAC7ED04DA87ED05DAC7EDEA
:1010200006CA87ED07CAC7ED08BA87ED09BAC7ED4A
:101030000AAA87ED0BAAC7ED0C9A87ED0D9A87EDEA
:10104000128A87ED158A87ED197A87ED1B6AC7ED3D
:101050001C5AC7ED1E6ADFED806A87ED328AC7ED44
:101060001F6ADFED1A6A87ED342AC7ED206ADFEDCB
:10107000186AC7ED35FAC7ED216ADFED176A87ED0B
:1010800036FAC7ED226ADFED156A87ED372AC7ED1C
:10109000236ADFED146AC7ED38EAC7ED246ADFED95
:1010A000126A87ED39EAC7ED256ADFED116AC7EDEF
:1010B0003ADAC7ED266ADFED0F6A87ED3BDAC7ED56
:1010C000276ADFED0E6AC7ED3CCA29E129CBD03F84
:1010D00009F9B8BFDC68B6C0AF25743F95D483C0AA
:1010E000BE309FC0319976C03F351B415D6D753F65
:1010F000539631BFC66D48C0211F143FDAAC3E4045
:10110000EE7C87BF6A4D93C05396993F46B677C031
:10111000575B75C0BC9678C09CC490BF65AAA0C040
:10112000FD07B2C15828F5C1E45465420378B9C13E
:101130001E96F6C176CF4442D50941C1515ADFC14E
:101140009C843B4221B05DC1788BDEC1C62D30420C
:101150006D56ABC08CCACAC1D7231B420091F4C0E4
:101160003934CCC1446902C19EEFE1C07958C8BF8F
:10117000789C22C0D4DA5E42E6AECDBF888576C0C8
:10118000840DE1C0CE19A140EFC9A3BEF931DAC088
:10119000F8C25441FD8794BF6F813FC17CF27A4110
:1011A000A245563FE8D945C1539693416B9AB5C0C5
:1011B000219F98C177ADDE4153054BC07C6198C13A
:1011C000C65CD3414CA60DC1B89EB6C1DDB5004288
:1011D000EB730AC10601B3C101DE0842E6AE55C099
:1011E0003277B8C1704E23421E27BBC15F980CC036
:1011F000728A02407F6ACA402B1885BFB76273C0EB
:10120000B29D8940E9484EC07DD099C0BB27EF40D0
:101210005396993F46B677C0705FA3C0DC68B6C0EE
:10122000BE309FC05D6D753F211F143F575B75C079
:10123000BC9678C08D2883C0BB27EF407DD099C075
:10124000E9484EC0B29D8940228E85BFBC0546C08C
:101250009CC490BFC217F6BF48BF654029CBD03FA2
:101260006154DEC109F9B8BFA1164A42A99385416C
:10127000AF25743F95D483C0319976C03F351B416B
:10128000539631BFC66D48C0DAAC3E406A4D93C03C
:1012900065AAA0C07F6ACA402B1885BFB76273C019
:1012A000C2171640928B574210FAA7C1D0B3E7C1BC
:1012B000784B3242857CDEC01FF4C0C148E1BCC11E
:1012C0009CA24BC03F5727C076711B40A779473D72
:1012D000A5BD3AC1F1F4CEC00E4FAF3C38F82FC1D6
:1012E000E414C8C1025A1F428C4A3AC18AB034C1C0
:1012F000BDE3CCC180772C42EB62104205A3B6C09F
:10130000BADA02C0FF2135C0C976804003786BBFCE
:101310003480C9C0933A5E41A7799141F08509C0F4
:10132000C7ED286A5FED276A87ED3DCAC7ED296AD8
:101330005FED296AC7ED3EBAC7ED2A6A5FED536AD1
:10134000C7ED2B6A5FED546AC7ED2C6A5FED556AF5
:10135000C7ED2D6A5FED566AC7ED2E6A5FED576ADD
:10136000C7ED2F6A5FED586AC7ED306A5FED596AC5
:10137000C7ED316A5FED516AC7ED336A87ED3FBA59
:1013800087ED516A1FED4F6A5FED5E6A87ED536A24
:101390001FED506AC7ED446A87ED546A1FED526A2B
:1013A0005FED636A87ED556A1FED546AC7ED456AC4
:1013B00087ED566A1FED556A5FED686A87ED576ADB
:1013C0001FED556AC7ED466A87ED586A1FED576AEB
:1013D0005FED6D6A87ED596A1FED596AC7ED476A7F
:1013E00087ED5A6A5FED716A1FED5C6AC7ED496A65
:1013F00087ED5B6A5FED746A1FED5F6AC7ED4A6A4D
:1014000087ED5C6A5FED776A1FED626AC7ED4C6A33
:1014100087ED5D6A5FED7A6A1FED656AC7ED4D6A1B
:1014200087ED5E6A5FED766A1FED686AC7ED4E6A0A
:1014300087ED5F6A5FED8A6A1FED6B6AC7ED40AAB0
:1014400087ED41AAC7ED429A87ED439A87ED488A16
:1014500087ED4B8A87ED4F7AC7ED506AC7ED525A38
:1014600087ED606A87ED799A1FED969A1FED776A8E
:1014700087ED7A9A1FED989A87ED616A87ED7B9ADE
:101480001FED9A9A1FED7C6A87ED7C9A1FED9C9A5E
:1014900087ED626A87ED7D9A1FED9E9A1FED816A46
:1014A00087ED7F9A1FEDA09A87ED636A87ED809A9A
:1014B0001FEDA29A87ED75BA87ED829A1FEDA49A67
:1014C0001FEDA4BAC7ED76AA87ED77AA5FEDA6AAAD
:1014D0001FEDA6AAC7ED789A87ED839A5FEDA89ACB
:1014E0001FEDA89A1FEDA86AC7ED6BFA87ED6CFA9D
:1014F000C7ED6EEA87ED6FEAC7ED70DA87ED71DA56
:10150000C7ED72CA87ED73CAC7ED74BA87ED649AE6
:10151000C7ED659A87ED66AAC7ED67AA87ED688A69
:1015200087ED69BA87ED6A2A87ED6D2A87ED876AAC
:101530001FEDBA6A1FEDBA2A87ED896A1FEDBB6AF3
:1015400087ED842A87ED8A6A1FEDBD6AC7ED885A48
:1015500087ED8B6A1FEDBF6A5FEDBF5A87ED8C6A1E
:101560001FEDC06A1FEDC02A87ED8D6A1FEDC06AAE
:101570005FEDC2FA87ED8E6A1FEDC26A87ED7E8A43
:1015800087ED8F6A1FEDC46A87ED818A87ED906AC7
:101590001FEDC66A87ED857A87ED916A1FEDC86AEF
:1015A000C7ED866A87ED926A1FEDCA6A87ED9A9A3F
:1015B00087ED936A1FEDCC6AC7ED9B9A87ED946A1D
:1015C0001FEDCE6A87ED9CAA87ED956A1FEDD06A64
:1015D000C7ED9DAA87ED966A1FEDD26A87ED9FBA87
:1015E00087ED976A1FEDD46A87ED9E8A87ED986A2A
:1015F0001FEDD66A87EDA02A87ED996AC7EDA18A0B
:10160000C7EDA25AC7EDBEFA5FEDDBFA1FEDDB9A1C
:10161000C7EDBFFA5FEDDC9A1FEDDCAA1FEDDC2AF7
:101620001FEDDCCA5FEDDCCA1FEDDCDA5FEDDCDA52
:101630001FEDDCEA5FEDDCEA1FEDDCFA5FEDDCFAC2
:101640001FEDDC7A5FEDDC6A5FEDDCAA1FEDDCBA32
:101650005FEDDCBA1FEDDC6A87EDA39AC7EDA49AB3
:101660001FEDDE9A5FEDDE9A87EDA5AA87EDA62A2B
:101670001FEDE0AA87EDADCAC7EDAECA1FEDE2CA05
:101680005FEDE2CA87EDB1DAC7EDB2DA1FEDE4DA59
:101690005FEDE4DA87EDB3EAC7EDB8EA1FEDE6EAFD
:1016A0005FEDE6EA87EDB9FAC7EDC0FA1FEDE8FA9B
:1016B0005FEDE8FA1FEDE82A87EDA79AC7EDA89A33
:1016C00087EDA9AAC7EDAAAA87EDABBAC7EDACBA58
:1016D00087EDAFCAC7EDB0CA87EDB48A87EDB5DA3A
:1016E000C7EDB6DA87EDB78A87EDBA7A87EDBBEA40
:1016F000C7EDBCEA87EDBDFAC7EDC1FAC7EDC26A16
:1017000087EDC36A87EDC42A1FEDFC2AC7EDD78A8F
:1017100087EDC52A9FEDFC2AC7EDD85A87EDC62A6A
:101720009FEDFA2A87EDDD9A87EDD92A9FEDF82AF9
:10173000C7EDDE9A87EDDA2A9FEDF62A87EDDFAA5C
:1017400087EDDB2A9FEDF42AC7EDE0AA87EDE32AB7
:101750009FEDF22A87EDE1BA87EDE42A9FEDF02AAA
:1017600087EDC72A9FEDEF2A87EDC82A9FEDEE2A65
:1017700087EDC92A9FEDED2A87EDCA2A9FEDEC2A55
:1017800087EDCB2A9FEDEB2A87EDCC2A9FEDEA2A45
:1017900087EDCD2A9FEDE92A87EDCE2A9FEDE82A35
:1017A00087EDCF2A9FEDE72A87EDD02A9FEDE62A25
:1017B00087EDD12A9FEDE52A87EDD22A9FEDE42A15
:1017C00087EDD32A9FEDE32A87EDD42A9FEDE22A05
:1017D00087EDD52A9FEDE12A87EDD62A9FEDE02AF5
:1017E00087EDDC2AC7EDE2BA87EDE5CA9FEDDDCAD9
:1017F000C7EDE6CA87EDE7CA9FEDCCCA87EDEA8A56
:10180000AAEC01CA9FEDD8CA87EDEBDA87EDE8CAEA
:101810009FEDD6CAC7EDECDA87EDE9CA9FEDD4CAD1
:1018200087EDED8A87EDEECA9FEDD2CA87EDF07A9B
:1018300087EDEFCA9FEDD0CA87EDF1EA87EDF4CAD4
:101840009FEDCECAC7EDF2EA87EDF5CA9FEDCCCA8F
:1018500087EDF3FA87EDF6CA9FEDCACAC7EDF7FA2E
:1018600087EDFACA9FEDC8CAC7EDF86A87EDFBCAD3
:101870009FEDA5CA87EDF96A87EDFCCA9FEDA9CA5D
:1018800087EDFECA9FEDAACA8AED00CA4FF0120A80
:101890009FEDA9CA85ED03CA9FEDAACA85ED06CAC8
:1018A0009FED9FCA87EDFDCA9FED9FCA87EDFFCAD6
:1018B0009FEDA0CA85ED02CA9FEDA0CA85ED04CABE
:1018C0009FED9FCAC5ED149A85ED05CADFEDAF9A6D
:1018D0009FED9DCAC5ED199A85ED07CADFEDAC9A5B
:1018E0009FED9ACAC5ED1E9A85ED08CADFEDA99A4B
:1018F0009FED9ACAC5ED0E5A1CEE10CAC5ED1F9A8F
:101900009FED94CADFEDA45ADFEDA49A85ED0ACAD3
:10191000C5ED0F5AC5ED249A9FED8FCADFEDA05A91
:10192000DFEDA09A049F85ED0BCAC5ED105A85ED39
:10193000139AC5ED16AA9FED869AC5ED259ADFED9F
:101940009A5ADFED9A9A9FED9ACADFED9AAA47F864
:1019500030CFC5ED115A049701F6286785ED122A9C
:1019600085ED15AA85ED17BAC5ED18BA85ED1BCA28
:10197000C5ED1CCA85ED21DAC5ED22DA85ED27EA31
:10198000C5ED28EA85ED099AC5ED0D8AC5ED1A9ACF
:10199000C5ED2AAADFED88AA9FED61CAC5ED2BAA85
:1019A000DFED86AA9FED862AC5ED2CAADFED85AA7C
:1019B00085ED33CAC5ED30AA85ED3E2ADFED82AA5A
:1019C0009FED59CA9FED812AC5ED31AA85ED35CA33
:1019D00085ED412ADFED7EAA9FED55CA9FED7D2A58
:1019E000C5ED32AA85ED37CA85ED452ADFED7AAA25
:1019F0009FED50CA9FED792AC5ED34AA85ED38CA0E
:101A000085ED462ADFED76AA9FED4CCA9FED752A3B
:101A1000C5ED36AA85ED3ACA85ED472ADFED72AAF3
:101A20009FED47CA9FED712A9FED71AA85ED2F6A40
:101A3000C5ED39AA85ED3BCA85ED3F9A85ED482A6B
:101A4000DFED6CAA9FED40CA9FED6B6A9FED6B2A9C
:101A50009FED6B9A85ED1DAA85ED208A85ED238A81
:101A600085ED267A85ED29FAC5ED2DFAC5ED3CAA5E
:101A700085ED3DCA85ED406A85ED492A85ED4A9A96
:101A80009FED609A9FED606A85ED4B9A9FED5F9A9E
:101A90009FED5F2A85ED4C9A9FED5E9AC5ED2E6A0B
:101AA00085ED4E9A9FED5C9A87ED006A85ED4F9A21
:101AB0009FED5A9AC5ED438A85ED519A9FED589A4C
:101AC00085ED442A85ED529A9FED569AC5ED509AC0
:101AD00085ED549A9FED549A85ED53AA85ED559A5C
:101AE0009FED529A85ED5C7A85ED579A9FED509A5D
:101AF0009FED50AA85ED589A9FED4F9ADFED4F9AD2
:101B000085ED5A9A86E100BF31998DC1928B57427B
:101B100010FAA7C1D0B3E7C1857CDEC01FF4C0C1F5
:101B200042E0B741992A5CC086DA8BC1AE58C24107
:101B3000B5A6D1C06C89A2C14614E641FF2102C1FD
:101B4000F5CAA3C1F47D01422B18DDBFB22EA6C198
:101B5000F55B14422A3A76C0EE5AB1C1A1164A4248
:101B6000784B324248E1BCC19CA24BC03F5727C0D2
:101B700076711B40A779473DA9938541C21716404E
:101B8000A5BD3AC1A7799141F08509C09FABA9C015
:101B9000849EA9C0A85792C0B190504252B89E3EB0
:101BA000EE7C9FC15474F4BFDC46DEC1A178B8C19D
:101BB000EB621042FB3A5D418BFDC53EF31F30C125
:101BC000083DA5C1D6C58F41136167C0F2C1AAC146
:101BD000743589C165D94442B7D134C052B8B6C151
:101BE000DE71C74160E5CCC1841EE841579B2542A8
:101BF0004BC8B7C1194400425F980CC0DB8A11C1C1
:101C0000BEC1B1C11AC02042B1212642006F5EC1DF
:101C10008A9FB6C1973F1E42C7BA7CC09FAB0442A1
:101C2000B4C809C1E6AE26C13D0A14C11CEB86400A
:101C30001AC0274098EE81C138F872C0228E85C044
:101C4000D8F0B4C0787A25BCAF252141AC8BDB3C01
:101C500043ADB94005341C410BB546C066662DC185
:101C6000BBA7A141006FFD40B00311C15A64774189
:101C7000ACADF0C03B7092C1652AAE4185EB05C0AA
:101C80004BD9CFC17279C2C14703B0418A1F1442F8
:101C9000F697C5C08C4A17C10BB593C15BD3F04111
:101CA000AD7AA3C1A4DFB6C1B89E0642C0ECE9413B
:101CB00058A8D5BEC06C8FC1C58F92C1FBDCF24164
:101CC000BF0EAC419C3394C046B677C179E9AAC136
:101CD000D95FA3C1A9A41042A768B6C139B4B3C1E2
:101CE0006B1AA5C127319FC1A4707540C52014404F
:101CF000591785C0575B75C18D9778C16DC590C068
:101D0000206373C1448B0241819599407E9D894136
:101D1000EE7C87C0530546C1E9484EC1F016F6C0B7
:101D2000B1BF6541FBCBD04066F7B8C052277440C5
:101D3000C3D383C1AAF152BD9A9976C11B9E6E414D
:101D4000AF9431C02F6E48C171AC3E416A4D93C112
:101D500030AAA0C1B36ACA41B1D099C18727EF4167
:101D60008D2883C173D79ABF7D3FF1C04703F8BE6A
:101D700085EB813FBC052AC16A4D8BBF1EA7C6C03B
:101D8000810419C08A1FD33FBA6B11C17CF2BCC059
:101D900059172F409EEFE9C07DAEDE3F5396A54018
:101DA0000DE031C10B4615BFDA1BC6400DE034C152
:101DB00058A81DC13F571FC0EC5140C016FB11C1B0
:101DC000A089F8C0AF25643D5B4286BFCE88EABFDC
:101DD000386792C08E75A7C088F4FB3F4B59C6BFC9
:101DE00024970340EFC900C138F8A0C009F9703F3B
:101DF000925CA63FE2E9B5BE249702C1607657C067
:101E0000CB10B73FF241E7BF3F35C63F295C21C148
:101E10000F9C033F1FED769A1FED767A85ED5B9A56
:101E20001FED779A5FED775A85ED5D9A1FED789AF1
:101E300085ED5E9A1FED799A85ED609A1FED7A9A8D
:101E400085ED619A1FED7B9A85ED629A1FED7C9A74
:101E500085ED639A1FED7D9A85ED649A1FED7E9A5C
:101E600085ED659A1FED7F9A85ED669A1FED809A44
:101E700085ED679A1FED819A85ED689A1FED829A2C
:101E800085ED699A1FED839A85ED6A9A85ED7A2A28
:101E90001FED852A85ED6BAA85ED7C2A1FED872A2B
:101EA0001FED87AA85ED7D2A1FED882A85ED6CAA96
:101EB00085ED7E2A1FED8A2A1FED8AAA85ED7F2AED
:101EC0001FED8B2A85ED6DAA85ED802A1FED8D2AE9
:101ED0001FED8DAA85ED812A1FED8E2A85ED6EAA54
:101EE00085ED822A1FED902A1FED90AA85ED842AA8
:101EF0001FED912A85ED6FAA85ED852A1FED93AA26
:101F00001FED932A85ED71AA85ED862A1FED95AA0E
:101F10001FED952A85ED72AA85ED872A1FED97AAF8
:101F20001FED972A85ED73AA85ED882A1FED99AAE2
:101F30001FED992A85ED74AA85ED892A1FED9BAACC
:101F40001FED9B2A1FED9B9A85ED75AAC5ED798A39
:101F500085ED8A2A1FED9EAA1FED9E2A5FED9E8ABF
:101F600085ED4D9A85ED568A85ED598AC5ED5F9AC6
:101F700085ED77AA85ED839A85ED8B2AC5ED8D8A4F
:101F80005FEDA68A1FEDA62AC5ED8E8A5FEDA78AB2
:101F900085ED702AC5ED908A5FEDA98A85EDA62AA8
:101FA000C5ED918A5FEDAB8A1FEDAB2AC5ED928A34
:101FB0005FEDAC8A85EDA72AC5ED938A5FEDAE8A09
:101FC0001FEDAE2AC5ED948A5FEDAF8A85EDA82A94
:101FD000C5ED968A5FEDB18A1FEDB12AC5ED978AEE
:101FE0005FEDB28A85ED768AC5ED988A5FEDB48A99
:101FF00087ED366A07F52767C5ED998A5FEDB78AE1
:102000000C3785ED7B6AC5ED9A8A5FEDB98A85ED5F
:102010008C8AC5ED9B8A5FEDBB8AC5ED959AC5EDAF
:102020009C8A5FEDBD8A1FEDBD6AC5ED9D8A5FED9F
:10203000BE8AC5ED9E8A5FEDBF8AC5ED9F8A5FEDC2
:10204000C08AC5EDA08A5FEDC18AC5EDA18A5FEDAA
:10205000C28AC5EDA28A5FEDC38AC5EDA38A5FED92
:10206000C48AC5EDA48A5FEDC58AC5EDA58A85ED54
:10207000A92A1FEDC72A85ED8F8A85EDAA2A1FEDB3
:10208000C92A85EDAC8A85EDAB2A1FEDCB2A85EDFB
:10209000AD2A1FEDCC2A83ED002A1FEDCD2A85ED58
:1020A000AF2A1FEDCE2A85EDB02A1FEDCF2A85ED90
:1020B000B12A1FEDD02A85EDB22A1FEDD12A85ED78
:1020C000B32A1FEDD22A85EDB42A1FEDD32A85ED60
:1020D000B52A1FEDD42A85EDB62A1FEDD52A85ED48
:1020E000B72A1FEDD62A85EDB82A1FEDD72A85ED30
:1020F000B92A1FEDD82A85EDBA2A1FEDD92A85ED18
:10210000BB2A1FEDDA2A85EDBC2A1FEDDB2A85EDFF
:10211000BD2A1FEDDC2A85EDBE2A1FEDDD2A85EDE7
:10212000BF2A1FEDDE2A85EDC02A1FEDDF2A85EDCF
:10213000C12A1FEDE02A85EDC32A1FEDE12A85EDB6
:10214000C42A1FEDE22A85EDC62A1FEDE32A85ED9C
:10215000C72A1FEDE42A85EDC82A1FEDE52A85ED83
:10216000C92A1FEDE62A85EDCA2A1FEDE72A85ED6B
:10217000CC2A1FEDE82A85EDC28A85EDCD2A1FED18
:10218000EA2A85EDC58A85EDCE2A1FEDEC2A85ED7C
:10219000CB8A85EDCF2A1FEDEE2A85EDD08A05F595
:1021A000886505ED3F2A1FEDF12A05ED3E2A1FED5A
:1021B000F22A05ED3D2A1FEDF32A05ED3C2A1FED1D
:1021C000F42A05ED3B2A1FEDF52A05ED392A1FED0E
:1021D000F62A05ED382A1FEDF72A05ED372A1FEDFF
:1021E000F82A05ED362A1FEDF92A05ED352A1FEDEF
:1021F000FA2A05ED332A1FEDFB2A05ED322A1FEDE1
:10220000FC2A05ED312A9FEDFC2A05ED302A9FEDD1
:10221000FB2A05ED2F2A9FEDFA2A05ED2E2A9FEDC8
:10222000F92A05ED2D2A9FEDF82A82ED002A9FED6F
:10223000F72A05ED2B2A9FEDF62A05ED2A2A9FEDB8
:10224000F52A05ED282A9FEDF42A05ED272A9FEDB2
:10225000F32A05ED252A9FEDF22A05ED242A9FEDAC
:10226000F12A05ED222A9FEDF02A05ED3A8A05EDC7
:10227000212A9FEDEE2A84ED001A05ED1F2A9FED1D
:10228000EC2AC4ED021A05ED1E2A9FEDEA2AC4EDE0
:10229000030A05ED1D2A9FEDE82A84ED040A05EDE9
:1022A0001C2A9FEDE62A84ED061A05ED1B2AC4EDD3
:1022B000081AC4ED090A84ED0A0A84ED0C1AC4ED6B
:1022C0000E1AC4ED0F0A84ED018AC4ED052A84EDCF
:1022D000078AC4ED0B2A84ED0D8A04F5AD649FEDE9
:1022E000D82A45ED231A103445ED1A1A45ED190A7E
:1022F00005ED161A05ED348A05ED298A45ED262AE5
:1023000045ED202A05ED188A45ED172A05ED158AB9
:1023100045ED141A45ED130A05ED120A45ED112A93
:10232000483505ED072A9FEDC72A05ED120A05ED90
:10233000062A9FEDC52A45ED0E1A05ED042A9FEDEC
:10234000C32A45ED0D0A05ED032A9FEDC12A05EDCF
:102350000C0A05ED022A9FEDBF2A05ED012A9FED2B
:10236000BE2A05ED101A85ED002A9FEDBC2A05ED69
:102370000A1A85ED022A9FEDBA2A45ED112A85ED4C
:10238000032A9FEDB82A45ED0B2A85ED042A9FED1F
:10239000B62ADFEDB62A85ED052A9FEDB52A85ED33
:1023A000062A9FEDB42A85ED072A9FEDB32A85ED15
:1023B000082A9FEDB22A85ED0A2A9FEDB12A85ED04
:1023C0000B2A9FEDB02A85ED0D2A9FEDAF2A85EDF2
:1023D0000E2A3C3D85ED008A85ED068A85ED0A8A48
:1023E000C5ED1E2ADFEDA92A85ED108AC5ED1F2A4D
:1023F000DFEDA72A85ED188AC5ED202ADFEDA52A95
:1024000085ED1B8AC5ED222ADFEDA32A85ED078A1B
:10241000C5ED232ADFEDA12A099BC5ED242ADFEDB6
:10242000A02AC5ED252ADFED9F2AC5ED262ADFED7E
:102430009E2AC5ED272AA035DFED9C2A05ED078AE7
:10244000C5ED002ADFED9A2A85ED058AC5ED012A42
:10245000DFED982AC5ED022ADFED972AC5ED032AA4
:10246000DFED962AC5ED042ADFED952AC5ED062A93
:10247000DFED942AC5ED082ADFED932AC5ED092A80
:10248000DFED922AC5ED0A2ADFED912AC5ED0B2A70
:10249000DFED902AC5ED0C2ADFED8F2AC5ED0D2A60
:1024A000DFED8E2AC5ED0E2ADFED8D2A12EE90CAE1
:1024B000DFED8C2A46F820CF12EE90CADFED8A2A93
:1024C00006F2A46243F824CBC3ED002ADFED872A8D
:1024D000CEED0A2ADFED862A059BCEED0E2ADFED32
:1024E000852A2C3383ED008ACEED0F2ADFED822A78
:1024F000059306F5D463CEED102ADFED802A8EED2C
:102500000C5ACEED112ADFED7E2A8EED0D8ACEED2E
:10251000122ADFED7C2ACEED132ADFED7B2ACEEDE9
:10252000142ADFED7A2ACEED152ADFED792ACEEDD9
:10253000162ADFED782ACEED172ADFED772ACEEDC9
:10254000182ADFED762ACEED192ADFED752ACEEDB9
:102550001A2ADFED742ACEED1B2ADFED732ACEEDA9
:102560001C2ADFED722ACEED1D2ADFED712ACEED99
:102570001E2ADFED702ACEED1F2ADFED6F2ACEED89
:10258000202ADFED6E2ACEED212ADFED6D2ACEED79
:10259000222ADFED6C2ACEED232ADFED6B2ACEED69
:1025A000242ADFED6A2ACEED252ADFED692ACEED59
:1025B000262ADFED682ACEED272ADFED672ACEED49
:1025C000282ADFED662ACEED292ADFED652A8EED79
:1025D000358ACEED2A2ADFED632A8EED365ACEED0E
:1025E0002B2ADFED612A8EED378ACEED2C2ADFED26
:1025F0005F2A8EED3B8AFDE08BFDE740E2E9D3C028
:10260000D71232402C65A1408FC295BFBDE366C191
:10261000B37BB2BFBF8EB1C11B2F8BC08863C1C05B
:102620007A36DBBF4F2F8EC1711B01C0E02D10BC6D
:10263000BA498C3E73D723C1CA3246C195D491BFE3
:1026400017B711C1ECC081BF295C17403480B73D7A
:10265000D7A3A4C0BC9609C1BC74933B5EBACD405D
:10266000AED82B409790E1C0F38E26C1CBA1A5BE7A
:10267000CBA1D5BF4D843EC13B7065C17DAEA240AC
:102680002D218340EC515EC1F2B046C16C09BF40C0
:10269000EFC995405AF5EBC0325524C102BCDDBFED
:1026A0000BB5D84073D7BC40BDE3743F1FF40EC1D7
:1026B000539632C14ED145C0D881F9407E1DCE40DF
:1026C0006EA3A9C0A1F89DC05474E8406B9A8740DE
:1026D000AA609CBFBA49E4C07E1D37C1CA5415C068
:1026E000EC2FB33F60764AC16DE76B406744B93F5A
:1026F0007CF2B0BF098ADFBE849E9D3FD712B2BE76
:10270000C0EC3EBFECC0693F713D8ABD7FFB2A3FF4
:1027100007CE993EA91350BEAE4701C08B6CB73FA0
:10272000CE88523EB7D1A03F0BB5A63D9FCD4ABF44
:10273000363C2D3FC217163FB7D1A0BE956590BF5E
:10274000CC7F883F6F1243BF812612BFD5E77A3F07
:1027500010E9073F8F53343EFA7E2A3E41F1E3BD34
:10276000FBCBEE3D6DC5DE3E5D6D25BF371A18C053
:1027700045D8F03F7DAE06BF1D38073F20D2EF3E63
:102780005BD35CBF6688FBBFF2D2D53FE7FBE93E77
:1027900005C54FBF287E2C3FCEAAF73F3F57E3BF6A
:1027A000BEC16B4029EDCDBFB30C05C00309923FFC
:1027B00076E0ACBFC3F508C0BE305DC1CD4CC0C132
:1027C00053054541A3925EC0D509D9C1651912418F
:1027D000CDCC2CBF76E04FC189414040A60A02C053
:1027E000EE7C1FC2DC466541F38E0340BA6BE3C04A
:1027F000696F503FCEED2D2A5FED232A8EED3C5AB6
:10280000CEED2E2A5FED252A8EED3D8ACEED2F2AC4
:102810005FED272A8EED3E8ACEED302A5FED292A24
:102820008EED3F5ACEED312A5FED2B2A8EED408A98
:10283000CEED322A5FED2D2A8EED418ACEED332A80
:102840005FED2F2A8EED425ACEED342A5FED312A0C
:102850008EED438ACEED382A5FED332A8EED448A21
:10286000CEED392A5FED352A8EED455ACEED3A2A66
:102870005FED372A8EED468A8EED478A8EED485AF7
:102880008EED498A8EED4A8A8EED4B5A8EED4C8A3A
:102890008EED4D8A8EED4E5A8EED4F8A8EED508A1A
:1028A0008EED515A8EED528A8EED538A8EED545A2A
:1028B0008EED558A8EED568A8EED575A8EED588ADA
:1028C0008EED598A8EED5A5A8EED5B8A8EED5C8ABA
:1028D0008EED5D5A8EED5E8A8EED5F8A8EED605ACA
:1028E0008EED618A8EED628A8EED635A8EED648A7A
:1028F0008EED658A8EED665A8EED678A8EED688A5A
:102900008EED695A8EED6A8A8EED6B8A8EED6C5A69
:102910008EED6F5A8EED725ACEED8A2A8EED755A73
:102920008EED785A8EED7B5A8EED7E5A8EED815A61
:102930008EED845A5FED672A1FED675A8EED6D8A22
:102940008EED6E8A8EED708A8EED718A8EED738AB1
:10295000CEED8B2A8EED748A8EED768A8EED778A97
:102960008EED798A8EED7A8A8EED7C8A8EED7D8A67
:102970008EED7F8A8EED808A8EED828A8EED838A3F
:102980008EED858A85ED8D8A05F50D75CEED877AFC
:102990008EED888A05F506758EED898A8EED8C8A16
:1029A0008EED935A8EEDA85A1FED825A5FED822A62
:1029B0008EEDA95A1FED835ACEED942A8EEDAE5AB4
:1029C0001FED855A5FED852A8EEDAF5A1FED865AB1
:1029D000CEEDA72ACEED8D7A8EED8E8A8EED8F8A82
:1029E000CEED907A8EED918A8EED928A8EED958A5B
:1029F000CEED967A8EED978A8EED988ACEED997A05
:102A00008EED9A8A8EED9B8ACEED9C7A8EED9D8A14
:102A10008EED9E8ACEED9F7A8EEDA08A8EEDA18AF4
:102A2000CEEDA27A8EEDA38A8EEDA48ACEEDA57AA4
:102A30008EEDA68A8EEDAA8ACEEDAB7A8EEDAC8AAB
:102A40008EEDAD8A8EEDB08ACEEDB17A8EEDB28A82
:102A50008EEDB38ACEEDB47A8EEDB58A8EEDB68A60
:102A6000CEEDB77A8EEDB88A8EEDB98ACEEDBA7A10
:102A70008EEDBB8A8EEDBC8ACEEDBD7A8EEDBE8A20
:102A80008EEDBF8ACEEDC07A8EEDC18A8EEDC28A00
:102A9000CEEDC37A8EEDC48A8EEDC58ACEEDC67AB0
:102AA0008EEDC78A8EEDC88ACEEDC97A8EEDCA8AC0
:102AB0008EEDCB8ACEEDCC7A8EEDCD8A8EEDCE8AA0
:102AC000CEEDCF7A8EEDD08A8EEDD18ACEEDD27A50
:102AD0008EEDD38A8EEDD48ACEEDD57A8EEDD68A60
:102AE0008EEDD78ACEEDD87A8EEDD98A8EEDDA8A40
:102AF000CEEDDB7A8EEDDC8A8EEDDD8ACEEDDE7AF0
:102B00008EEDDF8A8EEDE08ACEEDE17A8EEDE28AFF
:102B10008EEDE38ACEEDE47A8EEDE58A8EEDE68ADF
:102B2000CEEDE77A8EEDE88A8EEDE98ACEEDEA7A8F
:102B30008EEDEB8A8EEDEC8ACEEDED7A8EEDEE8A9F
:102B40008EEDEF8A05ED085A1FEDE45ACEEDF07ACE
:102B500005ED075A1FEDE65A8EEDF18A05ED065A8E
:102B60001FEDE85A8EEDF28A05ED055A1FEDEA5A7F
:102B7000CEEDF37A05ED045A1FEDEC5A8EEDF48A92
:102B800005ED035A1FEDEE5A8EEDF58A05ED025A5A
:102B90001FEDF05ACEEDF67A05ED015A1FEDF25A0F
:102BA00045ED0A3A85ED005A1FEDF45A05ED0C8A01
:102BB00085ED015A1FEDF65A05ED098A85ED025A99
:102BC0001FEDF85A8EEDF78A85ED035A1FEDFA5A7C
:102BD0008EEDF88A85ED045A1FEDFC5A85ED055AF5
:102BE0001FEDFD5A85ED065A9FEDFE5A85ED075AF9
:102BF0009FEDFD5A85ED085A9FEDFC5A85ED095A67
:102C00009FEDFB5A85ED0A5A9FEDFA5A85ED0B5A56
:102C10009FEDF95ACEEDF97A04ED045A9FEDF75A7B
:102C2000CEEDFC7A04ED035A9FEDF55ACEEDFF7A16
:102C300004ED025A9FEDF35ADFEDF37A04ED015AE9
:102C40009FEDF25A05ED0B8A05F5E47584ED005A07
:102C50009FEDEF5A8EEDFA8A84ED015A9FEDED5A01
:102C60008EEDFB8A84ED025A9FEDEB5A8EEDFD8AC4
:102C700084ED035A9FEDE95A8EEDFE8A4FF0040E63
:102C800084ED045A9FEDE65A84ED055A9FEDE55A0E
:102C900084ED065A9FEDE45A84ED075A9FEDE35AFE
:102CA00084ED085A9FEDE25A84ED095A9FEDE15AEE
:102CB00084ED0A5A9FEDE05A84ED0B5A9FEDDF5ADE
:102CC00084ED0C5A9FEDDE5A84ED0D5A9FEDDD5ACE
:102CD00084ED0E5A9FEDDC5A84ED125A4C349FED70
:102CE000DB5A84ED077A84ED005A9FEDD95A9FEDA7
:102CF000D97A84ED015A9FEDD85A84ED065A9FED9A
:102D0000D75A84ED095A9FEDD65A04ED048AC4EDD2
:102D1000033A44ED033A84ED028A84ED048A84ED9B
:102D2000058A04ED028A84ED088AC4ED0A7A84EDEE
:102D30000B6A84ED0C5A3C349FEDCA5ADFEDCA7A17
:102D400084ED005A9FEDC95AC4ED027A84ED035A0E
:102D5000DFEDC77A9FEDC75AC4ED063AC4ED093AD4
:102D6000C4ED1A7A84ED1B5AC4ED015A84ED047A3D
:102D700004ED028A04ED018A84ED058A84ED078A58
:102D800084ED088A84ED0A8A84ED0B8A30349FED45
:102D9000BA6AC4ED003AC4ED033A84ED018A84EDC9
:102DA000028A84ED048A84ED058A9FEDB45AC4ED4D
:102DB000063AC4ED093AC4ED0C3A84ED078A84ED75
:102DC000088A84ED0A8A84ED0B8A84ED0D8A84EDED
:102DD000108A84ED116A483484ED005A9FEDA85A98
:102DE000DFEDA87A84ED035A9FEDA75AC4ED047A6B
:102DF00084ED065ADFEDA57A9FEDA55AC4ED087A59
:102E000084ED095ADFEDA35A9FEDA37A9FEDA36AE3
:102E10009FEDA35ADFEDA37AC4ED025A84ED057A43
:102E200084ED0A6A84ED0C5AC4ED0D7ADFED9E5AEA
:102E30009FED9E7A9FED9E5ADFED9E7A9FED9E6AF2
:102E4000C4ED0B5A84ED0E7A84ED0F5AC4ED107A5E
:102E500084ED116A48349FED995ADFED997A84ED3B
:102E6000005AC4ED047AC4ED066A9FED965ADFED70
:102E7000965A9FED967ADFED966A9FED966ADFEDA2
:102E8000967A84ED035AC4ED025A84ED057AC4EDB6
:102E9000076ADFED925A84ED086A9FED917AC4EDDE
:102EA000097ADFED906ADFED907AC4ED0A5A84ED7D
:102EB0000B7ABBEE047AC4ED0C7A04ED118A04EDB2
:102EC0000B8A84ED018AC4ED0D6A3C34DFED877A0C
:102ED00085ED008AC4ED007ADFED857A85ED038A01
:102EE000C4ED027ADFED837A85ED068AC4ED037ABC
:102EF000DFED817A85ED098AC4ED057ADFED7F7A11
:102F000085ED0C8AC4ED067ADFED7D7A85ED0F8ABA
:102F1000C4ED087ADFED7B7A85ED128AC4ED097A7B
:102F2000DFED797A85ED158AC4ED0B7ADFED777ADE
:102F3000DFED776AC4ED0C7ADFED767A9FED766A85
:102F4000C4ED0E7ADFED757AC4ED0F7ADFED747A99
:102F5000C4ED117ADFED737AC4ED127ADFED727A87
:102F6000C4ED147ADFED717AC4ED157ADFED707A75
:102F700044ED017AC5ED174A85ED194AC5ED1A4AA7
:102F800085ED1C4AC5ED1D4A85ED164A85ED188A6A
:102F900085ED1B8A06F29C6582ED008A06F5D562F6
:102FA0002C46DFED647A82ED004A06F2AC623C34D6
:102FB00007ED024A47ED014A05F51E7C07ED038A3D
:102FC000C3ED004A2B4687ED014AC7ED024A303374
:102FD00087ED044AC7ED054A87ED074AC7ED084A61
:102FE000C4E000BF0681FDC04A7B4EC16B9ABB4066
:102FF000810449C05CA0F7C162A12A4123DBF3C070
:10300000780BCBC142CF1C41FAED6B3A3BDFA940B4
:10301000E9488FC14625D53F107A8EBFAC0B94C1CD
:10302000EF388B4011C7CEC0D2C02DC294879641D5
:10303000925CA8C09F3C66C1B1E19540DE020AC126
:10304000294B1DC2A9A48541423E9240764FDEC164
:10305000849ED74070CE88BCAF94E5BD7CF2303BF7
:10306000D122DBBD575B313D4E6290BD6E3400BE58
:10307000B3EAF3BD795828BEA913503D0AD7A33C43
:103080004FAF14BE17B751BB3D2CD43C07F096BDD3
:103090006D56FDBD04560EBEFD87743DBBB88DBC9C
:1030A000E3A51B3D52491D3C4CA68A3DEBE2B6BD53
:1030B0004BC807BEFF21FDBC77BE9F3D0E2D323DA4
:1030C000A8574ABD742417BE871659BD4FAF943D0B
:1030D00082E247BCBC0592BD4CA60ABEA4DFBEBCC2
:1030E0004260653C68916D3C006F813CC5A0B04179
:1030F00018261F41C1A88C4188F4C9409A0888410C
:103100009A771D4129CB2541AC1C92BF1748B84185
:103110000000C84242CF6AC000004843D7349841FB
:103120004FAF2440E6AE97418FE46E40B3EAC4410E
:10313000539606410F9CEA4114D040421372B341AA
:10314000D0C401425F29514124A8FB4197907841A6
:10315000BA2B6B429FABC5401B0D73423F354E40AF
:1031600006C102422FDD38C1AE87114287ED0A4AFF
:10317000C7ED0B4A87ED0D4AC7ED0E4A85ED0C4AA7
:1031800085ED004AC5ED0D4A87ED008A87ED038A7B
:1031900087ED068A87ED098A87ED0C8A87ED0F8A0D
:1031A000A1F66437C2ED004A06F5D662C4ED037A93
:1031B0005FED1F7A82ED008A06F2B462C4ED047AF4
:1031C0005FED227A82ED004A06F5D762C4ED067AF9
:1031D0005FED257AC2ED004A06F2BC62C4ED077AC3
:1031E0005FED287A82ED008A06F5D862C4ED097A8F
:1031F0005FED2B7A82ED004A06F2C462C4ED0A7AD2
:103200005FED2E7AC2ED004A06F5D962C4ED0C7A64
:10321000A5F5D8565FED327A84ED004AC4ED0D7AFB
:103220005FED347AC4ED014AC4ED0F7A5FED367A72
:1032300082ED008AC4ED107A5FED387A85ED0E8A52
:10324000C4ED127A5FED3A7A84ED028AC4ED137A06
:103250005FED3C7A84ED058AC4ED157A5FED3E7A28
:10326000F64AC4ED167ADFEDF67AC4ED187ADFED92
:10327000F57AC4ED197ADFEDF47AC4ED1B7ADFED4F
:10328000F37AC4ED1C7ADFEDF27AC4ED1E7ADFED3D
:10329000F17AC4ED1F7A84ED088AC4F8A070A1F613
:1032A0005437DFEDED7AC4F8B070A437C4ED217A5D
:1032B000DFEDEA7AC4F8E42002F5F672C4ED227A72
:1032C000DFEDE77A84ED0B8AC4ED247ADFEDE57A51
:1032D00084ED0E8A84ED118A84ED148A84ED178AB8
:1032E00084ED1A8A84ED1D8A84ED208AC4ED257A46
:1032F000C4F89CE005F57D7EC4F8F420A3F5D8520F
:1033000084ED238A84ED268A84ED2A8ADFEDD67A3D
:10331000C4E93071A1F60C2105F57777C4E93410C2
:10332000A431A3F5E350A3F5DB53C4F8E010A431B6
:10333000C4F8F0102921C4F8AC10C4F8BC10C4F8CB
:10334000CC10C4F8DC101121C4F8EC101221C4F820
:10335000FC1005F5247184ED2E8AC4F8A460A6F251
:10336000646684ED328AC4F8006106F5716684ED06
:10337000368AC4F80461A6F6C86684ED3A8AC4F8B1
:10338000106106F57A6684ED3E8AC4F81461A6F6EB
:10339000587684ED428AC4F82061B44EC4F8B42053
:1033A00005F52A72C4F82461A6F6E876C4F80CA1E3
:1033B000C4F8306106F58656C4F81CA1C4F834611F
:1033C000AB4EC4F82CA1C4F840614836C4F83CA107
:1033D000C4F850614836C4F84CA1C4F8606148365E
:1033E000C4F85CA1C4F870614836C4F86CA1C4F894
:1033F0008061A5F6F466C4F87CA14FF0110A84ED53
:10340000468A84ED4A8A84ED4E8A84ED528A84EDA0
:10341000568AC4F84461A5F61C66C4F80002C4F8D4
:103420005461A5F6445684ED5A8AC4F86461A5F641
:103430006C4684ED5E8AC4F87461049E84ED628AF1
:10344000C4F88461A0F52B76C4F8CCA1C4F89061CF
:1034500006F5A156C4F89461864EC4F8A061864E64
:10346000C4F8A461854EC4F8B06106F5AA56C4F844
:10347000B461834EC4F8C061824EC4F8C461A0F543
:10348000C676C4F8D06106F5B356C4F8D4617E4E52
:10349000C4F8E061059EC4F8E461A0F1A4067B488D
:1034A000C4F8F0617A4EC4F8040200F5F670C4F86E
:1034B000F4611226C4F88C61C4F89C61C4F8AC6154
:1034C000C4F8BC612926C4F8DC61C4F8EC61C4F816
:1034D000FC610826C4F81402C4F80C62A3F15C066F
:1034E000C4ED8F7AC4F810620F2684ED907AC4F888
:1034F0001C62A0F5D556603084ED913AC4ED927A05
:10350000C4F824020C20C4ED936A84ED943A84ED4F
:10351000956AC4ED966A84ED973A84ED986A84EDD5
:10352000997A84ED9A3A84ED668A84ED6A8A84ED0C
:103530006E8A84ED728A84ED768A84ED7A8A84EDCF
:103540007E8A84ED828A84ED868AC4F8206205F53D
:103550003076C4E98B0303204E4BC4F8800202206E
:10356000C4F8843205F14803C4F87402C4F87C023C
:103570000020C4F83432C4F86C020120464BC4F871
:1035800070020020C4F81C3305F52173C4F89012B2
:10359000C4F8CC124FF00001C4F888C2C4F8C8C205
:1035A00084ED8A8A84ED8E8AC4F8780205F21C4084
:1035B00084EDA88A84EDA98A84EDAA8A84EDAB8A79
:1035C00084EDAC8A84EDAD8A84EDAE8A84EDAF8A59
:1035D00084EDB08A84F8C41284EDB88A84EDB98A87
:1035E00084EDBA8A84EDBB8A84EDBC8A84EDBD8A01
:1035F00084EDBE8A84EDBF8AC4E9C2C284EDC08A6C
:10360000C4F88C3205F52773C4F828E3C4F8D03227
:1036100005F57A73C4EDE87AC4EDEB7A84EDE97AC6
:1036200084EDF27A84EDEA3AC4EDEC6AC4EDEF6A17
:1036300084EDED3A84EDEE6A30E000BFA4970120FE
:1036400080B7803FF5F97742BEC1EBC005E37D420C
:10365000235BA3C1564E20420F9CD4C140242B4271
:1036600083D1C6C1BFFD7642000091430C9C01206E
:103670006C8C01201C8E0120CCA20120648E0120C4
:10368000AC8E01207CA40120388F0120F8A90120F4
:103690000CA80120D43D0020FC3D002084EDF16AFF
:1036A00084EDF03A84EDF33A84F8041384F81813A7
:1036B00084EDCE8A84EDCF8A84EDD08A84EDD18AE0
:1036C00084EDD28A84EDD38AC4F8D0236FF07F02D0
:1036D000C4F82073C4F860734FF0010784EDD48AF6
:1036E00084EDD58A84EDD68A84F85C1384EDDE8A75
:1036F00084EDDF8A84EDE08AC4F8243348F2800345
:10370000C4F864E3ADF8583005F5806384EDE18AD0
:10371000C4F8683384EDE28A84EDE38A84EDE48AB8
:1037200084EDE58A84EDE68A84F89C1384F8DC1342
:1037300016A98DF85A2003F05DF905F5856003F0B0
:10374000F1F8002384F85874C4F880342F4BC4F87F
:103750004C64C4F85C342E4B2E48C4F860342E4BB5
:10376000C4F864342D4BC4F868342D4BC4F86C3461
:103770002C4BC4F870342C4BC4F874342B4BC4F865
:1037800078342B4BC4F87C3405F5567305F59365F6
:10379000C4F85034F9F7D2F906F5B470F9F7CEF958
:1037A000244B2548C9F84831244B89F82071C8F8C2
:1037B000743BC4F85434C9F81C51E1F74BFE0BF2CA
:1037C000FC621F490BF20C731E4C16A811601E4AB6
:1037D0001E49169451601E4919601E4B1E4983ED07
:1037E000008A1E4B81ED008A83ED008A1C491D4B27
:1037F00011601793F0F7ACFA1B4A1C490E481BB036
:10380000BDEC108BBDE8F04F03F0F4BEE0470020A4
:10381000E8470020F8870120F0470020F847002003
:1038200000480020084800200C48002014480020D0
:103830001C48002074EF0020ECAC002028B80020C9
:1038400015AE873F00004043BC720020000040C01E
:103850001E85AB3F784C0020744C00207C4C00202F
:1038600000008C4100006042FC4C0020E178000028
:10387000000000002DE9F04F067B85B00D78002E8A
:103880008368BD4C14BF8022012203911542DFF8EA
:1038900000B3BA490CBF012700270195BA46B4FB13
:1038A000F3F40023E4B20293B54B002C40F0CB803C
:1038B000477B17F0F70F69D1019D90F910C015EA09
:1038C000020E14BF4FF001084FF0000888EA0A0703
:1038D000BCF1FF3F0CBF002707F00107002F40F0AD
:1038E0002F81C77B362F0FD84FEA071C51F80CE009
:1038F00001EB071CDEF80490DCF80C8019EA080FD5
:1039000000F00181CEF88480002C40F0048190F911
:1039100011C0BCF1FF3F14D05FFA8CFCBCF1360F34
:103920000FD84FEA0C1E01EB0C1C51F80EE0DCF82E
:103930000CC0DEF808E01EEA0C0F02D0029D154311
:103940000295362F0FD84FEA071C01EB071751F8E5
:103950000CC0D7F80CE0DCF8048018EA0E0F00F079
:10396000CE80CCF888E06EB95200D2B2002A9CD149
:1039700090F91130013302D0DDE902231A7005B04D
:10398000BDE8F08F5208002A8FD1F1E70C2F6CD1DF
:1039900090F910707D1C19D0FFB2362F16D84FEA5F
:1039A000071C019D01EB071751F80CC005EA02093D
:1039B000D7F80CE0DCF8048018EA0E0F00F05A810A
:1039C000B9F1000F00F07081CCF884E090F80FC0DE
:1039D000BCF1360F00F2DE804FEA0C1701EB0C1E33
:1039E00051F80780DEF80C70D8F8049019EA070F38
:1039F00000F00E81C8F88870002C40F0CE80D8F816
:103A000004C0DEF80C701CEA070F00F0E880C8F86C
:103A10008470002C40F0EA8090F911707D1CA2D0D7
:103A2000FFB2362F9FD84FEA071C01EB071751F85A
:103A30000CC0FF68DCF808C01CEA070F93D0029D99
:103A4000154302958FE74F4FD3F804E03F68019D7F
:103A5000ABFB077C4FEA9C4C0CFB04FC5F68A7EBBC
:103A60000E07BC45FAD8019522E7C77B362F0FD841
:103A70004FEA071C51F80CE001EB071CDEF804903C
:103A8000DCF80C8019EA080F00F0C780CEF88480BB
:103A9000002C40F0CA8090F910C0BCF1FF3F1BD051
:103AA0005FFA8CFCBCF1360F16D84FEA0C1E019D54
:103AB00001EB0C1C51F80EE005EA0209DCF80C8061
:103AC000DEF8045015EA080F00F0DB80B9F1000FB2
:103AD00000F0F480CEF88480362F9DD84FEA071C82
:103AE00001EB071751F80CC0D7F80CE0DCF80480A4
:103AF00018EA0E0F00F0AE80CCF888E08CE7BF68C3
:103B0000214D3D602FE7DCF808C0204DCCF8005077
:103B1000002C3FF4FCAE1B4D9146D3F80480D5F841
:103B200000E0019DABFB0ECE4FEA9E4E0EFB04FE65
:103B30005A68A2EB080CE645FAD84A460195E6E633
:103B40005FFA8CFCBCF1360F00F288804FEA0C184B
:103B500001EB0C1C51F80880DCF80C90D8F804A09C
:103B60001AEA090F7CD0BEF1000F00F09380BA462C
:103B7000C8F88490B5E600BF20A10700441E0020CD
:103B8000001000E0844C00203830010038F00100C3
:103B900083DE1B43002C3FF43FAF4A4DD3F8048033
:103BA0002F68019DABFB077E4FEA9E4E04FB0EFE85
:103BB0005F68A7EB0807BE45FAD8BCF1360F019540
:103BC00014D84FEA0C1701EB0C1E51F80780DEF8F1
:103BD0000C70D8F804C01CEA070F7FF418AFDEF8A9
:103BE0000870394D3D60002C3FF416AF354DD3F8C9
:103BF00004E02F68019DABFB077C4FEA9C4C04FB63
:103C00000CFC5F68A7EB0E07BC45FAD8019503E7EB
:103C1000DEF808702D4D3D60EEE6DCF808C02A4D58
:103C2000CCF80050002C3FF436AF264D9146D3F827
:103C30000480D5F800E0019DABFB0ECE4FEA9E4E0E
:103C40000EFB04FE5A68A2EB080CE645FAD84A4679
:103C5000019520E7BF681D4D3D60DDE6C24640E6A8
:103C6000BEF1000F1AD0DCF808C0BA46164DCCF8E9
:103C7000005036E6BF68B9F1000F18D0124D3D6014
:103C8000A4E6DCF808C0B9F1000F13D00E4DCCF853
:103C9000005021E7F246C8F8889022E6DCF8087068
:103CA000F2460A4D3D601CE6CCF888E08EE6074DF2
:103CB0003D608BE6054DCCF800500DE7CEF88880CE
:103CC0000AE700BF844C002038F0010038300100C2
:103CD00030B405680DB930BCCCE50A462B6840F21B
:103CE00001210124196111785966186F1146800766
:103CF00015D45B6F013C01F8013B0A462B685869FB
:103D0000C007F2D54CB1144429680B6F9B07FCD453
:103D10004B6F02F8013BA242F6D130BC70475969A3
:103D2000C907E2D5EEE700BF2DE9F04F83B001905F
:103D3000806808B10BF06CF9019B5B68002B00F008
:103D4000F18053F8042C02EBC20203EB820293428F
:103D5000009200F0DF80009B53F81C0C243B009382
:103D600008B10BF055F9009B5B68002B00F0CC808C
:103D700053F8042C02EBC20203EB82094B4500F01E
:103D8000BF8059F81C0CA9F1240908B10BF040F9C7
:103D9000D9F80430002B00F0AE8053F8042C02EB6D
:103DA000C20203EB8208434500F0A18058F81C0CC6
:103DB000A8F1240808B10BF02BF9D8F80430002B37
:103DC00000F0908053F8047C07EBC70703EB8707EC
:103DD000BB4200F0838057F81C0C243F08B10BF065
:103DE00017F97B68002B74D053F8046C06EBC606F9
:103DF00003EB8606B34268D056F81C0C243E08B18B
:103E00000BF006F97368002B5CD053F8045C05EBEB
:103E1000C50503EB8505AB4250D055F81C0C243D7D
:103E200008B10BF0F5F86B68002B44D053F8044C44
:103E300004EBC40403EB8404A34238D054F81C0CF4
:103E4000243C08B10BF0E4F862686AB352F8043C11
:103E500003EBC30302EB830B5A4521D05BF81C0C28
:103E6000ABF1240B08B10BF0D3F8DBF80420A2B1BE
:103E700052F8040C00EBC00002EB800A524508D057
:103E8000AAF1240A5046FFF74FFFDBF80420524501
:103E9000F6D1AAF108000BF0BBF862685A45DDD1F3
:103EA000ABF108000BF0B4F86B68A342C6D1A4F1E3
:103EB00008000BF0ADF87368AB42AED1A5F1080075
:103EC0000BF0A6F87B68B34296D1A6F108000BF080
:103ED0009FF8D8F80430BB427FF47DAFA7F108000B
:103EE0000BF096F8D9F8043043457FF45FAFA8F1A2
:103EF00008000BF08DF8009B5B684B457FF441AFE9
:103F0000A9F108000BF084F8019B009A5B689342CA
:103F10007FF421AF009BA3F1080003B0BDE8F04F90
:103F20000BF076B803B0BDE8F08F00BF2DE9F04F7D
:103F30002DED108BB7B08346047F02AF002C7FD0ED
:103F400000259FEDA48AA44E65E0DBF800309B6954
:103F500098470146224607F160000B689B68984726
:103F60003269DBF8043007F1800C126807F1540065
:103F7000D3ED095A93ED086AD3ED0A7A07F190035D
:103F800097ED197AD7ED186A77EE887A916E37EE49
:103F9000257A76EE866A0A68D2F8008007F1700208
:103FA000C7ED1C6A87ED1D7AC7ED1E7A87ED248A5E
:103FB00087ED258A87ED268A87ED208A87ED218A7D
:103FC00087ED228ACDF800C0C047DBF800305846A4
:103FD0009B699847036821461B69984797F85420C6
:103FE000034658461A70DBF800309B69984703680F
:103FF00021461B69984797F85520034658465A7042
:10400000DBF800309B699847036821461B69984795
:1040100097F856308370DBF800305846ACB29B6995
:1040200098470368DB699847034658469D4205F167
:1040300001058AD3D437BD46BDEC108BBDE8F08FA7
:10404000D0E90123C7F808D0586899681D68DB6873
:10405000506007F18000916002F11001D36015609B
:10406000F3F792FBDBF80C3007F1700207F18001E7
:104070003B6707F19000DBF810307B67DBF814300A
:10408000BB67DBF81830FB67F3F77EFB534B5946F1
:10409000D7F8902007F138001A60D7F894205A60BA
:1040A000D7F898209A60D7F89C20DA60DBF80030C7
:1040B0001B689847DBF80030594607F140005B6801
:1040C000984797ED0E5AD7ED0F5A002397ED106AD7
:1040D000F6EE004AD7ED116A36EE057AC7F8903051
:1040E00076EEA57AC7F89430C7F89830C7F89C30B8
:1040F00027EE247AC7F8A03067EEA47AC7F8A43078
:10410000354BC7F8B040197D87ED2D5AC7ED2E5AB3
:1041100087ED2F6AC7ED306A87ED317AC7ED327AC5
:10412000A7F8CC40C7E92A44002900F0658501259D
:104130002246294B1B6953F8223093F86C20002A41
:1041400040F0BE820134E2B29142F2D86C2305FB0A
:1041500003F3073323F00703ADEB030D6B1E02AA35
:10416000BA62BDB16C22BC6AA01802FB03002346F0
:10417000002200241A606C3343F8382C43F8342CA6
:1041800043F8302C43F82C2C03F8084C43F8042C4B
:104190009842EFD1002900F01B830023DFED10BA15
:1041A000D946C7E9033306E0FB680133FB60DBB2A5
:1041B000994240F20C83084A126952F823209B006E
:1041C0003B6392F86C307A63002BEDD04FF0000A1D
:1041D0009DE000BF00000000ECAC0020C8C9012039
:1041E0006F12833AB4EECA9AF1EE10FAB4EECB9A9B
:1041F0007AFE097AF1EE10FAF4EEE9AA54BFB0EEB5
:10420000497AB0EE4B7AF1EE10FA40F31B82F4EEED
:10421000E98AF1EE10FAF4EEEA8A39FEA86AF1EEC4
:1042200010FA54BFF0EE686AF0EE6A6A6C23F96A1D
:10423000BC6A002003FB01F1D7ED2F5A0C440B465A
:10424000796AF4EEE57A62643433E062F1EE10FAF2
:104250002063C4ED00FA84ED01AAC4ED029A84ED56
:1042600003BAC4ED04AA84ED059AC4ED068AC4ED30
:1042700007EA84ED08EAC4ED09DA84ED0ADAC4ED50
:104280000D7A84ED0E6A84ED0F7AC4ED106AC4E9EC
:104290001215396A84F86410B969A165F969C4E92D
:1042A0001486E1657969BA6A2166134484ED1AFAC5
:1042B00029D5D7ED2D7AF4EEC77AF1EE10FA22D592
:1042C00093ED017AD7ED307AB4EEE77AF1EE10FA99
:1042D00019D5D7ED2E7AF4EEE76AF1EE10FA12DD79
:1042E000B7F8A860B7F8AA50AE4200F0C281B7F89C
:1042F000CC20D7F8B030013243F826400136A7F879
:10430000CC20A7F8A8600AF101031FFA83FA7B6B9F
:10431000586E3B6953449BB2FB6203685B689847E5
:10432000824580F2DB81E44E4FEA8A183A6B3369AA
:10433000D9F804409B58586ED9F80C303B66D9F830
:1043400010307B66D9F81430BB66D9F81830FB669C
:1043500003681B6998473A6B336900EB8A1B054673
:104360009B589BF83C207B639B6E3A627B6242B118
:10437000DBF80C30BB61DBF81030FB61DBF814308C
:104380007B6104F11006224607F180003146F3F705
:10439000FBF907F1600207F1800107F17000F3F704
:1043A000F3F955F8085094ED095A07F17001D4ED6E
:1043B0000A5A07F1480094ED086A07F15402D5ED56
:1043C000016A95ED027AD5ED007A76EEC56A37EE90
:1043D000657A77EEC67AC7ED166A87ED177AC7ED6C
:1043E000157AF3F743FA94ED0B7A3146D4ED0C7A53
:1043F000224697ED12AA07F18000D7ED139A2AEE14
:1044000007AAD4ED0DCA69EEA79A97ED14DAF3F76F
:10441000BBF907F1600207F1800107F17000F3F7C3
:10442000B3F9DBF8048094ED095A07F15402D4ED96
:104430000A5A07F1700194ED086A07F14800D8EDB7
:10444000016A98ED027AD8ED007A76EEC56A37EE09
:10445000657A77EEC67AC7ED166A87ED177AC7EDEB
:10446000157AF3F703FA94ED0B6A3146D4ED0C6A32
:10447000224697ED147A07F18000D4ED0D7A97ED7E
:1044800012BAD7ED13AA27EE27CA2BEE06BA6AEEA8
:10449000A6AAF3F779F907F1600207F1800107F1A5
:1044A0007000F3F771F9DBF8086094ED095A07F131
:1044B0005402D4ED0A5A07F1480094ED086A07F156
:1044C0007001D6ED016A96ED027AD6ED007A76EEAD
:1044D000C56A37EE657A77EEC67AC7ED166A87ED5C
:1044E000177AC7ED157AF3F7C1F9D5ED027A3AEEEE
:1044F000E9EA98ED028A7BEE4AEAD5ED006A0BF113
:10450000300238EE678A95ED017AD8ED004A98EDD1
:10451000015A94ED0B6A74EEE64AD4ED0C7A35EE4E
:10452000475A94ED0D4A97ED129AD7ED138AD7EDBD
:10453000143A29EE069A8BED088A68EEA78A95ED63
:10454000027AD6ED026A79EE4ADACBED064A76EEC9
:10455000C76AD6ED005AB0EE4C7AD5ED002A8BED45
:10456000075A6DEECE7A96ED016A75EEE25A95ED38
:10457000013AADEE2C7A64EEE6CACBED0B6A36EE6C
:10458000436ACBED095A25EE65CAE5EE88CA28EEE6
:10459000468A8BED0A6AA6EE24CA38EEE9DAA6EE60
:1045A000858AA3EE847A2CEEAC0AEEEE8D7AF0EEDC
:1045B000084AB7EE005AA8EE080A87EE24FAACEED5
:1045C0000C0AC5EE27FAB5EE400AF1EE10FA00F13A
:1045D0005883B1EEC07AF7EE006A77EE667AF0EEB5
:1045E000E77AF4EEEB7AF1EE10FA0AD4B5EE407AFF
:1045F000F1EE10FA36D088EE078ACCEE87CA8CEE40
:1046000007CA8BED0C8ACBED0DCA8BED0ECAB4EE4A
:10461000CABAF1EE10FA3FF7E5ADB4EECB9AF1EE7F
:1046200010FAB4EECA9A7BFE097AF1EE10FAF4EEB3
:10463000E9AA54BFB0EE497AB0EE4A7AF1EE10FA28
:104640003FF7E5ADF4EEEA8AF1EE10FAF4EEE98A0E
:104650003AFEA86AF1EE10FA54BFF0EE686AF0EE86
:10466000696AE3E59FED15CAF0EE66CAB0EE4C8AC2
:10467000C7E7002E37D1D7F8B0304FF00808202018
:10468000FB620AF0BDFCC7F8B000002340F82530FB
:104690000135ADB2A845F9D8FB6A4BB118460AF00E
:1046A000B7FC054B3A6B1B69B7F8A8609B587B6356
:1046B000A7F8AA801BE600BFECAC002000000000B9
:1046C000586E013403685B689847BD4BE2B22844DA
:1046D000197D85B291423FF62CAD37E5FB6A3B610F
:1046E000B74B197D60E54FEA4608D7F8B0501FFA7E
:1046F00088F8FD624FEA88000AF082FCC7F8B00033
:10470000B8F1000FC8D04645B646C5F302022946A7
:1047100028BFC646BEF1080F94BF00230123002A1C
:1047200018BF0023002B00F023812B1DC31A082B78
:1047300040F21E81BEF1000F00F1200C00F11002CA
:1047400001F1100114BF734601231D467B629D4B8E
:10475000AD08013DADB20CEB051C1D0C03F1040BC3
:104760001032002310316BF30F03944505F1040B55
:1047700005F1010511ED086B11ED067B6BF31F438D
:10478000ADB202ED086B02ED067BE6D1796A21F04D
:1047900003028A4293B216D05D1CF96AADB251F899
:1047A0002320754540F823200DD251F8252040F8EC
:1047B00025209D1CADB2754505D251F82520033347
:1047C00040F825209DB2A8453FF65FAF64E7CB4691
:1047D00000219FED7D8ADFED7D8A07F1A8000D465F
:1047E0009FED7B9AF4F738F92E46DBF800305846F7
:1047F000ACB29B6998470368DB699847A04240F2D6
:10480000AB80DBF8003058469B699847014622464A
:1048100007F180000B689B689847D7F8AC30D7ED5C
:10482000207AD7ED214A002B00F0AA8193ED037A7C
:10483000B4EEE77AF1EE10FA15D893ED057AB4EEFE
:10484000E77AF1EE10FA0EDB93ED047AB4EEE47A37
:10485000F1EE10FA07D893ED067AB4EEE47AF1EEB1
:1048600010FA80F2928093ED0C7AF4EEC77AF1EEB2
:1048700010FA15DB93ED0E7AB4EEE77AF1EE10FA4A
:104880000EDB93ED0D7AB4EEE47AF1EE10FA07D870
:1048900093ED0F7AF4EEC74AF1EE10FA40F2178169
:1048A00093ED157AB4EEE77AF1EE10FA15D893EDA0
:1048B000177AB4EEE77AF1EE10FA0EDB93ED167A82
:1048C000F4EEC74AF1EE10FA07DB93ED187AF4EE36
:1048D000C74AF1EE10FA40F2FD8093ED1E7AF4EE35
:1048E000C77AF1EE10FA15DB93ED207AF4EEC77A71
:1048F000F1EE10FA0ED893ED1F7AF4EEC74AF1EEFE
:1049000010FA07DB93ED217AF4EEC74AF1EE10FAC4
:1049100040F2E380DBF8003058469B699847036813
:1049200021461B699847034658461E70DBF8003045
:104930009B699847036821461B6998470346584678
:104940005E70DBF800309B699847036821461B695D
:1049500098478670013548E707F1A800FFF7E4F9AA
:10496000D7F808D0D437BD46BDEC108BBDE8F08F2A
:10497000FB6A00251A1F031F013552F8041FADB250
:1049800043F8041F7545F7D31DE71A465368002BFB
:104990007FF44CAF10880028BCD0D2F808E04FF06C
:1049A000000CF7EE002AF0EE481AAEF10401B0EE6A
:1049B000482AE046B0EE481A6246B0EE684A0CE07B
:1049C000ECAC00200200030000000000FFFF7F7F2E
:1049D0006F12833A0132904251D051F8043F93ED67
:1049E0001A6AB4EEC64AF1EE10FAF3DDD3ED026AAC
:1049F00093ED015A74EEE66A93ED097A37EEC55AE3
:104A0000D3ED0A3AD3ED005A27EE667AA5EE237A63
:104A100027EE257AB5EEC07AF1EE10FADAD493EDEE
:104A2000073AD3ED083A66EE836AE5EE636A65EE0F
:104A3000A65AF5EEC05AF1EE10FACBD4B4EEE27AF3
:104A4000F1EE10FAC6DCF4EEE25AF1EE10FAC1DC37
:104A500072EEC76A76EEE56AF5EEC06AF1EE10FA1C
:104A6000B8DB90460132F0EE651A4FF0010C90422F
:104A7000B0EE472AB0EE661AB0EE464AADD1BCF1B0
:104A8000000F2DD1E046E146E246DBF80030584603
:104A90009B699847036821461B69984780F800A0E6
:104AA000DBF8003058469B699847036821461B692C
:104AB000984780F80190DBF8003058469B6998478A
:104AC000036821461B69984780F8028042E703F19A
:104AD00024025BE703F1480258E703F16C0255E753
:104AE0005EF828301A6D92ED017AD2ED027AD2ED9D
:104AF000006A22EE077ADA6C62EE277A62EE266AA4
:104B000092ED005AD2ED015A92ED026AE5EE016A89
:104B1000A5EE817A5A6DE6EE017A92ED005AD2ED59
:104B2000015A92ED026AE5EE216A93F86420A5EE3F
:104B3000A17AE6EE217AC7ED1C6A87ED1D7AC7EDF2
:104B40001E7A02BBF0EE487AB0EE487A07F16000B8
:104B5000D3E911310A68D2F8008007F1800287EDAD
:104B6000207AC7ED217A87ED228A009207F1700240
:104B7000C04797F860A097F8619097F8628084E743
:104B800007F1A80206E7F7EE007A9A6D71EE677AF0
:104B9000F0EEE77AF4EEC97AF1EE10FA52D592ED22
:104BA000006A92ED011AF7EE007ADA6D72EE677A1A
:104BB000F0EEE77AF4EEC97AF1EE10FA32D592ED22
:104BC000007AD2ED017AF7EE006A1A6E37EE067AB5
:104BD00077EE817A71EEE66AF0EEE66AF4EEC96A83
:104BE000F1EE10FA0ED5D2ED006AD2ED011A37EED1
:104BF000267A77EEA17AA9E79CB00B4602AABA62A0
:104C0000FFF7B0BAF0EEE16AF4EEC96AF1EE10FA1D
:104C100028D4D2ED006A92ED016A61EEA66A61EED7
:104C2000861AE4E7F0EEC27AF4EEC97AF1EE10FAF1
:104C300022D492ED007AD2ED017A22EE077A62EE6A
:104C4000277AC0E7F0EEC17AF4EEC97AF1EE10FAF5
:104C50000DD492ED006AD2ED017A21EE066A21EEC2
:104C6000271AA0E7F0EE481AF0EE486ABFE7B0EE68
:104C7000481AB0EE486A96E7F0EE487AB0EE487A05
:104C8000A1E77A6002F0ECFC7A68B0EE407AA2E428
:104C90001C4A538A98421CDA938AD3B100B5137A1E
:104CA0005BB1022B16D0012B23D09389B2F80AC036
:104CB000013B1B1A1BB20CFB03F0936900EB400095
:104CC000B1F800C01A1823F800C08B7893705DF813
:104CD00004FB7047B2F80AE0B2F80CC00EF1FF33E3
:104CE0000CF1FF3C1B1A0FFA8CFC1BB20EFB0C30B4
:104CF000E3E7B2F80AC00CF1FF331BB20CFB003043
:104D0000DBE700BF78C201202DE9F04F89B007939F
:104D1000C36805909A4200F24481037844685B00BE
:104D200084F8A53040F20113A4F82F310023F5F7E1
:104D30002BFA0690002800F03481129B002B00F023
:104D400032814FF0000B0599129ACB68A2EB0B024F
:104D50004D680C789A421646284628BF1E46129B7C
:104D60009B1B0496F6B25B4501938CBF0023012385
:104D70000293F4F741FB002800F010814FF000038C
:104D80006400012E4FF0000AE4B2A5F8A23040F210
:104D9000014338BF0126DFF84483BAF1020F44EA29
:104DA0000303D8F8009003932B6931D9544695F842
:104DB000A320872A4FD959690A0500F1B28011F45E
:104DC000105F40F07E81D8F80020A2EB0902322A61
:104DD00000F27781022C95F8A30094BF00270127E9
:104DE000B0420AD34FB1D86D400706D18A0500F111
:104DF0009C80029A002A00F09880F4F749F9BAF1F1
:104E0000020F00F24C81A2462B69BAF1020FCDD8F5
:104E1000DA6D500702F00701C8D4701E54465144A1
:104E2000039F40F4807044B91F6601340A1B032AB3
:104E3000BDD8022CBBD8002CF6D0012C00F0358157
:104E4000019A5A4502D84FF400721A6695F8A320C9
:104E50000324872AAFD8D96D11F4E02FC1F30240A3
:104E6000A9D0511C1F6F05EB020C0128C9B285F8AF
:104E7000A3108CF81A709ED088299CD002F1020CE5
:104E80001F6F294402285FFA8CFC85F8A3C08F7637
:104E900091D0BCF1880F8ED0D11C1F6FAC44032879
:104EA000C9B285F8A3108CF81A7084D0882982D0F2
:104EB00002F1040C1F6F294404285FFA8CFC85F86A
:104EC000A3C08F763FF477AFBCF1880F3FF473AF88
:104ED000511D1F6FAC440538C9B285F8A3108CF87A
:104EE0001A703FF468AF88293FF465AF02F1060CF1
:104EF0001F6F294401285FFA8CFC85F8A3C08F76C8
:104F00003FF459AFBCF1880F3FF455AF196F07322A
:104F1000AC4485F8A3208CF81A1059690A057FF56E
:104F20004EAF1A6942F440721A61DA6D12F4E02F42
:104F300003D01A6942F400721A6195F8A330049AFA
:104F40009A422ED1002A00F0B280059B5D680024B1
:104F50002846079F2646DDE9045817E090F8A2305E
:104F600090F8A3209A4203F10102034440F2B18079
:104F700080F8A220987E01343E44A4B206F80B00CB
:104F8000A542264640F29380D8F804000368524AAE
:104F90005B699342E2D09847C0B2ECE7049B042BD4
:104FA000D5D000230693069809B0BDE8F08FD96DDF
:104FB00011F4E02FC1F3024053D0511CD3F870C05C
:104FC000AC180128C9B285F8A31084F81AC048D0DB
:104FD000882946D0941CD3F870C029440228E4B232
:104FE00085F8A34081F81AC03BD0882C39D0D11C59
:104FF000D3F870C02C440328C9B285F8A31084F8F4
:105000001AC02ED088292CD0141DD3F870C0294482
:105010000428E4B285F8A34081F81AC021D0882C76
:105020001FD0511DD3F870C02C440538C9B285F883
:10503000A31084F81AC014D0882912D0941DD3F874
:1050400070C029440128E4B285F8A34081F81AC051
:1050500007D0882C05D0196F07322C4485F8A3207F
:10506000A17659690C053FF55CAF11F4105F28D1AA
:10507000D8F80020A2EB0902322A22D895F8A32002
:10508000B2420AD34FB1DA6D500706D18A053FF517
:105090004CAF029A002A3FF448AFF3F7F9FF95F8B6
:1050A000A3202B69872ADCD881E71866BDE6049B1C
:1050B0009B44129B5B453FF646AE069809B0BDE89F
:1050C000F08F1A6942F440721A614FF400721A6646
:1050D0002BE7FF204FE700BF691901005CC30120E7
:1050E0002DE9F0471E4682B003680546DDF82880AA
:1050F000002B70D0446893F813C0D4E9000ABCF1C7
:10510000000F3FD072B693F813C01CF0010F08D007
:105110004FF0E0295F69D9F880413C409C62C9F8B2
:1051200080411CF0020F08D04FF0E0299F69D9F8A8
:1051300084413C40DC62C9F884411CF0040F08D073
:105140004FF0E029DF69D9F888413C401C63C9F879
:1051500088411CF0080F08D04FF0E0291F6AD9F8E9
:105160008C413C405C63C9F88C411CF0100F08D0A6
:105170004FF0E02E5F6ADEF890413C409C63CEF831
:10518000904162B69C68844200F0D780764C98606B
:10519000A469DFF8E8C1C4F3011EC4F382645CF8BB
:1051A0002EE00134BEFBF4FC002840F0BB80A64595
:1051B00006D30CF10104B4F5817FC0F0C8806B48C0
:1051C000D8601B6800241C6103245C621864012001
:1051D000C3F860A0186195F90E30581C40F0838028
:1051E00072B1013A4C1E0DF1070A8F1814F8012F05
:1051F000514628468DF80720FEF76AFDA742F5D1F3
:10520000B8F1000F40D008F1FF330DF1070A06F1A5
:10521000FF384FF0FF091E4440F2012709E05146D4
:105220002846FEF727FB9DF8073008F8013F464562
:105230002AD02B688DF80790002BF0D01A68012136
:1052400054461761C2F86490136F9B0706D4234637
:10525000506F14B103F8010B1C4601395369D8078C
:10526000F2D50029DFD0136F9B07FCD42346506F83
:1052700014B103F8010B1C460139F4D19DF8073035
:1052800008F8013F4645D4D195F90E305A1C3AD161
:105290002B6823B3DA7C12B3D50704D5986A4FF094
:1052A000E021C1F80001940704D5D86A4FF0E0214D
:1052B000C1F80401500704D5186B4FF0E021C1F884
:1052C0000801110704D5586B4FF0E021C1F80C011B
:1052D000D20604D59A6B4FF0E023C3F810210120C9
:1052E00002B0BDE8F087DBB2362B3FF679AF1C0188
:1052F0001F4800EB03130059DC68476827421ED0A3
:10530000C0F888406CE7DBB2362BC1D81901184AC7
:1053100002EB03135258D9685068084213D0C2F800
:105320008410B5E784451DD3BCFBF0F4BCFBF4FC52
:1053300084457FF640AFA4463BE7D86841E79B68C9
:105340000C4818604CE79B680B4A1A60A0E7022CD7
:1053500008D9023C4FEA540C4FEA0C4040EA0C20BA
:1053600020432DE700202BE700C00F40FF7F7F0088
:10537000441E00203830010038F001009C2300203A
:105380002DE9F84390F82F81B8F1000F6DD0054654
:10539000F4F732F8002868D0414E4FF00009376822
:1053A00000E0A146C8452A6936D24C465369190522
:1053B0002BD4580568D499045CD43168C91B3229B0
:1053C00058D8A04504D2D26D520701D1980565D4B2
:1053D000F3F75EFEC845E4D22A695369190514D46F
:1053E000580551D4990445D43168C91B322941D894
:1053F000A04504D2D26D520701D19B054ED4F3F7DC
:1054000047FE2A6953691905EAD51369042043F454
:1054100040731361BDE8F883D16D4C46480701F035
:105420000703C3D413E095F8A5100133022441F417
:105430008061042B11661BD0804503F1010305EB4D
:1054400000010ED991F8A510042B1166AED00120F1
:10545000002CE8D0204601330134804505EB0001E3
:10546000F0D84FF400731366A0E70420BDE8F8837A
:1054700001249BE713694FF40071042043F4407347
:1054800013611166BDE8F88313694FF400710220BF
:1054900043F4407313611166BDE8F8830020E5E72B
:1054A0005CC30120F8B5A54C0146A36A002B51D07E
:1054B00040F2011094F83020A14E5200A3F82F01C1
:1054C000186883F8A5200268B24240F03F81B3F823
:1054D00030210D46E2B915F8011BB3F830211ABB93
:1054E00015F8011BB3F83021002A40F0EE8015F8C2
:1054F000011BB3F83021002A40F0DF802978B3F88F
:105500003021002A40F0CE801846BDE8F84037E749
:10551000022283F82F21002283F8A620026815F8C2
:10552000011BB24240F01E8193F82F21882A00F21D
:1055300009819818013283F82F21A36A80F8A510F9
:105540001A6815F8011B1268B242CBD01846904772
:10555000A36AC5E0226C01F1040C206D1368666A31
:1055600023EA00031360D4E90E0311F8012B4EB1B6
:1055700035686A66EA6D12F4F81FFBD06A6F614500
:10558000F3D1F8BD056812F0800FA76C0CBFBD43C6
:105590003D4312F0400F05601D68E76C45EA0705C2
:1055A0001D601D68E76C25EA07051D600568A76C8E
:1055B0000CBFBD433D4312F0200F05601D68E76C32
:1055C00045EA07051D601D68E76C25EA07051D60B3
:1055D0000568A76C0CBFBD433D4312F0100F05607A
:1055E0001D68E76C45EA07051D601D68E76C25EA44
:1055F00007051D600568A76C0CBFBD433D4312F055
:10560000080F0560E76C1D6845EA07051D601D6809
:10561000E76C25EA07051D600568A76C0CBFBD4354
:105620003D4312F0040F05601D68E76C45EA07056D
:105630001D601D68E76C25EA07051D600568A76CFD
:105640000CBFBD433D4312F0020F05601D68E76CBF
:1056500045EA07051D601D68E76C25EA07051D6022
:105660000568A76C0CBFBD433D4312F0010F0560F8
:105670001D68E76C45EA07051D601D68E76C25EAB3
:1056800007051D600268A56C14BF2A43AA43026087
:105690001A68E56C2A431A601A68E56C22EA05026A
:1056A0001A606CE793F82F21882A3CD901225A60AE
:1056B000A36A1846BDE8F84062E693F82F21882ACD
:1056C00029D901225A60A36A14E093F82F21882A6D
:1056D0001DD89818013283F82F21A36A80F8A510ED
:1056E0001A6815F8011B1268B2423FF402AF18465F
:1056F0009047A36A1A6829781268B2423FF4FFAE55
:1057000018469047A36A1846BDE8F84038E60122DB
:105710005A60A36AE4E79818013283F82F21A36A3C
:1057200080F8A510E6E7501C1A4483F82F01A36AFD
:1057300082F8A5101846BDE8F84021E64460002034
:10574000A519010001225A60A36AF9E618460D4620
:1057500000219047A36A15F8011B1A681268B2422B
:105760003FF4BBAE18469047A36AE9E62DE9F0473F
:10577000A04CA36A002B00F0D580A16D00229E48AA
:105780001B6981421A6100F2BE8001229B489C493C
:1057900098645A624FF430329962DA62986C00224F
:1057A0004FF0011118651A620122996595481A6136
:1057B000FFF778FEB4F90830402B00F04D8100214E
:1057C0008C48F4F7B7F921898A480139C9B2F4F74E
:1057D000B1F9B4F90A202689D31D48BF02F10E039E
:1057E000DB10D4E90A0516FB03F6B6B2002800F078
:1057F000408194F83030844F5B0080F8A53040F24F
:105800000113A0F82F3103681B68BB4240F02282CD
:10581000B0F830312BB1022380F82F31402380F8CB
:10582000A630731E9BB2002E4BD005F1020A012652
:1058300001354FF002099A44B04614E00136B6B281
:10584000036815F8011C1B68BB4268D1B0F8303101
:1058500033B190F82F31882B29D9C0F80480A06A81
:105860000135AA452DD0882EE8D1FFF789FD94F89F
:105870003030A06A5B0080F8A53040F20113A0F838
:105880002F3103681A68BA4240F0D781B0F830214E
:10589000002A00F0EC80402280F82F91022680F848
:1058A000A6201B6815F8011CBB4238D133460135D0
:1058B000C2180133AA4580F82F31A06A82F8A510DA
:1058C000D1D1FFF75DFDA36A002B00F0C181E16D2E
:1058D000002249481B6981421A6100F2A381474CAA
:1058E000012047494FF430329C6458629962DA6271
:1058F0009C6C00204FF0011101221C651862996513
:105900001A61BDE8F0874148814240F29E814048DB
:10591000404998645A62404A9962DA623EE7984781
:10592000A06A9DE7636A002B00F08880D97CD4E9E7
:105930001920002939D072B6D97CCD0708D54FF08F
:10594000E0265F69D6F880513D409D62C6F88051DF
:105950008F0708D54FF0E0269F69D6F884513D4067
:10596000DD62C6F884514E0708D54FF0E026DF69A6
:10597000D6F888513D401D63C6F888510D0708D5FB
:105980004FF0E0261F6AD6F88C513D405D63C6F8A3
:105990008C51C90608D54FF0E0255E6AD5F8901104
:1059A00031409963C5F8901162B699688A423BD03C
:1059B0001A499A6089691A4DC1F30116C1F38261CF
:1059C00055F826600131B6FBF1F5002A00F046815A
:1059D000AA4200F24781B5FBF2F1B5FBF1F5AA420C
:1059E00001D20D46691CB1F5817FC0F03D810D4AA1
:1059F000DA601AE0446000207F1A06003B3728195D
:105A0000B80B050528340060A51901003F420F00BE
:105A10000A09070460090101007F050000C00F406A
:105A20009C230020FF7F7F00DA681B68002119613A
:105A30000321596201211A6418661961626C616D53
:105A400013688E4823EA01031360FFF72BFDB4F9B6
:105A50000830402B7FF4B3AE20218948F4F76AF870
:105A6000218987481F31C9B2F4F764F8B1E60226EC
:105A7000F6E6226C216D1368676A0B43136086B1EA
:105A8000A16B06EB050CE36B15F8012B002F39D049
:105A900038684266C26D12F4F81FFBD0426F65454C
:105AA000F2D1626C616D13680B431360002F3FF4F9
:105AB00028AFFB7C002B3FF424AFDC0704D5B96A88
:105AC0004FF0E022C2F80011980704D5F96A4FF0B0
:105AD000E022C2F80411590704D5396B4FF0E022D7
:105AE000C2F808111A0704D5796B4FF0E022C2F80A
:105AF0000C11DB067FF505AFBA6B4FF0E023C3F85E
:105B00001021FEE6086812F0800FA66C0CBFB043AF
:105B1000304312F0400F08601868E66C40EA060057
:105B200018601868E66C20EA060018600868A66C21
:105B30000CBFB043304312F0200F08601868E66CC9
:105B400040EA060018601868E66C20EA0600186053
:105B50000868A66C0CBFB043304312F0100F086009
:105B60001868E66C40EA060018601868E66C20EADF
:105B7000060018600868A66C0CBFB043304312F0F2
:105B8000080F0860E66C186840EA0600186018689C
:105B9000E66C20EA060018600868A66C0CBFB043EB
:105BA000304312F0040F08601868E66C40EA060003
:105BB00018601868E66C20EA060018600868A66C91
:105BC0000CBFB043304312F0020F08601868E66C57
:105BD00040EA060018601868E66C20EA06001860C3
:105BE0000868A66C0CBFB043304312F0010F086088
:105BF0001868E66C40EA060018601868E66C20EA4F
:105C0000060018600A68A06C14BF024382430A6051
:105C10001A68E06C02431A601A68E06C22EA00021B
:105C20001A603CE7174881420CD9174C17481849AD
:105C30009C645A629862D9625AE6402102269047D3
:105C4000A06AFDE5134C1448F1E71248124960E6DA
:105C5000676A26E740219847A06AE2E58E42BFF4D2
:105C6000C1AEC5E60022C3E60229FBD902394D08C0
:105C70002A0242EA05420A43BAE600BF283400601D
:105C8000446000203F420F000A0907046009010137
:105C9000007F05001C1A120C100E0202F8B50D460A
:105CA00072B63D4A00233D49841C91610221D161B5
:105CB00040F20641C2F8A030C2F8F0124FF4702151
:105CC000C2F8F432C2F8F832C2F8FC3220F01F03F6
:105CD000C2F8A4100121C2F8B010BFF34F8F4FF0EB
:105CE000E022C2F85C3F20339C42FAD8BFF34F8FCA
:105CF000BFF36F8F284A5369DC07FCD5012328497D
:105D000020F07F40244C53614026C2F8F01242F24A
:105D10000121244FC2F8F4122349C2F8BC30C2F862
:105D2000A0000220C2F8A410C2F8B03001E0590669
:105D300027D46369DA07FAD541211C4B0020164AA3
:105D400061610121C4F8F032194DC4F8F402194C14
:105D5000C2F8B810C2F8A000C2F8A450C2F8B0103F
:105D60005369DF07FCD551612378DE07F0D413684F
:105D7000094943F0010313600B68DB07FCD462B6EA
:105D8000F8BD2946024618B10544384603F0E2FC46
:105D900000206661CDE700BF00802A40F05AF05A2B
:105DA0003204180880812A4002000F0005040124F3
:105DB00001000F0000812A4010B472B602684B49FE
:105DC00022B190F804C0BCF10F0F53D90B8813F027
:105DD000010C27D09C0723D55A0757D51C0758D547
:105DE000DA0659D59C065AD55A065BD51C065CD5F1
:105DF000DA055DD59C055ED55A055FD51C0560D5D5
:105E0000DA0461D59C0462D55A0463D5DA0B64D0F8
:105E100062B600221023026003715DF8044B7047E4
:105E20004FF0010C012202FA0CF213430B8062B610
:105E30002F4A5FFA8CF10171D36F43F0C003D3672F
:105E4000A2F5A03240F2824313602A4B917663445C
:105E5000917711765B01D1775DF8044B03609FED7C
:105E6000217B83ED007B83ED027B83ED047B83ED5F
:105E7000067B70470B8843FA0CF4E407A7D51D4C4A
:105E80006444B2EB441FA2D162B6C6E74FF0020CE5
:105E9000C8E74FF0030CC5E74FF0040CC2E74FF022
:105EA000050CBFE74FF0060CBCE74FF0070CB9E755
:105EB0004FF0080CB6E74FF0090CB3E74FF00A0CAF
:105EC000B0E74FF00B0CADE74FF00C0CAAE74FF02A
:105ED0000D0CA7E74FF00E0CA4E74FF00F0CA1E755
:105EE000AFF300800000000000000000E8AC0020DC
:105EF00000C00F4080740002174BD0E9002110B49D
:105F00009A4215D00B684C681868144A20EA0400BD
:105F10005DF8044B1860106A40F4C0101062906A7B
:105F200020F00E2090621A6849680A431A60704790
:105F30000A684C681368094823EA04035DF8044BB7
:105F40001360036B23F4FF4343F4C07303631368CC
:105F500049680B431360704700C01A4000C00F40EF
:105F60000EB400B582B0064803AA52F8041B019291
:105F700002F0D0FD02B05DF804EB03B0704700BF43
:105F8000184C0020F6EE006A91ED017AD1ED007A0E
:105F900027EE267A67EEA67A80ED017AC0ED007AC8
:105FA000704700BF2DE9F04704461546501CE268D3
:105FB000904214D822780E466168520081F8A520DC
:105FC00040F20112A1F82F219BB167681A4A396883
:105FD000D1F80480904504D1B7F830218AB9BDE8E2
:105FE000F087194638460122C0478046B8F1010FB4
:105FF000F5D12A46314620460123BDE8F047F4F7A3
:10600000C3B897F82F21892A0FD04FF00109C8464D
:1060100007F1A50019461044424603F09BFB97F890
:106020002F31994487F82F91E0E701214FF00009C3
:106030007960C846ECE700BF49400100B4EE400B70
:10604000F1EE10FA80F1A580B0EEC07B9FED6B6B96
:10605000B4EE467BF1EE10FA00F390809FED697B81
:10606000B4EEC70BF1EE10FA00F381809FED677B71
:10607000B4EEC70BF1EE10FA00F1B680B5EEC00B2E
:1060800030B5F1EE10FA2DED028B8DB07DD40025E8
:106090009FED607B30EE070BFCEEC07BB8EE678BAC
:1060A00017EE903A30EE488B002B76D1302321202A
:1060B0008DF82D303DB101382D22C0B200F13003F2
:1060C0006B4403F8242C554C23782BB103ABC0F15F
:1060D00022011844F3F784F8B2EE046B2E232278E1
:1060E0008DF80C3028EE067BFCEEC75BCDED015A37
:1060F0009DF8043005EE903A3033B8EEE55B8DF84C
:106100000D3037EE457B27EE067BFCEEC75BCDED11
:10611000015A9DF8043005EE903A3033B8EEE55B55
:106120008DF80E3037EE457B27EE067BFCEEC75B25
:10613000CDED015A9DF8043005EE903A3033B8EEBB
:10614000E55B8DF80F3037EE457B27EE067BBCEE26
:10615000C77B17EE103A30338DF810301AB1052195
:1061600003A8F3F73DF80DB0BDEC028B30BD2B4B0F
:106170001B788BB103212A48F3F732B8274B1B78E1
:1061800053B103212748F3F72BB8B1EE400B01259B
:106190007EE7224B1B7863BB7047234C092B4FF0E3
:1061A0002100A4FB032E4FEADE0E0EEB8E02A3EBC2
:1061B000420202F130028DF82D207FF67BAFA4FB66
:1061C0000E3201387146D208C0B2092902EB8203AF
:1061D00000F1300CAEEB43039646EC4403F1300380
:1061E0000CF8243CEBD865E70C4B1B78002BC1D195
:1061F000704703210D48F2F7F3BF00BFFFFFFFFF19
:10620000FFFFEF7F000000E0FFFFEF41000000E034
:10621000FFFFEFC12F431CEBE2360A3FF8B101202C
:1062200098470020B0450020CDCCCCCCB84500200C
:106230002DE9F047884682B00168174605460A9A5C
:10624000002971D0446891F813C0D4E9000ABCF168
:10625000000F3FD072B691F813C01CF0010F08D0A8
:106260004FF0E0294E69D9F8804134408C62C9F87A
:1062700080411CF0020F08D04FF0E0298E69D9F858
:1062800084413440CC62C9F884411CF0040F08D02A
:106290004FF0E029CE69D9F8884134400C63C9F841
:1062A00088411CF0080F08D04FF0E0290E6AD9F899
:1062B0008C4134404C63C9F88C411CF0100F08D05D
:1062C0004FF0E02E4E6ADEF8904134408C63CEF8F9
:1062D000904162B68C6884421BD05C4C8860A46993
:1062E000DFF87CC1C4F3011EC4F382645CF82EE0C5
:1062F0000134BEFBF4FC002840F08880A64506D39C
:106300000CF10104B4F5817FC0F093805048C8605F
:1063100000E0C868096800240C6103244C6208642A
:106320000120C1F860A0086195F90E10481C4FD1FA
:106330007AB102F1FF395C1E0DF10706994414F899
:10634000013F314628468DF80730FDF7C1FCA145D5
:10635000F5D17FB1013F08F1FF340DF10706474445
:1063600014F8013F314628468DF80730FDF7B0FCA0
:10637000BC42F5D195F90E305E1C38D12B6823B3A1
:10638000DA7C12B3D50704D5986A4FF0E021C1F842
:106390000001940704D5D86A4FF0E021C1F8040148
:1063A000500704D5186B4FF0E021C1F80801110720
:1063B00004D5586B4FF0E021C1F80C01D20604D58A
:1063C0009A6B4FF0E023C3F8102102B0BDE8F087CC
:1063D000C9B23629ACD80C011E4800EB0111005996
:1063E000CC68466826421CD0C0F88840A0E7DBB2E3
:1063F000362BC3D81901174A02EB03135258D96838
:106400005068084211D0C2F88410B7E784451BD306
:10641000BCFBF0F4BCFBF4FC84457FF673AFA446F0
:106420006EE789680C48086082E79B680B4A1A602F
:10643000A4E7022C08D9023C4FEA540C4FEA0C4066
:1064400040EA0C20204362E7002060E700C00F40D4
:10645000FF7F7F00441E00203830010038F001002B
:106460009C2300202DE9F843044600680D4616469B
:106470008842A36816D8C218914213D20F1A4FF05F
:1064800001096EB103EB0608626890450DD8B9F1B9
:10649000000F1BD12946184402F0F4FBC4F8088011
:1064A000BDE8F8834FF00009EBE708F1010108F0BF
:1064B000B7FD0028F4D0A368C4E90008002BE6D19A
:1064C00003702068A368B9F1000FE3D03246C11908
:1064D000184403F03FF92368002203F80820DDE7A1
:1064E000F8B5002504460F46056008462573C4E943
:1064F000015503F0D3F968B10646013008F080FD7C
:1065000040B1394605702060C4E90166BDE8F84035
:1065100002F0B8BBF8BD00BF0368F0B45BB3002461
:106520009C600124DC60244C244D1C44241145F85B
:10653000241003211A60224A99600379214D1355D2
:106540001378517820488B42C0F8285228BF0B4658
:106550009178D2788B4228BF0B46934228BF1346CE
:106560001A484FF0E0224FF0806180F87A30C2F88C
:106570000C11F0BC7047164E4FF0010C154CF56E27
:10658000154F45F44055F566C7F800C0A56804608E
:1065900075B1124DA669056066B11035A66A056031
:1065A00046B1A56B3034046015B10360F0BC704790
:1065B0002346B8E72B46B6E700BFF7BFA07200201E
:1065C000504C00200D1201000054002000E400E0B7
:1065D00000C00F4000410840004008401041084002
:1065E00000000000F8B504461546BAB143680E46EF
:1065F0009A4206D831462068A560BDE8F84002F00E
:1066000041BB511C006808F00BFD074660B1A36850
:10661000C4E90005002BEDD10370EBE7036803B17B
:106620001A700023A360F8BD206810B108F0F0FCD8
:1066300027600023C4E90133F8BD00BF00230360D5
:1066400043608360C360036143617047494B024606
:1066500070B540F80C3B02F59C75FFF7EFFF002486
:1066600002F1240302F1300040F8044C40E90344F5
:106670000C30A842F8D102F51075002440F8044C03
:1066800040E903440C30A842F8D1002002F2FC4556
:1066900082F8F444F6EE004A286002F596766860C7
:1066A00002F204554FF0000E4FF6FF7C2860686040
:1066B00002F20C552860686002F23220516002F14B
:1066C000100592ED057A043192ED065AD2ED037A67
:1066D00092ED046A1472A3F800E0033303F801ECAE
:1066E000A3F805E183F807E151ED016AD1ED005A05
:1066F000F4EEE76AF1EE10FAF4EEC65A77FEA67AE7
:10670000F1EE10FAF4EEC76AD4BF0C462C46F1EE57
:1067100010FA01F10801B4EEE55A94ED006AC2EDF9
:10672000037A58BFB0EE667A82ED046AF1EE10FA91
:1067300077EE275AD8BF11ED025A9E4282ED057AB4
:1067400075EE066A82ED065A65EEA45A66EEA46AF4
:10675000C2ED075AC2ED086A20F802CFA0F8B0C017
:10676000A0F860C1A0F810C2B5D11046BDE87040D5
:10677000E1F7B6B83C3E002010B4104C034680ED63
:106780000B0A4FF0000C04600020122299619882DD
:106790009886C3F81CC0C3F820C0C3F824C0C3F84F
:1067A00028C0C3F830C0C3F838C0C3E90100C3E94A
:1067B0000300181D5DF8044B08F010BB983E002044
:1067C00026490346DFF8A0C0002230B543F8081B75
:1067D0000025014600F52274C3F800C0203343F8B9
:1067E0001CCC43F8182C43F8142C43F8102C43F815
:1067F0000C2C43F8082C43F8045CA342ECD100F5C0
:106800005E74DFF868E04FF0000C154AC3F800E052
:106810000C3343F808CC43F8042CA342F6D10022F1
:10682000012400F52073A0F844250271C0F8082562
:10683000C0F80C25C0F81025C0F81425C0F818259C
:10684000084A80F84645026120308342FBD14FF070
:106850003F4241F8202F9942FBD130BDAC3E002091
:106860000AD7233C000080BF6F12833ACDCC4C3D49
:106870004FF07E5C70B50446C0F800C0C0F810C090
:1068800090B0C0F838C000201D4616462062E06275
:10689000A06460650B6860620993214BA06220636D
:1068A0006063E0642065A065E0656060A060E06012
:1068B0006061A061E061E063206460645868D1F8C1
:1068C00008E0D1ED017A09A9B3F800C09A68DB6845
:1068D0000D9005A8CDED0A7ACDF82CE0ADF830C0CA
:1068E0000E920F93F5F700FD059B01AA05A804F190
:1068F00010010193069B0293079B0393089B04934B
:10690000F3F72CFD32687368B0682968226263620D
:106910006A68AB68A062E1622263636310B070BD15
:10692000746A002000234FF07E524360026083604F
:10693000C360026143618361C36103624362836236
:10694000C262026342638263C36303644364836419
:10695000C364036543658365C365704710B54FF035
:10696000040E0446944688B080F800E04FF07E5054
:1069700000226060E061206460640020A4F8482088
:106980000DEB0E02A062E062206360632062606231
:1069900091ED006AD1ED016A02A99CED007ADCED6F
:1069A000017A37EE065AA06077EEA65AE0602061C1
:1069B0006061A061A0630E4884ED0A6AC4ED0B6AB1
:1069C00084ED0C7AC4ED0D7AE06304A88DED025AD3
:1069D000CDED035AFFF7D6FA05991A46DDF810C037
:1069E0006162211DC4F820C0F3F7B8FC08B010BDE7
:1069F00000002041002310B443600381054C0A8845
:106A00008B78046082805DF8044B8371A0F80720C6
:106A100043727047D83E00202DE9F04FCA4B002446
:106A2000CA4F4FF47A7ACA48CA4ACB4DCB49CC4EAA
:106A3000DFF8D093DFF8D0832DED028BC3E9000798
:106A4000A0F580409C629C8783B0106007F17000C5
:106A50009462506007F1E000C3E90244C3E90444D2
:106A6000C3E91044C3E91244C3E90644C3E9084436
:106A7000C3E90B44C3E90D44BA4BC2E90244C2E97D
:106A80000444C2E90644C2E908445860B648948701
:106A90009860B6481D609C819C73B54BB54D99605C
:106AA0009C81B5499C73C2E90B44C2E90D44C2E91B
:106AB0001044C2E91244B14A106007F59C709481F9
:106AC0005060AF489473906007F5C872AD4807F501
:106AD000F877C3E90002AC4AAC4800F08BFDAA4A43
:106AE000A549AB4800F086FDA74AA349A94800F094
:106AF00081FDA54AA849A94800F07CFDA24AA84901
:106B0000A84800F077FDA84B8822214606F11A001C
:106B100074603473C6F808A0348333613760C6F8F4
:106B2000149002F025F88922214606F1A500A6F866
:106B3000A24086F8A44002F01BF89C4B8822214614
:106B400005F11A002B6109F150032C732C83C6F850
:106B50002E41A6F832416B612F6086F83441C5E9B9
:106B6000014AC6E94E4402F003F88922214605F1A4
:106B7000A500A5F8A24085F8A44001F0F9FF09F1AD
:106B8000A00388222146C5F82E41C8F8143008F128
:106B90001A00874BA5F83241C8F808A0C8F804408D
:106BA00088F80C40A8F81840C8F81030C8F80070F1
:106BB000002785F83441C5E94E4401F0D9FF892208
:106BC000214608F1A500A8F8A2407A4D88F8A44013
:106BD00001F0CEFF4FF07E53C8F82E41A8F83241A5
:106BE0002B606F60AF60EF6088F83441C8E94E44B5
:106BF000F6F7F8F8704A7149714B11600421D462BC
:106C000011634FF48071C2F8D470C2F8E41003F538
:106C10003851C2F8D870C2F8DC70C2F8E070C2F81F
:106C2000E870C2F8EC70674A1A605C3303F8084CED
:106C300043F8047C9942F7D1534A4FF0010A564970
:106C40004FF0C809604800F0D5FC604B6048102246
:106C500060499A8004604C4A00F0CCFC5E4B5F486F
:106C60001C86DF62C3F800A05D4B474A5D49A3F86C
:106C70000490046000F0BEFC5B4BDFF890811C8642
:106C8000C3F800A0DF62594BA3F80490F3F7BCFBF4
:106C90004FF07C51DFF878914FF07F43C8F80C102B
:106CA0004FF0804108F11402DFF868C1C8F84410C1
:106CB000022108F1240EC8F8302088F804104C494D
:106CC000A8F84C404FF4C874C8F8101009F11C0122
:106CD000C8F83470C8F8201009F13001C8F80870FD
:106CE000C8F854104349C8F83870C8F868104249C9
:106CF000C8F83C70C8F86C104049C8F84070C8F833
:106D000070103F49C8F84870C8F87410C8F850703F
:106D1000C8F80090C8E906334FF0FF23C8F81430D4
:106D20004FF07E5307CAC8F85C30C8F86030C8F826
:106D300064308EE80700C8F878704FF48072C8F8A5
:106D40007C3009F13C0167E094AB0020E43E002078
:106D500000003A40E4AB002000C01A4084AB0020A1
:106D6000E05E002068C2012064AB002000001B40F0
:106D700078C30120E4A80020E56A010068C301206F
:106D800074AB002000000242FC4C0020CCB101207A
:106D9000D4B10120E8B1012079DC0000484C00208A
:106DA000696A0100284C002000003F4000803F40FD
:106DB00000C03F40C8C9012078770020CDCC4C3EB0
:106DC000E8780020CDCC4C3D644C0020B46000201D
:106DD0003C600020596A01004473002020600020BC
:106DE000387300203560010000730020F472002029
:106DF000CDCCD440AE67BB3E8C65583EABAAAA3E14
:106E0000ABAA2A3E2C34006024AA00208062002015
:106E1000F8400020000080BFC8F8803008F5867078
:106E2000C8F88C30C8F89430C8F8AC30C8F8B43022
:106E3000C8F8C030C8F8C430C8F8E030C8F8E4304A
:106E4000C8F8F030C8F8F830C8F888C0C8F898C05A
:106E5000C8F8A0C0C8F8A4C0C8F8B8C0C8F8CCC06A
:106E6000C8F8D0C0C8F8D8C0C8F8ECC0C8F884705A
:106E7000C8F89070C8F89C70C8F8A870C8F8B070CE
:106E8000C8F8BC70C8F8C870C8F8D470C8F8DC700E
:106E9000C8F8E870C8F8F470C8F8FCC0C8F804C1B5
:106EA000C8F808C1C8F8007102F054FC09F13C01AF
:106EB0004FF4807208F5037002F04CFC08F12003D7
:106EC000C8F8583002F0F8FA074602F0F5FA58FA16
:106ED00080F058FA87F3013C90F80C1293F80C22DA
:106EE00083F80C1280F80C22ECD1E849E84801F54F
:106EF000007CE84FA0EB0800431858FA83F393F89E
:106F00000C22A7FB02E301F8012F8C454FEAD303C3
:106F100003EB4303A2EB830281F80022ECD19FED47
:106F2000DE8A4FF00009DD48F7EE008ADC4A4FF0B8
:106F3000010BDC4980ED008AA0F20C7000F05AFBD6
:106F4000D94BDA49C3F81C901960596083ED028A65
:106F500083ED038A83ED048A83ED058A83ED068A37
:106F6000D34BDFF8AC8383ED008A83ED018A404682
:106F7000D04BD14F83ED008A83ED018ACF4BD04AAD
:106F800083ED008A83ED018ACE4B40F8047B83EDCC
:106F9000008A83ED018A4FF6FF73C2F81C901160DE
:106FA000516001A982ED028A82ED038A82ED048A92
:106FB00082ED058A82ED068AADF804308DF8063040
:106FC000FFF718FD6FF07F43C8F81000A8F818907D
:106FD0009C22C8F81430202188F8729108F13800FA
:106FE00088ED078A88ED088A88ED098A88ED0A8A83
:106FF00088ED0B8A88ED0C8A88ED0D8A01F0B8FDCA
:10700000DFF810A39C22202108F1D40001F0B0FD8C
:107010004046A34AAC4900F0EDFADFF8FC82504646
:10702000CAF808908AF80C909C22A849CAE90099ED
:10703000FFF7D8FA50469A4AA54900F0DBFA4046D5
:10704000C8F808909C2288F80C90A249DFF8CCA2DE
:10705000C8E90099FFF7C6FA914A9D49404600F0F9
:10706000C9FA9D489D4B4FF0100880ED038AC36319
:107070004FF4000380ED048A03644FF4803380ED05
:10708000058A436407F1140380ED068A036080EDEE
:10709000078A80ED088A80ED098A80ED0A8A80EDF2
:1070A0000B8A80ED0C8A80ED0D8AC0ED0E8A80ED92
:1070B000128A80ED138A80ED148AC0F804B0E5F7D7
:1070C00047FC07F120008AED018AB6EE002ACAF8D3
:1070D000000007F12C0ADFF848920221C5F810A041
:1070E000F0EE0C4ADFF83CA2032289ED018A4FF052
:1070F000140EC5F82CA007F1380ADFED797AB1EE4D
:10710000025AC9F800A04FF01E0ADFED766A89F82E
:1071100008A007F144099FED747ADFED742A9FED12
:10712000743ADFED743A9FED744AC5F8649007F144
:10713000500985F8241085F8341085F8441085F836
:10714000541085ED058A85ED068A85ED078AC5ED23
:107150000A8AC5ED168A85ED1A8A85ED1D8A85EDA8
:10716000082AC5ED187AC5ED0E6AC5ED126A85EDDF
:107170000F7A85ED137A85F86C8085F87880C5EDF7
:107180000C2A85ED103AC5ED143A85ED174AC5F87D
:10719000709085ED208A85F8901085F8A01085F80C
:1071A000B01085F8C01007F15C01DFF87CC1E96719
:1071B00052499FED536AC5F8981007F1680185EDB3
:1071C000232AC5F8D01007F17401C5ED272ACCF8A1
:1071D00000104C4985ED2B3A0846C5ED2F3A85ED58
:1071E000324A85F8D88085ED218A85ED228AC5ED61
:1071F000258AC5ED296AC5ED2D6A85ED2A7A85EDCA
:107200002E7AC5ED318AC5ED337A85ED358AC5F81C
:10721000DC2085ED388A85ED396AC5ED3A7A8CED4A
:10722000018A8CF808E0CCF80C208CED048ACCEDB7
:10723000058AC1ED064A81ED018A81F808E0CA603D
:1072400081ED048AC1ED058A07F180012E4BDFED47
:107250002F5A016007F18C0183ED018A196083F8D0
:1072600008E01A7383ED048AC3ED058A83ED065A9C
:107270001A7783ED088AC3ED098AC3ED0A5A83F8A9
:107280002C2083ED0C8A83ED0D6A4FE08B65002086
:10729000F5FCFFFFABAAAAAA000000008C69002041
:1072A000FC4C0020DDDC0000E46000206F12833A1B
:1072B00004610020906900203C420020BC72002044
:1072C000C4600020C4720020D5DC00003C490020CE
:1072D0009D580100DC4900201C6A0020FFFF7F7FD1
:1072E000CDCC6C400000C0C20000C042333313401C
:1072F000CDCC2C409A99D93F0000C84200409C4513
:107300000000B443CC78002074780020CDCC4C40F1
:107310000C610020CC720020E0720020B0720020CE
:107320006878002000004042B0780020C3ED0E7A5B
:1073300007F19803CCED064AA437C5F8EC3085ED8B
:10734000415A85ED3C8A85F8F4E085F8F82085ED12
:107350003F8AC5ED408A85F8082185ED438AC5ED51
:10736000448AD5F83431C5ED455AD90785F8182136
:1073700085ED486AC5ED497A85F830E1C5F8287190
:1073800085ED478A85ED4B8A40F1EB80F3F73CF8B9
:107390007A487B4900237B4D4FF0FF324360036105
:1073A0004362C36286624261C0F8332080F83720AE
:1073B000754A764E764FC0E902117649C0E9073327
:1073C0008161754B7549C0E9165301600723744903
:1073D000C0E91913734900F00DF9F3F715F8724B72
:1073E0000421724A317019681B685B0807EE103A75
:1073F0004B086F4906EE103AB8EEC77B3960B8EE1D
:10740000C66B9FED5C5B26EE056B27EE057BBCEE45
:10741000C66BFCEEC77B16EE103A538017EE903A1F
:107420000133138022F01F030432BFF34F8F4FF05C
:10743000E021C1F8683F20339A42FAD8BFF34F8F5A
:10744000BFF36F8F337813B34FF000084FF0E02590
:1074500038684FF452620021204401F089FB3A68F9
:10746000224422F01F0302F55262BFF34F8FC5F88A
:10747000683F20339A42FAD8BFF34F8FBFF36F8F24
:1074800008F10108337804F552649845E0DB494B74
:10749000002203F5C04143F8042C43E903220C33D6
:1074A0008B42F8D144480126444B82825A639A6346
:1074B0008261826282864249424C196201F54051E2
:1074C000414D5962DE751D60DC6240498683C0E92A
:1074D0000822C0E90E22C0E9102205224260C260E3
:1074E0004FF0FF320261C262FF2283F828204FF082
:1074F0004012C3F80A20364B234A036004238360FA
:107500006FF47F03036300F075F8324B324A04F2E4
:107510002C6132481E7004F503731060002243F89A
:10752000042C43E903220C338B42F8D12C4B01206D
:107530002C49D875FF2001F504745A639A6383F8C7
:10754000280001F58460284A1D60D862C3F80A202B
:10755000C3E9081403B0BDEC028BBDE8F04FF5F7AA
:107560009DBC094A21492248C5F834B100F042F8CF
:107570000CE700BFF9978B952411E23E4460002090
:1075800080004000801A0600FC4C0020F8C2012058
:1075900078B1012001010001A0860100F037002030
:1075A00000093D0009660100084C0020F0B10120EF
:1075B0004833202030D3012000C30120B8C201206D
:1075C00024D3012000CB0120EC420020817900006F
:1075D00018220020FDC201203CBC01208030202068
:1075E00078C2012000CD0120B000010079DC00004C
:1075F0006C4C002003460846194601F00BBB00BF47
:1076000008B52DED028BB0EE408A00F053FDB4EECC
:10761000488AF1EE10FA0FD6B5EEC08AF1EE10FAF4
:107620000AD8B5EE408AF1EE10FA08D101F046FA18
:1076300022239FED090A0360BDEC028B08BD01F017
:107640003DFABDEC028B034621221A600348BDE8D7
:10765000084000F0E5BA00BF000080FFE0460020CF
:1076600008B52DED028BB0EE408A00F00DFBB4EEB4
:10767000488AF1EE10FA06D6DFED098AB4EEE88A00
:10768000F1EE10FA02D4BDEC028B08BD01F016FA3F
:1076900088EEA80ABDEC028B2123036008BD00BF61
:1076A000000000002DE9F04F5BEC10AB2DED0A8BD4
:1076B0004FEA1B5C11EE90EA0CF1FF3640F2FD70D0
:1076C000864210EE101A11EE103A89B05A466546FD
:1076D0004FEA1E5400F2C680C4F30A06A6F2BE3674
:1076E0007F2E98BF002000F2BD80BFEE000BE14C62
:1076F000E14B1444C4F3463503EB451693ED006BA0
:1077000093ED027B96ED128B96ED189B96ED162B62
:10771000260D241505EE904A360593ED0C4BB8EE78
:10772000E55B951BA5EE062BA5EE079B93ED04AB41
:1077300093ED105B93ED08BB93ED067B93ED0A6B25
:1077400093ED0E3B0C1E45EC1C4BACEE080BA0EE73
:10775000053BA0EE046B20EE0A5B30EE024B20EE00
:10776000058BA0EE0B7BA8EE036B32EE442BA8EE4C
:10777000067B32EE002BB0EE483B39EE022B95EE45
:10778000003B34EE085B20EE080B34EE454B32EE46
:10779000036B34EE084B36EE046BA0EE076B35EE50
:1077A000064B21EE048B18EE902AB0EE487BC2F314
:1077B0000A556FF47273EB183E2B91EE047B35EE95
:1077C000445B35EE065BA1EE057B00F29380AB4B8C
:1077D00093ED024B93ED005BB0EE441B93ED042B55
:1077E000A8EE051B93ED066B11EE101A31EE441B4B
:1077F00001F07F0293ED0E4BA1EE028BA1EE068B02
:1078000093ED0C6B37EE087B27EE072B921802F1F5
:107810000F0403EBC202A7EE046B92ED1C4B03EBCB
:10782000C40293ED0A3B93ED085B53F8346057684C
:10783000A7EE035B4018002422EE023B37EE047BE8
:10784000A219A2EE057B07EB4033A3EE067B002DC9
:107850005FD043EC102BA7EE000B09B0BDEC0A8BF8
:10786000BDE8F08FD8184EEB0E09461E37466FF074
:10787000010849F1FF36B8456FF4001777EB0606AB
:10788000C0F02081481842EB0209461E374669F1D4
:107890000006B8456FF4001777EB0606C0F0398193
:1078A000002A6ADB0020C4F30A06A6F2BE337F2B4F
:1078B00040F2FF774FD9724B00209A4208BF8142B5
:1078C00000F0FD8040F2BD35AE4240F291800129CA
:1078D00072EB030334BF01230023BC428CBF00249E
:1078E0000124A3420ED109B0BDEC0A8BBDE8F04FD4
:1078F00000F060BC002BC0F2CE80B5F5816F75D969
:10790000002AF0DB09B0BDEC0A8BBDE8F04F00F0B7
:1079100059BCA14280F21381B7EE003B03F17F51C5
:1079200001F50011104641EC150B27EE057B35EEF5
:10793000076BB0EEC64BB4EEC34BF1EE10FA61D458
:107940009FED480B26EE000B09B0BDEC0A8BBDE89D
:10795000F04F00F067BC002D7FF4C7AE9FED437B76
:107960004BEC16AB26EE077B53EC172B23F00042B3
:1079700017EE101AA2F15072B7E6C4F30A0640F2ED
:10798000FE3086427EDD40F23340864200F3FA80CC
:10799000801BA0F120054FF0FF374FF0FF398740E3
:1079A00009FA05F9C0F12008019547EA09054FF0E9
:1079B000FF3727FA08F945EA0905874023EA070750
:1079C0002EEA05053D435DD1019DC3400EFA08F83E
:1079D00043EA08032EFA05FE43EA0E0303F001030F
:1079E000980422F00042CCF30A055EE70025EEE69B
:1079F00088429341B7EE000B34BF31EE000B30EEFE
:107A0000410B2AE7B5EEC06BF1EE10FA35EE465B9E
:107A1000BFEE004B35EE075B58BFB0EE434B36EE82
:107A2000043B34EE437B37EE067B37EE057B37EEC7
:107A3000037B37EE446BB5EE406BF1EE10FA04D1E8
:107A40002A4601F0004343EC162B9FED065B8DEDBB
:107A5000045B9DED047B27EE057B8DED067B6FE7D8
:107A6000AFF30080000000000000100000000000E4
:107A700000003043AB6A19C0000D002080020020D6
:107A80000000F03F4BEC10AB09B0BDEC0A8BBDE839
:107A9000F04F00F0B7BBB7EE000B38EE000B00283C
:107AA0003FF4DBAEB1EE400BD7E64918594B82F4F8
:107AB00000224FF000005241884293415DD3B7EE5F
:107AC000000BCAE650EA0904EFD0534C0025A2424D
:107AD00008BFA94247D04918504B52418D4273EB21
:107AE00002044AD3994508BFA84246D103F1004396
:107AF0009A4208BFA942E2D09A426FEA0E0E34BF02
:107B0000002201224FEADE7E724577D09FED3D0BC9
:107B1000A3E64BEC17AB002A27EE070B34DB002261
:107B200050EA09095DD1BEF1000FBFF696AE1046CE
:107B300009B0BDEC0A8BBDE8F04F00F04BBB03F180
:107B400040419FED326B01F57001104641EC100B86
:107B5000A7EE000B20EE060B09B0BDEC0A8BBDE8CA
:107B6000F04F00F06BBBDB182A4A8EF4002E4EEB70
:107B70000E0E9D4272EB0E02A1D24BEC17AB37EE0C
:107B8000010B6AE600202CE7C4F30A02A2F2FF31DF
:107B90003429C4D8C2F586624FF0FF31A2F11D0529
:107BA000033201FA05F701FA02F4C2F120063C4360
:107BB00021FA06F73C43914023EA01012EEA04042E
:107BC0002143ACD123FA02F20EFA06F632432EFA22
:107BD00005F52A4312F00102A2D0B1EE400B0122BA
:107BE0009EE7BEF1000FBFF638AEB7EE006B86EE33
:107BF000007B8DED027B9DED020B2EE621EE010B4D
:107C00002BE600BF000000000000000000000000A4
:107C10000000007F0000F0FF0000F03F0000E0FFE8
:107C20009FED010A704700BF0000C07F00F07EBBDF
:107C300008B52DED028BF0EE408AB0EE608A00F0C0
:107C40001BFCF4EE488AF1EE10FA06D6DFED098A45
:107C5000B4EE688AF1EE10FA02D0BDEC028B08BDDA
:107C600000F02CFF88EEA80ABDEC028B21230360F4
:107C700008BD00BF0000000010EE103A23F00043E2
:107C800000EE103A704700BFB1EEC00A704700BF67
:107C90000000000030B510EE104AC4F30A53B3F5EB
:107CA0007D7FB7EEC06A83B01BD226EE065BB3F5CC
:107CB000667F6ED326EE052B25EE021B734B93EDEC
:107CC0001A3B93ED187B93ED164BA5EE037BA2EECA
:107CD000046BB0EE460BA7EE010BB7EEC00B03B082
:107CE00030BD40F22E4293425ED8684991ED087B48
:107CF00026EE077BFDEEC77B91ED0A5B17EE903A0F
:107D000003F500031B1613F0020F07EE903A01F182
:107D1000700208BF0A46D807B8EEE77BA7EE456BAE
:107D200026EE067B1BD403F0030301EBC30192EDA7
:107D30001A4B91ED002B92ED185B26EE026B92ED43
:107D4000163BA7EE045B26EE074B27EE047BA4EE62
:107D5000036BA5EE076BB7EEC60B03B030BD92ED1B
:107D6000142B27EE075B92ED126B92ED0E3BA7EE04
:107D7000026B92ED0C0B92ED104BA7EE030B27EE6E
:107D8000057BA5EE040BA6EE070BB7EEC00B03B008
:107D900030BD220D12F4FF6FDFD1B7EEC55B00EEF0
:107DA000104A8DED015AD8E7B3F5FF6F4BD2384B2F
:107DB000C4F3836203EB820053F822200569C4F305
:107DC0001603C4F3C25143F400038B40016A03FB62
:107DD00002F2A3FB0110E3FB050202F100518D0F3B
:107DE00001F04041511A00F03BFE2A4B9FED257BEC
:107DF00005EBD47441EC160B14F0020FA3F17002E2
:107E000008BF1346E90726EE077B27EE076B1FD452
:107E100004F0030402EBC40293ED1A4B92ED002B25
:107E200093ED185B27EE027B93ED163BA6EE045B09
:107E300027EE064B26EE046BA4EE037BA5EE067B35
:107E4000B7EEC70B89E703B0BDE8304000F022B9B8
:107E500093ED142B26EE065B93ED127B93ED0E3B18
:107E6000A6EE027B93ED0C0B93ED104BA6EE030BED
:107E700026EE056BA5EE040BA7EE060BB7EEC00BC6
:107E80006BE700BF182D4454FB21193C481D00200E
:107E90006C430020B81D00200000000038B510EE33
:107EA000104AC4F30A53B3F57D7FB7EEC07A1ED2F1
:107EB00027EE077BB3F5667F6FD327EE071B634B77
:107EC00093ED142B93ED125B93ED0E3BA7EE025B4B
:107ED00093ED0C0B93ED104BA7EE030B27EE017BFC
:107EE000A1EE040BA5EE070BB7EEC00B38BD40F2B8
:107EF0002E42934254D8554991ED086B27EE066BFC
:107F0000FDEEC66B91ED0A5B16EE903A03F50003A9
:107F10001B1613F0020F06EE903A01F1700208BF33
:107F20000A46D807B8EEE66BA6EE457B27EE076B50
:107F30001AD503F0030301EBC30191ED002B92ED81
:107F40001A4B92ED185B92ED163BA6EE045B27EE02
:107F5000027B27EE064B26EE046BA4EE037BA5EE18
:107F6000067BB7EEC70B38BD92ED142B92ED127B5A
:107F700092ED0E3B92ED0C0B92ED104B26EE065B54
:107F8000A6EE027BA6EE030B26EE056BA5EE040B18
:107F9000A7EE060BB7EEC00B38BDB7EE000A38BD32
:107FA000B3F5FF6F3DD22A4BC4F3836203EB82002B
:107FB00053F822200569C4F31603C4F3C25143F4F5
:107FC00000038B40016A03FB02F2A3FB0110E3FBF9
:107FD000050202F100518D0F01F04041511A00F0ED
:107FE0003FFD1C4B9FED177B05EBD47441EC160B4A
:107FF00014F0020FA3F1700208BF1346E90726EE42
:10800000077B27EE076B10D504F0030402EBC402D4
:1080100092ED002B93ED1A4B93ED185B93ED163B0D
:1080200093E7BDE8384000F035B893ED142B93ED9D
:10803000127B93ED0E3B93ED0C0B93ED104B9DE7F4
:10804000AFF30080182D4454FB21193C481D00203B
:108050006C430020B81D002010B582B08DED010AE0
:10806000044600F02BFD9DED010A046002B010BD36
:108070009FED070AFFEE007AB7EE007A00284FF076
:10808000220047FE277A87EE800AFFF7E5BF00BF90
:108090000000000070EE407AB4EE400A87EEA77A46
:1080A000F1EE10FAB0EE470A02D62120FFF7D4BF56
:1080B000704700BF08B510EE103A33F000422DEDC6
:1080C000028B2BD0002B32DBB3F1FF4F41DAB3F53B
:1080D000000F35DB0021DA157F3A0A44D10FC1F1D8
:1080E0007F0102EBD272C3F3160307EE902A43EA34
:1080F000C15300EE103AB8EEE78A00F0B3F8DFEDB6
:10810000177A9FED177A20EE270ADFED167AA8EE90
:10811000070AA8EE270ABDEC028B08BDBDEC028B56
:108120009FED117ADFED117A87EE270A08BDBDECCD
:10813000028B70EE407A9FED0D7A87EE870A08BDBC
:10814000DFED0B7A60EE277A6FF0180117EE903AA8
:10815000C1E7BDEC028B30EE000A08BDD95BDE3E04
:10816000DB27543580209A3E000000CC0000000040
:108170000000004C10B582B08DED000B044600F0FD
:108180009DFC9DED000B046002B010BD82B058B1A3
:10819000B1EE407B8DED007B9DED007B222020EE3B
:1081A000070B02B0FFF7E6BFB0EE407BF2E700BF7F
:1081B000000000009FED010BFFF7E8BF000000008A
:1081C000000000109FED010BFFF7E0BF0000000072
:1081D0000000007082B00028B7EE006BBFEE007B9D
:1081E00006FE077B8DED007B9DED000B9FED037B75
:1081F000222080EE070B02B0FFF7BCBF000000009A
:1082000000000000B4EE400BF1EE10FA30EE407BBF
:1082100087EE076BB0EE460B02D62120FFF7AABF10
:10822000704700BFB5EE400BF1EE10FA00D070477A
:108230002220FFF79FBF00BF000000009FED076BEB
:10824000B0EEC07BB4EE467BF1EE10FA00DC704776
:108250002220FFF78FBF00BFAFF30080FFFFFFFFBB
:10826000FFFFEF7F10EE103AB3F17E5F10EE102AA1
:1082700038D0A3F50001B1F1FE4F36D2BFEE000BAE
:1082800002F14043264903F54D03C3F3C34001EB1C
:10829000001091ED404B91ED445B91ED467B91EDEB
:1082A000426BD90DC90590ED002B521A03EE902AAE
:1082B00090ED021BDB15B7EEE33AA2EE030B03EEE3
:1082C000903A20EE002BA5EE007BB8EEE33BA6EE45
:1082D000027BA3EE041B30EE010BA2EE070BB7EE00
:1082E000C00B70479FED0F0A7047590014D0B3F1CF
:1082F000FF4F14D0002B0BDBB1F17F4F08D2DFED25
:108300000A7A60EE277A17EE903AA3F13862B5E761
:1083100000EE103AFFF7BEBE0120FFF7A9BE70477E
:10832000F00A0020000000000000004B10B582B0F1
:10833000CDED010A019B23F00042B2F1FF4FF0EEB8
:10834000407A30DC10EE100A20F00041B1F1FF4F0E
:1083500029DCB3F17E5F40D09C1704F0020444EAAC
:10836000D07431B372B3B2F1FF4F3ED0B1F1FF4FD1
:1083700028D0891AB1F1F45F4FEAE15232DA002BCA
:1083800040DA3C323EDA9FED330A012C4CD0022C0D
:1083900041D064B19FED307ADFED307A30EE070ADC
:1083A00030EE670A03E09DED017A37EE270A02B04E
:1083B00010BD022C0ED09FED2A7A032C07FE000A76
:1083C00002B010BD9FED270ADFED277A002820FEBE
:1083D000270AECE79FED210AE9E702B0BDE810406B
:1083E00000F0DAB89FED1F0ACFE7B1F1FF4F04F1BB
:1083F000FF3420D0022C26D81C4B03EB840393EDD2
:10840000000AD4E79DED017A87EE870AFFF734FC76
:1084100000F0C2F8B9E79FED107ADFED107A30EE88
:10842000070A37EEC00AC2E710EE103A03F1004324
:1084300000EE103ABBE7022C08D80D4B03EB840387
:1084400093ED000AB3E79FED030AB0E79FED090A39
:10845000ADE700BF000000002EBDBB33DB0F49407D
:10846000DB0F49C0DB0FC93FDB0FC9BF184300203A
:108470000C430020DB0F493F30B583B0CDED010A3E
:10848000019D35F0004041D010EE10EA2EF0004181
:10849000B1F1FF4F3ADAB0F1FF4F37DC81423BDBFD
:1084A0000EF000443AD01EF0FF4F56D10B02002BC5
:1084B0006FF07D0204DD5B00002B02F1FF32FADC7D
:1084C00015F0FF4F58D103026FF07D0C03D45B0011
:1084D0000CF1FF3CFBD512F17E0F47DBCEF3160EFD
:1084E0004EF400031CF17E0F3ADBC5F3160141F494
:1084F0000000B2EB0C0204D117E00FD04B00013AA0
:1085000013D0191A0029F8DA5B00F8E7DDED017ADB
:1085100060EE277A87EEA70A03B030BD1D4B03EB50
:10852000547393ED000A03B030BD181A58BF0346C8
:108530001BB9F3E75B000CF1FF3CB3F5000FF9DB6F
:108540001CF17E0F1DDBA3F500030CF17F0C234310
:1085500043EACC5300EE103ADEE7CA157F3AAFE7A4
:108560006FF07D01A1EB0C018840C2E76FF07D0345
:108570009B1A01FA03F3B5E74FEAE05CACF17F0C1C
:10858000A9E76FF07D02A2EB0C021341234300EE3A
:10859000103AC1E72443002038B510EE105A25F0F8
:1085A0000044B4F1A14FF0EE407A0ADBB4F1FF4F82
:1085B00058DCDFED517A9FED517A002D37FE870AA6
:1085C00038BD4F4B9C425CDCB4F1445F4DDB4FF057
:1085D000FF3327EEA76ADFED4B6ADFED4B5ADFED85
:1085E0004B4A9FED4B5A9FED4B4A26EE067A5A1C9A
:1085F000E7EE265ADFED486AA5EE875AE7EE246AD1
:10860000DFED465ADFED464AE6EE875AA5EE074A09
:108610009FED445ADFED446AA5EE875AE4EE074A1F
:10862000DFED425AE4EE876AE5EE075A66EE866AA7
:1086300065EE875A3AD03E4A02EB830276EEA56A8F
:1086400092ED007A3B4A96EEA77A02EB8303002D67
:10865000D3ED006A77EE677A36EEE70AB0DAB1EE6C
:10866000400A38BD30EE000A38BD9FED337A30EE57
:10867000077AF7EE006AB4EEE67AF1EE10FAA6DDBC
:1086800038BDFFF7F9FA2D4B9C4216DCA3F5D00359
:108690009C4227DCF0EE007ABFEE007AA0EE277A4B
:1086A000002330EE270AC7EE007A92E776EEA56A3D
:1086B000E6EEE77AB0EE670A38BD214B9C420BDC50
:1086C000F7EE087AB7EE007AA0EE277A022330EEB2
:1086D000670AC0EE077A7CE7BFEE007AC7EE007A41
:1086E000032376E7F7EE007A30EE677A30EE270A5A
:1086F0000123C7EE007A6CE7DB0FC93FDB0FC9BF70
:10870000FFFFDF3ED769853C59DA4B3D21A215BDFD
:10871000356B883D6E2EBA3D6BF16EBD95879DBD64
:108720002549123E388EE3BDABAAAA3ECDCC4CBE45
:1087300000460020F0450020CAF24971FFFF973F34
:10874000FFFF1B4081F0004102E000BF83F00043C7
:1087500030B54FEA41044FEA430594EA050F08BFDC
:1087600090EA020F1FBF54EA000C55EA020C7FEAA0
:10877000645C7FEA655C00F0E2804FEA5454D4EB1D
:108780005555B8BF6D420CDD2C4480EA020281EAE7
:10879000030382EA000083EA010180EA020281EA1F
:1087A0000303362D88BF30BD11F0004F4FEA013171
:1087B0004FF4801C4CEA113102D0404261EB410180
:1087C00013F0004F4FEA03334CEA133302D0524206
:1087D00063EB430394EA050F00F0A780A4F10104C2
:1087E000D5F1200E0DDB02FA0EFC22FA05F28018FC
:1087F00041F1000103FA0EF2801843FA05F35941E2
:108800000EE0A5F120050EF1200E012A03FA0EFC60
:1088100028BF4CF0020C43FA05F3C01851EBE3718A
:1088200001F0004507D54FF0000EDCF1000C7EEBA7
:1088300000006EEB0101B1F5801F1BD3B1F5001FE5
:108840000CD349085FEA30004FEA3C0C04F1010404
:108850004FEA445212F5800F80F09A80BCF1004F2D
:1088600008BF5FEA500C50F1000041EB045141EAAF
:10887000050130BD5FEA4C0C404141EB0101013C78
:1088800028BFB1F5801FE9D291F0000F04BF014667
:108890000020B1FA81F308BF2033A3F10B03B3F139
:1088A00020020CDA0C3208DD02F1140CC2F10C02C9
:1088B00001FA0CF021FA02F10CE002F11402D8BF27
:1088C000C2F1200C01FA02F120FA0CFCDCBF41EAF3
:1088D0000C019040E41AA2BF01EB0451294330BDC2
:1088E0006FEA04041F3C1CDA0C340EDC04F114049F
:1088F000C4F1200220FA04F001FA02F340EA030076
:1089000021FA04F345EA030130BDC4F10C04C4F1BB
:10891000200220FA02F001FA04F340EA030029469B
:1089200030BD21FA04F0294630BD94F0000F83F4E5
:10893000801306BF81F480110134013D4EE77FEAC8
:10894000645C18BF7FEA655C29D094EA050F08BF14
:1089500090EA020F05D054EA000C04BF19461046F5
:1089600030BD91EA030F1EBF0021002030BD5FEA39
:10897000545C05D14000494128BF41F0004130BD61
:1089800014F580043CBF01F5801130BD01F00045B5
:1089900045F0FE4141F470014FF0000030BD7FEA28
:1089A000645C1ABF194610467FEA655C1CBF0B4623
:1089B000024650EA013406BF52EA033591EA030F3A
:1089C00041F4002130BD00BF90F0000F04BF002132
:1089D000704730B54FF4806404F132044FF0000565
:1089E0004FF0000150E700BF90F0000F04BF0021DE
:1089F000704730B54FF4806404F1320410F0004544
:108A000048BF40424FF000013EE700BF42004FEA3E
:108A1000E2014FEA31014FEA02701FBF12F07F43BB
:108A200093F07F4F81F06051704732F07F4208BF72
:108A3000704793F07F4F04BF41F40021704730B579
:108A40004FF4607401F0004521F000411CE700BFC5
:108A500050EA010208BF704730B54FF000050AE048
:108A600050EA010208BF704730B511F0004502D549
:108A7000404261EB41014FF4806404F132045FEA4B
:108A8000915C3FF4D8AE4FF003025FEADC0C18BFF4
:108A900003325FEADC0C18BF033202EBDC02C2F1E6
:108AA000200300FA03FC20FA02F001FA03FE40EA78
:108AB0000E0021FA02F11444BDE600BF014B186814
:108AC000704700BF88520020F0B5ADF5057D04AFBA
:108AD000009313464FF400720E460392394603AAE0
:108AE000054600F005FE88B104460246039B314668
:108AF000284601F067F9BC42039004D0284621467D
:108B000000F08AFF03980DF5057DF0BD4FF0FF30B2
:108B1000F9E700BF10B4054C8446134620685DF8A1
:108B2000044B0A466146FFF7CFBF00BF88520020C2
:108B300000B50B4C25681446EE681A4685B003460E
:108B40000D464CB107490095CDE901143046064960
:108B500001F09AF8F2F750FF04490C46F3E700BF22
:108B6000885200202C4300203C430020E046002097
:108B7000830730B548D0541E002A3FD0CAB20346FE
:108B800001E0013C3AD303F8012B9D07F9D1032CF6
:108B90002DD9CDB245EA05250F2C45EA054536D934
:108BA000A4F1100222F00F0C03F1200EE6444FEA6C
:108BB000121C03F1100242E9045542E90255103239
:108BC0007245F8D10CF1010214F00C0F03EB021204
:108BD00004F00F0C13D0ACF1040323F003030433AF
:108BE000134442F8045B9342FBD10CF003042CB114
:108BF000C9B21C4403F8011B9C42FBD130BD644642
:108C00001346002CF4D1F9E703461446BFE71A4691
:108C1000A446E0E713460A460146022003F0CEBE12
:108C200070B50D4E0D4D761BB61006D0002455F8CC
:108C3000043B01349847A642F9D1094E094D761BF1
:108C400006F004FAB61006D0002455F8043B0134AF
:108C50009847A642F9D170BD982200609822006022
:108C6000A022006098220060704700BF704700BFDC
:108C7000704700BF704700BF014B93F82801704751
:108C8000004D002080EA0102844612F0030F4FD10C
:108C900011F0030F32D14DF8044D11F0040F51F8CB
:108CA000043B0BD0A3F101329A4312F0803F04BF82
:108CB0004CF8043B51F8043B16D100BF51F8044B6B
:108CC000A3F101329A4312F0803FA4F101320BD19B
:108CD0004CF8043BA24312F0803F04BF51F8043B20
:108CE0004CF8044BEAD023460CF8013B13F0FF0F7D
:108CF0004FEA3323F8D15DF8044B704711F0010FB0
:108D000006D011F8012B0CF8012B002A08BF704780
:108D100011F0020FBFD031F8022B12F0FF0F16BF77
:108D20002CF8022B8CF8002012F47F4FB3D170473F
:108D300011F8012B0CF8012B002AF9D1704700BF64
:108D4000436C70B505460C464BB153F8240080B116
:108D5000026843F824200023C0E9033370BD2122B8
:108D6000042100F0C9FB034668640028EDD100200F
:108D700070BD012101FA04F6721D9200284600F030
:108D8000BBFB0028F3D0C0E90146E4E731B1436CF6
:108D90004A6853F82200086043F82210704700BF69
:108DA0002DE9F0410E6980460F461D4601F1140E73
:108DB0000020DEF800108CB202FB0453090C4FEACD
:108DC000134C02FB01CC01309CB204EB0C448642F4
:108DD0004EF8044B4FEA1C45EBDC3DB1BB68B34297
:108DE00007DD07EB860301365D613E613846BDE86D
:108DF000F081796840460131FFF7A2FF0446B0B127
:108E00003A69023207F10C0192000C3000F0A2FC2A
:108E1000D8F844307A6853F82210396043F8227049
:108E2000274607EB860301365D613E61DEE7034BB3
:108E300003482246BA21FFF77BFE00BFCC43002047
:108E4000E0430020030C1B04D3B90004102310F0EE
:108E50007F4F04BF0002083310F0704F04BF0001C1
:108E6000043310F0404F04BF80000233002805DBBC
:108E700010F0804F03F1010308BF2023184670470C
:108E80000023E4E7036813F0070208D0D9071FD4D2
:108E90009A0722D55B08036001221046704799B2F9
:108EA00009B91B0C1022D9B209B908321B0A1907DB
:108EB00004BF1B090432990704BF9B080232D9077B
:108EC00003D45B0802F1010205D00360104670472D
:108ED0000022104670472022DFE79B080222036031
:108EE0001046704738B5436C04460D464BB1586880
:108EF000B0B102685A6000220123C0E90435C260A3
:108F000038BD2122042100F0F7FA034660640028EE
:108F1000EDD1094B0948002240F24511FFF708FE48
:108F20001C220121204600F0E7FA0028F1D001229E
:108F30000223C0E90123DEE7CC430020E043002008
:108F40002DE9F04F0E691569AE4285B0884614468A
:108F500005DB2A46234635460C4616469846A36846
:108F60006168AF19BB42B8BF0131FFF7E9FE01905C
:108F7000002800F08780019B03F1140909EB870AA0
:108F8000D14505D24B46002243F8042B9A45FBD825
:108F900008F1140808EB860B04F11403D8451A46AF
:108FA00003EB85055FD22B1B153B23F00303043332
:108FB0001534A54238BF0423CDE902A7AC461F46AD
:108FC000924605E0090C29D1C34509F1040948D9A5
:108FD00058F8041B8DB2002DF4D056464C460023A1
:108FE00056F8041B22681FFA81FE90B2090C05FB9B
:108FF0000E00120C034405FB012202EB13429BB24C
:1090000043EA0243B44544F8043B4FEA1243E7D82D
:1090100049F8073058F8041C090CD5D0D9F80030AD
:1090200050461A464C4600260588120C01FB0522C4
:1090300016449BB243EA064344F8043B50F8045BF1
:1090400022682D0C93B201FB053303EB16438445D4
:109050004FEA1346E8D8C34549F8073009F1040937
:10906000B6D8DDE902A7002F02DC05E0013F03D0FE
:109070005AF8043D002BF9D0019B18461F6105B03A
:10908000BDE8F08F034B0448019A4FF4B171FFF72C
:109090004FFD00BFCC430020E043002012F003034B
:1090A0002DE9F0411446064632D10D46A41020D0D9
:1090B000D6F84080B8F1000F33D0E3074FF0000737
:1090C00007D4641015D0D8F80000A8B18046E30793
:1090D000F7D5424629463046FFF732FFB5B16968F9
:1090E000736C641053F821202A6043F82150054620
:1090F000E9D12846BDE8F081424641463046FFF7B7
:109100001FFFC8F8000007608046E0E70546D8E783
:10911000013B0F4A52F823200023FFF741FE05468A
:10912000C4E701213046FFF70BFE804640B1012322
:1091300040F27122C0E90432002330640360BCE7CE
:10914000044B0548424640F24511FFF7F1FC00BFD1
:1091500030460020CC430020E04300202DE9F047BA
:109160000D4614462F69AB68496807EB62177E1CF1
:109170009E4280464FEA621904DD5B009E4201F187
:109180000101FADC4046FFF7DBFD8446002852D09F
:10919000B9F1000F00F114020EDD09F105014FEAEB
:1091A000810E134600EB8101002043F8040B8B4233
:1091B000FBD1AEF114031A44296905F1140314F02C
:1091C0001F0E03EB81012ED0CEF1200910464FF087
:1091D000000A1C6804FA0EF444EA0A0440F8044B3E
:1091E00053F8044B994224FA09FAF2D84B1B153B69
:1091F00023F00303043305F11500814238BF042333
:10920000BAF1000F18BF374642F803A0D8F844302F
:109210006A68CCF8107053F822102960604643F851
:109220002250BDE8F087043A53F8040B42F8040FCB
:109230009942F9D8EAE7034B034862464FF4EF71CD
:10924000FFF776FCCC430020E04300200B69844606
:109250000069C01A16D10CF1140C14310CEB830206
:1092600010B401EB830301E0944508D252F8044D99
:1092700053F8041D8C42F7D005D24FF0FF305DF853
:10928000044B7047704701205DF8044B704700BFE6
:109290002DE9F84F0F691369FF1A002F0E4690460B
:1092A0007FD101F11405143202EB830205EB830335
:1092B00001E09D4278D253F8041D52F8044DA142BA
:1092C000F7D069D37168FFF73BFD8146002877D05E
:1092D0003569D8F81020C76008F1140E06F11400A3
:1092E00009F1140A06F110010EEB820200EB85076A
:1092F00056464FF0000C5EF8044B51F804BFA3B281
:109300001CFA8BFCACEB03034FEA144CCCEB1B4C6C
:109310000CEB234C9BB243EA0C43724546F8043BEA
:109320004FEA2C4CE7D8A2EB0801153908F11508D3
:10933000424521F0030404F1040438BF042420440E
:1093400021F0030238BF002287425244544418D906
:109350002646014651F8043B1CFA83FC4FEA2C4296
:1093600002EB13421FFA8CFC4CEA02438F4246F890
:10937000043B4FEA224CEDD8013F3F1A27F0030788
:10938000E21923B952F8043D013D002BFAD0C9F887
:1093900010504846BDE8F88F3346012746469846A8
:1093A00090E7F9DB00278DE70021FFF7C9FC814634
:1093B00068B101220023C9E904234846BDE8F88FBB
:1093C000064B07484A4640F24521FFF7B1FB034BE5
:1093D00003484A4640F23721FFF7AAFBCC4300205E
:1093E000E04300202DE9F043884683B0012157EC8B
:1093F000106B1546FFF7A4FC0446002851D0C7F3B4
:109400000A59C7F31303B9F1000F01D043F48013D5
:10941000002E019318D101A8FFF734FD019A626173
:10942000012200F120032261B9F1000F25D0A9F239
:10943000334909EB03022046C3F13503C8F8002085
:109440002B6003B0BDE8F08368460096FFF71AFD75
:10945000034610B3DDE90002C3F1200102FA01F175
:109460000143DA4061610192002AA26114BF022225
:1094700001222261B9F1000FD9D1A3F23243C8F819
:10948000003004EB82031869FFF7DCFCC0EB4213E9
:1094900020462B6003B0BDE8F083009A6261019A18
:1094A000E2E7034B0348224640F20F31FFF740FB4F
:1094B000CC430020E04300200C4B0D4819680D4AB6
:1094C000D1F8983010B4D1F89C4003FB00F002FBB7
:1094D0000400A3FB0232013340EB0200C1E9263055
:1094E0005DF8044B20F00040704700BF8852002018
:1094F0002DF451582D7F954C38B5A1FB02148CBB2F
:1095000003F0A0FA0546E0B150F8042C22F0030263
:10951000043A242A17D8132A1AD91B2AC0E900446E
:109520001DD9242A14BF00F1100200F118024FF0D7
:109530000003C0E9024404BF04614461C2E900338E
:109540009360284638BD2146FFF712FB284638BDF8
:1095500002460023C2E900339360284638BD00F17B
:109560000802F6E7FFF7AAFA0C2300250360E8E7F4
:10957000024A0349034800F001BC00BF7C520020AE
:10958000099B0200E84A00200C4B4168994210B543
:10959000044601D003F046FDA168094B994202D070
:1095A000204603F03FFDE168064B994204D0204677
:1095B000BDE8104003F036BD10BD00BFF8340220F6
:1095C00060350220C83502202DE9F8432A4C2B4B88
:1095D0002B48DFF8C090DFF8C0802A4F18600025C4
:1095E00004230822294604F15C00274E6566C4E97D
:1095F0000253C4E90055C4E90455A561FFF7B8FA60
:10960000224B63670822294604F1C400C4E90749D4
:10961000C4E90987C4E91A55C4E91E55C4F8CC50F9
:109620002567C4F88050E662FFF7A2FA184BC4F829
:10963000DC30294604F16803082204F59670C4F86A
:109640008430C4E92298C4E92476C4E93455C4E9D5
:109650003855C4F83451C4F8D850C4F8E850FFF76E
:1096600087FA04F1D003C4E93C98C4E93E76C4F813
:10967000EC30BDE8F88300BFF83402203036022019
:1096800055600200F9670200196802000900010034
:109690001200020095670200B967020010B5044687
:1096A0000A48FFF7E5FA636B23B9094B094A1B68BF
:1096B000626323B1BDE810400448FFF7DBBAFFF74F
:1096C00083FFBDE810400148FFF7D4BAC034022040
:1096D000303602206D6002000148FFF7C9BA00BFB2
:1096E000C03402200148FFF7C5BA00BFC0340220D1
:1096F00030B5146815469BB01A4609B1002C19D133
:1097000000214FF42273ADF80C30009104914FF614
:10971000FF7302910591ADF80E3069461E9B00F073
:1097200069FB002813DB009B286000221A70049854
:109730001BB030BD4FF4C16300910491ADF80C3003
:109740002146E4DA8B23036000201BB030BD0020EB
:10975000EEE700BF844641EA000313F003036DD136
:10976000403A41D351F8043B40F8043B51F8043BE4
:1097700040F8043B51F8043B40F8043B51F8043BEB
:1097800040F8043B51F8043B40F8043B51F8043BDB
:1097900040F8043B51F8043B40F8043B51F8043BCB
:1097A00040F8043B51F8043B40F8043B51F8043BBB
:1097B00040F8043B51F8043B40F8043B51F8043BAB
:1097C00040F8043B51F8043B40F8043B51F8043B9B
:1097D00040F8043B51F8043B40F8043B51F8043B8B
:1097E00040F8043B403ABDD2303211D351F8043B2B
:1097F00040F8043B51F8043B40F8043B51F8043B6B
:1098000040F8043B51F8043B40F8043B103AEDD2D9
:109810000C3205D351F8043B40F8043B043AF9D22A
:10982000043208D0D2071CBF11F8013B00F8013BFD
:1098300001D30B8803806046704700BF082A13D30A
:109840008B078DD010F003038AD0C3F10403D21A22
:10985000DB071CBF11F8013B00F8013B80D331F856
:10986000023B20F8023B7BE7043AD9D3013A11F8D6
:10987000013B00F8013BF9D20B7803704B78437041
:109880008B78837060467047000000000000000085
:1098900000000000000000000000000090F800F050
:1098A0006DE9024520F007016FF0000C10F007048D
:1098B00091F820F040F049804FF000046FF007006D
:1098C000D1E9002391F840F000F1080082FA4CF24F
:1098D000A4FA8CF283FA4CF3A2FA8CF34BBBD1E9D5
:1098E000022382FA4CF200F10800A4FA8CF283FA07
:1098F0004CF3A2FA8CF3E3B9D1E9042382FA4CF2D7
:1099000000F10800A4FA8CF283FA4CF3A2FA8CF36B
:109910007BB9D1E9062301F1200182FA4CF200F172
:109920000800A4FA8CF283FA4CF3A2FA8CF3002B11
:10993000C6D0002A04BF04301A4612BAB2FA82F224
:10994000FDE8024500EBD2007047D1E9002304F0A6
:109950000305C4F100004FEAC50514F0040F91F8A7
:1099600040F00CFA05F562EA05021CBF63EA050344
:1099700062464FF00004A9E7F8B5244F0C460646AE
:1099800003F086FCBB685D68C4F57E610F3125F08D
:1099900003054B1923F47F6323F00F03A3F58054D1
:1099A000B4F5805F07DB0021304600F0D5F9BB68D5
:1099B0002B44984204D0304603F070FC0020F8BDE0
:1099C0006142304600F0C8F901300DD0104ABB6842
:1099D0002D1B45F001055D60136830461B1B1360AD
:1099E00003F05CFC0120F8BD0021304600F0B4F922
:1099F000BA68831A0F2BDEDD43F001035360054B79
:109A000003491B68C01A0860D5E700BF6C4E0020F0
:109A1000C434022074520020002961D0F8B50C46ED
:109A2000064603F035FC54F8042C7B4FA4F10805DE
:109A300022F0010105EB010CB868DCF80430604548
:109A400023F0030300F08B80D207CCF8043032D42B
:109A500054F8082CAD1A1144AA6807F10800824294
:109A60006AD00CEB0304D4F804E0EC68D4601EF078
:109A7000010FA26000F0978041F001036B60CCF809
:109A80000010B1F5007F35D27868CB080122490972
:109A900001338A40024357F833107A6007EBC30260
:109AA000083AC5E9021247F83350CD603046BDE8A8
:109AB000F84003F0F3BB0CEB03025268D00710D45C
:109AC000194407F10800DCF80830834273D0DCF851
:109AD0000C20DA60936041F001036B606950D0E7BD
:109AE000704741F00103B1F5007F44F8043CCCF825
:109AF0000010C9D3B1F5206F4FEA512348D28B092A
:109B000003F1390003F13802C300F818FB58083894
:109B1000984259D05A6822F003028A4202D99B68BF
:109B20009842F7D1D868C5E902308560DD603046DB
:109B3000BDE8F84003F0B2BB0CEB03025268D20759
:109B400063D40B44DCE90212CA60916043F0010265
:109B50006A603046EB50BDE8F84003F09FBB0B4411
:109B6000D10707D454F8082CAD1A1344D5E90212D2
:109B7000CA60916043F001026A60284ABD601268C1
:109B80009A4293D8264B30461968FFF7F5FE8DE7C9
:109B9000142B0AD9542B1FD80B0B03F16F0003F1C0
:109BA0006E02C300B1E719448DE703F15C0003F1D5
:109BB0005B02C300A9E741F00103C7E90455C5E909
:109BC00002006B60695071E779689210012404FA11
:109BD00002F20A437A60A6E7B3F5AA7F06D8CB0B58
:109BE00003F1780003F17702C3008EE740F254528C
:109BF000934206D88B0C03F17D0003F17C02C30075
:109C000083E74FF47E737E227FE741F001036B60B0
:109C1000CCF800104AE700BF6C4E002078520020BC
:109C2000F434022040EA01039B0730B501D1032A36
:109C30000FD8844601F1FF3E07E01EF8011F03F82C
:109C4000011B541EC1B19C4622466346002AF4D132
:109C500030BD0B468446194653F8045BA5F1013428
:109C600024EA050414F0803FE4D1043A032A4CF8B6
:109C7000045B1946EFD8DDE79444002CE8D003F8E4
:109C8000011B6345FBD130BD0EB410B583B005ABED
:109C9000064C53F8042B01930146206801F088FE1E
:109CA00003B0BDE8104003B0704700BF88520020E9
:109CB00010B50C46B1F90E1004F09EFD002803DB30
:109CC000236D0344236510BDA38923F48053A3812E
:109CD00010BD00BF2DE9F0410C46B1F90C101F4634
:109CE000CB05054616460BD421F48051A1813B4695
:109CF000B4F90E1032462846BDE8F04100F062B8D3
:109D0000B4F90E100223002204F060FDB4F90C1027
:109D1000EAE700BF10B50C46B1F90E1004F056FD8D
:109D2000A389421C0EBF23F4805343F48053206563
:109D3000A38110BDB1F90E1004F0CEB949B1FF2ACC
:109D400002D80A70012070478A2303604FF0FF3069
:109D500070470846704700BF38B5074D00220446DB
:109D600008462A60EFF766F9431C00D038BD2B681F
:109D7000002BFBD0236038BD343602202DE9F84398
:109D800080460F4616464FF00009D6E90154013DC2
:109D900011D4A389012B05F1FF3508D9B4F90E3090
:109DA0000133214603D04046B84749EA00096B1CFD
:109DB00004F16804EDD13668002EE6D14846BDE8CE
:109DC000F88300BF38B50C46084D8446114620463E
:109DD0001A4600232B606446EEF7E0FF431C00D0D8
:109DE00038BD2B68002BFBD0236038BD34360220F1
:109DF000000000002DE9F04F2DED088BD1B00C468E
:109E00000BEE101A90460893834603F007F9036897
:109E100012931846FFF742FD20AF10900822002150
:109E20003846FEF7A5FEA3891B0603D52369002B40
:109E300000F0558700239FED838B9FED849BCDE938
:109E40002533CDE91333CDE9153327AA0E93249298
:109E50009246119304934446A1467E4BD3F8E450B6
:109E6000FEF70AFF4A4603461CA900975846A84732
:109E7000002800F0B080C0F2A6801C9A252A034674
:109E800001D09944E9E7B9EB0405064640F0A78004
:109E900000234FF0FF328DF867309846069309F1A2
:109EA000010999F8003003922B25202609F10109B8
:109EB000A3F120025A2A00F2CF80DFE812F0E80274
:109EC000CD00CD00E302CD00CD00CD006A00CD0075
:109ED000CD0005028402CD001002C902CD00BD02F2
:109EE0005B005B005B005B005B005B005B005B009A
:109EF0005B00CD00CD00CD00CD00CD00CD00CD006C
:109F00005301CD0083011A02530153015301CD00C7
:109F1000CD00CD00CD001502CD00CD009602CD00C4
:109F2000CD00CD00AB01CD00AA02CD00CD00E306EF
:109F3000CD00CD00CD00CD00CD00CD00CD00CD00B9
:109F40005301CD008301DE01530153015301770218
:109F5000DE017F00CD008902CD005F02E0062F0206
:109F60007F00CD00AB017C00B806CD00CD00BD0662
:109F7000CD007C00A3F13002002119F8013B01EB78
:109F8000810102EB4101A3F13002092AF5D90691C2
:109F90008EE7584603F042F8436815931846FFF7DA
:109FA0007DFC1690584603F039F883681393169B8E
:109FB000002B40F02D8699F8003077E799F80030B3
:109FC00048F0200872E7082200213846FEF7D0FD4D
:109FD0000123994441E7B9EB0405064611D0269BBD
:109FE0002B442693259B0133072BCAE90045259373
:109FF0001CDC0AF1080A049B2B440493002E7FF416
:10A0000047AF269B002B41F00B821BEE103AB3F9B1
:10A010000C3013F0400F049B18BF4FF0FF33049334
:10A02000049851B0BDEC088BBDE8F08F1BEE101A00
:10A0300024AA584604F0FAFD0028E6D10DF19C0A46
:10A04000D9E700BF0000000000000000FFFFFFFF95
:10A05000FFFFEF7F004D00200B93002BD1D000219C
:10A06000CDE90C118DF8DC3001238DF867100293D7
:10A070000791059303910F9137AC18F002030993F0
:10A0800002D0029B0233029318F084030A9305D195
:10A09000069B029A9D1A002D00F36983269A89B1C6
:10A0A00025990DF1670001310132CAF80000072936
:10A0B0004FF0010026922591CAF8040000F3A28314
:10A0C0000AF1080A099B83B1259B1AA901330232C0
:10A0D000CAF80010072B4FF0020126922593CAF808
:10A0E000041000F3A3830AF1080A0A9B802B00F0F6
:10A0F0006C82039B05995D1A002D00F3A58218F46C
:10A10000807F40F00D82059BCAF804301A44259BDD
:10A11000CAF800400133072B2692259300F31B83D6
:10A120000AF1080A18F0040F05D0069B02995C1A80
:10A13000002C00F38883049B069902988142ACBFEF
:10A140005B181B180493002A40F0B082002325936B
:10A15000079B1BB107995846FFF75EFC0DF19C0A5F
:10A160004C4679E60B93089B073323F00703B3ECC7
:10A17000028BB0EEC87BB4EE497BF1EE10FA089387
:10A1800040F3E984B5EEC08BF1EE10FA01F159808D
:10A190009DF86710AB4CAC4B28F080080B9A472A0F
:10A1A000C8BF1C460023CDE90C330322079302925B
:10A1B000059203930F9300293FF45FAF029B013395
:10A1C00002935AE7432B0B9303D018F0100F00F0C3
:10A1D0005D85089D0822002122A837ACFEF7C8FC47
:10A1E00022AB55F8042B2146584602F0F1FE0346F7
:10A1F0000133059001F0EE82059B089523EAE37395
:10A2000002930021CDE90C118DF86710079103919D
:10A210000F9132E70B93089B1A4600238DF86730A5
:10A22000134653F8044B0893002C00F048850B9B11
:10A23000532B00F0EC8618F010030C9340F0E786E7
:10A24000039B5D1C01F0E5800C991A46204604F042
:10A250001DF80790002801F02883079B1A1B059220
:10A260000C9B039322EAE2720F930D9307937323DF
:10A270009DF8671002920B939DE718F0200F0B9347
:10A28000089B3DD0073323F007031A4611465B684D
:10A2900051F8082B08911946002BC0F20C84039B3F
:10A2A000013300F09E8228F0800052EA0103029000
:10A2B00040F09982039B002B40F09A828046002355
:10A2C0000393059350AC06E1089B53F8042B0692C8
:10A2D000002A80F21984069A08935242069299F84D
:10A2E000003048F00408E1E599F8003048F008082B
:10A2F000DCE548F0100818F0200F0B93089BC1D143
:10A3000018F0100F40F00B8418F0400F00F0038499
:10A3100033F9042B0893D1170B46BDE7089B48F08F
:10A320000202029253F8042B089347F63003ADF86B
:10A3300068307820454B1193002102230B900020B8
:10A34000039C8DF86700601C00F0AD80029820F03F
:10A35000800852EA010040F0A480002C40F0AE8654
:10A36000002BACD1029B13F00103059300F0D183C5
:10A3700030238DF83F310DF23F14ACE018F0200F80
:10A3800040F0D48318F0100F40F09F8618F0400F73
:10A3900040F0978718F4007F00F09786089B049997
:10A3A00053F8042B089311704C4655E599F800308A
:10A3B000682B03BF99F8013048F4007809F10109CE
:10A3C00048F0400872E599F800308DF867506DE567
:10A3D00099F800306C2B03BF99F8013048F0200841
:10A3E00009F1010948F0100860E50B9348F01008E6
:10A3F00018F0200100F05183089B073323F0070376
:10A40000596853F8082B089328F4806302930023BB
:10A4100095E70B9348F010030293029B13F0200181
:10A4200000F02983089B073323F00703596853F88A
:10A43000082B0893012382E799F8003048F0800840
:10A4400034E500BFAC450020B0450020BC450020ED
:10A45000494611F8013B2A2B01F04982A3F1300251
:10A46000092A894698BF002101F2448119F8013B6D
:10A4700001EB810102EB4101A3F13002092AF5D978
:10A48000039115E599F8003048F001080EE59DF8B4
:10A490006730002B7FF48FAD99F800308DF867603E
:10A4A00004E5CDF80880012B00F09D81022B50AC13
:10A4B00020D1119802F00F031209C35C04F8013D8A
:10A4C00042EA0172090952EA0103F3D150AB1B1BA6
:10A4D000DDF808800593059A03989DF8671082427D
:10A4E0004FF00003B8BF0246CDE90C330793029248
:10A4F0000F9360E602F00703D20842EA4172C908EE
:10A50000303352EA0105204604F8013DF2D1029AA7
:10A51000D10700F14D8250AB1B1B90460593DAE743
:10A520000B9B652B40F3D480B5EE408BF1EE10FA17
:10A5300040F0C181259BBA49CAF8001001330132AD
:10A540000121072B26922593CAF8041000F35185A8
:10A550000AF1080A1B9B0E998B4280F2D082109B55
:10A5600012991A44CAE90013259B26920133072B3E
:10A57000259300F397830AF1080A0E9B5C1E002CBA
:10A580007FF7D0AD102C259B40F36E851BEE106A33
:10A59000102505E00AF1080A103C102C40F36485F0
:10A5A0000133A0491032072BCAE90015CDE9253245
:10A5B000F0DD24AA3146584604F038FB00287ED14D
:10A5C000DDE925320DF19C0AE6E7069B02995D1A4A
:10A5D000002D7FF78EAD102D259B21DD09941026CF
:10A5E0001BEE104A04E0103D102D0AF1080A16DD9A
:10A5F00001338C491032072BCAE90016CDE9253208
:10A60000F1DD24AA214658460DF19C0A04F00EFB08
:10A61000002854D1103D102DDDE92532E8DC099CDD
:10A620008049CAF8045001332A44072BCDE925326A
:10A63000CAF8001000F32685039B05995D1A002DCA
:10A640000AF1080A7FF75BAD102D259B1FDD5146EF
:10A6500010261BEE10AA04E0103D102D01F1080198
:10A6600014DD01336F481032072BC1E90006CDE934
:10A670002532F1DD24AA5146584604F0D7FAF0B944
:10A68000103D102DDDE9253227A9EADC8A46013389
:10A690006449CAF804502A44072BCDE92532CAF888
:10A6A000001000F3DA810AF1080A28E51BEE101AFF
:10A6B00024AA584604F0BAFA00283FF447AD079B95
:10A6C000002B3FF4A2AC07995846FFF7A5F99CE48C
:10A6D0000E9B012B40F37A81259BCAF80040013381
:10A6E00001320121072B26922593CAF8041000F3AA
:10A6F000F8810AF1080A1099129801330A44072BCD
:10A70000CAE90001CDE9253200F3DD810AF1080A2A
:10A71000B5EE408BF1EE10FA00F077810E9901331F
:10A72000013901340A44072BCAF800402593CAF8BE
:10A730000410269200F35B810AF1080A1499CAF802
:10A74000041001330A44072B1EA9CDE92532CAF8AB
:10A7500000107FF7E5AC1BEE101A24AA584604F04F
:10A7600065FA0028ABD1269A0DF19C0ADAE4102D87
:10A77000DDE925122C4E24DD179410231BEE104A20
:10A78000084604E0103D102D0AF1080A17DD0130DB
:10A7900010320728CAE90063CDE92502F2DD24AAB8
:10A7A000214658460DF19C0A04F040FA002886D153
:10A7B000103D102DDDE925024FF01003E7DC179C5A
:10A7C000014601312A440729CDE92512CAF8006063
:10A7D000CAF8045000F3BD839DF867100AF1080A17
:10A7E0005DE4CDF808800A2A71F1000380F045830A
:10A7F00030320123DDF808808DF83F2105930DF2FA
:10A800003F1468E61BEE101A24AA584604F00EFA0C
:10A8100000287FF454AF269A0DF19C0A52E400BF41
:10A82000EC450020C44A0020104600201BEE101A00
:10A8300024AA584604F0FAF900287FF440AF269A7B
:10A840000DF19C0A51E4102C259BBE4E1FDD1BEE22
:10A85000108A102504E0103C102C0AF1080A16DDBD
:10A8600001331032072BCAE90065CDE92532F2DD4C
:10A8700024AA414658460DF19C0A04F0D7F9002855
:10A880007FF41DAF103C102CDDE92532E8DC0133EC
:10A890002244072BCAE90064CDE925327FF74BAC8F
:10A8A0001BEE101A24AA584604F0C0F900287FF4C1
:10A8B00006AF269A3FE41B99002940F35A830C9E69
:10A8C0000E9B9E42A8BF1E46002E0BDD259B01332A
:10A8D0003244072BCAE900462692259300F3898665
:10A8E0000AF1080A0C9D002EA8BFAD1B002D00F335
:10A8F00003820C9B18F4806F2344059340F01F8261
:10A900001B9B0E998B4203DB18F0010F00F0CF84E4
:10A91000109912980A44CAE900012599269201313A
:10A920000729259100F3A5860AF1080A0E996518F2
:10A93000CC1A059BED1AA542A8BF2546002D0DDDBA
:10A94000CAF80030259BCAF8045001332A44072B6B
:10A950002692259300F3BB860AF1080A002DA8BFB2
:10A96000641B002C7FF7DEAB102C259B40F37C830F
:10A970001BEE106A102505E00AF1080A103C102CA5
:10A9800040F37283013370491032072BCAE9001576
:10A99000CDE92532F0DD24AA3146584604F046F9C7
:10A9A00000287FF48CAEDDE925320DF19C0AE5E745
:10A9B000302B3FF48BAD3023023804F8013C50AB10
:10A9C0001B1ADDF808800593044684E518F0010F92
:10A9D0007FF482AE259BCAF8004001330132012189
:10A9E000072B26922593CAF804107FF7A5AE1BEE1D
:10A9F000101A24AA584604F019F900287FF45FAE13
:10AA0000DDE925320DF19C0A98E60E994C1E002CCA
:10AA10007FF794AE102C40F361831BEE106A102573
:10AA200005E00AF1080A103C102C40F3578301336B
:10AA300045491032072BCAE90015CDE92532F0DD72
:10AA400024AA3146584604F0F1F800287FF437AEC6
:10AA5000DDE925320DF19C0AE5E71BEE101A24AA68
:10AA6000584604F0E3F800287FF429AE269A0DF149
:10AA70009C0AFFF744BB029B13F0100340F0C18017
:10AA8000029A12F0400200F07A83089850F8042BE2
:10AA90000890194692B2012351E418F0100355D1E1
:10AAA00018F0400200F05D83089850F8042B0890DD
:10AAB000194692B2A8E4524261EB4101CDF80880F8
:10AAC0002D2001233CE41BEE101A24AA584604F062
:10AAD000ADF800287FF4F3ADDDE925320DF19C0AD5
:10AAE00016E61BEE101A24AA584604F09FF8002818
:10AAF0007FF4E5ADDDE925320DF19C0AFBE518F0A8
:10AB0000010F3FF40FAB2AE5089399F80030FFF7E7
:10AB1000CDB950ACDFE418F4007F40F0DB8353F88C
:10AB2000042B0893D1170B46FFF7B6BB089B04987C
:10AB300053F8041B0893C217C1E900024C46FFF703
:10AB40008BB900BF10460020C44A0020089B53F870
:10AB5000042B089358E4B4EE488BF1EE10FA80F120
:10AB600094860B9B612B00F05285412B00F0C08531
:10AB7000039B01330B9B23F0200500F08084472DBD
:10AB800004D1039B002B08BF0123039318EE903AD6
:10AB9000002B48F480724646C0F21886B0EE48ABEF
:10ABA00000239046099307930B9B413B252B00F212
:10ABB0009883DFE813F06F04960396039603680406
:10ABC0006C049603960396039603960396039603E6
:10ABD00096039603960396039603960396039603AD
:10ABE000960396039603960396039603960396039D
:10ABF00096039603960396039603960396036804BA
:10AC00006C04089B53F8042B08930123FFF797BBB0
:10AC1000139B002B3FF4CFA9139B1B78002B3FF411
:10AC2000CAA999F8003048F48068FFF73FB90B9340
:10AC3000CDF80880FFF7F1BB0B939A4B119318F0F6
:10AC4000200100F00581089B073323F007035968B2
:10AC500053F8082B089318F0010F0AD052EA0103A9
:10AC600007D00B9B8DF86930302348F002088DF82F
:10AC7000683028F4806302930223FFF760BB0B93D4
:10AC8000FFF7B6BB0B93884B1193D8E7089B0121C4
:10AC900053F8042B02918DF8DC200893059137AC12
:10ACA000FFF7AFBA1BEE101A24AA584603F0BEFFF6
:10ACB00000287FF404AD269A0DF19C0A5DE4039B05
:10ACC0000794062B224628BF062303942146CDE98C
:10ACD0000C22764C029305930F92FFF76CBA402139
:10ACE000584601F0AFFE20602061002800F00F867A
:10ACF00040236361FFF79EB8102D259B40F35D82D2
:10AD0000514610261BEE10AA04E00831103D102D0C
:10AD100040F35282013366481032072BC1E9000626
:10AD2000CDE92532F1DD24AA5146584603F07EFFD5
:10AD300000287FF4C4ACDDE9253227A9E6E70E9BA5
:10AD4000CDF82490E31803930D9BCDF82880139E33
:10AD5000059DDDF85890DDF83C800B941BEE101A31
:10AD60005046002B34D0B8F1000F35D10D9B013B7C
:10AD7000013E0D93159BC0E90039259B01334A44E0
:10AD8000072B269225936CDC0830039B96F800C0B5
:10AD90005B1B6345A8BF6346002B9A460CDD259CD0
:10ADA00001341A44072CC0E900532692259400F37D
:10ADB000778196F800C00830BAF1000FACBFACEB59
:10ADC0000A046446002C0ADC65440D9B002BCAD1A2
:10ADD000B8F1000F00F0AC8308F1FF38CAE7102C7F
:10ADE000DDF894C024DD05954FF0100A63460D464A
:10ADF00004E0103C102C00F1080016DD01332C4952
:10AE00001032072BC0E9001ACDE92532F1DD24AA62
:10AE10002946584603F00AFF00287FF450AC103C46
:10AE2000102CDDE9253227A8E8DC2946059D9C4643
:10AE30000CF1010322444460072B1D4C0460CDE952
:10AE4000253200F3C68396F800C008306544BCE79D
:10AE500018F0100300F0C280089B53F8042B0893ED
:10AE6000F9E624AA5846059103F0E0FE00287FF495
:10AE700026AC269A059927A887E70298CDF81CA04A
:10AE800050AC00F4806000250AEE10BA094BDDF8E2
:10AE90004CA0CDF81490A3464FF00508AC460446EC
:10AEA00010E000BFBC450020D0450020E445002054
:10AEB000C44A0020CDCCCCCC0A2A71F1000136D393
:10AEC0004A463146501840F10000A3FB005626F0D8
:10AED000030505EB9605401B151A4FF0CC3661F1C2
:10AEE000000E06FB05F6A5FB039503FB0E6609F0B5
:10AEF000010E2E44AEFB085E2D184FEA590930357D
:10AF00000BF8015C49EAC6790CF1010C0BF1FF3B2F
:10AF10007608002CD0D09AF800008445CCD1BCF142
:10AF2000FF0FC9D00A2A71F1000180F08F815C46C1
:10AF300050AB1B1BDDF81490CDF84CA01AEE10BAE4
:10AF4000DDF81CA0DDF80880CDF838C00593FFF7C8
:10AF5000C2BA1BEE101A24AA584603F067FE002856
:10AF60007FF4ADAB9DF86710269A0DF19C0AFFF7B0
:10AF700096B8259BBE48CAF8000001330132012073
:10AF8000072B26922593CAF8040000F377810AF173
:10AF9000080A002940F0AF800E9908F001030B4326
:10AFA0003FF4C0A8109B12991A44CAE90013259BCC
:10AFB00026920133072B259300F352820AF1080AE7
:10AFC0000E99CAF8004001330A44072BCDE9253217
:10AFD000CAF804107FF7A4A8FFF7BDBB18F0400221
:10AFE00000F0DD80089850F8042B0890194692B2C2
:10AFF00031E61BEE101A24AA584603F017FE00286B
:10B000007FF45DAB269A0DF19C0AFFF7A3BA22AE3E
:10B010000822002130461D94FDF7AAFD039B5A1C0F
:10B0200000F0DB800025CDF80890CDF81C80994613
:10B03000A8460CE037A9584601F0CAFF431C40441B
:10B0400000F0C883484508DC00F0188480461D9A4B
:10B05000525933460435002AECD1CDF81480DDF87E
:10B060000890DDF81C80C5E001338249CAF804402D
:10B070002244072BCAF80010CDE925327FF750A8EB
:10B08000FFF769BB1BEE101A24AA584603F0CEFD49
:10B0900000287FF414AB269A0DF19C0AFFF729B81B
:10B0A00024AA5846059103F0C1FD00287FF407ABA0
:10B0B00096F800C0269A059927A87DE6012BCDF8C1
:10B0C00008807FF4F3A9FFF793BB089B049953F81A
:10B0D000042B4C4611600893FEF7BEBE0133654950
:10B0E000CAF804402244072BCDE92532CAF80010E3
:10B0F0007FF722AB7BE4109B12981A44CAE9000345
:10B10000259B26920133072B259300F3A9810AF191
:10B11000080A0029BFF654AF4D42103180F20F8368
:10B120001BEE101A102605E00AF1080A103D102D3A
:10B1300040F3058301334F481032072BCAE900065C
:10B14000CDE92532F0DD24AA5846039103F06EFDC7
:10B1500000287FF4B4AADDE9253203990DF19C0A99
:10B16000E4E7089B18F400711ABF114653F8042B4A
:10B1700053F8042B089318BFD2B2FFF745B9029BCE
:10B1800013F40071089B1ABF114653F8042B53F8AF
:10B19000042B089318BFD2B20123FFF7D0B8089B45
:10B1A00018F400711ABF114653F8042B53F8042BFE
:10B1B000089318BFD2B24EE58A4601332D49CAF82A
:10B1C00004502A44072BCDE92532CAF8001000F3B9
:10B1D00039810AF1080AFFF78CBB00231946009653
:10B1E0001DAA584602F060F803460133059000F0AE
:10B1F000F1821D94059B002B4ED0632B00F3188128
:10B200000023079337AC082200213046FDF7B0FC3D
:10B21000059D00962B461DAA2146584602F044F88B
:10B22000854240F07C83059A0023A35422EAE2720F
:10B23000CDE90C339DF86710039302920F93FEF74C
:10B24000BABF2D218DF86710FEF7A4BF169B159984
:10B25000ABEB030B1A465846FEF7E4FC9AF80120C4
:10B26000054B0AB10AF1010A4FF0000C28E600BFB5
:10B27000EC450020C44A0020CDCCCCCC1BEE101AEB
:10B2800024AA584603F0D2FC00287FF418AA1B9980
:10B29000269A0DF19C0A7CE6059B9DF867100F939A
:10B2A000CDE90233CDE90C330793FEF784BF0E9945
:10B2B000059865182D1ACC1AA542A8BF2546FFF798
:10B2C0004DBB089B049953F8042B089311804C46FE
:10B2D000FEF7C2BD13F9042B0893D1170B46FEF7F6
:10B2E000DBBF039A022122AB01931DAB00935846AA
:10B2F0001BABB0EE4A0B029202F078F8472D029A8F
:10B30000044600F06181462D104405D12378302B8E
:10B3100000F06F821B9A1044B5EE40ABF1EE10FACC
:10B3200040F0468103461B1B0E93472D00F0108111
:10B33000462D00F0B5811B9B0C930C9B412D03F116
:10B34000FF331B9300F0E5819DF82C200021002B9A
:10B35000B8BF0C9B8DF87820BABFC3F101032D2232
:10B360002B22092B8DF8792040F3DA810DF18F051E
:10B37000DFF81CC42A4610468CFB0321DA17C2EB07
:10B38000A10202EB8201A3EB4101303100F8011C64
:10B3900019466329134600F1FF32ECDC3033D9B291
:10B3A000831E9D4202F8011C40F28B8213460DF170
:10B3B0007A0201E013F8011B02F8011B9D42F9D14A
:10B3C0000DF191030DF17A021B1A13441EAA9B1A68
:10B3D00014930E9B149A012B1A44059240F3038296
:10B3E000059B109A1344059326F48063059A43F451
:10B3F00080780023CDE90C3322EAE2720F930292A7
:10B40000099B002B40F0B1809DF867100393FEF775
:10B41000D2BE2046FEF742FA02460590FEF720BF54
:10B420001BEE101A24AA584603F000FCFEF7EDBDEF
:10B43000591C584601F006FB0446002800F0CA815A
:10B440000790E0E61BEE101A24AA584603F0EEFB24
:10B4500000287FF434A9269A0DF19C0AFFF749BA17
:10B460001BEE101A24AA584603F0E0FB00287FF4D4
:10B4700026A9DDE925321B990DF19C0A49E6062330
:10B480000393FFF783BB039B02215A1C2BE7039A0C
:10B49000032128E71BA8B0EE4A0B02F047FFB4EEE9
:10B4A000007B20EE070BB5EE400BF1EE10FA01D158
:10B4B00001231B93B348039BB3EE005B013B224681
:10B4C00004E0B5EE400BF1EE10FA13D020EE050BC0
:10B4D000FDEEC07BB3F1FF3F17EE901A415CB8EE72
:10B4E000E76B944630EE460B02F8011B194603F158
:10B4F000FF33E6D1B6EE006BB4EEC60BF1EE10FAF8
:10B5000000F34881B4EE460BF1EE10FA04D117EEC9
:10B51000903ADB0700F13E81002906DB4B1C134407
:10B52000302102F8011B9342FBD1131B0E93FCE662
:10B530000B9C0E9BDDF82490DDF828801396E31811
:10B540009D42294628BF194682460591FFF7D8B982
:10B550001B9B0C93DA1C02DB039A93420CDD0B9BC2
:10B56000023B0B9323F02005E7E62D2100238DF805
:10B5700067100393FEF722BE0C9B0E9A9342C0F213
:10B58000BD80F0070C9B40F13281109A1344059363
:10B59000710503D50C9B002B00F33581059B23EA35
:10B5A000E373029367230B9300230F930D9327E715
:10B5B000229B8342BFF4B7AE30215A1C22921970ED
:10B5C000229B9842F9D8AEE6F30700F1A780229BB0
:10B5D000A9E624AA5846059103F028FB00287FF429
:10B5E0006EA896F800C0269A059927A86544FFF72B
:10B5F000ECBB1BEE101A24AA584603F017FB0028D8
:10B600007FF45DA8269A0DF19C0AFFF76BB97823A9
:10B610008DF8693030238DF86830039B632B48F038
:10B62000020600F3A6800023079337AC18EE903A89
:10B63000002B48F481782BDBB0EE48AB0B9B23F05A
:10B640002005002309930B9B612B7FF4ADAAB0EE7C
:10B650004A0B1BA802F06AFEB4EE007B20EE070B3B
:10B66000B5EE400BF1EE10FA01D101231B934648D1
:10B6700021E71BEE101A24AA584603F0D7FA002837
:10B680007FF41DA81B9B269A0DF19C0AFFF74EB96B
:10B690000B9B23F020052D230993B1EE48ABD2E795
:10B6A0001B9A0C92002A06F0010340F30D810399C6
:10B6B0000B4340F0CF800C9B059366230B937205E0
:10B6C00000F1A380059B23EAE37302936CE71BEE72
:10B6D000101A24AA584603F0A9FA00287EF4EFAF06
:10B6E0001B9C0E9B269A1C1B0DF19C0AFFF736B97A
:10B6F00058238DE700220392FEF7DABB0E9B109AC7
:10B700009A180C9B0592002B40F3AB8067230B9398
:10B71000D5E70B9A0F32D2B2012118E6A018FBE54B
:10B72000002940F0A88030228DF87A200DF17B02AC
:10B73000303302F8013B1EABD31A149349E60133B0
:10B740001249CAF804502A44072BCDE92532CAF819
:10B7500000107FF733AC1BEE101A24AA584603F0F2
:10B7600065FA00287EF4ABAFDDE925320DF19C0AC5
:10B7700026E4591C584601F065F9044650B3079079
:10B7800054E700BFD0450020BC450020C44A00203B
:10B7900067666666CDF888C012F8011C90F80FC085
:10B7A000614513460AD14FF0300E03F801EC229B9D
:10B7B000591E229113F8011C8C45F6D0392916BF69
:10B7C0000131817AC9B203F8011CAEE6002390462C
:10B7D000079360E71BEE102AB2F90C3043F04003E8
:10B7E0009381FEF716BCF5077FF5FEADF8E50593EE
:10B7F000CEE6B5EE40ABF1EE10FA3FF48BADC2F100
:10B8000001021B9287E567230B9313990B78FF2B9B
:10B8100079D000250C9A284603E001300131FF2B36
:10B8200008D0934206DAD21A4B78002BF5D10B7868
:10B830000135F4E70C9213910D900F950F9A0D9B23
:10B8400016991344059A01FB0323059323EAE37336
:10B850000293D5E5109BD3181944662305910B93E9
:10B860002DE7C3F101031A4422EAE273029367232E
:10B8700005920B9398E60DF17A0259E7039BDDF8E8
:10B880000890DDF81C800593B4E418EE903A002B84
:10B89000B4BF2D219DF86710254C264BB8BF8DF8FD
:10B8A000671028F08008FEF779BC039B029305938C
:10B8B00073239DF8671003900F900D900B93FEF784
:10B8C0007ABC0223149384E5039A134305D1012320
:10B8D000662202930B92059366E6109B01331A448D
:10B8E00022EAE2730293662305920B935CE6089AC0
:10B8F00099F80130894652F8041B089241EAE17137
:10B900000391FEF7D3BA00230F930D9396E70C2310
:10B91000CBF800304FF0FF330493FEF781BB1BEEF2
:10B92000102A938943F040039381FEF7C8BE00BFFD
:10B93000B4450020B84500202DE9F84F4B6E9C041B
:10B9400090462DD59368126843B38B46064602F1A4
:10B95000080959E9025A5FEA9A0715D0043D002404
:10B9600001E0A7420ED055F8041F5A46304602F0B7
:10B97000AFFF431C04F10104F3D10023C8E90133F4
:10B98000BDE8F88FD8F808302AF0030AA3EB0A03C1
:10B99000C8F8083009F10809002BDAD10020ECE7DB
:10B9A00002F0CAFF0023C8E90133BDE8F88F00BFE9
:10B9B0002DE9F04F2DED028BC5B00DF1500A8346F5
:10B9C00008EE101A16460021082250461C4607931E
:10B9D000FDF7CEF8BBF1000F04D0DBF83430002BBC
:10B9E00000F0A08618EE102A536EDB0740F1138595
:10B9F000B2F90C108AB295040BD418EE103A41F447
:10BA0000005199815B6E8AB218EE101A23F400532C
:10BA10004B66100740F1058118EE103A1B69002BA8
:10BA200000F0FF8002F01A030A2B00F00A810023C5
:10BA3000CDE91933CDE90D331BAA0C931892914629
:10BA40000B930593B0464446A84BD3F8E450FDF75A
:10BA500013F92246034612A9CDF800A05846A8477C
:10BA6000002800F04581C0F23981129A252A034648
:10BA700001D01C44E8E7B4EB0806054640F03C81E1
:10BA8000002361788DF8433004F1010806934FF0EC
:10BA9000FF371E462B2408F10108A1F120035A2B81
:10BAA00000F27881DFE813F0B50276017601B0028A
:10BAB0007601760176016A00760176017D028D02BB
:10BAC000760188029702760192025B005B005B00C0
:10BAD0005B005B005B005B005B005B007601760156
:10BAE00076017601760176017601760176015C02B7
:10BAF0008400760176017601760176017601760181
:10BB0000760176017601E80076017601760133024E
:10BB10007601DA02760176018B05760176017601EF
:10BB200076017601760176017601760176015C0276
:10BB30008600760176017601CD0286007F007601CF
:10BB4000C0027601FD02EA00ED027F0076013302B9
:10BB50007C006905760176016B0576017C00A1F118
:10BB60003003002218F8011B02EB820203EB4202B1
:10BB7000A1F13003092BF5D906928EE7584601F062
:10BB80004DFA43680D931846FDF788FE0E90054662
:10BB9000584601F043FA83680B93002D40F0D68499
:10BBA00098F8001077E798F8001046F0200672E742
:10BBB00046F01006B40640F18E81079B073323F050
:10BBC00007031A46596852F8083B07920A460029AB
:10BBD000C0F27084791C00F0A28526F080010391E8
:10BBE00053EA020100F03F840A2B72F1000180F059
:10BBF000418530338DF80F31039E012304930DF2FC
:10BC00000F14049BBB42B8BF3B4603930023089329
:10BC10009DF84330002B00F0CB80039B013303934E
:10BC2000C6E018EE101A584618EE105A01F05EFAE7
:10BC3000002840F05286AA8902F01A030A2B7FF4EA
:10BC4000F6AE18EE101AB1F90E30002BFFF6EFAE7B
:10BC50004B6EDB0702D4970540F1128618EE101ADE
:10BC600023463246584600F069FE0590059845B0D7
:10BC7000BDEC028BBDE8F08F46F0100616F02002F6
:10BC800000F03681079B073323F0070319465A68F3
:10BC900051F8083B079126F48061039100210020B0
:10BCA0008DF84300781C00F01082039820F0800685
:10BCB00053EA020040F00882002F40F03885002946
:10BCC00040F0D583039B13F00103049300F011842B
:10BCD00030238DF80F310DF20F1492E70822002166
:10BCE0005046FCF745FF01231C44ADE6004D002003
:10BCF000B4EB080605461BD0199B1A9A013332444F
:10BD0000072BC9E900861A9219931CDD002A00F05E
:10BD1000A68318EE101A18AA5846FFF70DFE20BB8E
:10BD20000DF16C09059B33440593002D7FF4A8AEFB
:10BD30001A9B002B40F0C18518EE103A0022B3F98F
:10BD40000C30199215E009F10809EBE718EE101A0A
:10BD500018AA5846FFF7F0FD002800F0A680089BBF
:10BD60001BB108995846FDF757FE18EE103AB3F983
:10BD70000C3018EE102A526E12F0010F9AB200F039
:10BD8000A080500600F1B285059845B0BDEC028B4D
:10BD9000BDE8F08F0029CBD000238DF8433001237C
:10BDA000CDE903338DF8AC102BAC002308931F466C
:10BDB00016F00203099302D0039B0233039316F09B
:10BDC00084030A9305D1069B039A9D1A002D00F364
:10BDD0007B82DDE91903411C9DF8432082B10122D9
:10BDE0000133C9F8042007290DF14302CDE91913E5
:10BDF000C9F8002000F34A82084609F10809013118
:10BE0000099AE2B111AA0233C9F8002007294FF0BC
:10BE10000202CDE91913C9F8042040F35082002B27
:10BE200000F0438318EE101A18AA5846FFF784FD55
:10BE3000002894D1DDE919030DF16C09411C0A9A1F
:10BE4000802A00F08481049ABD1A002D00F3D78166
:10BE5000049AC9F8004013440729CDE91913C9F819
:10BE6000042040F36E81002B00F0758218EE101A4A
:10BE700018AA5846FFF760FD00287FF470AF1A9BA0
:10BE80000DF16C09750705D5069A0399541A002C13
:10BE900000F36B82DDE9052103988142ACBF5218A3
:10BEA00012180592002B7FF451AF089900231993C3
:10BEB000002900F049815846FDF7AEFD0DF16C09EF
:10BEC000C1E59C053FF55DAF18EE104AA06DFCF78B
:10BED000D1FEA28955E7F006079A00F11F8371068B
:10BEE00040F1198332F9043B0792DA1711466EE6E6
:10BEF00016F01003079940F0098316F0400000F097
:10BF000001831A4651F8043B07919BB2C3E6079B95
:10BF10001A4600238DF84330134653F8044B03931D
:10BF2000002C00F01284532900F0658316F01005F0
:10BF300040F061837B1C00F0B3843A4629462046DA
:10BF400002F0A4F90890002800F09F84031B039AD4
:10BF5000049323EAE3732F4607920393089557E669
:10BF6000432902D0F50640F12D83079D08220021C8
:10BF700016A82BACFCF7FCFD16AB55F8042B21469C
:10BF8000584601F025F803460133049000F0B384CD
:10BF9000049B079523EAE373039300238DF8433052
:10BFA00003E7079B53F8042B0692002A80F29C8239
:10BFB000069A5242CDE9062398F8001046F004068E
:10BFC00069E598F800108DF8434064E598F8001092
:10BFD00046F080065FE5424612F8011B2A2900F070
:10BFE0009684A1F13003092B90464FF000073FF6ED
:10BFF00054AD18F8011B07EB870703EB4707A1F1C6
:10C000003003092BF5D948E598F8001046F00106F1
:10C0100041E59DF84330002B7FF4C2AD202398F812
:10C0200000108DF8433036E598F800106C2903BFF6
:10C0300098F8011046F0200608F1010846F01006B5
:10C0400029E598F80010682903BF98F8011046F414
:10C05000007608F1010846F040061CE546F01003A2
:10C060000393039B13F0200200F00682079B073323
:10C0700023F0070319465A6851F8083B079101213C
:10C080000DE6079A46F00203039352F8043B079229
:10C0900047F63002ADF84420B84A0C920221002243
:10C0A000FDE5B70600F14882F50600F14683740607
:10C0B00000F1D583B00540F14083079B059953F803
:10C0C000042B07931170BEE4039601293FF48CAD55
:10C0D000022944AC11D10C9803F00F011B09415CFB
:10C0E00004F8011D43EA0273120953EA0201F3D175
:10C0F000039E44AB1B1B049383E503F00701DB089D
:10C1000043EA4273D208303153EA0205204604F86C
:10C11000011DF2D1039EF307EBD53029E8D030237F
:10C12000023804F8013C44AB1B1A039E04930446F6
:10C1300067E5049B1B9401221C931A9319920DF13D
:10C140006C0909F108099DE60DF16C097BE4069A7A
:10C15000039D551B002D7FF776AE102D40F3BB835A
:10C16000099418EE104A07E000F1020C09F10809E1
:10C170001046103D102D1EDD8149C9F80010421CEB
:10C1800010331021072ACDE91923C9F80410EBDD7B
:10C1900018AA002B74D0214658460DF16C09FFF700
:10C1A000CBFB00287FF4DBADDDE91903103D102D3A
:10C1B00000F1010CE0DC099C714AC9F804502B44E1
:10C1C000BCF1070FCDE919C3C9F8002040F39481F1
:10C1D000002B00F01F8318EE101A18AA5846FFF71C
:10C1E000ABFB00287FF4BBAD049ADDE91903BD1A4F
:10C1F000002D00F101010DF16C097FF729AE102D22
:10C2000029DD0994102718EE104A07E000F1020C0E
:10C2100009F108091046103D102D1ADD421C58493D
:10C220001033072AC9E90017CDE91923EEDD18AA52
:10C2300003B3214658460DF16C09FFF77DFB00283A
:10C240007FF48DADDDE91903103D102D00F1010CD7
:10C25000E4DC099C61464A4AC9F804502B4407298A
:10C26000CDE91913C9F8002000F3E78009F10809A6
:10C270000131EDE54FF0010C18460DF16C09CAE7EC
:10C280004FF0010C18460DF16C0972E7002B00F01D
:10C29000048118EE101A18AA5846FFF74DFB002823
:10C2A0007FF45DADDDE919030DF16C09411CA7E5D3
:10C2B000022311AA1C931B9201210DF16C0908465F
:10C2C00009F10809411CBAE5102D40F3E582DDE9CA
:10C2D00019130F94084618EE104A07E000F1020CFB
:10C2E00009F108091046103D102D1DDD2549C9F83A
:10C2F0000010421C10331021072ACDE91923C9F878
:10C300000410EBDD18AA03B3214658460DF16C0961
:10C31000FFF712FB00287FF422ADDDE91903103D81
:10C32000102D00F1010CE1DC0F9C6046154AC9F8A4
:10C3300004502B440728CDE91903C9F8002000F365
:10C34000C18009F10809411C46E518464FF0010C6F
:10C350000DF16C09C7E77607199353D5069A03992F
:10C36000541A002C4EDD0DF16C09102C40F3B082F4
:10C37000199918EE106A10250DE000BFBC45002089
:10C38000D44A002020460020881C09F108091146E3
:10C39000103C102C1ADD4A1CB3481033072AC9E997
:10C3A0000005CDE91923EFDD18AA33B3314658460D
:10C3B000FFF7C2FA00287FF4D2ACDDE91913103C74
:10C3C000102C01F101000DF16C09E4DCA64AC9F85A
:10C3D000044023440728CDE91903C9F800207FF75A
:10C3E00059AD7BB118EE101A18AA5846FFF7A4FAF7
:10C3F00000287FF4B4AC1A9B4CE5012019460DF1DE
:10C400006C09C5E7DDE9053203998A42ACBF9B1888
:10C410005B18059349E5B2F90C108F0518EE103A38
:10C420008AB23FF5E8AA18EE105A986DFCF720FC86
:10C43000B5F90C108AB2FFF7DEBA002B3FF479AEE3
:10C4400018EE101A18AA5846FFF776FA00287FF45B
:10C4500086AC19991A9B01310DF16C09F8E4199217
:10C460000DF16C095EE4002F7FF4C3AB039E00273F
:10C47000049744ACFFF7C5BB039B13F0100354D1E2
:10C48000039A12F0400000F06B8107991A4651F8A8
:10C49000043B07919BB2012101E4099A002A64D16F
:10C4A000184601210DF16C09C9E4012118460DF16E
:10C4B0006C09C4E45B4262EB420203962D20012129
:10C4C000FFF7EEBB002B00F0888018EE101A18AAB8
:10C4D0005846FFF731FA00287FF441ACDDE9190333
:10C4E0000DF16C09411C77E498F800100793FFF7F1
:10C4F000D2BA44ACFFF785BB09F108090CF1010180
:10C500006046A0E416F4007240F0978151F8043BB5
:10C510000791FFF7C0BBB30500F1888152F8043BD7
:10C520000792DA171146FFF752BB079951F8043BFF
:10C5300007910121FFF7B3BB079B059853F8041B34
:10C540000793C217C1E90002FFF77DBA0B9B002BCE
:10C550003FF426AB0B9B1B78002B3FF421AB98F8E4
:10C56000001046F48066FFF796BA022311AA1C93C6
:10C570001B9201200DF16C09A2E6039671E53B4B7D
:10C580000C9316F0200259D0079B073323F00703C2
:10C5900018465A6850F8083B0790F40709D553EA43
:10C5A000020006D08DF84510302146F002068DF8C5
:10C5B000441026F4806103910221FFF770BB2C4BDD
:10C5C0000C93DEE7079B012153F8042B03918DF8B0
:10C5D000AC20079304912BACDFE49DF84320002AA4
:10C5E00040F03281099A002A7FF462AE1846012198
:10C5F0000DF16C0927E40021082216A81394FCF71A
:10C60000B7FA791C00F0BC80002507942C460CE09A
:10C610002BA9584600F0DCFC421C204400F06B8142
:10C62000B84208DC00F070810446139A525916ABE8
:10C630000435002AECD10494079CAFE016F01003F7
:10C6400007980CD116F0400405D01A4650F8043B68
:10C6500007909BB2A1E716F4007240F0E18050F819
:10C66000043B079099E700BF20460020BC4500200E
:10C67000D04500200399049744AC9E4608EE90BA3A
:10C6800001F480664FF0000C234606E0BEF10A0F6D
:10C6900072F1000239D3A6462A46A6491EEB0200D3
:10C6A00040F100000F46A1FB001424F0030101EB50
:10C6B0009401401ABEEB00014FF0CC3562F100044A
:10C6C00005FB01F507FB0455A1FB07410D440527B8
:10C6D00004F00101A1FB071B09186408303103F8BD
:10C6E000011C44EAC5740CF1010C013B6D08002EDD
:10C6F000CCD00B9909786145C8D1BCF1FF0FC5D0EA
:10C70000BEF10A0F72F100026CD21C4644AB1B1B37
:10C71000049F039E049318EE90BAFFF772BA039633
:10C72000FFF762BA5846FCF7B9FFFFF75BB901297A
:10C7300003967FF4CDACFFF75CBA079B059953F8DD
:10C74000042B11600793FFF77EB9062F3B46039A2F
:10C75000794C079228BF062304930393FFF725BB68
:10C76000039B079913F4007214BF51F8043B51F86E
:10C77000043B07911CBF0246DBB20121FFF78FBAD1
:10C7800016AB00930023194613AA584600F08CFDFF
:10C7900003460133049000F0AE801394049B002BF9
:10C7A00030D0632B63DC002308932BAC08220021DC
:10C7B00016A8FCF7DDF9049D16AB009313AA2B46CF
:10C7C0002146584600F070FD854240F0AB80039B47
:10C7D000049A07930023A3541F4622EAE2730393AB
:10C7E000FFF716BA0E9A0D999B1A18460893FDF793
:10C7F00019FA0B99089B4A780AB101310B914FF055
:10C80000000C48E7039B0793049B03931F46089380
:10C81000FFF7FEB9012118460DF16C09FFF713BBB4
:10C8200050F8043B07902246DBB2B6E612F9043B0F
:10C830000792DA171146FFF7CAB951F8043B07917E
:10C840000246DBB2FFF727BA01231C9301210DF149
:10C8500043031B930DF16C090B46FFF7CDBA079B01
:10C86000059953F8042B07931180FFF7ECB8591C76
:10C87000584600F0E7F8044600283CD0089095E7B9
:10C88000886DFCF7F7F9FFF7E9B9039B0793CDE94A
:10C890000377089FFFF7BCB919981A9B013045E54B
:10C8A000039B07932046FCF7F9FF20EAE0732F462D
:10C8B000049003930895FFF7ABB918EE101A18AA65
:10C8C0005846FFF739F800283FF436AAFFF74DBA6B
:10C8D000199801307AE58C466EE46B6ED90705D461
:10C8E000AB899A0502D4A86DFCF7C4F94FF0FF3369
:10C8F0000593FFF749BA18EE102AB2F90C3043F04D
:10C9000040039381FFF735BA079C049746E7079BDE
:10C9100098F8011053F8047B0793904647EAE777AD
:10C92000FFF7B9B818EE102A938943F040039381BA
:10C93000FFF715BACDCCCCCCE445002070B50C4641
:10C940008989ADF58E6D21F00201ADF81410616E8C
:10C950001B91E189ADF81610E1690991616A0B91AB
:10C960001CA9029106914FF480610646049107913B
:10C9700018A80021CDE900320891FCF775F9DDE92E
:10C98000003202A93046FFF713F8051E07DB02A9A3
:10C99000304601F04BFC002818BF4FF0FF35BDF8C2
:10C9A00014305B0603D5A38943F04003A381189894
:10C9B000FCF75CF928460DF58E6D70BD2DE9F0474A
:10C9C000DFF87CA00646DAF8000098460F4691464C
:10C9D000FCF74EF9184B1C6824B365681F2D24DC46
:10C9E0005EB96B1C0235DAF80000636044F825700C
:10C9F000FCF740F90020BDE8F08704EB8501012336
:10CA0000C1F88890D4F88821AB401A43022EC4F8AC
:10CA10008821C1F80881E4D1D4F88C211A43C4F8E4
:10CA20008C21DEE7054C1C60D7E7DAF80000FCF744
:10CA300021F94FF0FF30DEE72433022028330220B3
:10CA4000F84C00202DE9F04F01F10B06162E83B0B3
:10CA5000044624D8102900F2BA8000F019FC1026F0
:10CA600018220220B54F3A44A2F1080153688B42C4
:10CA700000F0BA805A68D96822F003021A449D680F
:10CA8000E9608D60516841F001012046516003F179
:10CA9000080500F003FC284603B0BDE8F08F36F02F
:10CAA000070600F19480B14200F2918000F0F0FBA3
:10CAB000B6F5FC7FC0F09A81730A00F08F80042BDA
:10CAC00000F26F81B30903F1390003F1380CC300A0
:10CAD0009A4F3B44A3F108055B689D4206D10CE0E8
:10CAE000002980F22781DB689D4206D05A6822F037
:10CAF0000302911B0F29F3DD60463D69DFF850C248
:10CB000065457CD06A6822F00302931B0F2B00F36B
:10CB10007B81002BC7E904CC80F26C81B2F5007FE9
:10CB200080F01A81D308796801334FEA521E01223E
:10CB300002FA0EF20A4357F833E0C5F808E007EBB3
:10CB4000C3010839E9607A6047F83350CEF80C50D9
:10CB5000831001219940914257D8114206D120F00B
:10CB600003004900114200F10400FAD007EBC009AC
:10CB70004D468646D5F80C80454508D11DE1002B71
:10CB800080F22481D8F80C80454500F01681D8F851
:10CB9000042022F00302931B0F2BF0DD2046D8E97E
:10CBA000025408EB060146F00106C8F80460EC6088
:10CBB000A56043F00104C7E90411C1E902CC4C604F
:10CBC00048F8023000F06AFB08F1080502E00C2387
:10CBD00023600025284603B0BDE8F08F4FF40073B2
:10CBE00040204FF03F0C73E7D3689A4208BF0230F1
:10CBF0007FF440AF3D69DFF858C1654582D17A685E
:10CC00008310012199409142A7D9BD686B6823F038
:10CC100003094E4503D8A9EB06030F2B7ADCDFF896
:10CC200034B1474BDBF800201B680132334405EB7D
:10CC3000090A00F0338103F580530F3323F47F6832
:10CC400028F00F0841462046FDF786F8411C0246B1
:10CC500000F0F380824500F2EE803A4B19684144BF
:10CC60001960084600F04E81DBF800100193013195
:10CC70001BBFA2EB0A010918CBF80020196012F0C3
:10CC8000070B00F01781CBF108010A44CBF5805166
:10CC900090440831A1EB0801C1F30B0A514620462C
:10CCA0000092FDF759F8421CDDE9002300F04F81A6
:10CCB000801A00EB0A081968BA6048F00100514474
:10CCC000BD425060196000F02981B9F10F0F40F2A8
:10CCD00027816868A9F10C0C2CF0070C00F001000A
:10CCE00040EA0C0068604FF0050E05EB0C00BCF14B
:10CCF0000F0FC0E901EE00F2328150681546124B69
:10CD00001A688A4238BF1960104B1A688A4238BFC5
:10CD1000196094E0AA1943F0010346F001066E6021
:10CD20002046BA60536000F0B9FA0835284603B0CF
:10CD3000BDE8F08FD9681A44A1E600BF6C4E002010
:10CD4000F4340220C4340220EC340220F0340220F7
:10CD5000744E002074520020B2F5206F4FEA522327
:10CD600063D3142B00F2B78003F15C01C9005B337D
:10CD700007EB010E7958AEF1080E8E4500F0918058
:10CD80004B6823F00303934202D989688E45F7D19B
:10CD9000D1F80CE07A68C5E9021ECEF80850CD60E3
:10CDA000D6E6142B59D9542B00F29D80330B03F196
:10CDB0006F0003F16E0CC3008AE60EF1010E1EF047
:10CDC000030F05F108057FF4D5AE51E04244454616
:10CDD0005368D8F80C1043F00103536055F8083F2E
:10CDE0002046D9608B6000F059FAF3E6F00806F1AE
:10CDF000080237E62A442046536843F00103536093
:10CE0000083500F04BFAE5E6A919204646F0010680
:10CE100043F001046E60C7E90411C1E902CC4C6023
:10CE2000AB5000F03BFA0835D4E6930903F1390121
:10CE3000C90038339CE7BD425FD0BD68686820F008
:10CE400003084645A8EB060302D80F2B3FF762AF55
:10CE5000204600F023FA0025BCE603F15C0003F154
:10CE60005B0CC30034E659F808394B4540F0968016
:10CE700010F0030F00F1FF30F5D17B6823EA0103C6
:10CE80007B60490099423FF6C0AE19B9BDE6490042
:10CE90000EF1040E1942FAD0704667E603F110084D
:10CEA000D0E69A104FF001087B6808FA02F21A43A4
:10CEB0007A6070E702EB08014942C1F30B0A514660
:10CEC00020460092FCF748FF431CDDE900237FF475
:10CED000EFAEDA46EFE6542B25D8130B03F16F01C2
:10CEE000C9006E3344E7B3F5AA7F25D8F30B03F1ED
:10CEF000780003F1770CC300EAE5294B1868404439
:10CF00001860B1E6CAF30B0CBCF1000F7FF4ACAEB5
:10CF1000BD68C84448F001006860F0E61546EEE6DA
:10CF20000123536094E7B3F5AA7F23D8D30B03F111
:10CF30007801C90077331BE740F25452934223D85B
:10CF4000B30C03F17D0003F17C0CC300C0E5ABF131
:10CF5000080BD844A8EB02084FF0000AABE605F135
:10CF6000080120460093FCF757FDBD68009B6868E8
:10CF70001968C4E640F254518B420BD8930C03F16C
:10CF80007D01C9007C33F3E64FF47E737F204FF0C0
:10CF90007E0C9DE54FF47E717E23E9E67B6870E7A9
:10CFA000C434022082B049B15AB16BB113780B601E
:10CFB0001278101E18BF012002B0704701A9002A84
:10CFC000F3D1104602B070476FF00100F4E700BFE4
:10CFD00070B5054684B05BB11C4669B10E4B28465E
:10CFE000D3F8E0602346B047431C0FD004B070BDB7
:10CFF00000F582740029F1D1074A2346D2F8E06097
:10D0000028460A4601A9B047431CEFD100228A23D3
:10D0100022602B6004B070BD004D002000487047B6
:10D02000F04D002070B500294BD006460C4610B1DB
:10D03000436B002B48D0636ED80734D5B4F90C305D
:10D04000002B3ED02146304601F058F8E36A0546F1
:10D0500033B1E169304698470028B8BF4FF0FF353B
:10D06000A3891A063CD4216B41B104F140039942D3
:10D0700002D03046FCF7D0FC00232363616C21B161
:10D080003046FCF7C9FC00236364FCF725FB636EA4
:10D090000022DB07A2811FD5A06DFBF7E7FDFCF79F
:10D0A00021FB284670BDA3899905CBD4A06DFBF761
:10D0B000DFFDB4F90C30002BC4D1656E15F001050D
:10D0C00005D00025284670BDFCF7E8FAB3E7A06D4F
:10D0D000FBF7D0FD284670BDA06DFBF7CBFDDBE76D
:10D0E00021693046FCF798FCBDE700BF38B5314BED
:10D0F0001B6805460C4613B15A6B002A4ED0B4F992
:10D100000C3018079AB21CD5216929B312F001001E
:10D1100007D00020A06060694042A06139B10020C2
:10D1200038BD950758BF6069A0600029F7D1120685
:10D1300058BF0846F4D543F04003A3814FF0FF30B9
:10D1400038BDD1062ED5520714D4216943F0080307
:10D15000A3819AB20029D9D102F42070B0F5007FE2
:10D16000D4D02146284600F027F8B4F90C302169C4
:10D170009AB2CBE7216B51B104F14002914204D045
:10D180002846FCF749FCB4F90C30002222632169DF
:10D190000022C4E9001223F02403D7E71846FCF765
:10D1A0007DFAACE7092243F040032A604FF0FF30DC
:10D1B000A38138BD885200202DE9F0418B890C46AF
:10D1C000990796B008D504F143030122C4E904325B
:10D1D000236016B0BDE8F081B4F90E1000290646B0
:10D1E00025DB6A4601F0CAFA00281FDB019D05F421
:10D1F0007045A5F50055B5FA85F54FF480686D09C1
:10D200004FF4006741463046FFF71CFCE0B1B4F92B
:10D210000C30C4F8148043F0800320602061A381A7
:10D2200035BB3B43A38116B0BDE8F081A38913F061
:10D23000800519D04FF040080025414630462F4662
:10D24000FFF700FC0028E2D1B4F90C309A05C0D4F5
:10D2500023F0030304F1430243F002030121C4E974
:10D260000421A3812260B4E74FF480682F46C9E708
:10D27000B4F90E10304601F097FA10B9B4F90C3039
:10D28000CFE7A38923F0030343F001031BB2C8E7F0
:10D290000148FBF7EDBC00BFBC3402200148FBF79E
:10D2A000E9BC00BFBC34022010B582B0049CCDE9BB
:10D2B00000344FF0FF3301F091FE02B010BD00BF0B
:10D2C0002DE9F04F03690C69A34283B0C0F2878057
:10D2D000013C01F11405A30000F11408009355F876
:10D2E000243058F82420013381469A4208EB840008
:10D2F00005EB84070190B2FBF3F63BD34FF0000C33
:10D30000AE464046E24663465EF804BB02681FFA3A
:10D310008BFC06FB0C334FEA134C4FEA1B4B06FB0E
:10D320000BCC9BB2AAEB03031FFA8CFA13FA82F31D
:10D33000CAEB124202EB23429BB243EA0243774517
:10D3400040F8043B4FEA224A4FEA1C43DCD2009BE0
:10D3500058F8033073B9019B043B984504D307E0A8
:10D36000984504F1FF3403D253F80429002AF7D07A
:10D37000C9F810404846FBF769FF00282BDB01364F
:10D380004146002355F8040BD1F800C082B29A1A26
:10D39000030C12FA8CF2C3EB1C4303EB224392B250
:10D3A00042EA0342AF4241F8042B4FEA2343E9D259
:10D3B00058F8242008EB84036AB9043B984504D349
:10D3C00007E0984504F1FF3403D253F80429002AFA
:10D3D000F7D0C9F81040304603B0BDE8F08F002008
:10D3E00003B0BDE8F08F00BF000000002DE9F04F52
:10D3F0002DED028B8FB08DED020B0191816B1A9D8B
:10D40000059357EC106B0446934641B1C26B4A60DA
:10D41000012393408B60FBF7B9FC0023A363B7F1B2
:10D420000008B4BF012300232B60BE4BBCBF28F013
:10D430000048CDF80C8033EA080300F09F809DED92
:10D44000028BB5EE408BF1EE10FA11D1059A012353
:10D4500013601B9B002B00F03F82B34B1B9A1360A1
:10D46000013B009300980FB0BDEC028BBDE8F08F3C
:10D470000CAA0DA92046B0EE480BFBF7B3FF5FEAFC
:10D480001853054640F09280DDE90C130B4403F27B
:10D490003242202A40F3FA82C2F1400208FA02F82E
:10D4A00003F21242D64048EA060207EE102AB8EE0E
:10D4B000477B581E17EE906A53EC172B4FF0010A6A
:10D4C000A6F1F8739FED913B9FED927B9FED935BEF
:10D4D00006EE900A43EC122BB8EEE64BB7EE086B63
:10D4E00032EE466BA6EE037BA4EE057BFDEEC76B2A
:10D4F000B5EEC07BF1EE10FA16EE907A08D5B8EED4
:10D50000E66BB4EE476BF1EE10FA18BF07F1FF3788
:10D51000162F00F24581854B03EBC70393ED007B8B
:10D52000B4EEC78BF1EE10FA57D5091A0023B1F10A
:10D53000010807F1FF370A9300F1398100230693B0
:10D54000002F52DA069B0497DB1B06937B4208935D
:10D55000019B092B4FF000074ED8052B40F39D820D
:10D56000043B01930026019B9A1E032A00F22581A9
:10D57000DFE812F0AA03A7039D037E03059AC8F310
:10D58000130842F20F7358EA060813601ED11B9B62
:10D59000002B00F09185664B009308331B9A00988E
:10D5A00013600FB0BDEC028BBDE8F08F18EE906AEF
:10D5B000C6F31306A3F2FF3053EC182B46F07F534B
:10D5C0000C994FF0000A43F440137BE71B9B002BA0
:10D5D00040F03B83574B009344E7091A0023B1F115
:10D5E00001080A9300F1E380069300230893019B4E
:10D5F0000497092BB844B0D900230126019307965C
:10D600004FF0FF399B460021E163CDF82C90204676
:10D61000FBF796FB0090002800F04085009BA36379
:10D62000B9F10E0F00F2DC80002E00F0D980049BCF
:10D63000002B40F3DE833D4A03F00F0102EBC102F1
:10D6400092ED007B1A11DB0540F182833A4991ED9E
:10D65000086B02F00F02032088EE065B5AB13649D0
:10D66000D60704D591ED006B013027EE067B5210F2
:10D6700001F10801F4D185EE076B0A9B3BB1B7EECF
:10D68000007BB4EEC76BF1EE10FA00F1AE8407EE4A
:10D69000900AB8EEE75BB1EE0C7BA5EE067B17EEC9
:10D6A000902A51EC170BA2F15071B9F1000F00F064
:10D6B0008883049E4A46079B002B00F04784B6EE01
:10D6C000003B1A4BFDEEC64B03EBC20CB8EEE47BFD
:10D6D00036EE477B1CED026B83EE065B41EC160BCE
:10D6E00014EE900A35EE465B0099B4EEC75B30301D
:10D6F000F1EE10FA01F8010B00F3AC84B7EE002B49
:10D70000B2EE044B4FF0000C31E000BF61436F6399
:10D71000A787D23FB3C8608B288AC63FFB799F504A
:10D720001344D33F0000F07FED450020380C00206B
:10D73000404500204C450020100C00200CF1010C4D
:10D7400094454DDA27EE047B25EE045BFDEEC76BB6
:10D7500016EE903AB8EEE63B303337EE437BB4EE4C
:10D76000C57BF1EE10FA01F8013B00F1738432EE53
:10D77000476BB4EEC56BF1EE10FADFD5009A049654
:10D7800002E08A4200F05084894611F8013D392BAD
:10D79000F7D00133DBB20B70049B0133049355E1E6
:10D7A000091A0123B1F101080A937FF5C7AEC1F14F
:10D7B000010306934FF00008C2E60026E6633146F7
:10D7C0002046FBF7BDFA0090002800F06784009B1C
:10D7D000A3634FF0FF330B9399460123B34607939E
:10D7E0000D9A002A55DB04990E2952DCB74BBBF188
:10D7F000000F03EBC10393ED006B15DAB9F1000FD5
:10D8000012DC40F0F282B1EE047B26EE077BB4EE30
:10D81000C78BF1EE10FACA464E4600F26D82DDF873
:10D8200000806FEA0B0B70E288EE067BBDEEC77BD3
:10D83000009917EE103AB9F1010F03F13003B8EE79
:10D84000C75B01F8013BA5EE468B00F03483B2EED6
:10D85000044B012311E088EE067BBDEEC77B01334C
:10D8600017EE102A4B4502F13002B8EEC75B01F803
:10D87000012BA5EE468B00F01E8328EE048BB5EE3F
:10D88000408BF1EE10FAE6D1049B013304938946F4
:10D89000DCE0079B43B3019B012B40F37682089B9E
:10D8A00009F1FF3A534580F23F82089BCDF820A052
:10D8B000AAEB030217444FF0000AB9F1000FC0F2BF
:10D8C0002583069B09934B44C844069301212046B7
:10D8D000FBF708FB06460CE07D4B009300980FB069
:10D8E000BDEC028BBDE8F08F069BDDF820A0079E03
:10D8F0000993099B6BB1B8F1000F0ADD4345069906
:10D900001A46A8BF4246891A9B1A06910993A8EBAA
:10D910000208089B63B1079B002B00F0A782BAF1B5
:10D92000000F00F30482089BB3EB0A0240F0FF8271
:10D9300001212046FBF7D6FA002F824600F3AF8084
:10D94000019B012B40F38781002308930120002FC6
:10D9500040F0B180404410F01F0000F07A81C0F127
:10D960002002042A00F3888040F0F681069B002BF9
:10D9700005DD29461A462046FBF7F0FB0546B8F1BF
:10D98000000F05DD514642462046FBF7E7FB824685
:10D990000A9B002B40F03F81B9F1000F40F3258135
:10D9A000079B002B40F0A380049B01330493DDF818
:10D9B0000080012707E0294600230A222046FBF7C2
:10D9C000EFF90137054651462846FFF779FCB9457E
:10D9D00000F1300008F8010BEDDCB9F1000F009AFE
:10D9E000CCBFCB464FF0010B03469344002729469A
:10D9F000012220460193FBF7B1FB51460546FBF798
:10DA000025FC002840F3AF811BF8013C009A0BF184
:10DA1000FF3B04E05A4500F0B1811BF8013D392B72
:10DA20000BF10109F6D001338BF800305146204646
:10DA3000FBF7ACF956B12FB1B74203D039462046B7
:10DA4000FBF7A4F931462046FBF7A0F9294620460A
:10DA5000FBF79CF9002389F80030DDE904231A6004
:10DA60001B9B002B3FF4FEAC0098C3F800900FB056
:10DA7000BDEC028BBDE8F08FC0F11C00069B034497
:10DA80000693099B0344099380446FE7C2F1200287
:10DA900006FA02F207EE102A09E5012663E50146BF
:10DAA0003A462046FBF7FAFA019B012B824640F3E7
:10DAB000C58100230893DAF810200AEB820210696E
:10DAC000FBF7C0F9C0F1200044E700BF380C00208C
:10DAD000EC450020314600230A222046FBF760F97E
:10DAE0000B9B002B064640F3CE8204979946099B78
:10DAF000002B05DD31461A462046FBF72FFB064674
:10DB0000089B002B40F0EB81B046029B009F03F086
:10DB100001027B1E4B440893019B0A921343099315
:10DB200051462846FFF7CCFB314683462846FBF793
:10DB30008DFB4246514681462046FBF7A9FBC26851
:10DB400001460BF13003002A42D1CDE906032846F5
:10DB5000FBF77CFB069902902046FBF717F9029A27
:10DB6000079B1AB90999002900F07E82B9F1000FCC
:10DB7000C0F28381019949EA01090A9951EA090928
:10DB800000F07B81002A00F3C681089A3B7007F100
:10DB900001099742CB4600F0C481294600230A229E
:10DBA0002046FBF7FDF84645054631464FF0000399
:10DBB0004FF00A02204612D0FBF7F2F84146064623
:10DBC00000230A222046FBF7EBF84F468046A7E7E2
:10DBD00020460293FBF7DAF8029B0122C6E7FBF727
:10DBE000DFF84F46064680469AE7019B022B71DC20
:10DBF000079B002B7FF47BAF049B514601332846E3
:10DC00000493FFF75DFBDDF800B000F130030BF883
:10DC1000013B0027EBE651462846FBF717FB00289F
:10DC2000BFF6BAAE294600230A222046FBF7B8F811
:10DC3000049B5F1E079B0546002B7FF44BAF0B9B9D
:10DC4000002B40F318829946B1E6BC4B0093033396
:10DC5000A4E41C2012E7DDE9020100287FF474AE81
:10DC6000C1F31302002A00F0F480029B08936DE6D2
:10DC700001230793049B5B4403F10109B9F1010FF0
:10DC8000CC460B93B8BF4FF0010C0021BCF1170F2D
:10DC9000E1637FF7BCAC01200422520002F11403BF
:10DCA0006345014600F10100F7D9E163AFE40123C8
:10DCB0000793BBF1000F52DDCDF82CB0D946DC46FE
:10DCC000E3E700230793D5E700230793F1E7DDF8A7
:10DCD0002C900497B9F1000F7FF4A1AD51464B464B
:10DCE00005222046FBF75CF8014682462846FBF7F2
:10DCF000ADFA00287FF793AD049B03F1010B009B65
:10DD00003122984603F8012B009351462046FBF739
:10DD10003DF80BF10103DDF800900493CDF800808D
:10DD2000002E7FF48FAE91E6A3EB0A0AC5E53146DB
:10DD300052462046FBF7B2F92A46014606462046DF
:10DD4000FBF7FEF8294605462046FBF71FF8EAE5F3
:10DD50000220B0EE485B81E4C0F13C008EE64FF05B
:10DD6000010BD9464FE403D1019BDB073FF54CAED5
:10DD7000D9461BF8013D302BFAD057E6049B009A98
:10DD8000013304933123137050E6BAF1000F00F011
:10DD9000238102F23342069B09931344DDF820A04D
:10DDA0000693904492E507EE900AB1EE0C5BB8EE54
:10DDB000E77BA6EE075B15EE902A51EC150BA2F15E
:10DDC000507141EC150BB1EE047B36EE477BB4EE9F
:10DDD000C57BF1EE10FA00F33781B1EE455BB4EE8E
:10DDE000C57BF1EE10FA7FF5FBAC4FF0000A56460A
:10DDF00015E500F0F580049B51495A4202F00F00EE
:10DE000001EBC00191ED006B121128EE066B00F0E2
:10DE10004281B0EE467B4B4900260220D30705D550
:10DE200091ED005B0130012627EE057B521001F1D8
:10DE30000801F3D1002E06FE076B1EE4029B002BA7
:10DE40007FF437AEDDE90201C1F31302002A40F08E
:10DE500037813D4A0A40002A00F0FA80069B0133D0
:10DE60000693012308F1010808936FE52946089AF3
:10DE70002046FBF713F905465AE5002A12DD29462C
:10DE8000012220460193FBF769F951460546FBF74D
:10DE9000DDF90028019B40F3E180392B00F0CA80B6
:10DEA0000BF13103B94609F8013B049B01333746B6
:10DEB00004934646BAE538EE088BB4EEC68BF1EE15
:10DEC00010FA0ADCB4EE468BF1EE10FA7FF4DCAC0B
:10DED00017EE103AD8077FF5D7AC009A54E4716872
:10DEE0002046FAF72DFF0746002800F0DE80336950
:10DEF00002339A0006F10C010C30FBF72BFC39467B
:10DF000001222046FBF72AF98046FEE5069BA3EB9B
:10DF100009030993DAE4392B00F08C80B946013308
:10DF2000C1E7049A01323746049246465FE5294626
:10DF30002046FBF7B3F80546FAE400BF4C45002045
:10DF4000380C0020100C00200000F07F5E4BFDEE2E
:10DF5000C65B03EBC20C1CED023BB8EEE57B36EE74
:10DF6000477B41EC160B15EE901A23EE063B00980A
:10DF70003031012A00F8011B00F08380B2EE044B1F
:10DF8000009B991827EE047BFDEEC76B16EE903AC6
:10DF9000303300F8013B8142B8EEE65B37EE457B5B
:10DFA000F0D1B6EE006B33EE065BB4EEC75BF1EE7C
:10DFB00010FA3FF5E3AB36EE436BB4EEC76BF1EE10
:10DFC00010FA7FF70DAC8946013919F8013C302B66
:10DFD000F9D0731C049339E50C9AC2F13602DAE6E3
:10DFE0000220B0EE486BFFF748BBB9F1000F3FF4D9
:10DFF000DAAE0B9A002A7FF7F3ABB2EE044B26EEB3
:10E00000046B013007EE900A049BB8EEE75BB1EEBB
:10E010000C7BA6EE057B17EE90CA51EC170B5E1E2B
:10E02000ACF15071FFF747BB049B013304933123DC
:10E03000FFF7B1BB049BBB4601330493392337463A
:10E040000BF8013B4646E1E44FF0000A564653E622
:10E0500008927BE4731C04938946F7E47FF422AFB3
:10E06000DA077FF51FAF18E7392BE3D0B9F1000FBE
:10E070003FF716AF16E7019B022B3FF728AE049738
:10E08000BAE501468DE7019B022B3FF720AEDDF894
:10E090002C9004972BE50220FFF7EFBA0B4B0C48AE
:10E0A000002240F2AF11FAF743FD084B08483A4608
:10E0B00040F2EF21FAF73CFD064B0093FFF7D2B98F
:10E0C000029B0893F7E400BF380C0020CC430020EB
:10E0D000504500204045002038B5074D0022044639
:10E0E00008462A60EAF7C2FF431C00D038BD2B68FF
:10E0F000002BFBD0236038BD34360220B1F90C2050
:10E100002DE9F0410C461107804647D4636842F47C
:10E110000062002BA2815EDDA56A002D58D000238D
:10E12000D8F80060C8F8003093B212F4805256D18B
:10E130000123E1694046A847431C67D0A389A56A2B
:10E140005F0705D56368C01A236B0BB1E36BC01A78
:10E15000E169024600234046A847411C41D1D8F856
:10E160000030002B3DD01D2B01D0162B56D1A3899A
:10E170002269226023F4006300216160A381216B86
:10E18000C8F8006021B304F14003994202D0404630
:10E19000FBF742FC00202063BDE8F0812669BEB198
:10E1A00093B2256826609A070CBF63690023AD1BF4
:10E1B000A3600BE02B463246E169676A4046B847E8
:10E1C000B0F1000CA5EB0C05664417DD002DF1DC69
:10E1D0000020BDE8F081E36B002B9DDCF8E7206DAB
:10E1E000AEE7B4F90C302269226023F40063A38106
:10E1F0000022DB046260C2D52065C0E7A38943F03A
:10E2000040034FF0FF30A381BDE8F081D8F8003023
:10E21000002B93D01D2B06D0162B04D0A38943F0DE
:10E220004003A381D5E7C8F80060D1E738B50C46B4
:10E23000054608B1436B03B3B4F90C0088B1636EB3
:10E24000DB0701D481050FD528462146FFF756FF8D
:10E25000636EDA07054602D4A3899B0508D52846D4
:10E2600038BD0546284638BDA06DFAF701FDEBE73D
:10E27000A06DFAF7FFFC284638BDFBF70FFADBE785
:10E2800000000000000000000000000001F0FF019D
:10E29000102A2BDB10F0070F08D010F8013B013AD1
:10E2A0008B422DD010F0070F42B3F6D1F0B441EA03
:10E2B000012141EA014122F007047FF00007002319
:10E2C000F0E80256083C85EA010586EA010685FA6F
:10E2D00047F5A3FA87F586FA47F6A5FA87F68EB9C9
:10E2E000EED1F0BC01F0FF0102F0070232B110F8EC
:10E2F000013B013A83EA010313B1F8D100207047D2
:10E3000001387047002D06BF35460338073815F031
:10E31000010F07D1013015F4807F02BF013015F4E1
:10E32000C03F0130F0BC0138704700BF30B482B04C
:10E330008DED000B019A194C22F000430021A342FD
:10E34000016021DC009C1C431ED0154C144054B9C4
:10E350009FED107B20EE077B8DED007B019A6FF027
:10E36000350122F0004322F0FF42DDE9004522F4AE
:10E37000E00242F07F551B1545F40015A3F2FE3371
:10E38000CDE900450B4403609DED000B02B030BCAD
:10E39000704700BF0000000000005043FFFFEF7F08
:10E3A0000000F07F2DE9F84F1746002900F0988013
:10E3B0000C4607F10B058046FEF76AFF162D54F850
:10E3C000041C5BD810252A46AF425CD821F0030616
:10E3D0009642A4F1080962DABC4BD3F808C009EBF5
:10E3E0000600844500F09780D0F804C02CF00103AB
:10E3F00003445B68DB0768D42CF0030C06EB0C03CA
:10E40000934247DACB0710D454F8083CA9EB030A2F
:10E41000DAF8043023F003018C44B444944580F2CC
:10E4200011817318934280F2E88039464046FEF726
:10E4300009FB0746E0B154F8043C23F001034B44C8
:10E44000A0F10802934200F0D280321F242A00F289
:10E45000F580132A00F2AC80034622461168196049
:10E460005168596092689A6021464046FBF7D4FA99
:10E470004046FEF713FF3846BDE8F88F25F0070544
:10E48000002D2A46A0DA0C23C8F8003000273846B1
:10E49000BDE8F88F1E46D0E90223D3609A60731B53
:10E4A0000F2B22D8D9F8043003F0010333434E4434
:10E4B000C9F80430736843F001037360404627468F
:10E4C000FEF7ECFE3846BDE8F88FC907ADD454F826
:10E4D000083CA9EB030ADAF8041021F00301A0E7D5
:10E4E000BDE8F84F1146FEF7ADBAD9F8042009EBA4
:10E4F000050102F001024E4443F001032A43C9F82A
:10E5000004204B60736843F0010308317360404698
:10E51000FBF782FAD2E7DCF8040020F0030B06EBED
:10E520000B0C05F1100084454DDAC9073FF57DAFAE
:10E5300054F8081CA9EB010ADAF8041021F00301D1
:10E540008B44B34458453FF76CAF5746DAF80C108C
:10E5500057F8080F321F242AC160886000F2DB8060
:10E56000132A40F2D6802168CAF808106168CAF8F8
:10E570000C101B2A00F2DF8008340AF11002216817
:10E58000116061685160A16891600AEB0501ABEB15
:10E59000050242F0010299604A60DAF8043003F0A3
:10E5A00001032B434046CAF80430FEF777FE6EE7BE
:10E5B00023680360636843601B2A68D804F108027B
:10E5C00000F108034AE709EB05029A60ACEB05038A
:10E5D00043F00103536054F8043C03F001032B4360
:10E5E000404644F8043CFEF759FE27464FE750F8F2
:10E5F000043C23F003031E4451E75746DAF80C109D
:10E6000057F8080F321F242AC16088604CD8132A9B
:10E6100048D92168CAF808106168CAF80C101B2A8A
:10E6200056D808340AF110021E4623681360636846
:10E630005360A3689360D1463C4630E7214600F022
:10E64000CDFB11E7D0E902135746CB60996057F82C
:10E65000081FDAF80C30CB60321F242A99602DD8BD
:10E66000132A29D92368CAF808306368CAF80C301D
:10E670001B2A42D808340AF1100322681A60626823
:10E680005A60A2689A606646D1463C4607E7A3688E
:10E690008360E368C360242A26D004F1100200F1ED
:10E6A0001003DBE63A46BFE7214638461E46D14610
:10E6B00000F094FB3C46F2E63B46DEE72146384656
:10E6C0006646D14600F08AFB3C46E8E66C4E0020E8
:10E6D000A168CAF81010E168CAF81410242A20D0E2
:10E6E00010340AF118029FE72369036161694161EF
:10E6F00004F1180200F11803B0E6A368CAF810305C
:10E70000E368CAF81430242A21D010340AF118031F
:10E71000B3E73A4633E72146384600F05FFB164B35
:10E7200033E72269CAF818206269CAF81C20183435
:10E730000AF1200278E7A168CAF81010E168CAF867
:10E740001410242A0DD010340AF1180217E7236997
:10E75000CAF818306369CAF81C3018340AF120036B
:10E760008BE72269CAF818206269CAF81C2018349D
:10E770000AF1200203E700BF6C4E002070B50C4682
:10E78000084D03460026204611461C462E60EAF737
:10E7900071FC431C00D070BD2B68002BFBD02360A4
:10E7A00070BD00BF3436022038B5074D0022044644
:10E7B00008462A60EAF764FC431C00D038BD2B6889
:10E7C000002BFBD0236038BD3436022038B50C4610
:10E7D000084D8446114620461A4600232B606446A5
:10E7E000EAF750FC431C00D038BD2B68002BFBD04F
:10E7F000236038BD3436022038B50C46084D8446B7
:10E80000114620461A4600232B606446EAF72CFC8A
:10E81000431C00D038BD2B68002BFBD0236038BDD3
:10E82000343602202DE9F04782B0824688461446ED
:10E83000FAF722FA012803D108F1FF33FE2B36D96B
:10E840000DF10409424604F15C0349465046FEF7C7
:10E85000BFFB421C064632D020B39DF804C0002501
:10E8600009E023685A1C226083F800C00135B542D4
:10E8700018D219F801CFA368013B002BA360F0DA8E
:10E88000A769BB4261462246504602DBBCF10A0F33
:10E89000E7D100F04BFA431CE8D10646304602B0FF
:10E8A000BDE8F0874646304602B0BDE8F0875FFA23
:10E8B00088FC8DF804C006460DF10409CFE7A38952
:10E8C000304643F04003A38102B0BDE8F08700BFAB
:10E8D00030B5536E13F0010FB2F90C30144683B00B
:10E8E00005469AB201D198051CD5900406D4626EF3
:10E8F00043F4005342F40052A38162662246284644
:10E90000FFF790FF636EDA07054602D4A3899B05E3
:10E9100002D5284603B030BDA06DFAF7ABF9284602
:10E9200003B030BDA06D0191FAF7A2F9B4F90C3033
:10E9300001999AB2D9E700BF9368002B00F0858057
:10E940002DE9F04FB1F90C300C461907804683B021
:10E95000174698B225D523691BB310F002033D6812
:10E960002DD04FF0000ADFF8C0B25646B9465E45DA
:10E970003346524628BF5B464046002E52D0E169DE
:10E98000676AB847002856DDD9F808301B1A824458
:10E99000361AC9F80830002BE9D1002003B0BDE8D1
:10E9A000F08F21464046FEF7A1FB002840F0388159
:10E9B000B4F90C303D6898B210F00203D1D110F0D8
:10E9C000010944D14E46009746B38205D4F808B0F9
:10E9D00040F18580B3455A4600F2B48010F4906F40
:10E9E00040F0C18020680192494600F0F7F9A36821
:10E9F000019AA3EB0B012368A1601344B246236084
:10EA00000026009A9368A3EB0A03D1449360002B7D
:10EA1000C3D0B4F90C0080B2002ED6D1D5E900964F
:10EA20000835D1E7D5E900A60835A0E721464046DC
:10EA3000FFF7FCFB88B3B4F90C3043F040034FF010
:10EA4000FF30A38103B0BDE8F08F002070471E4661
:10EA5000BA469946184600951F4666B3002832D03C
:10EA60004A46D4E904132068A568B24228BF32465A
:10EA7000884204D905EB030B5A4500F3A780934263
:10EA800064DCE169656A3A464046A847B0F1000B8C
:10EA9000D1DDB9EB0B09C9D00120DAF80830A3EBBE
:10EAA0000B035F44A6EB0B06CAF80830002B3FF4BB
:10EAB00074AF002ED2D1009A5668134608320092E5
:10EAC000002EF8D01F6832460A213846FFF7DEFBD9
:10EAD000002800F09C800130A0EB0709C0E7206807
:10EAE0002369984216D86269B24213D86FF0004386
:10EAF000B34228BF3346E16993FBF2F3676A02FB36
:10EB000003F340464A46B847B0F1000A93DDA6EB4E
:10EB10000A0676E7B345DA4628BFB246524649466A
:10EB200000F05CF9A3682268A3EB0A035244A360D7
:10EB30002260002BEBD121464046FFF777FB0028EF
:10EB4000E5D078E72068B34632464CE73946019273
:10EB500000F044F9019AA3689B1AA3602368134448
:10EB60002360934695E723682169A3EB010B636952
:10EB700003EB430A0AEBDA7A0BF101034FEA6A0A64
:10EB800033445345524684BF9A46524643052CD5DA
:10EB900011464046FDF756FF00283BD05A462169F2
:10EBA0000190FAF7D7FDA289019B22F4906242F00E
:10EBB0008002A28103EB0B002361AAEB0B03C4F8D4
:10EBC00014A0A3602060B34632460CE739465A468B
:10EBD00000F004F923685B44236021464046FFF7B8
:10EBE00025FB00283FF455AF25E74046FFF7DAFB49
:10EBF00003460028DED121694046FAF70DFFB4F93B
:10EC00000C300C2223F08003C8F8002015E7721C9A
:10EC1000914626E70C22B4F90C30C8F800200CE726
:10EC20004FF0FF30BAE600BF00FCFF7F2DE9F04F48
:10EC30009368176883B09246002B70D081468A682B
:10EC400008680C46083743E0A38913F4906F2ED070
:10EC5000D4E90416A0EB010806EB460606EBD676CF
:10EC600008F1010076102844B042324684BF0646BF
:10EC700032465B0537D511464846FDF7E3FE019065
:10EC800000283AD042462169FAF764FDA289019B27
:10EC900022F4906242F08002A281A6EB080203EB0C
:10ECA00008006661A260236120602E46A8464246A5
:10ECB000594600F093F8DAF80830A2682068921BF1
:10ECC00040445B1BA2602060CAF808303BB30837A1
:10ECD00057E902B5002DFAD0AA4216469046B3D99C
:10ECE0002E46A846E3E74846FFF75CFB03460028AC
:10ECF000D3D121694846FAF78FFEA3890C2243F04D
:10ED00004003C9F800204FF0FF30A3810022002308
:10ED1000CAF80820CAF8043003B0BDE8F08F00201C
:10ED20000023CAF8043003B0BDE8F08FF8B50D46F3
:10ED30001446064610B1436B002B4CD0B4F90C209E
:10ED4000A369A360170790B21BD52369CBB1EDB2BD
:10ED500081042F4622D522686169D31A994229DDA0
:10ED60000133A1680139A160511C216015706269ED
:10ED70009A4227D0A389DB0701D50A2D22D0384635
:10ED8000F8BD21463046FEF7B1F908BBB4F90C20B6
:10ED9000236990B2EDB281042F46DCD442F40052D4
:10EDA000A281626E616922F4005262662268D31AFF
:10EDB0009942D5DC21463046FFF738FA40B922683F
:10EDC0000123CEE721463046FFF730FA0028D6D09F
:10EDD0004FF0FF37D3E7FAF761FCAFE788420DD970
:10EDE0008B1883420AD900EB020CBAB1624613F8C1
:10EDF00001CD02F801CD9942F9D170470F2A0ED802
:10EE0000034602F1FF3C4AB10CF1010C013B8C447A
:10EE100011F8012B03F8012F6145F9D1704740EA41
:10EE200001039B0750D1A2F1100370B501F1200C32
:10EE300023F00F0501F1100E00F11004AC441B0982
:10EE40005EF8105C44F8105C5EF80C5C44F80C5CF6
:10EE50005EF8085C44F8085C5EF8045C44F8045C06
:10EE60000EF1100EE64504F11004E9D1013312F061
:10EE70000C0F01EB031102F00F0400EB031327D07A
:10EE8000043C24F003064FEA940C1E441C1F8E46DB
:10EE90005EF8045B44F8045FB442F9D10CF101045C
:10EEA00002F0030203EB840301EB840102F1FF3C57
:10EEB0004AB10CF1010C013B8C4411F8012B03F811
:10EEC000012F6145F9D170BD02F1FF3C03469BE77C
:10EED0002246EBE72DE9F04F8BB0DDE9158A149F50
:10EEE0000391814605921E46B8F1000F5CD0039B4A
:10EEF000002B5ED0059B1D68002F6AD0741E4EB398
:10EF0000039B0493043D002601950BE0039B2BBB60
:10EF1000019B1A68002A3AD0BC455CD2013C631CB4
:10EF2000664617D0D8F800300293019BDAF8E0501B
:10EF300053F8042F019307A943464846D8F804B074
:10EF4000A847421C3AD000EB060CBC45DED9029B18
:10EF5000C8E9003B30460BB0BDE8F08F00280EDD5D
:10EF6000049B019D18445A1E07A900F1FF3E11F8A9
:10EF7000013B02F8013F7245F9D101950490059BD0
:10EF80001A6804321A60019B1A68002AC4D1039BD4
:10EF90000BB1059B1A600CF1FF3600223046C8F811
:10EFA00000200BB0BDE8F08F039B00F58678002BA6
:10EFB000A0D1059B4FF0FF371D689FE706468A21C9
:10EFC00000223046C9F80010C8F800200BB0BDE898
:10EFD000F08F3E46BEE76646BCE700BF10B584B082
:10EFE000054C069800900798019004480068029428
:10EFF000FFF770FF04B010BD004D002088520020C4
:10F00000024B01461868FDF71DBD00BF8852002065
:10F01000024B01461868FAF7FFBC00BF8852002077
:10F0200010B4044C03460A4620685DF8044B1946A8
:10F03000FFF7B8B988520020000000005FF800F028
:10F04000CD2100605FF800F0512100605FF800F012
:0CF05000512200605FF800F0A120006079
:04F05C00F8B500BF44
:08F060009485FF7F0100000010
:10F068000000000000000000000000000000000098
:10F078000000000000000000000000000000000088
:10F088000000000000000000000000000000000078
:10F098000000000000000000000000000000000068
:10F0A8000000000000000000000000000000000058
:10F0B8000000000000000000000000000000000048
:10F0C8000000000000000000000000000000000038
:10F0D8000000000000000000000000000000000028
:10F0E8000000000000000000000000000000000018
:10F0F8000000000000000000000000000000000008
:10F1080000000000000000000000000000000000F7
:10F1180000000000000000000000000000000000E7
:10F1280000000000000000000000000000000000D7
:10F1380000000000000000000000000000000000C7
:10F1480000000000000000000000000000000000B7
:10F1580000000000000000000000000000000000A7
:10F168000000000000000000000000000000000097
:10F178000000000000000000000000000000000087
:10F188000000000000000000000000000000000077
:10F198000000000000000000000000000000000067
:10F1A8000000000000000000000000000000000057
:10F1B8000000000000000000000000000000000047
:10F1C8000000000000000000000000000000000037
:10F1D8000000000000000000000000000000000027
:10F1E8000000000000000000000000000000000017
:10F1F8000000000000000000000000000000000007
:10F2080000000000000000000000000000000000F6
:10F2180000000000000000000000000000000000E6
:10F2280000000000000000000000000000000000D6
:10F2380000000000000000000000000000000000C6
:10F2480000000000000000000000000000000000B6
:10F2580000000000000000000000000000000000A6
:10F268000000000000000000000000000000000096
:10F278000000000000000000000000000000000086
:10F288000000000000000000000000000000000076
:10F298000000000000000000000000000000000066
:10F2A8000000000000000000000000000000000056
:10F2B8000000000000000000000000000000000046
:10F2C8000000000000000000000000000000000036
:10F2D8000000000000000000000000000000000026
:10F2E800FE822B6547156740000000000000384388
:10F2F8000000FAFE422E76BF3A3B9EBC9AF70CBD40
:10F30800BDFDFFFFFFFFDF3F3C5455555555C53F39
:10F31800912B17CF5555A53F17D0A4671111813FE1
:10F32800000000000000C842EF39FAFE422EE63F16
:10F3380024C482FFBDBFCE3FB5F40CD7086BAC3FE9
:10F34800CC5046D2ABB2833F843A4E9BE0D7553F70
:10F358000000000000000000000000000000F03F76
:10F368006EBF881A4F3B9B3C3533FBA93DF6EF3FF8
:10F378005DDCD89C136071BC6180773E9AECEF3FEE
:10F38800D16687107A5E90BC857F6EE815E3EF3F03
:10F3980013F6673552D28C3C748515D3B0D9EF3F3C
:10F3A800FA8EF92380CE8BBCDEF6DD296BD0EF3FD9
:10F3B80061C8E6614EF7603CC89B751845C7EF3FCA
:10F3C80099D3335BE4A3903C83F3C6CA3EBEEF3FB8
:10F3D8006D7B835DA69A973C0F89F96C58B5EF3F12
:10F3E800FCEFFD921AB58E3CF747722B92ACEF3FBB
:10F3F800D19C2F703DBE3E3CA2D1D332ECA3EF3F4F
:10F408000B6E908934036ABC1BD3FEAF669BEF3F3B
:10F418000EBD2F2A525695BC515B12D00193EF3F77
:10F4280055EA4E8CEF8050BCCC316CC0BD8AEF3FA2
:10F4380016F4D5B923C991BCE02DA9AE9A82EF3F45
:10F44800AF555CE9E3D3803C518EA5C8987AEF3F6D
:10F458004893A5EA151B80BC7B517D3CB872EF3FF1
:10F468003D32DE55F01F8FBCEA8D8C38F96AEF3FCC
:10F47800BF53133F8C898B3C75CB6FEB5B63EF3FBE
:10F4880026EB11769CD996BCD45C0484E05BEF3FF4
:10F49800602F3A3EF7EC9A3CAAB968318754EF3F9F
:10F4A8009D3886CB82E78FBC1DD9FC22504DEF3F9B
:10F4B8008DC3A644416F8A3CD68C62883B46EF3F99
:10F4C8007D04E4B0057A803C96DC7D91493FEF3FAE
:10F4D80094A8A8E3FD8E963C3862756E7A38EF3FA3
:10F4E8007D4874F2185E873C3FA6B24FCE31EF3F9D
:10F4F800F2E71F982B47803CDD7CE265452BEF3F08
:10F508005E08713F7BB896BC8163F5E1DF24EF3F6D
:10F5180031AB096DE1F7823CE1DE1FF59D1EEF3F3F
:10F52800FABF6F1A9B213DBC90D9DAD07F18EF3F04
:10F53800B40A0C7282378B3C0B03E4A68512EF3FAA
:10F548008FCBCE8992146E3C562F3EA9AF0CEF3F5D
:10F55800B6ABB04D754D833C15B7310AFE06EF3F8B
:10F568004C74ACE20142863C31D84CFC7001EF3F50
:10F578004AF8D35D39DD8F3CFF1664B208FCEE3FD4
:10F58800045B8E3B80A386BCF19F925FC5F6EE3F7D
:10F5980068504BCCED4A92BCCBA93A37A7F1EE3F65
:10F5A8008E2D511BF80799BC66D8056DAEECEE3F61
:10F5B800D236943EE8D171BCF79FE534DBE7EE3FE5
:10F5C800151BCEB3191999BCE5A813C32DE3EE3F5B
:10F5D8006D4C2AA7489F853C2234124CA6DEEE3F8C
:10F5E8008A69287A601293BC1C80AC0445DAEE3F25
:10F5F8005B8917488FA758BC2A2EF7210AD6EE3FF9
:10F608001B9A49679B2C7CBC97A850D9F5D1EE3F33
:10F6180011ACC260ED63433C2D89616008CEEE3FBA
:10F62800EF64063B0966963C57001DED41CAEE3F64
:10F638007903A1DAE1CC6E3CD03CC1B5A2C6EE3F5D
:10F6480030120F3F8EFF933CDED3D7F02AC3EE3F34
:10F65800B0AF7ABBCE90763C272A36D5DABFEE3FDC
:10F6680077E054EBBD1D933C0DDDFD99B2BCEE3F38
:10F678008EA3710034948FBCA72C9D76B2B9EE3F4F
:10F6880049A393DCCCDE87BC4266CFA2DAB6EE3F54
:10F698005F380FBDC6DE78BC824F9D562BB4EE3F57
:10F6A800F65C7BEC461286BC0F925DCAA4B1EE3FB5
:10F6B8008ED7FD180535933CDA27B53647AFEE3FB0
:10F6C800059B8A2FB7987B3CFDC797D412ADEE3FB8
:10F6D80009541CE2E163903C295448DD07ABEE3F36
:10F6E800EAC6195085C7343CB746598A26A9EE3F61
:10F6F80035C0642BE632943C4821AD156FA7EE3F28
:10F708009F7699614AE48CBC09DC76B9E1A5EE3FA5
:10F71800A84DEF3BC5338CBC85553AB07EA4EE3F6F
:10F72800AEE92B89785384BC20C3CC3446A3EE3F82
:10F7380058585678DDCE93BC2522558238A2EE3F24
:10F7480064197E80AA10573C73A94CD455A1EE3F8A
:10F7580028225EBFEFB393BCCD3B7F669EA0EE3FF1
:10F7680082B93487AD126ABCBFDA0B7512A0EE3FBE
:10F77800EEA96DB8EF6763BC2F1A653CB29FEE3FE8
:10F788005188E0543DDC80BC849451F97D9FEE3F64
:10F79800CF3E5A7E641F78BC745FECE8759FEE3FDD
:10F7A800B07D8BC04AEE86BC7481A5489A9FEE3F17
:10F7B8008AE6551E321986BCC9674256EB9FEE3F52
:10F7C800D3D4095ECB9C903C3F5DDE4F69A0EE3FF1
:10F7D8001DA54DB9DC327BBC8701EB7314A1EE3F4C
:10F7E8006BC06754FDEC943C32C13001EDA1EE3F93
:10F7F800556CD6ABE1EB653C624ECF36F3A2EE3FDB
:10F8080042CFB32FC5A188BC121A3E5427A4EE3F9D
:10F8180034373BF1B66993BC13CE4C9989A5EE3FBA
:10F828001EFF193A845E80BCADC723461AA7EE3F77
:10F838006E5772D850D494BCED92449BD9A8EE3F31
:10F84800008A0E5B67AD903C99668AD9C7AAEE3FDD
:10F85800B4EAF0C12FB78D3CDBA02A42E5ACEE3FFD
:10F86800FFE7C59C60B665BC8C44B51632AFEE3F69
:10F87800445FF35983F67B3C36771599AEB1EE3F7A
:10F88800833D1EA71F0993BCC6FF910B5BB4EE3FD7
:10F89800291E6C8BB8A95DBCE5C5CDB037B7EE3F66
:10F8A80059B9907CF9236CBC0F52C8CB44BAEE3FCF
:10F8B800AAF9F422434392BC504EDE9F82BDEE3F2C
:10F8C8004B8E66D76CCA85BCBA07CA70F1C0EE3FCA
:10F8D80027CE912BFCAF713C90F0A38291C4EE3FF0
:10F8E800BB730AE135D26D3C2323E31963C8EE3FAD
:10F8F8006322622204C587BC65E55D7B66CCEE3F6A
:10F90800D531E2E3861C8B3C332D4AEC9BD0EE3F8D
:10F9180015BBBCD3D1BB91BC5D253EB203D5EE3F30
:10F92800D231EE9C31CC903C58B330139ED9EE3F87
:10F93800B35A736E8469843CBFFD79556BDEEE3F24
:10F94800B49D8E97CDDF82BC7AF3D3BF6BE3EE3FD5
:10F958008733CB92771A8C3CADD35A999FE8EE3F08
:10F96800FAD9D14A8F7B90BC66B68D2907EEEE3F57
:10F97800BAAEDC56D9C355BCFB154FB8A2F3EE3F5F
:10F9880040F6A63D0EA490BC3A59E58D72F9EE3FBB
:10F998003493AD38F4D668BC475EFBF276FFEE3F91
:10F9A800358A586BE2EE91BC4A06A130B005EF3FAC
:10F9B800CDDD5F0AD7FF743CD2C14B901E0CEF3FE0
:10F9C800AC9892FAFBBD91BC091ED75BC212EF3FFF
:10F9D800B30CAF30AE6E733C9C5285DD9B19EF3F84
:10F9E80094FD9F5C32E38E3C7AD0FF5FAB20EF3F03
:10F9F800AC5909D18FE0843C4BD1572EF127EF3F0A
:10FA0800671A4E38AFCD633CB5E706946D2FEF3FCC
:10FA18006819926C2C6B673C6990EFDC2037EF3FDC
:10FA2800D2B5CC83188A80BCFAC35D550B3FEF3F33
:10FA38006FFAFF3F5DAD8FBC7C89074A2D47EF3FCA
:10FA480049A97538AE0D90BCF2890D08874FEF3F74
:10FA5800A7073DA685A3743C87A4FBDC1858EF3F95
:10FA68000F2240209E9182BC9883C916E360EF3F25
:10FA7800AC92C1D5505A8E3C8532DB03E669EF3F24
:10FA88004B6B01AC593A843C60B401F32173EF3FEE
:10FA98001F3EB40721D582BC5F9B7B33977CEF3F29
:10FAA800C90D473BB92A89BC29A1F5144686EF3F01
:10FAB800D3883A6004B6743CF63F8BE72E90EF3F4C
:10FAC80071729D51ECC5833C834CC7FB519AEF3F43
:10FAD800F091D38F12F78FBCDA90A4A2AFA4EF3FB6
:10FAE8007D7423E298AE8DBCF1678E2D48AFEF3F51
:10FAF8000820AA41BCC38E3C275A61EE1BBAEF3FCF
:10FB080032EBA9C3942B843C97BA6B372BC5EF3FD4
:10FB1800EE85D131A9648A3C40456E5B76D0EF3FD3
:10FB2800EDE33BE4BA378EBC14BE9CADFDDBEF3F82
:10FB38009DCD914D3B89773CD8909E81C1E7EF3FA1
:10FB480089CC6041C105533CF1718F2BC2F3EF3F63
:10FB5800BEF3F879EC61F63FDEAA8C80F77BD5BF5F
:10FB68003D88AF4AED71F53FDB6DC0A7F0BED2BF4F
:10FB7800B010F0F03995F43F673A517FAE1ED0BF10
:10FB88008503B8B095C9F33FE92482A6D831CBBF25
:10FB9800A564880C190DF33F5877C00A4F57C6BFA4
:10FBA800A08E0B7B225EF23F00819CC72BAAC1BFAF
:10FBB8003F341A4A4ABBF13F5E0E8CCE764EBABF2E
:10FBC800BAE58AF05823F13FCC1C615A3C97B1BF83
:10FBD800A70099413F95F03F1E0CE138F452A2BFAF
:10FBE800000000000000F03F0000000000000000DE
:10FBF800AC479AFD8C60EE3F8459F25DAAA5AA3FF6
:10FC0800A06A021FB3A4EC3FB42E36AA535EBC3FD1
:10FC1800E6FC6A573620EB3F08DB2077E526C53F30
:10FC28002DAAA163D1C2E93F7047220D86C2CB3FFE
:10FC3800ED417803E686E83FE17EA0C88B05D13F19
:10FC4800624853F5DC67E73F09EEB6573004D43F06
:10FC5800EF39FAFE422EE63F3483B848A30ED0BFF0
:10FC68006A0BE00B5B57D53F23410AF2FEFFDFBF6B
:10FC78000080E03779C34143176E05B5B5B89346A0
:10FC8800F5F93FE9034F384D321D30F94877825A6C
:10FC98003CBF737FDD4F1575000000000000F03F8A
:10FCA800000000000000244000000000000059404F
:10FCB8000000000000408F40000000000088C340A2
:10FCC80000000000006AF8400000000080842E4117
:10FCD80000000000D01263410000000084D7974163
:10FCE8000000000065CDCD41000000205FA0024269
:10FCF800000000E876483742000000A2941A6D42DE
:10FD0800000040E59C30A2420000901EC4BCD642D0
:10FD180000003426F56B0C430080E03779C341437B
:10FD280000A0D8855734764300C84E676DC1AB43F1
:10FD3800003D9160E458E143408CB5781DAF15440F
:10FD480050EFE2D6E41A4B4492D54D06CFF08044EA
:10FD5800F64AE1C7022DB544B49DD9794378EA44FF
:10FD68000038FAFE422EE63F3067C79357F32E3D20
:10FD7800000000000000E0BF605555555555E5BF2F
:10FD8800060000000000E03F4E5559999999E93F57
:10FD98007AA429555555E5BFE945489B5B49F2BF0B
:10FDA800C33F268B2B00F03F0000000000A0F63F69
:10FDB800000000000000000000C8B9F2822CD6BF85
:10FDC8008056372824B4FA3C000000000080F63F33
:10FDD8000000000000000000000858BFBDD1D5BFDA
:10FDE80020F7E0D808A51CBD000000000060F63F21
:10FDF8000000000000000000005845177776D5BFC6
:10FE08006D50B6D5A46223BD000000000040F63F47
:10FE1800000000000000000000F82D87AD1AD5BFD3
:10FE2800D567B09EE484E6BC000000000020F63FE1
:10FE38000000000000000000007877955FBED4BF86
:10FE4800E03E2993691B04BD000000000000F63F56
:10FE5800000000000000000000601CC28B61D4BFDD
:10FE6800CC844C482FD8133D0000000000E0F53F3B
:10FE7800000000000000000000A886863004D4BFFF
:10FE88003A0B82EDF342DC3C0000000000C0F53F75
:10FE98000000000000000000004869554CA6D3BFD0
:10FEA80060945186C6B1203D0000000000A0F53FD7
:10FEB80000000000000000000080989ADD47D3BFD2
:10FEC8009280C5D44D59253D000000000080F53FC3
:10FED80000000000000000000020E1BAE2E8D2BF04
:10FEE800D82BB7991E7B263D000000000060F53F27
:10FEF80000000000000000000088DE135A89D2BF0D
:10FF08003FB0CFB614CA153D000000000060F53FB1
:10FF180000000000000000000088DE135A89D2BFEC
:10FF28003FB0CFB614CA153D000000000040F53FB1
:10FF380000000000000000000078CFFB4129D2BF7C
:10FF480076DA5328245A16BD000000000020F53F39
:10FF58000000000000000000009869C198C8D1BFE7
:10FF68000454E768BCAF1FBD000000000000F53F67
:10FF7800000000000000000000A8ABAB5C67D1BF28
:10FF8800F0A88233C61F1F3D0000000000E0F43FC8
:10FF980000000000000000000048AEF98B05D1BF4A
:10FFA800665A05FDC4A826BD0000000000C0F43F45
:10FFB8000000000000000000009073E224A3D0BFFE
:10FFC8000E03F47EEE6B0CBD0000000000A0F43FB1
:10FFD800000000000000000000D0B4942540D0BF0D
:10FFE8007F2DF49EB836F0BC0000000000A0F43F5E
:08FFF800000000000000000001
:02000004600397
:1000000000D0B4942540D0BF7F2DF49EB836F0BC0C
:10001000000000000080F43F00000000000000002D
:1000200000405E6D18B9CFBF873C99AB2A570D3D94
:10003000000000000060F43F00000000000000002D
:100040000060DCCBADF0CEBF24AF869CB7262B3D45
:10005000000000000040F43F00000000000000002D
:1000600000F02A6E0727CEBF10FF3F544F2F17BD59
:10007000000000000020F43F00000000000000002D
:1000800000C04F6B215CCDBF1B68CABB91BA213D3C
:10009000000000000000F43F00000000000000002D
:1000A00000A09AC7F78FCCBF34849F684F79273D53
:1000B000000000000000F43F00000000000000000D
:1000C00000A09AC7F78FCCBF34849F684F79273D33
:1000D0000000000000E0F33F00000000000000000E
:1000E00000902D7486C2CBBF8FB78B31B04E193DB7
:1000F0000000000000C0F33F00000000000000000E
:1001000000C0804EC9F3CABF6690CD3F634EBA3C73
:100110000000000000A0F33F00000000000000000D
:1001200000B0E21FBC23CABFEAC146DC648C25BD17
:100130000000000000A0F33F0000000000000000ED
:1001400000B0E21FBC23CABFEAC146DC648C25BDF7
:10015000000000000080F33F0000000000000000ED
:100160000050F49C5A52C9BFE3D4C104D9D12ABD6E
:10017000000000000060F33F0000000000000000ED
:1001800000D02065A07FC8BF09FADB7FBFBD2B3D33
:10019000000000000040F33F0000000000000000ED
:1001A00000E0100289ABC7BF584A537290DB2B3D69
:1001B000000000000040F33F0000000000000000CD
:1001C00000E0100289ABC7BF584A537290DB2B3D49
:1001D000000000000020F33F0000000000000000CD
:1001E00000D019E70FD6C6BF66E2B2A36AE410BD1D
:1001F000000000000000F33F0000000000000000CD
:100200000090A77030FFC5BF3950109F439E1EBDA0
:10021000000000000000F33F0000000000000000AC
:100220000090A77030FFC5BF3950109F439E1EBD80
:100230000000000000E0F23F0000000000000000AD
:1002400000B0A1E3E526C5BF8F5B07908BDE20BD24
:100250000000000000C0F23F0000000000000000AD
:100260000080CB6C2B4DC4BF3C783561C10C173D71
:100270000000000000C0F23F00000000000000008D
:100280000080CB6C2B4DC4BF3C783561C10C173D51
:100290000000000000A0F23F00000000000000008D
:1002A00000901E20FC71C3BF3A54274D8678F13C64
:1002B000000000000080F23F00000000000000008D
:1002C00000F01FF85295C2BF08C47117308D24BDCD
:1002D000000000000060F23F00000000000000008D
:1002E00000602FD52AB7C1BF96A31118A4802EBDD8
:1002F000000000000060F23F00000000000000006D
:1003000000602FD52AB7C1BF96A31118A4802EBDB7
:10031000000000000040F23F00000000000000006C
:100320000090D07C7ED7C0BFF45BE88896690A3D18
:10033000000000000040F23F00000000000000004C
:100340000090D07C7ED7C0BFF45BE88896690A3DF8
:10035000000000000020F23F00000000000000004C
:1003600000E0DB3191ECBFBFF233A35C547525BDD7
:10037000000000000000F23F00000000000000004C
:1003800000002B6E0727BEBF3C00F02A2C342A3D0C
:10039000000000000000F23F00000000000000002C
:1003A00000002B6E0727BEBF3C00F02A2C342A3DEC
:1003B0000000000000E0F13F00000000000000002D
:1003C00000C05B8F545EBCBF06BE5F58570C1DBD9E
:1003D0000000000000C0F13F00000000000000002D
:1003E00000E04A3A6D92BABFC8AA5BE83539253DAC
:1003F0000000000000C0F13F00000000000000000D
:1004000000E04A3A6D92BABFC8AA5BE83539253D8B
:100410000000000000A0F13F00000000000000000C
:1004200000A031D645C3B8BF68562F4D297C133D77
:100430000000000000A0F13F0000000000000000EC
:1004400000A031D645C3B8BF68562F4D297C133D57
:10045000000000000080F13F0000000000000000EC
:100460000060E58AD2F0B6BFDA7333C9379726BD8C
:10047000000000000060F13F0000000000000000EC
:100480000020063F071BB5BF575EC6615B021F3DDC
:10049000000000000060F13F0000000000000000CC
:1004A0000020063F071BB5BF575EC6615B021F3DBC
:1004B000000000000040F13F0000000000000000CC
:1004C00000E01B96D741B3BFDF13F9CCDA5E2C3DB9
:1004D000000000000040F13F0000000000000000AC
:1004E00000E01B96D741B3BFDF13F9CCDA5E2C3D99
:1004F000000000000020F13F0000000000000000AC
:100500000080A3EE3665B1BF09A38F765E7C143DF3
:10051000000000000000F13F0000000000000000AB
:10052000008011C0300AAFBF918E36839E592D3D99
:10053000000000000000F13F00000000000000008B
:10054000008011C0300AAFBF918E36839E592D3D79
:100550000000000000E0F03F00000000000000008C
:1005600000801971DD42ABBF4C70D6E57A821C3D2C
:100570000000000000E0F03F00000000000000006C
:1005800000801971DD42ABBF4C70D6E57A821C3D0C
:100590000000000000C0F03F00000000000000006C
:1005A00000C032F65874A7BFEEA1F23446FC2CBD51
:1005B0000000000000C0F03F00000000000000004C
:1005C00000C032F65874A7BFEEA1F23446FC2CBD31
:1005D0000000000000A0F03F00000000000000004C
:1005E00000C0FEB9879EA3BFAAFE26F5B702F53C60
:1005F0000000000000A0F03F00000000000000002C
:1006000000C0FEB9879EA3BFAAFE26F5B702F53C3F
:10061000000000000080F03F00000000000000002B
:100620000000780E9B829FBFE4097E7C268029BD56
:10063000000000000080F03F00000000000000000B
:100640000000780E9B829FBFE4097E7C268029BD36
:10065000000000000060F03F00000000000000000B
:100660000080D5071BB997BF39A6FA93548D28BDD2
:10067000000000000040F03F00000000000000000B
:100680000000FCB0A8C08FBF9CA6D3F67C1EDFBCC8
:10069000000000000040F03F0000000000000000EB
:1006A0000000FCB0A8C08FBF9CA6D3F67C1EDFBCA8
:1006B000000000000020F03F0000000000000000EB
:1006C0000000106B2AE07FBFE440DA0D3FE219BD65
:1006D000000000000020F03F0000000000000000CB
:1006E0000000106B2AE07FBFE440DA0D3FE219BD45
:1006F000000000000000F03F0000000000000000CB
:1007000000000000000000000000000000000000E9
:10071000000000000000F03F0000000000000000AA
:1007200000000000000000000000000000000000C9
:100730000000000000C0EF3F0000000000000000CB
:10074000000089751510803FE82B9D996BC710BD7F
:10075000000000000080EF3F0000000000000000EB
:10076000008093585620903FD2F7E2065BDC23BD11
:10077000000000000040EF3F00000000000000000B
:100780000000C9282549983F340C5A32BAA02ABD26
:10079000000000000000EF3F00000000000000002B
:1007A0000040E7895D41A03F53D7F15CC011013D96
:1007B0000000000000C0EE3F00000000000000004C
:1007C00000002ED4AE66A43F28FDBD7573162CBD67
:1007D000000000000080EE3F00000000000000006C
:1007E00000C09F14AA94A83F7D265AD0957919BDC0
:1007F000000000000040EE3F00000000000000008C
:1008000000C0DDCD73CBAC3F0728D847F2681ABDD6
:10081000000000000020EE3F00000000000000008B
:1008200000C006C031EAAE3F7B3BC94F3E110EBD52
:100830000000000000E0ED3F0000000000000000AC
:10084000006046D13B97B13F9B9E0D565D3225BD62
:100850000000000000A0ED3F0000000000000000CC
:1008600000E0D1A7F5BDB33FD74EDBA55EC82C3D58
:10087000000000000060ED3F0000000000000000EC
:1008800000A0974D5AE9B53F1E1D5D3C06692CBD81
:10089000000000000040ED3F0000000000000000EC
:1008A00000C0EA0AD300B73F32ED9DA98D1EEC3C93
:1008B000000000000000ED3F00000000000000000C
:1008C0000040595D5E33B93FDA47BD3A5C11233DC4
:1008D0000000000000C0EC3F00000000000000002D
:1008E0000060AD8DC86ABB3FE568F72B809013BDF3
:1008F0000000000000A0EC3F00000000000000002D
:100900000040BC015888BC3FD3AC5AC6D146263DF6
:10091000000000000060EC3F00000000000000004C
:1009200000200A8339C7BE3FE045E6AF68C02DBD51
:10093000000000000040EC3F00000000000000004C
:1009400000E0DB3991E8BF3FFD0AA14FD63425BD59
:10095000000000000000EC3F00000000000000006C
:1009600000E027828E17C13FF2072DCE78EF213DA0
:100970000000000000E0EB3F00000000000000006D
:1009800000F0237E2BAAC13F349938448EA72C3D1A
:100990000000000000A0EB3F00000000000000008D
:1009A0000080860C61D1C23FA1B481CB6C9D033D18
:1009B000000000000080EB3F00000000000000008D
:1009C000009015B0FC65C33F89724B23A82FC63C2D
:1009D000000000000040EB3F0000000000000000AD
:1009E00000B033833D91C43F78B6FD547983253DF3
:1009F000000000000020EB3F0000000000000000AD
:100A000000B0A1E4E527C53FC77D69E5E833263D91
:100A10000000000000E0EA3F0000000000000000CD
:100A200000108CBE4E57C63F782E3C2C8BCF193D04
:100A30000000000000C0EA3F0000000000000000CD
:100A40000070758B12F0C63FE1219CE58D1125BD2C
:100A50000000000000A0EA3F0000000000000000CD
:100A6000005044858D89C73F0543917010661CBDB9
:100A7000000000000060EA3F0000000000000000ED
:100A8000000039EBAFBEC83FD12CE9AA543D07BDE9
:100A9000000000000040EA3F0000000000000000ED
:100AA0000000F7DC5A5AC93F6FFFA05828F2073DF3
:100AB000000000000000EA3F00000000000000000D
:100AC00000E08A3CED93CA3F69215650437228BD2D
:100AD0000000000000E0E93F00000000000000000E
:100AE00000D05B57D831CB3FAAE1AC4E8D350CBD61
:100AF0000000000000C0E93F00000000000000000E
:100B000000E03B3887D0CB3FB6125459C44B2DBDC3
:100B10000000000000A0E93F00000000000000000D
:100B20000010F0C6FB6FCC3FD22B96C572ECF1BC27
:100B3000000000000060E93F00000000000000002D
:100B40000090D4B03DB1CD3F35B015F72AFF2ABD96
:100B5000000000000040E93F00000000000000002D
:100B60000010E7FF0E53CE3F30F441602712C23C25
:100B7000000000000020E93F00000000000000002D
:100B80000000DDE4ADF5CE3F118EBB651521CABC7A
:100B9000000000000000E93F00000000000000002D
:100BA00000B0B36C1C99CF3F30DF0CCAECCB1B3DBF
:100BB0000000000000C0E83F00000000000000004E
:100BC00000584D603871D03F914EED16DB9CF83CDB
:100BD0000000000000A0E83F00000000000000004E
:100BE000006061672DC4D03FE9EA3C168B18273DB1
:100BF000000000000080E83F00000000000000004E
:100C000000E827828E17D13F1CF0A5630E212CBD72
:100C1000000000000060E83F00000000000000004D
:100C200000F8ACCB5C6BD13F8116A5F7CD9A2B3D7C
:100C3000000000000040E83F00000000000000004D
:100C400000685A6399BFD13FB7BD4751EDA62C3D0F
:100C5000000000000020E83F00000000000000004D
:100C600000B80E6D4514D23FEABA46BADE870A3D97
:100C70000000000000E0E73F00000000000000006E
:100C80000090DC7CF0BED23FF404504AFA9C2A3D2E
:100C90000000000000C0E73F00000000000000006E
:100CA0000060D3E1F114D33FB83C21D37AE228BDF0
:100CB0000000000000A0E73F00000000000000006E
:100CC0000010BE76676BD33FC877F1B0CD6E113D93
:100CD000000000000080E73F00000000000000006E
:100CE0000030337752C2D33F5CBD06B6543B183D4B
:100CF000000000000060E73F00000000000000006E
:100D000000E8D523B419D43F9DE090EC36E4083DCB
:100D1000000000000040E73F00000000000000006D
:100D200000C871C28D71D43F75D66709CE272FBD1B
:100D3000000000000020E73F00000000000000006D
:100D40000030179EE0C9D43FA4D80A1B89202EBDCD
:100D5000000000000000E73F00000000000000006D
:100D600000A03807AE22D53F59C7648170BE2E3D22
:100D70000000000000E0E63F00000000000000006E
:100D800000D0C853F77BD53FEF405DEEEDAD1F3D82
:100D90000000000000C0E63F00000000000000006E
:100DA000006059DFBDD5D53FDC65A4082A0B0ABD1C
:100DB000000000000000F03F000000000000F0BF55
:100DC000000000000000F0BF000000000000F03F45
:100DD00083C8C96D305F6441182D4454FB21F93F2D
:100DE000000000000000F03F1C620CFDFFFFDFBFB1
:100DF000198F06E15355A53F9D359AE887C056BF28
:100E0000C3F87B024393F93E03A695595455C5BFD9
:100E1000C40B23057610813F24CF7437EB9429BF90
:100E2000000000000000F03F000000000000F0BFE4
:100E3000000000000000F0BF000000000000F03FD4
:100E400083C8C96D305F6441182D4454FB21F93FBC
:100E5000000000000000F0BF1C620CFDFFFFDF3F40
:100E6000198F06E15355A5BF9D359AE887C0563FB7
:100E7000C3F87B024393F9BE03A695595455C5BFE9
:100E8000C40B23057610813F24CF7437EB9429BF20
:100E90000406C0000000000020290060A0240060BB
:100EA00068C2012068C3012078C30120000000420D
:100EB000C8801F40B8821F400800000000000042A8
:100EC000C4801F40B4821F400400000000C00042E4
:100ED00024801F4014821F401000000000C0004208
:100EE00028801F4018821F402000000000C00042E0
:100EF0002C801F401C821F404000000000C00042A8
:100F000034801F4024821F40000100000040004246
:100F100064811F4054831F400004000000400042D1
:100F200080811F4070831F4000000200004000428B
:100F30007C811F406C831F40000001000040004284
:100F400068811F4058831F40000800000040004295
:100F50003C811F402C831F400100000000400042E4
:100F600044811F4034831F400400000000400042C1
:100F700040811F4030831F400200000000400042BB
:100F800048811F4038831F400800000000000042D5
:100F900004811F40F4821F40000004000000004252
:100FA00008811F40F8821F40000008000000004236
:100FB00018811F4008831F4000008000000000428D
:100FC00014811F4004831F400000400000000042C5
:100FD00000811F40F0821F4000000200000000421C
:100FE000FC801F40EC821F40000001000000004216
:100FF00024811F4014831F400000000400000042B1
:1010000028811F4018831F40000000080000004294
:101010001C811F400C831F400000000100000042A3
:1010200020811F4010831F4000000002000000428A
:10103000EC801F40DC821F400010000000000042D6
:10104000F0801F40E0821F400020000000000042AE
:1010500034811F4024831F400000004000000042F4
:1010600038811F4028831F4000000080008000421C
:1010700094801F4084821F400000040000C0004292
:1010800090801F4080821F4000000080008000424E
:10109000A8801F4098821F4000008000008000420E
:1010A000A4801F4094821F40000040000040004286
:1010B0006C811F405C831F400010000000C0004294
:1010C00030801F4020821F4080000000004000420E
:1010D000B0811F40A0831F4000000020004000425C
:1010E000AC811F409C831F40000000100040004264
:1010F00084811F4074831F400000040000400042B0
:1011000088811F4078831F400000080000000042D3
:101110002C811F401C831F40000000100000004273
:1011200030811F4020831F4000000020000000424B
:101130000C811F40FC821F40000010000000004294
:1011400010811F4000831F400000200000800042EB
:10115000C8811F40B8831F4000800000008000420B
:10116000C4811F40B4831F40004000000080004243
:10117000C0811F40B0831F4000200000008000425B
:10118000BC811F40AC831F40001000000080004263
:10119000D0811F40C0831F40000002000080004239
:1011A000CC811F40BC831F400000010000C00042F2
:1011B00074801F4064821F400000000100C0004294
:1011C00080801F4070821F400000000800C0004265
:1011D00084801F4074821F400000001000C0004245
:1011E0006C801F405C821F400000400000C0004235
:1011F0007C801F406C821F400000000400C0004241
:1012000078801F4068821F400000000200C000423A
:1012100088801F4078821F400000002000000000EE
:1012200000000000F115010031AA0000F1150100D5
:10123000F1150100F1150100F11501000000000099
:101240000000000065A300000DDD0000E9A800001B
:10125000000000000000000029D10000E1DC0000D7
:10126000A5A800000000000000000000B1A50000DB
:101270000D08010035A9000000000000000000007A
:101280000D2901000000000000000000B15E010017
:101290001D1F000045180100B5160100A95C0100E2
:1012A0000D3F01007D1601006917010000000000DC
:1012B00000000000690F01000101000401000004AA
:1012C000013201010132020101100101011101018C
:1012D00001120102010302060103010601120202CA
:1012E00002000001020200010201000102100001DF
:1012F00002220001022300010000000000000000A3
:101300000221000102200001000000000000000096
:101310000130010101310101010200040103000457
:101320000000000000000000012102010121010174
:101330000000000000000000000000000110020199
:101340000000000000000000011301060113020666
:10135000000000000000000000000000000000008D
:10136000010102010101010101000201010001016D
:101370000102020101020101000000000000000062
:101380000000000001230201000000000000000036
:101390000120010135FA8E3C6F12833A00000000F3
:1013A0000000000041D40000F50701006DA9000015
:1013B0000000000000000000F1150100F11501001F
:1013C000000000000000000081D50000DD070100E2
:1013D00015A90000A99C0000959C000000000000D9
:1013E000000000004531000031AA0000391F000054
:1013F000690000006900000069000000FFFF7F7FB6
:1014000000000000D8399D270054EA2A00A4781F64
:10141000007B9A17000000000000000058320020F6
:101420005032002048320020403200203832002064
:1014300030320020283200202032002018320020D4
:10144000103200200832002000320020AC2300209F
:10145000AC230020AC230020AC230020AC230020D0
:10146000AC230020F8310020F0310020E8310020CA
:10147000E0310020D8310020D0310020C8310020D8
:10148000C0310020B8310020B0310020A831002048
:10149000A0310020983100209031002088310020B8
:1014A0008031002078310020703100206831002028
:1014B0006031002058310020503100204831002098
:1014C00040310020383100203031002050320020DF
:1014D00048320020403200203832002030320020D4
:1014E00028320020F8310020F0310020E8310020BF
:1014F000E0310020D8310020D0310020C831002058
:10150000C0310020B8310020B0310020A8310020C7
:10151000A031002098310020903100208831002037
:1015200080310020783100207031002068310020A7
:101530006031002058310020503100204831002017
:10154000403100203831002030310020203200208E
:10155000183200201032002008320020FFFFFFFF69
:10156000FFFFFFFFFFFFFFFFFFFFFFFFC0000001C6
:10157000800000018000000180000003BFFFFFFE2B
:101580007FFFFFFE7FFFFFFE7FFFFFFDA3623FFFA8
:10159000CCC6547FC4464447D645447DAEAEFFFE1C
:1015A000556DD6FE5DDDEF5E55DC6DFDA62E7FFF31
:1015B000CCED46FFCDCEEECFD6CC6DFDAEAEFFFE70
:1015C000556D56FE5DDF6DDE575D6DFDAEA23FFFD2
:1015D000CD4656FFDC44C447C4C5447DBFFFFFFE73
:1015E0007FFFFFFE7FFFFFFE7FFFFFFDBFFFFFFFCF
:1015F000FFFFFFFFFFFFFFFFFFFFFFFDBFFFFFFE3E
:101600007FFFFFFE7FFFFFFE7FFFFFFDBFFFFFFFAE
:10161000FFFFFFFFFFFFFFFFFFFFFFFDBFFFFFFE1D
:101620007FFFFFFE7FFFFFFE7FFFFFFDBFFFFFFF8E
:10163000FFFFFFFE7FFFFFFFFFFFFFFDBFFFFFFE7E
:101640007FFFFFFFFFFFFFFE7FFFFFFDD5555555D5
:10165000AAAAAAAA55555555AAAAAAABD555555511
:10166000AAAAAAAA55555555AAAAAAABBFFFFFFE1A
:101670007FFFFFFFFFFFFFFE7FFFFFFDA222223F54
:10168000E4CC6546444445CFD644C445AEEEEF7E37
:101690005D56DD6E5DDDD5D655DD5555A6666F7F91
:1016A000ECCED46FCDCDD5CFD6CCD545AEEEEF7E3A
:1016B0007556D56E5DDDD5D6575D555DA2EE237F9F
:1016C000CCD4656FDC444457C4C4C45DBFFFFFFE87
:1016D0007FFFFFFE7FFFFFFE7FFFFFFDBFFFFFFFDE
:1016E000FFFFFFFFFFFFFFFFFFFFFFFDBFFFFFFE4D
:1016F0007FFFFFFE7FFFFFFE7FFFFFFDBFFFFFFFBE
:10170000FFFFFFFFFFFFFFFFFFFFFFFDBFFFFFFE2C
:101710007FFFFFFE7FFFFFFE7FFFFFFDBFFFFFFF9D
:10172000FFFFFFFFFFFFFFFFFFFFFFFDBFFFFFFE0C
:101730007FFFFFFE7FFFFFFE7FFFFFFDC000000178
:10174000800000018000000180000003FFFFFFFF18
:10175000FFFFFFFFFFFFFFFFFFFFFFFFFFFFFFFF99
:10176000FFFFFFFFFFFFFFFFFFFFFFFFC0000001C4
:10177000800000018000000000000003BFFFFFFEAA
:101780007FFFFFFE7FFFFFFFFFFFFFFDAAA22623D3
:10179000D445D5FE7FFFFFFFFFFFFFFDAAAEEAB6EF
:1017A00046DDD5FE7FFFFFFFFFFFFFFDA2A666B768
:1017B000C6DDD5FE7FFFFFFFFFFFFFFDAAAEEAB645
:1017C00056DDD5FE7FFFFFFFFFFFFFFDAA22EAB730
:1017D000D4446C7E7FFFFFFFFFFFFFFDBFFFFFFED6
:1017E0007FFFFFFE7FFFFFFFFFFFFFFDBFFFFFFF4C
:1017F000FFFFFFFE7FFFFFFFFFFFFFFDBFFFFFFEBD
:101800007FFFFFFE7FFFFFFFFFFFFFFDBFFFFFFF2B
:10181000FFFFFFFE7FFFFFFFFFFFFFFDBFFFFFFE9C
:101820007FFFFFFE7FFFFFFFFFFFFFFDBFFFFFFF0B
:10183000FFFFFFFE7FFFFFFFFFFFFFFDBFFFFFFE7C
:101840007FFFFFFE7FFFFFFFFFFFFFFDD5555555D3
:10185000AAAAAAAA7FFFFFFFFFFFFFFDD555555596
:10186000AAAAAAAA7FFFFFFFFFFFFFFDBFFFFFFE9F
:101870007FFFFFFE7FFFFFFFFFFFFFFDAAA2762B8A
:10188000C6C644FE7FFFFFFFFFFFFFFDAAAEAAEA28
:101890005D55D57E7FFFFFFFFFFFFFFDA2A66AE734
:1018A000CC56C57E7FFFFFFFFFFFFFFDAAAEA2EA79
:1018B0005D575D7E7FFFFFFFFFFFFFFDAA226A2BC2
:1018C000DD54DCFE7FFFFFFFFFFFFFFDBFFFFFFEDC
:1018D0007FFFFFFE7FFFFFFFFFFFFFFDBFFFFFFF5B
:1018E000FFFFFFFE7FFFFFFFFFFFFFFDBFFFFFFECC
:1018F0007FFFFFFE7FFFFFFFFFFFFFFDBFFFFFFF3B
:10190000FFFFFFFE7FFFFFFFFFFFFFFDBFFFFFFEAB
:101910007FFFFFFE7FFFFFFFFFFFFFFDBFFFFFFF1A
:10192000FFFFFFFE7FFFFFFFFFFFFFFDBFFFFFFE8B
:101930007FFFFFFE7FFFFFFFFFFFFFFDC0000001F5
:10194000800000018000000000000003FFFFFFFF97
:10195000FFFFFFFFFFFFFFFFFFFFFFFF07080C0B6D
:1019600006050F000D0E0102838407080C0B060507
:101970000F000D0E01028384FFFFFFFFFFFFFFFF3B
:10198000FFFF8182090A0000CC780020B078002097
:101990007478002068780020FFFFFFFFF1FFFF7FD1
:1019A0001FFFFF4310000FFFFFFFFFE1CF9FFFBBB3
:1019B000F7FFFE90700007FFFFFFFF803FBFFF971C
:1019C000F9FFFEF80E0003FFFFFFFF001FBFFFDF60
:1019D000FEFFFFFE0C0001FFFFFFFF01CC7FFF7F3A
:1019E000FF7FFFFF040000FFFFFFFE07F3FFFEFF86
:1019F000FFBFF7FFC000007FFFFFFE0FFFFFF83FB4
:101A0000FFDFFDFFF000003FFFFFFE1FFFFFF01FA5
:101A1000FFD7FE7FF800001FFFFFFE1FFFFFC00F74
:101A2000FFEFFF9FFE00000FFFFFFF3FFFFF80075C
:101A3000FFF3E00FFF800007FFFFFF3FFFFF000302
:101A4000FFF3C001FFF00003FFFFFF7EF87E0003FD
:101A5000FFF780007FFC0001FFFFFF7DF03C0001ED
:101A6000FFF7000007FF8000FFFFFF7FE01E00017F
:101A7000FFEC000030FFF800FFFFFEFFE01F000159
:101A8000FF9800001F03FFC1FFFFFEFFE01F800063
:101A9000FE70000007F8001FFFFFFEFFC01FC00020
:101AA000FDF0000003FFFFFFFFFFFEFFC03EF0015F
:101AB000F3E0000000FFFFFFFFFFFEFF80383C0166
:101AC0008FF00000007FFFFFFFFFFEDF00780F8038
:101AD00067F00000003FFFFFFFFFFEFE007001FF08
:101AE000CFB00000001FFFFFFFFFFF7C00E0000FF2
:101AF0000F9C80000007FFFFFFFFFF3803F0000688
:101B00001F9E40000003FFFFFFFFFF9FFE0C000E23
:101B10001FDF30000001FFFFFFFFFFE03F62001CFE
:101B20003FBF8E000000FFFFFFFFFFFFC1B1807EBF
:101B3000FE7F83C000007FFFFFFFFFFFFF5840FFD5
:101B4000F9FFC07800007FFFFFFFFFFFFFCE20FFFF
:101B500087FFE0E00000FFFFFFFFFFFFFFF311FF43
:101B6000BFFFF83FFFC3FFFFFFFFFFFFFFFDCFFFFA
:101B7000DFFFFE07FF07FFFFFFFFFFFFFFFE767F90
:101B8000BFFFFF80001FFFFFFFFFFFFFFFFF943E2F
:101B9000FFFFFFFC02FFFFFFFFFFFFFFFFFFE83D2E
:101BA000FFFFFFFFFF7FFFFFFFFFFFFFFFFFF0785B
:101BB000FFFFFFBFFF3FFFFFFFFFFFFFFFFFF8F942
:101BC000FFFFFF3FFF9FFFFFFFFFFFFFFFFFFCF750
:101BD000FFFFFC3FFFCFFFFFE03FFFE03FFFFF0FB6
:101BE000FFFFF007FFC7FFFFCF9FFFEF3FFFFFBFE4
:101BF000FFFFE000BFE7FFFFD8C03003301FFF7FCB
:101C0000FFFFF000FF1FFFFFD8CF87C327CFFF7F65
:101C1000FFFFF00060FFFFFFD818CC632E6FFF7F3F
:101C2000FFFFF8020FFFFFFFD818CC63206FFFBF44
:101C3000FFFFF00DFFFFFFFFD818CC63306FFFBF31
:101C4000FFFFF81BFFFFFFFFD818CFE327EFFF9F31
:101C5000FFFE4067FFFFFFFFD8D8CC032C6FFFDFEC
:101C6000FFFE018FFFFFFFFFD8D8CCE30C6FFFED25
:101C7000FFFFC03FFFFFFFFFCF8F87CFC7EFFFE51D
:101C8000FBFF81FFFFFFFFFFE0000000000FFFF000
:101C9000FCFE7FFFFFFFFFFFE00000000067FFFD8D
:101CA0001E01FFFFFFFFFFFFEF80000C30F7FFFF7B
:101CB000C1FFFFFFFFE1FFFFCF80000C30F7C00145
:101CC000FFFE1FFFFFEDFFFFD8C0000C30F7DFBDA8
:101CD000FFFEDFFFFFEDFFFFD8CF8FC5FEF7D80D6A
:101CE0008000C01000010207D81CCC683067D80DF6
:101CF0003C73F7C79F3C78F3D800CC63B06FD80D26
:101D000066C8C66CD98CCD9BD80FCC6FB06FDF0D79
:101D100066C8C66CD98CCD83D818CC6FB06FD80D7F
:101D20007EC0C60CD98CC0F3D8D8CC6FB00FD80CFD
:101D300060C8C6ECD98CCC1BD8D8CC6FB06FD80C8F
:101D400066C8C6ECD98CCD9BCF8FCC6F9E6FDFBFA2
:101D50003C7276E799BE78F3E020000FC00FC00018
:101D6000010700F000008207FFFFFFFFFFFFFFFFFA
:101D7000FFFFFFFFFFFFFFFFFFFFFFFFFFFFFFFF73
:101D8000FFFFFFFFFFFFFFFFFFFFFFFFFFFFFFFF63
:101D9000FFFFFFFFFFFFFFFFFFFFFFFFFFFFFFFF53
:101DA000FFFFFFFFFFFFFFFFFFFFFFFFFFFFFFFF43
:101DB000FFFFFFFFFFFFFFFFFFFFFFFFFFFFFFFF33
:101DC000FFFFFFFFFFFFFFFFF800FFFFFE03FFF035
:101DD0001FFFFFFFFFFFFFFFF0007FFFFE01FFF08F
:101DE0000FFFFFFFFFFFFFFFF1FC3FFFFE71FFF35F
:101DF0008FFFFFFFFFFFFFFFF1FC000000700003FB
:101E0000800100200800007FF1C70000007000037F
:101E1000800000000000003FF1C77F87E3FE3F1F06
:101E2000F3F83F0FC1F8FE1FF1C77F87E3FE3F1FA6
:101E3000F3F83F0FC1F8FE1FF1C771CE387071C3C0
:101E4000838EE39C771CE39FF1FC71CE387071C3E5
:101E5000838E039C771CE39FF1FC71CE387071C3B5
:101E6000838E039C771CE39FF1C0700E387071C3A2
:101E700083803F9C07FCE01FF1C0700E387071C377
:101E80008380E39C7700E03FF1CE718E387071C3A0
:101E9000839CE39C7700E7FFF1CE718E387071C3AD
:101EA000839CE39C771CE7FFF1CE7187E01E3F0027
:101EB000F39C3F8FC1F8E7FFF1CE71C7E01E3F00F2
:101EC000F39C3F8FC1F8E7FFF80E03E00780001C8A
:101ED000001F0000000007FFF81F03F00780003C10
:101EE000003F000008000FFFFFFFFFFFFFFFFFFFA5
:101EF000FFFFFFFFFFFFFFFFFFFFFFFFFFFFFFFFF2
:101F0000FFFFFFFFFFFFFFFFFFFFFFFFFFFFFFFFE1
:101F1000FFFFFFFFFFFFFFFFFFFFFFFFFFFFFFFFD1
:101F2000FFFFFFFFFFFFFFDFFFFFFFFFFFFFFFFFE1
:101F3000FFFFFFFFFFFFFC77FFFFFFFFFFE0000059
:101F400000000000000003FFFFFFFFFFFFE00000B4
:101F50000000001000008FFBFFFFFFFFFFE000000C
:101F60000000001000023FFBFFFFFFFFFFE000E763
:101F7000FE7FE6100008FFFBFFFFFFFFFFE001E62A
:101F800006606E100011FFF7E00000003FC003EE96
:101F900006606C180043C3E7EFEF423FBFC0036E1B
:101FA0000EE0EC38008303EFE821A120BFC006CC8F
:101FB0000CC0CC380304079FEBA553AEBFC00CCCBC
:101FC00000C0DC3804000F1FEBA344AEBF8018CC68
:101FD00000C0DC3808001FDFEBA3BF2EBF8030DC61
:101FE00001C1D83C10003FFFE82506A0BF806198E2
:101FF000FDFFD83C3000FFDFEFEAAABFBF80FF98AB
:1020000019FF183C6001C7DFE00CD8003F01FF98C2
:102010001980383CC00207BFEDA4AC20BF0301B853
:102020001980301EC0000FBFE8C2335B3F06033883
:102030003B80301D80001F7FEB7CF21A3F0C033089
:102040003380301F80003EFFE7082574BF18033F30
:10205000F3007F9B8000FDFFECFE11B0BE30031F3C
:10206000E3007F9F8003FBFFE10AFA3FBE00000010
:1020700000000017800FE7FFE52673EABE000000AE
:1020800000000007C07FCFFFEE9A911ABE0000004B
:1020900000000007FFFFBFFFEAA9C1C43FFFFFFF29
:1020A000FFFFFFF7FFFE7FFFEC95330B3FFFFFFFC6
:1020B000FFFFFFF7FFF9FFFFEC2AB90CBFFFFFFF9F
:1020C000FFFFFFF7FFE7FFFFED0373263FFFFFFF73
:1020D000FFFFFFFBFF9FFFFFEEF954FF3FFFFFFFF6
:1020E000FFFFFFFCF87FFFFFE00EF08C3FFFFFFFDC
:1020F000FFFFFFFF07FFFFFFEFE755AC3FFFFFFFCD
:10210000FFFFFFFFFFFFFFFFE823CF89BFFFFFFFB8
:10211000F7FFFFFFDFFFFFFFEBABD3FD387FFFFFD4
:10212000E7F87FFF9FFFFFFFEBA86840BBECE7CC21
:10213000FF7BECEF39E9FFFFEBA1D2DBB88AD72BAD
:10214000E8788A94A5A5FFFFE8291036B3B087493F
:10215000E973B085AD2DFFFFEFEE23A837B3BE4C7A
:10216000CB77B7BD2D6DFFFFE000000037B88F11B2
:10217000DB77388C2369FFFFFFFFFFFFFFFFFFFFC7
:10218000FFFFFFFFFFFFFFFFFFFFFFFFFFFFFFFF5F
:10219000FFFFFFFFFFFFFFFFFF060C183060C0FFCF
:1021A000C3663C1818181818C3663C18183C66C358
:1021B000C3C3C3C3DBFFE7C3C3C3C36666663C3C9C
:1021C000C3C3C3C3C3C3FF7EFF1818181818181859
:1021D0007FC0C07E030303FEFEC3C3FED8CCC6C3CC
:1021E0007EFFC3C3C3CEFA79FEC3C3FEC0C0C0C066
:1021F0007EFFC3C3C3C3FF7EC3C3E3F3DBCFC7C349
:10220000E7FFDBDBC3C3C3C3C0C0C0C0C0C0C0FFE7
:10221000C6CCD8F0D8CCC6C3FF1818181818D87078
:10222000FF181818181818FFC3C3C3FFC3C3C3C3CC
:102230007EC3C0C0C6C3C37EFFC0C0FFC0C0C0C095
:10224000FFC0C0FFC0C0C0FFFCC6C3C3C3C3C6FC41
:102250007EC3C0C0C0C0C37EFEC3C3FCC3C3C3FE35
:102260003C66C3C3FFC3C3C300003838000038381E
:102270007EC3C37F060C18307EC3C37E7EC3C37E7D
:10228000FF03060C183060C03F60C0C0FEC3C37EB1
:10229000FFC0C0FC06C3663C060E1E3666FF0C0C73
:1022A0007EC30C380CC3663C3C7EC303061860FF3B
:1022B0001878D818181818FF7EFFC3C3C3C3FF7E51
:1022C0000103060C183060C0DB0F4940000100001C
:1022D000884C002012000000000600001C34006042
:1022E0000A00000000020000843300606200000069
:1022F000000700002033006062000000EE030000D1
:10230000E44C002012000000000004EEBC4C002051
:1023100028000000000300001834006000000000E6
:1023200001030904003400600000000002030904F6
:10233000E83300600000000003030904A44C0020FF
:10234000000000000000000000000000000000008D
:1023500000000000003E5B4F5B3E3E6B4F6B3E1C3F
:102360003E7C3E1C183C7E3C181C577D571C1C5E56
:102370007F5E1C00183C1800FFE7C3E7FF0018242D
:102380001800FFE7DBE7FF30483A060E26297929D7
:1023900026407F050507407F05253F5A3CE73C5A0C
:1023A0007F3E1C1C08081C1C3E7F14227F22145FE9
:1023B0005F005F5F06097F017F006689956A606044
:1023C00060606094A2FFA29408047E040810207E3E
:1023D000201008082A1C08081C2A08081E101010C3
:1023E000100C1E0C1E0C30383E3830060E3E0E0609
:1023F000000000000000005F00000007000700145C
:102400007F147F14242A7F2A12231308646236491A
:102410005620500008070300001C22410000412202
:102420001C002A1C7F1C2A08083E08080080703007
:102430000008080808080000606000201008040276
:102440003E5149453E00427F40007249494946217C
:1024500041494D331814127F1027454545393C4AF0
:102460004949314121110907364949493646494907
:10247000291E00001400000040340000000814224F
:1024800041141414141400412214080201590906BD
:102490003E415D594E7C1211127C7F494949363EBE
:1024A000414141227F4141413E7F494949417F09A4
:1024B0000909013E414151737F0808087F00417FAF
:1024C00041002040413F017F081422417F404040AD
:1024D000407F021C027F7F0408107F3E4141413E45
:1024E0007F090909063E4151215E7F0919294626C7
:1024F0004949493203017F01033F4040403F1F20CB
:1025000040201F3F4038403F6314081463030478A1
:1025100004036159494D43007F41414102040810C1
:1025200020004141417F04020102044040404040FC
:10253000000307080020545478407F28444438386A
:1025400044444428384444287F38545454180008DC
:102550007E090218A4A49C787F0804047800447DB6
:1025600040002040403D007F1028440000417F4053
:10257000007C047804787C080404783844444438A7
:10258000FC1824241818242418FC7C080404084887
:102590005454542404043F44243C4040207C1C20D8
:1025A00040201C3C4030403C44281028444C909033
:1025B000907C4464544C440008364100000077008D
:1025C00000004136080002010204023C2623263C9A
:1025D0001EA1A161123A4040207A38545455592125
:1025E000555579412254547842215554784020540D
:1025F0005579400C1E52721239555555593954545B
:10260000545939555454580000457C410002457DC9
:10261000420001457C407D1211127DF0282528F0F2
:102620007C545545002054547C547C0A097F49321F
:10263000494949323A4444443A324A4848303A4196
:1026400041217A3A42402078009DA0A07D3D42423F
:10265000423D3D4040403D3C24FF2424487E4943C8
:10266000662B2FFC2F2BFF0929F620C0887E09033B
:1026700020545479410000447D413048484A323862
:102680004040227A007A0A0A727D0D19317D26298E
:10269000292F28262929292630484D402038080886
:1026A000080808080808382F10C8ACBA2F102834BA
:1026B000FA00007B000008142A142222142A1408AD
:1026C0005500550055AA55AA55AAFF55FF55FF00BC
:1026D0000000FF00101010FF00141414FF00101071
:1026E000FF00FF1010F010F0141414FC001414F785
:1026F00000FF0000FF00FF1414F404FC1414171072
:102700001F10101F101F1414141F00101010F000C1
:102710000000001F101010101F10101010F01000FB
:102720000000FF101010101010101010FF1000000B
:1027300000FF140000FF00FF00001F10170000FC46
:1027400004F414141710171414F404F40000FF0018
:10275000F714141414141414F700F71414141714A1
:1027600010101F101F141414F4141010F010F000A7
:10277000001F101F0000001F14000000FC140000C8
:10278000F010F01010FF10FF141414FF14101010AC
:102790001F00000000F010FFFFFFFFFFF0F0F0F05F
:1027A000F0FFFFFF0000000000FFFF0F0F0F0F0FF3
:1027B0003844443844FC4A4A4A347E02020606023F
:1027C0007E027E0263554941633844443C04407EA6
:1027D000201E2006027E020299A5E7A5991C2A491F
:1027E0002A1C4C7201724C304A4D4D3030487848AA
:1027F00030BC625A463D3E494949007E0101017E96
:102800002A2A2A2A2A44445F444440514A444040E8
:10281000444A51400000FF0103E080FF0000080827
:102820006B6B083612362436060F090F06000018A7
:10283000180000001010003040FF0101001F0101CE
:102840001E00191D1712003C3C3C3C00000000001B
:102850000000000000000000D16401006D120100C2
:102860006512010069120100E1220100A1190100B5
:1028700045210100AD1C0100F11B0100051C0100F8
:1028800081210100A119010035200100F967010033
:102890002527010069250100191C01000D1E0100FA
:1028A000BD1E0100611F01000000000000000000CB
:1028B000C1150000C915000099920000CD15000057
:1028C000A192000039150000D1150000D5150000B7
:1028D00000000000000000009592000099920000A6
:1028E0009D920000A192000039150000A592000001
:1028F000A992000000000000000000005D9C0000A4
:1029000005DD0000D1A80000E99C0000599C0000F2
:10291000000000000000000075C2000075DC00002F
:1029200069A8000000000000000000008589000088
:1029300071DC00005DA8000097A0895B5A0F830D31
:10294000C95F6035C2E907E18C24671E458E0863C4
:1029500025F0150A17BE0694F778EA4B001AC53E13
:102960005EFCDBCB75230B2039B12158ED95385730
:10297000AE147D88ABA844AF4AA547868B301BA612
:102980004D929EE7536FE57A3CD385E6DC695C297E
:10299000372EF528F4668F3641193FA101D85049EA
:1029A000D14C84BBD05912A9C8C4878274BC9F562D
:1029B000A4646DC6ADBA034034D9E2FA7C7B05CA83
:1029C0002693767EFF5255D4CFCE3BE32F103A119B
:1029D000B6BD1C2ADFB7AAD577F898022C9AA34671
:1029E000DD99659BA72BAC09811627FD13626C6EE0
:1029F0004F71E0E8B2B97068DAF661E4FB22F2C127
:102A0000EED2900CBFB3A2F1513391EBF90EEF6B04
:102A100031C0D61FB5C76A9DB854CCB07379322D7A
:102A20007F0496FE8AECCD5DDE72431D1848F38D5F
:102A300080C34E42D73D9CB400000000000000005F
:102A40005DC2000009DD0000DDA80000F97900008A
:102A5000759C000000000000000000005988000084
:102A600069DC000045A80000000000000000000034
:102A7000E17F000065DC000039A8000000000000D4
:102A8000000000004D7E000000000000000000007B
:102A9000F57E0000317F0000757F0000257A000080
:102AA000B57A0000E97A0000B97F000045A1000076
:102AB000719D00000000000000000000AD920000C9
:102AC0001049002014490020184900201C4900200A
:102AD0002049002024490020284900202C490020BA
:102AE0003049002034490020C0480020C848002058
:102AF000D0480020D8480020E0480020E8480020C6
:102B0000F0480020F8480020004900200849002033
:102B1000744800207C480020844800208C48002015
:102B2000944800209C480020A4480020A848002089
:102B3000B0480020B8480020244800202C4800203D
:102B4000344800203C480020444800204C480020E5
:102B5000544800205C480020644800206C48002055
:102B60000000000000000000110E0000410E0000F7
:102B7000F9000000650E0000410800004D0800004B
:102B8000290F0000E5040000350F00009D0F000034
:102B9000E90F000005100000211000003D100000AA
:102BA000591000005111000049120000C912000024
:102BB00049130000B5480000D540000000000000A7
:102BC00000000000ED040000AD0500006D060000EF
:102BD0008D2E0000E92F0000B90600001907000043
:102BE0000000000000000000BD02000079030000AA
:102BF00035040000D52B0000312D000081040000B9
:102C0000E1040000000000000000000095580000F2
:102C10000D720000E1000000CD0000000000000087
:102C2000000000004D15000055150000291500009A
:102C30005D15000035150000391500006515000010
:102C40006D150000000000000000000021150000CC
:102C5000291500002D15000035150000391500005C
:102C60003D15000045150000100000001100000097
:102C7000120000001300000000000000010000002E
:102C80000200000003000000040000000500000036
:102C90000600000007000000080000000900000016
:102CA0000A0000000B0000000C0000000D000000F6
:102CB0000E0000000F0000001000000011000000D6
:102CC00012000000130000001400000015000000B6
:102CD0001600000017000000180000001900000096
:102CE0001A0000001B0000001C0000001D00000076
:102CF0001E0000001F000000200000002100000056
:102D00002200000023000000240000002500000035
:102D1000260000002700000028000000110000002D
:102D20001200000013000000140000001500000055
:102D30001D0000001E0000001F0000002000000019
:102D400021000000220000002300000024000000F9
:102D500025000000260000002700000028000000D9
:102D6000100000001100000012000000130000001D
:102D700014000000150000001D0000001E000000EF
:102D80001F000000200000002100000022000000C1
:102D900023000000240000002500000026000000A1
:102DA00027000000280000000000000016000000BE
:102DB0001700000018000000190000001A000000B1
:102DC0001B0000001C0000000100000002000000C9
:102DD00003000000040000000500000006000000E1
:102DE0000700000008000000090000000A000000C1
:102DF0000B0000000C0000000D0000000E000000A1
:102E00000F000000290000002A0000002B00000035
:102E10002C0000002D0000002E0000002F000000FC
:102E200030000000310000003200000033000000DC
:102E300034000000000000000000000099150000B0
:102E4000A11500007D150000A915000085150000E2
:102E500039150000B1150000B91500000000000090
:102E600000000000751500007D15000081150000B0
:102E70008515000039150000891500009115000026
:102E80005B5C5D5E5F607B7C7D7E0000000080009F
:102E90000000000000000000F1150100000000002B
:102EA000000000001D0700004D070000D1010000D8
:102EB00071070000410800004D08000051080000A3
:102EC000B902000059080000C10800000D09000007
:102ED000250900003D090000550900006D090000AA
:102EE000590A0000450B0000C10B00003D0C00001A
:102EF00061460000C5430000000000000000000023
:102F00005DC000006DDC000051A800000000000062
:102F10000000000071880000AD880000ED8800000E
:102F2000157B00009D7B0000318900005D89000059
:102F300055A200005D9F000000000000000000009E
:102F4000999C00003108010061A900006CC00F408D
:102F5000C0000000504F0000A92C01000CFF000031
:102F600013000000000000000000000024851F4046
:102F70000BFF000013000000000000000000000034
:102F800028851F400DFF0000130000000000000016
:102F90000000000020851F400A25240013000000C7
:102FA00012000000120000000102030000000000F7
:102FB0001C851F4000000000000000006CC00F4096
:102FC00030000000100F0000F52D01000127000067
:102FD00017000000120000000001000014851F40CF
:102FE0001AFF0000120000000000000001000000B5
:102FF00018851F401BFF00001200000000000000A9
:103000000100000010851F400026FF00170000008F
:10301000120000000000000001010000010000009B
:103020000C851F400C851F40000000007CC00F4035
:103030000C0000005A000000292B01000000404055
:10304000020304052131323436FFFFFFFFFFFFFF8B
:10305000FFFFFFFFFFFF04050608070D0E0C0FFF23
:10306000FFFFFFFFFFFFFFFFFFFFFFFF141414141C
:103070001414141414FFFFFFFFFFFFFFFFFFFFFFF7
:10308000FFFF000074C00F40030000005B00000061
:10309000A92B010001014141060708090A0B0C0D8B
:1030A0002022232425FFFFFFFFFFFFFFFFFF0A1160
:1030B000100B000201030C1D1C1213FFFFFFFFFF8A
:1030C000FFFFFFFF14141414141414141414141414
:1030D00014FFFFFFFFFFFFFFFFFF000084C00F4052
:1030E000003000009C000000292C0100FFFFFFFFC2
:1030F00007080E0F10111213141516171A1B22238E
:1031000024252627282911100203070601000A0B8F
:1031100008090E0F1D1C12130C0D0405191919199D
:10312000191919191919191919191919191919190F
:10313000191900000000000000000000A51901009E
:103140004940010065120100691201005D1901008A
:103150006919010089190100000000000000000049
:103160007D9C0000DDDC000099A8000099D50000DE
:10317000799C0000000000000000000059C400001D
:10318000D9DC00008DA80000000000000000000055
:103190000D8E000071DC000081A8000097A0895B03
:1031A0005A0F830DC95F6035C2E907E18C24671EA1
:1031B000458E086325F0150A17BE0694F778EA4B8A
:1031C000001AC53E5EFCDBCB75230B2039B12158BC
:1031D000ED953857AE147D88ABA844AF4AA5478615
:1031E0008B301BA64D929EE7536FE57A3CD385E664
:1031F000DC695C29372EF528F4668F3641193FA12A
:1032000001D85049D14C84BBD05912A9C8C4878277
:1032100074BC9F56A4646DC6ADBA034034D9E2FABB
:103220007C7B05CA2693767EFF5255D4CFCE3BE3F6
:103230002F103A11B6BD1C2ADFB7AAD577F898022D
:103240002C9AA346DD99659BA72BAC09811627FD17
:1032500013626C6E4F71E0E8B2B97068DAF661E43F
:10326000FB22F2C1EED2900CBFB3A2F1513391EB2D
:10327000F90EEF6B31C0D61FB5C76A9DB854CCB0FC
:103280007379322D7F0496FE8AECCD5DDE72431D8C
:103290001848F38D80C34E42D73D9CB40000000017
:1032A0000000000059C60000D5DC000075A8000031
:1032B0000000000000000000359400000000000045
:1032C00000000000510D010000000000000000009F
:1032D000E54601000000000000000000F5080100C4
:1032E0000000000000000000750B0100000000005D
:1032F00000000000550D010000000000000000006B
:10330000412F010000000000000000006950010092
:103310000000000000000000094C01000000000057
:1033200000000000694E01000000000000000000E5
:103330009148010000000000000000002D53010032
:103340000000000000000000050D0100000000006A
:1033500000000000E5150000B5160000251600006D
:10336000751E0000E128010009290100111F00005D
:10337000151F0000DB0F49BFE4CB1640E4CB16C09D
:1033800000000080DB0F4940DB0F49C00000000057
:10339000000000802C2066756E6374696F6E3A20A1
:1033A00000000000617373657274696F6E202225DE
:1033B0007322206661696C65643A2066696C6520D9
:1033C000222573222C206C696E65202564257325C7
:1033D000730A0000A2000000F9A2000083F9A20015
:1033E0006E83F9A24E6E83F9444E6E8315444E6E81
:1033F0002915444EFC29154427FC29155727FC297B
:10340000D15727FCF5D1572734F5D157DD34F5D105
:10341000C0DD34F5DBC0DD3462DBC0DD9562DBC0CE
:10342000999562DB3C999562433C999590433C9910
:103430004190433C42616C6C6F63207375636365BC
:1034400065646564000000002F646174612F6A6523
:103450006E6B696E732F776F726B73706163652F1C
:10346000474E552D746F6F6C636861696E2F617282
:103470006D2D31312F7372632F6E65776C69622DFC
:1034800063796777696E2F6E65776C69622F6C69F7
:1034900062632F7374646C69622F6D707265632E42
:1034A0006300000000202020202020202020282849
:1034B00028282820202020202020202020202020F4
:1034C0002020202020881010101010101010101034
:1034D0001010101010040404040404040404041064
:1034E00010101010101041414141414101010101F2
:1034F00001010101010101010101010101010101BC
:1035000010101010101042424242424202020202C7
:10351000020202020202020202020202020202028B
:10352000101010102000000000000000000000003B
:10353000000000000000000000000000000000008B
:10354000000000000000000000000000000000007B
:10355000000000000000000000000000000000006B
:10356000000000000000000000000000000000005B
:10357000000000000000000000000000000000004B
:10358000000000000000000000000000000000003B
:10359000000000000000000000000000000000002B
:1035A0000000000000000000496E66696E697479D1
:1035B000000000004E614E002F646174612F6A6547
:1035C0006E6B696E732F776F726B73706163652FAB
:1035D000474E552D746F6F6C636861696E2F617211
:1035E0006D2D31312F7372632F6E65776C69622D8B
:1035F00063796777696E2F6E65776C69622F6C6986
:1036000062632F7374646C69622F64746F612E63DC
:1036100000000000494E4600696E66004E414E00B3
:103620006E616E003031323334353637383961628D
:10363000636465660000000030313233343536375C
:10364000383941424344454600000000286E756CFD
:103650006C290000300000003863ED3EDA0F493F6E
:103660005E987B3FDA0FC93F6937AC31682122335E
:10367000B40F14336821A2332020202020202020E2
:10368000202020202020202020202020202020203A
:10369000202020202020202005000000190000000C
:1036A0007D0000004572726F723A20696E636F721E
:1036B0007265637420466C6578494F2070696E208E
:1036C000636F6E66696775726174696F6E21000061
:1036D000466C6578494F535049202D206E6F7420F9
:1036E000616C6C2070696E73206D61707065642010
:1036F000746F2073616D6520466C657820636F6E12
:1037000074726F6C6C65720A00000000466C65781C
:10371000494F535049202D206E6F7420616C6C20EE
:1037200070696E7328435329206D61707065642041
:10373000746F2073616D6520466C657820636F6ED1
:1037400074726F6C6C65720A00000000466C6578DC
:10375000494F535049202D204661696C656420749F
:103760006F20616C6C6F636174652074696D657244
:1037700073206F722073686966746572730000004D
:10378000466C6578494F535049202D204D6F736921
:103790002070696E20646F6573206E6F74206D6198
:1037A0007020746F20666C657820636F6E74726F22
:1037B0006C6C65720A0000002020204F4E206F665E
:1037C00066202020000000002020206F6E204F4641
:1037D0004620202000000000202020202020202043
:1037E00020202020000000000A5374617274696E6A
:1037F000672E2E2E000000004650533A2000000095
:103800006F7666002C20416E696D61746564206975
:103810006E200000732C2052656E64657265642012
:10382000696E2000732C20446973706C6179656443
:1038300020696E20000000004F46464C494E45006E
:103840004F4E4C494E45000044454641554C5400AE
:10385000414E475259000000444F55425400000069
:1038600046524F574E0000004C4F4F4B55500000F2
:1038700053414400415544494F31000041554449AA
:103880004F320000415544494F3300003020444539
:1038900047000000333620444547000037322044BB
:1038A000454700003130382044454700313434204A
:1038B00044454700313830204445470032313620F6
:1038C00044454700323532204445470032383820DD
:1038D0004445470033323420444547004752444969
:1038E000454E540059454C4C4F5700004F52414EE5
:1038F0004745000057484954450000004752454598
:103900004E000000505552504C45000052454400B6
:10391000424C5545000000005241494E424F57006D
:103920004E4F4953450000004E4F4E4500000000E9
:1039300050484153455900005048415345580000F4
:103940005048415345520000474C495443485800A1
:103950004D41474E4554000046495348455945009E
:10396000424C555248000000424C5552560000004F
:10397000424C5552520000003130250032302500B3
:103980003330250034302500353025003630250011
:1039900037302500383025003930250031303025CA
:1039A0000000000020202020202020202020202097
:1039B000202020425249474854202020205344458B
:1039C0002042524947485420202020204D4943207E
:1039D00020202020204D4943204C4556454C202096
:1039E00020202020424F4F50202020202020202027
:1039F00053504543202020202020202053495A4561
:103A000020202020202020434F4C4F5220202020D7
:103A100020202048554520462020202020202048D6
:103A20005545204220202020202020454646454361
:103A3000542020202046414E20535045454420200C
:103A40000000000020612062206320642065206661
:103A500020202031325E34352020202020202031CB
:103A6000325E3435202020202020204F4E206F66EB
:103A70006620202020203132333435367C38202017
:103A80002020206F6E204F46462020202020204FEF
:103A90004E206F666620202020202031325E343593
:103AA0002020202020203132333435367C3820202D
:103AB00020203132333435367C38202020203132FA
:103AC000333435367C3820202020313233343536BB
:103AD0007C38202020203132333435367C38202089
:103AE000000000002E0000004C435F434F4C4C414F
:103AF000544500004C435F435459504500000000BA
:103B00004C435F4D4F4E4554415259004C435F4E1C
:103B1000554D4552494300004C435F54494D4500C3
:103B20004C435F4D4553534147455300303030308F
:103B30003030303030303030303030303030303085
:103B40003030303030303030303030300000000035
:103B500000000000F834022060350220C835022041
:103B60000000000000000000000000000000000055
:103B70000000000000000000000000000000000045
:103B80000000000000000000000000000000000035
:103B90000000000000000000000000000000000025
:103BA0000000000000000000000000000000000015
:103BB0000000000000000000000000000000000005
:103BC00000000000000000000000000000000000F5
:103BD00000000000000000000000000000000000E5
:103BE00000000000000000000100000000000000D4
:103BF0000E33CDAB34126DE6ECDE05000B00000099
:103C000000000000000000000000000000000000B4
:103C100000000000000000000000000000000000A4
:103C20000000000000000000000000000000000094
:103C30000000000000000000000000000000000084
:103C40000000000000000000000000000000000074
:103C50000000000000000000000000000000000064
:103C60000000000000000000000000000000000054
:103C70000029DE07F00001013C00F0000101000016
:103C80002422002000000000E803000000000000E3
:103C90004C22002000000000000000000000000096
:103CA0000000000000000000000000000000000014
:103CB0000000000080000000FFFFFFFF3C0000004C
:103CC000000048420000F042401F000000000000D9
:103CD0008000000000000000800000000000803F25
:103CE0000000803F0000803F0000C843007B9A171F
:103CF00012010002EF020140C0168304800201029B
:103D000003010000E0672020010000000C03000018
:103D100000000000000000000000000000000000A3
:103D20000000000028000000000104000100000065
:103D300000000000020157494E55534200000000A8
:103D400000000000000000000000000012034D0011
:103D5000530046005400310030003000F8000000ED
:103D6000B834022000000000430000000000000002
:103D70000000000000000000000000000000000043
:103D800000000000000000004300000000000000F0
:103D90000000000000000000000000000000000023
:103DA00000000000000000004300000000000000D0
:103DB0000000000000000000000000000000000003
:103DC00000000000000000004300000000000000B0
:103DD00000000000000000000000000000000000E3
:103DE0000000000000000000430000000000000090
:103DF00000000000000000000000000000000000C3
:103E0000000000000000000043000000000000006F
:103E100000000000000000000000000000000000A2
:103E2000000000000000000043000000000000004F
:103E30000000000000000000000000000000000082
:103E4000000000000000000021680200899A0200C2
:103E5000000000003C4400207C4A0020E046002096
:103E6000E0460020E0460020E0460020E04600203A
:103E7000E0460020E0460020E0460020E04600202A
:103E8000FFFFFFFFFFFFFFFFFFFFFFFFFFFF000040
:103E900001004153434949000000000000000000B8
:103EA0000000000000000000000000000000000012
:103EB0000000415343494900000000000000000099
:103EC00000000000000000000000000000000000F2
:103ED0000000000000000000000000006C4E002008
:103EE0006C4E0020744E0020744E00207C4E00204A
:103EF0007C4E0020844E0020844E00208C4E0020FA
:103F00008C4E0020944E0020944E00209C4E0020A9
:103F10009C4E0020A44E0020A44E0020AC4E002059
:103F2000AC4E0020B44E0020B44E0020BC4E002009
:103F3000BC4E0020C44E0020C44E0020CC4E0020B9
:103F4000CC4E0020D44E0020D44E0020DC4E002069
:103F5000DC4E0020E44E0020E44E0020EC4E002019
:103F6000EC4E0020F44E0020F44E0020FC4E0020C9
:103F7000FC4E0020044F0020044F00200C4F002076
:103F80000C4F0020144F0020144F00201C4F002025
:103F90001C4F0020244F0020244F00202C4F0020D5
:103FA0002C4F0020344F0020344F00203C4F002085
:103FB0003C4F0020444F0020444F00204C4F002035
:103FC0004C4F0020544F0020544F00205C4F0020E5
:103FD0005C4F0020644F0020644F00206C4F002095
:103FE0006C4F0020744F0020744F00207C4F002045
:103FF0007C4F0020844F0020844F00208C4F0020F5
:104000008C4F0020944F0020944F00209C4F0020A4
:104010009C4F0020A44F0020A44F0020AC4F002054
:10402000AC4F0020B44F0020B44F0020BC4F002004
:10403000BC4F0020C44F0020C44F0020CC4F0020B4
:10404000CC4F0020D44F0020D44F0020DC4F002064
:10405000DC4F0020E44F0020E44F0020EC4F002014
:10406000EC4F0020F44F0020F44F0020FC4F0020C4
:10407000FC4F002004500020045000200C50002071
:104080000C50002014500020145000201C50002020
:104090001C50002024500020245000202C500020D0
:1040A0002C50002034500020345000203C50002080
:1040B0003C50002044500020445000204C50002030
:1040C0004C50002054500020545000205C500020E0
:1040D0005C50002064500020645000206C50002090
:1040E0006C50002074500020745000207C50002040
:1040F0007C50002084500020845000208C500020F0
:104100008C50002094500020945000209C5000209F
:104110009C500020A4500020A4500020AC5000204F
:10412000AC500020B4500020B4500020BC500020FF
:10413000BC500020C4500020C4500020CC500020AF
:10414000CC500020D4500020D4500020DC5000205F
:10415000DC500020E4500020E4500020EC5000200F
:10416000EC500020F4500020F4500020FC500020BF
:10417000FC50002004510020045100200C5100206C
:104180000C51002014510020145100201C5100201B
:104190001C51002024510020245100202C510020CB
:1041A0002C51002034510020345100203C5100207B
:1041B0003C51002044510020445100204C5100202B
:1041C0004C51002054510020545100205C510020DB
:1041D0005C51002064510020645100206C5100208B
:1041E0006C51002074510020745100207C5100203B
:1041F0007C51002084510020845100208C510020EB
:104200008C51002094510020945100209C5100209A
:104210009C510020A4510020A4510020AC5100204A
:10422000AC510020B4510020B4510020BC510020FA
:10423000BC510020C4510020C4510020CC510020AA
:10424000CC510020D4510020D4510020DC5100205A
:10425000DC510020E4510020E4510020EC5100200A
:10426000EC510020F4510020F4510020FC510020BA
:10427000FC51002004520020045200200C52002067
:104280000C52002014520020145200201C52002016
:104290001C52002024520020245200202C520020C6
:1042A0002C52002034520020345200203C52002076
:1042B0003C52002044520020445200204C52002026
:1042C0004C52002054520020545200205C520020D6
:1042D0005C5200206452002064520020FFFFFFFF68
:1042E000000002000000000003000000F83402207B
:1042F000E84A00200000000000000000000000006C
:1043000000000000000000000000000000000000AD
:10431000000000000000000000000000000000009D
:10432000000000000000000000000000000000008D
:10433000000000000000000000000000000000007D
:10434000000000000000000000000000000000006D
:10435000000000000000000000000000000000005D
:10436000000000000000000000000000000000004D
:10437000000000000000000000000000000000003D
:10438000000000000000000000000000000000002D
:10439000000000000000000000000000000000001D
:1043A000000000000000000000000000000000000D
:1043B00000000000000000000000000000000000FD
:1043C00000000000000000000000000000000000ED
:1043D00000000000000000000000000000000000DD
:1043E00000000000000000000000000000000000CD
:1043F00000000000000000000000000000000000BD
:1044000000000000000000000000000000000000AC
:10441000000000000000000000000000000000009C
:10442000000000000000000000000000000000008C
:10443000000000000000000000000000000000007C
:10444000000000000000000000000000000000006C
:10445000000000000000000000000000000000005C
:10446000000000000000000000000000000000004C
:10447000000000000000000000000000000000003C
:10448000000000000000000000000000000000002C
:10449000000000000000000000000000000000001C
:1044A000000000000000000000000000000000000C
:1044B00000000000000000000000000000000000FC
:1044C00000000000000000000000000000000000EC
:1044D00000000000000000000000000000000000DC
:1044E00000000000000000000000000000000000CC
:1044F00000000000000000000000000000000000BC
:1045000000000000000000000000000000000000AB
:10451000000000000000000000000000000000009B
:10452000000000000000000000000000000000008B
:10453000000000000000000000000000000000007B
:10454000000000000000000000000000000000006B
:10455000000000000000000000000000000000005B
:10456000000000000000000000000000000000004B
:10457000000000000000000000000000000000003B
:10458000000000000000000000000000000000002B
:10459000000000000000000000000000000000001B
:1045A000000000000000000000000000000000000B
:1045B00000000000000000000000000000000000FB
:1045C00000000000000000000000000000000000EB
:1045D00000000000000000000000000000000000DB
:1045E00000000000000000000000000000000000CB
:1045F00000000000000000000000000000000000BB
:1046000000000000000000000000000000000000AA
:10461000000000000000000000000000000000009A
:10462000000000000000000000000000000000008A
:10463000000000000000000000000000000000007A
:10464000000000000000000000000000000000006A
:10465000000000000000000000000000000000005A
:10466000000000000000000000000000000000004A
:10467000000000000000000000000000000000003A
:10468000000000000000000000000000000000002A
:10469000000000000000000000000000000000001A
:1046A000000000000000000000000000000000000A
:1046B00000000000000000000000000000000000FA
:1046C00000000000000000000000000000000000EA
:1046D00000000000000000000000000000000000DA
:1046E00000000000000000000000000000000000CA
:1046F00000000000000000000000000000000000BA
:1047000000000000000000000000000000000000A9
:104710000000000000000000000000000000000099
:08472000000000000000000091
:10472800FFFFFFFFFFFFFFFFFFFFFFFFFFFFFFFF91
:10473800FFFFFFFFFFFFFFFFFFFFFFFFFFFFFFFF81
:10474800FFFFFFFFFFFFFFFFFFFFFFFFFFFFFFFF71
:10475800FFFFFFFFFFFFFFFFFFFFFFFFFFFFFFFF61
:10476800FFFFFFFFFFFFFFFFFFFFFFFFFFFFFFFF51
:10477800FFFFFFFFFFFFFFFFFFFFFFFFFFFFFFFF41
:10478800FFFFFFFFFFFFFFFFFFFFFFFFFFFFFFFF31
:10479800FFFFFFFFFFFFFFFFFFFFFFFFFFFFFFFF21
:1047A800FFFFFFFFFFFFFFFFFFFFFFFFFFFFFFFF11
:1047B800FFFFFFFFFFFFFFFFFFFFFFFFFFFFFFFF01
:1047C800FFFFFFFFFFFFFFFFFFFFFFFFFFFFFFFFF1
:1047D800FFFFFFFFFFFFFFFFFFFFFFFFFFFFFFFFE1
:1047E800FFFFFFFFFFFFFFFFFFFFFFFFFFFFFFFFD1
:1047F800FFFFFFFFFFFFFFFF0000000000000000B9
:1048080000000000000000000000000000000000A0
:104818000000000000000000000000000000000090
:104828000000000000000000000000000000000080
:104838000000000000000000000000000000000070
:104848000000000000000000000000000000000060
:104858000000000000000000000000000000000050
:104868000000000000000000000000000000000040
:104878000000000000000000000000000000000030
:104888000000000000000000000000000000000020
:104898000000000000000000000000000000000010
:1048A8000000000000000000000000000000000000
:1048B80000000000000000000000000000000000F0
:1048C80000000000000000000000000000000000E0
:1048D80000000000000000000000000000000000D0
:1048E80000000000000000000000000000000000C0
:1048F80000000000000000000000000000000000B0
:10490800000000000000000000000000000000009F
:10491800000000000000000000000000000000008F
:10492800000000000000000000000000000000007F
:10493800000000000000000000000000000000006F
:10494800000000000000000000000000000000005F
:10495800000000000000000000000000000000004F
:10496800000000000000000000000000000000003F
:10497800000000000000000000000000000000002F
:10498800000000000000000000000000000000001F
:10499800000000000000000000000000000000000F
:1049A80000000000000000000000000000000000FF
:1049B80000000000000000000000000000000000EF
:1049C80000000000000000000000000000000000DF
:1049D80000000000000000000000000000000000CF
:1049E80000000000000000000000000000000000BF
:1049F80000000000000000000000000000000000AF
:104A0800000000000000000000000000000000009E
:104A1800000000000000000000000000000000008E
:104A2800000000000000000000000000000000007E
:104A3800000000000000000000000000000000006E
:104A4800000000000000000000000000000000005E
:104A5800000000000000000000000000000000004E
:104A6800000000000000000000000000000000003E
:104A7800000000000000000000000000000000002E
:104A8800000000000000000000000000000000001E
:104A9800000000000000000000000000000000000E
:104AA80000000000000000000000000000000000FE
:104AB80000000000000000000000000000000000EE
:104AC80000000000000000000000000000000000DE
:104AD80000000000000000000000000000000000CE
:104AE80000000000000000000000000000000000BE
:104AF80000000000000000000000000000000000AE
:104B0800000000000000000000000000000000009D
:104B1800000000000000000000000000000000008D
:104B2800000000000000000000000000000000007D
:104B3800000000000000000000000000000000006D
:104B4800000000000000000000000000000000005D
:104B5800000000000000000000000000000000004D
:104B6800000000000000000000000000000000003D
:104B7800000000000000000000000000000000002D
:104B8800000000000000000000000000000000001D
:104B9800000000000000000000000000000000000D
:104BA80000000000000000000000000000000000FD
:104BB80000000000000000000000000000000000ED
:104BC80000000000000000000000000000000000DD
:104BD80000000000000000000000000000000000CD
:104BE80000000000000000000000000000000000BD
:104BF80000000000000000000000000000000000AD
:104C0800000000000000000000000000000000009C
:104C1800000000000000000000000000000000008C
:104C2800000000000000000000000000000000007C
:104C3800000000000000000000000000000000006C
:104C4800000000000000000000000000000000005C
:104C5800000000000000000000000000000000004C
:104C6800000000000000000000000000000000003C
:104C7800000000000000000000000000000000002C
:104C8800000000000000000000000000000000001C
:104C9800000000000000000000000000000000000C
:104CA80000000000000000000000000000000000FC
:104CB80000000000000000000000000000000000EC
:104CC80000000000000000000000000000000000DC
:104CD80000000000000000000000000000000000CC
:104CE80000000000000000000000000000000000BC
:104CF80000000000000000000000000000000000AC
:104D0800000000000000000000000000000000009B
:104D1800000000000000000000000000000000008B
:104D2800000000000000000000000000000000007B
:104D3800000000000000000000000000000000006B
:104D4800000000000000000000000000000000005B
:104D5800000000000000000000000000000000004B
:104D6800000000000000000000000000000000003B
:104D7800000000000000000000000000000000002B
:104D8800000000000000000000000000000000001B
:104D9800000000000000000000000000000000000B
:104DA80000000000000000000000000000000000FB
:104DB80000000000000000000000000000000000EB
:104DC80000000000000000000000000000000000DB
:104DD80000000000000000000000000000000000CB
:104DE80000000000000000000000000000000000BB
:104DF80000000000000000000000000000000000AB
:104E0800000000000000000000000000000000009A
:104E1800000000000000000000000000000000008A
:104E2800000000000000000000000000000000007A
:104E3800000000000000000000000000000000006A
:104E4800000000000000000000000000000000005A
:104E5800000000000000000000000000000000004A
:104E6800000000000000000000000000000000003A
:104E7800000000000000000000000000000000002A
:104E8800000000000000000000000000000000001A
:104E9800000000000000000000000000000000000A
:104EA80000000000000000000000000000000000FA
:104EB80000000000000000000000000000000000EA
:104EC80000000000000000000000000000000000DA
:104ED80000000000000000000000000000000000CA
:104EE80000000000000000000000000000000000BA
:104EF80000000000000000000000000000000000AA
:104F08000000000000000000000000000000000099
:104F18000000000000000000000000000000000089
:104F28000000000000000000000000000000000079
:104F38000000000000000000000000000000000069
:104F48000000000000000000000000000000000059
:104F58000000000000000000000000000000000049
:104F68000000000000000000000000000000000039
:104F78000000000000000000000000000000000029
:104F88000000000000000000000000000000000019
:104F98000000000000000000000000000000000009
:104FA80000000000000000000000000000000000F9
:104FB80000000000000000000000000000000000E9
:104FC80000000000000000000000000000000000D9
:104FD80000000000000000000000000000000000C9
:104FE80000000000000000000000000000000000B9
:104FF80000000000000000000000000000000000A9
:105008000000000000000000000000000000000098
:105018000000000000000000000000000000000088
:105028000000000000000000000000000000000078
:105038000000000000000000000000000000000068
:105048000000000000000000000000000000000058
:105058000000000000000000000000000000000048
:105068000000000000000000000000000000000038
:105078000000000000000000000000000000000028
:105088000000000000000000000000000000000018
:105098000000000000000000000000000000000008
:1050A80000000000000000000000000000000000F8
:1050B80000000000000000000000000000000000E8
:1050C80000000000000000000000000000000000D8
:1050D80000000000000000000000000000000000C8
:1050E80000000000000000000000000000000000B8
:1050F80000000000000000000000000000000000A8
:105108000000000000000000000000000000000097
:105118000000000000000000000000000000000087
:105128000000000000000000000000000000000077
:105138000000000000000000000000000000000067
:105148000000000000000000000000000000000057
:105158000000000000000000000000000000000047
:105168000000000000000000000000000000000037
:105178000000000000000000000000000000000027
:105188000000000000000000000000000000000017
:105198000000000000000000000000000000000007
:1051A80000000000000000000000000000000000F7
:1051B80000000000000000000000000000000000E7
:1051C80000000000000000000000000000000000D7
:1051D80000000000000000000000000000000000C7
:1051E80000000000000000000000000000000000B7
:1051F80000000000000000000000000000000000A7
:105208000000000000000000000000000000000096
:105218000000000000000000000000000000000086
:105228000000000000000000000000000000000076
:105238000000000000000000000000000000000066
:105248000000000000000000000000000000000056
:105258000000000000000000000000000000000046
:105268000000000000000000000000000000000036
:105278000000000000000000000000000000000026
:105288000000000000000000000000000000000016
:105298000000000000000000000000000000000006
:1052A80000000000000000000000000000000000F6
:1052B80000000000000000000000000000000000E6
:1052C80000000000000000000000000000000000D6
:1052D80000000000000000000000000000000000C6
:1052E80000000000000000000000000000000000B6
:1052F80000000000000000000000000000000000A6
:105308000000000000000000000000000000000095
:105318000000000000000000000000000000000085
:105328000000000000000000000000000000000075
:105338000000000000000000000000000000000065
:105348000000000000000000000000000000000055
:105358000000000000000000000000000000000045
:105368000000000000000000000000000000000035
:105378000000000000000000000000000000000025
:105388000000000000000000000000000000000015
:105398000000000000000000000000000000000005
:1053A80000000000000000000000000000000000F5
:1053B80000000000000000000000000000000000E5
:1053C80000000000000000000000000000000000D5
:1053D80000000000000000000000000000000000C5
:1053E80000000000000000000000000000000000B5
:0853F8000000000000000000AD
:040000056000100087
:00000001FF
